-- MySQL dump 10.13  Distrib 8.0.30, for Win64 (x86_64)
--
-- Host: 127.0.0.1    Database: atom
-- ------------------------------------------------------
-- Server version	8.0.33

/*!40101 SET @OLD_CHARACTER_SET_CLIENT=@@CHARACTER_SET_CLIENT */;
/*!40101 SET @OLD_CHARACTER_SET_RESULTS=@@CHARACTER_SET_RESULTS */;
/*!40101 SET @OLD_COLLATION_CONNECTION=@@COLLATION_CONNECTION */;
/*!50503 SET NAMES utf8mb4 */;
/*!40103 SET @OLD_TIME_ZONE=@@TIME_ZONE */;
/*!40103 SET TIME_ZONE='+00:00' */;
/*!40014 SET @OLD_UNIQUE_CHECKS=@@UNIQUE_CHECKS, UNIQUE_CHECKS=0 */;
/*!40014 SET @OLD_FOREIGN_KEY_CHECKS=@@FOREIGN_KEY_CHECKS, FOREIGN_KEY_CHECKS=0 */;
/*!40101 SET @OLD_SQL_MODE=@@SQL_MODE, SQL_MODE='NO_AUTO_VALUE_ON_ZERO' */;
/*!40111 SET @OLD_SQL_NOTES=@@SQL_NOTES, SQL_NOTES=0 */;

--
-- Table structure for table `access_log`
--

DROP TABLE IF EXISTS `access_log`;
/*!40101 SET @saved_cs_client     = @@character_set_client */;
/*!50503 SET character_set_client = utf8mb4 */;
CREATE TABLE `access_log` (
  `id` int NOT NULL AUTO_INCREMENT,
  `object_id` int NOT NULL,
  `access_date` datetime DEFAULT NULL,
  PRIMARY KEY (`id`),
  KEY `1` (`access_date`,`object_id`),
  KEY `access_log_FI_1` (`object_id`),
  CONSTRAINT `access_log_FK_1` FOREIGN KEY (`object_id`) REFERENCES `object` (`id`) ON DELETE CASCADE
) ENGINE=InnoDB AUTO_INCREMENT=1724 DEFAULT CHARSET=utf8mb4 COLLATE=utf8mb4_0900_ai_ci;
/*!40101 SET character_set_client = @saved_cs_client */;

--
-- Dumping data for table `access_log`
--

LOCK TABLES `access_log` WRITE;
/*!40000 ALTER TABLE `access_log` DISABLE KEYS */;
INSERT INTO `access_log` VALUES (1,444,'2022-09-28 13:38:26'),(3,444,'2022-09-28 13:38:54'),(4,444,'2022-09-28 13:39:03'),(6,444,'2022-09-28 13:39:10'),(8,444,'2022-09-28 13:39:27'),(9,444,'2022-09-28 13:39:42'),(10,444,'2022-09-28 13:43:17'),(12,444,'2022-09-28 13:43:23'),(16,444,'2022-09-28 13:48:09'),(35,444,'2022-09-28 14:02:53'),(36,444,'2022-09-28 14:02:57'),(37,444,'2022-09-28 14:03:05'),(38,444,'2022-09-28 14:05:23'),(39,444,'2022-09-28 14:05:25'),(42,444,'2022-09-28 14:08:53'),(45,444,'2022-09-29 05:14:01'),(46,517,'2022-09-29 05:15:22'),(47,517,'2022-09-29 05:15:33'),(48,517,'2022-09-29 05:15:41'),(49,517,'2022-09-29 05:16:13'),(50,517,'2022-09-29 05:17:07'),(51,518,'2022-09-29 05:22:04'),(52,519,'2022-09-29 05:22:05'),(53,519,'2022-09-29 05:26:10'),(54,522,'2022-09-29 05:27:29'),(55,519,'2022-09-29 05:28:36'),(56,519,'2022-09-29 05:29:05'),(57,522,'2022-09-29 05:29:12'),(58,522,'2022-09-29 05:29:23'),(59,522,'2022-09-29 05:30:07'),(60,519,'2022-09-29 05:30:19'),(61,522,'2022-09-29 05:30:25'),(62,522,'2022-09-29 05:30:53'),(63,519,'2022-09-29 05:31:02'),(64,519,'2022-09-29 05:31:10'),(65,522,'2022-09-29 05:31:13'),(66,522,'2022-09-29 05:31:35'),(67,527,'2022-09-29 05:33:31'),(68,519,'2022-09-29 05:34:28'),(69,519,'2022-09-29 05:34:55'),(70,522,'2022-09-29 05:34:57'),(71,527,'2022-09-29 05:34:59'),(72,531,'2022-09-29 05:36:23'),(73,527,'2022-09-29 05:36:24'),(74,527,'2022-09-29 05:36:29'),(75,533,'2022-09-29 05:37:14'),(76,533,'2022-09-29 05:37:20'),(77,533,'2022-09-29 05:37:41'),(78,533,'2022-09-29 05:37:42'),(79,533,'2022-09-29 05:37:46'),(80,534,'2022-09-29 05:38:40'),(81,519,'2022-09-29 05:40:01'),(82,522,'2022-09-29 05:40:03'),(83,534,'2022-09-29 05:40:10'),(84,536,'2022-09-29 05:41:01'),(85,536,'2022-09-29 05:41:07'),(86,536,'2022-09-29 05:43:24'),(87,517,'2022-09-29 05:43:52'),(88,557,'2022-09-29 05:49:36'),(89,559,'2022-09-29 05:50:24'),(90,560,'2022-09-29 05:51:11'),(91,560,'2022-09-29 05:51:14'),(92,561,'2022-09-29 05:51:38'),(93,561,'2022-09-29 05:51:53'),(94,561,'2022-09-29 05:54:23'),(98,557,'2022-09-29 05:58:08'),(107,557,'2022-09-29 06:04:01'),(108,559,'2022-09-29 06:06:01'),(109,557,'2022-09-29 06:06:14'),(110,557,'2022-09-29 06:09:08'),(113,519,'2022-09-29 07:17:21'),(114,522,'2022-09-29 07:17:26'),(115,519,'2022-09-29 07:17:29'),(116,557,'2022-09-29 07:17:47'),(117,444,'2022-09-29 07:35:21'),(118,444,'2022-09-29 14:14:42'),(119,519,'2022-09-29 14:19:06'),(120,557,'2022-09-29 14:19:17'),(122,557,'2022-09-30 04:41:41'),(123,561,'2022-09-30 04:41:54'),(124,561,'2022-09-30 04:42:35'),(125,561,'2022-09-30 04:42:36'),(126,561,'2022-09-30 04:42:38'),(127,519,'2022-09-30 04:43:08'),(128,557,'2022-09-30 04:43:14'),(129,586,'2022-09-30 04:43:20'),(131,586,'2022-09-30 04:43:38'),(132,586,'2022-09-30 04:43:39'),(137,586,'2022-09-30 04:44:34'),(138,586,'2022-09-30 04:44:42'),(139,586,'2022-09-30 04:44:57'),(140,586,'2022-09-30 04:45:01'),(141,586,'2022-09-30 04:45:04'),(142,586,'2022-09-30 04:45:06'),(143,586,'2022-09-30 04:45:08'),(144,586,'2022-09-30 04:45:23'),(145,586,'2022-09-30 04:45:27'),(146,586,'2022-09-30 04:47:27'),(147,586,'2022-09-30 04:47:33'),(150,561,'2022-09-30 04:47:52'),(152,586,'2022-09-30 04:48:17'),(158,561,'2022-09-30 04:49:14'),(159,561,'2022-09-30 04:49:25'),(160,586,'2022-09-30 04:49:42'),(164,586,'2022-09-30 04:49:59'),(166,561,'2022-09-30 04:50:06'),(167,561,'2022-09-30 04:50:14'),(170,561,'2022-09-30 04:51:12'),(172,561,'2022-09-30 04:51:13'),(171,586,'2022-09-30 04:51:13'),(173,586,'2022-09-30 04:51:18'),(174,557,'2022-09-30 04:51:27'),(175,602,'2022-09-30 04:51:34'),(176,517,'2022-09-30 04:51:43'),(180,602,'2022-09-30 04:52:35'),(181,602,'2022-09-30 04:52:36'),(182,586,'2022-09-30 04:52:39'),(183,586,'2022-09-30 04:52:40'),(184,586,'2022-09-30 04:52:42'),(187,561,'2022-09-30 04:53:01'),(188,561,'2022-09-30 04:53:20'),(189,586,'2022-09-30 04:53:21'),(190,602,'2022-09-30 04:53:23'),(191,586,'2022-09-30 04:53:26'),(192,586,'2022-09-30 04:53:38'),(193,602,'2022-09-30 04:53:58'),(194,586,'2022-09-30 04:54:10'),(195,517,'2022-09-30 04:54:49'),(196,602,'2022-09-30 04:54:56'),(198,602,'2022-09-30 04:55:15'),(205,602,'2022-09-30 04:56:02'),(206,586,'2022-09-30 04:56:04'),(208,602,'2022-09-30 04:56:07'),(210,586,'2022-09-30 04:56:21'),(211,518,'2022-09-30 04:56:37'),(212,517,'2022-09-30 04:56:43'),(213,557,'2022-09-30 04:56:46'),(217,586,'2022-09-30 04:57:29'),(218,586,'2022-09-30 04:57:30'),(220,602,'2022-09-30 04:57:40'),(222,586,'2022-09-30 04:58:20'),(223,586,'2022-09-30 04:58:22'),(224,586,'2022-09-30 04:58:23'),(225,586,'2022-09-30 04:58:24'),(228,602,'2022-09-30 04:58:42'),(229,602,'2022-09-30 04:58:42'),(231,586,'2022-09-30 04:58:59'),(232,586,'2022-09-30 04:59:00'),(233,602,'2022-09-30 04:59:32'),(234,586,'2022-09-30 04:59:36'),(236,586,'2022-09-30 04:59:37'),(237,586,'2022-09-30 04:59:39'),(238,602,'2022-09-30 04:59:40'),(239,586,'2022-09-30 04:59:41'),(240,602,'2022-09-30 04:59:44'),(241,586,'2022-09-30 04:59:50'),(243,586,'2022-09-30 05:00:58'),(246,557,'2022-09-30 05:03:22'),(247,586,'2022-09-30 05:04:22'),(249,586,'2022-09-30 05:04:30'),(250,557,'2022-09-30 05:06:07'),(251,602,'2022-09-30 05:06:17'),(252,586,'2022-09-30 05:06:26'),(253,560,'2022-09-30 05:06:28'),(254,557,'2022-09-30 05:06:30'),(255,559,'2022-09-30 05:06:44'),(256,560,'2022-09-30 05:06:45'),(257,586,'2022-09-30 05:06:47'),(258,602,'2022-09-30 05:06:49'),(259,602,'2022-09-30 05:09:33'),(260,602,'2022-09-30 05:11:08'),(263,602,'2022-09-30 05:11:44'),(267,586,'2022-09-30 05:23:59'),(270,586,'2022-09-30 05:24:04'),(271,517,'2022-10-03 03:19:03'),(272,518,'2022-10-03 03:19:04'),(273,531,'2022-10-03 03:19:04'),(274,504,'2022-10-03 03:19:08'),(275,518,'2022-10-03 03:19:12'),(279,504,'2022-10-03 03:19:13'),(277,531,'2022-10-03 03:19:13'),(281,517,'2022-10-03 03:19:31'),(282,518,'2022-10-03 03:19:32'),(283,531,'2022-10-03 03:19:33'),(284,504,'2022-10-03 03:19:36'),(285,518,'2022-10-03 03:19:41'),(287,531,'2022-10-03 03:19:42'),(289,504,'2022-10-03 03:19:43'),(291,517,'2022-10-03 03:48:45'),(292,518,'2022-10-03 03:48:46'),(293,518,'2022-10-03 03:48:46'),(295,531,'2022-10-03 03:48:46'),(296,531,'2022-10-03 03:48:46'),(298,504,'2022-10-03 03:48:47'),(300,517,'2022-10-03 03:48:50'),(301,518,'2022-10-03 03:48:51'),(302,518,'2022-10-03 03:48:51'),(304,531,'2022-10-03 03:48:51'),(305,531,'2022-10-03 03:48:51'),(307,504,'2022-10-03 03:48:52'),(309,557,'2022-10-03 10:44:43'),(310,586,'2022-10-03 10:44:51'),(312,602,'2022-10-03 10:45:02'),(314,602,'2022-10-03 10:45:08'),(315,557,'2022-10-03 10:47:40'),(316,602,'2022-10-03 10:47:48'),(317,586,'2022-10-03 10:47:58'),(318,561,'2022-10-03 10:47:59'),(319,560,'2022-10-03 10:48:00'),(320,559,'2022-10-03 10:48:01'),(321,560,'2022-10-03 10:48:08'),(322,561,'2022-10-03 10:48:09'),(323,586,'2022-10-03 10:48:11'),(324,602,'2022-10-03 10:48:13'),(325,602,'2022-10-03 10:52:10'),(328,557,'2022-10-03 10:56:14'),(329,557,'2022-10-04 10:30:34'),(330,602,'2022-10-04 10:30:43'),(331,602,'2022-10-04 10:30:50'),(333,602,'2022-10-04 10:31:05'),(335,602,'2022-10-04 10:31:12'),(336,586,'2022-10-04 10:31:15'),(338,586,'2022-10-04 10:31:21'),(340,586,'2022-10-04 10:31:27'),(341,557,'2022-10-04 10:31:30'),(342,559,'2022-10-04 10:31:31'),(343,560,'2022-10-04 10:31:32'),(344,561,'2022-10-04 10:31:33'),(345,586,'2022-10-04 10:31:33'),(346,602,'2022-10-04 10:31:34'),(347,557,'2022-10-04 11:11:04'),(348,602,'2022-10-04 11:11:16'),(349,586,'2022-10-04 11:11:29'),(350,561,'2022-10-04 11:11:30'),(351,560,'2022-10-04 11:11:31'),(352,559,'2022-10-04 11:11:32'),(353,557,'2022-10-04 11:11:33'),(354,560,'2022-10-04 11:11:36'),(355,586,'2022-10-04 11:11:37'),(356,560,'2022-10-04 11:11:41'),(357,557,'2022-10-04 11:11:42'),(358,602,'2022-10-04 11:11:47'),(359,602,'2022-10-04 11:16:22'),(362,602,'2022-10-04 11:20:35'),(363,557,'2022-10-06 11:53:25'),(365,602,'2022-10-06 11:53:43'),(367,602,'2022-10-06 11:53:50'),(368,602,'2022-10-06 12:07:14'),(369,557,'2022-10-06 12:26:03'),(370,559,'2022-10-06 12:26:10'),(371,586,'2022-10-06 12:26:10'),(372,602,'2022-10-06 12:26:11'),(373,586,'2022-10-06 12:26:21'),(374,561,'2022-10-06 12:26:22'),(375,560,'2022-10-06 12:26:23'),(376,559,'2022-10-06 12:26:24'),(377,557,'2022-10-06 12:26:25'),(378,559,'2022-10-06 12:26:26'),(379,561,'2022-10-06 12:26:30'),(380,602,'2022-10-06 12:26:32'),(381,602,'2022-10-06 12:30:54'),(384,557,'2022-10-06 13:42:19'),(386,602,'2022-10-06 13:42:33'),(388,602,'2022-10-06 13:42:39'),(389,602,'2022-10-06 13:42:55'),(390,557,'2022-10-11 06:00:40'),(391,602,'2022-10-11 06:00:48'),(392,557,'2022-10-11 06:12:32'),(393,602,'2022-10-11 06:12:53'),(394,586,'2022-10-11 06:13:05'),(395,561,'2022-10-11 06:13:06'),(396,560,'2022-10-11 06:13:07'),(397,559,'2022-10-11 06:13:08'),(398,557,'2022-10-11 06:13:09'),(399,561,'2022-10-11 06:13:12'),(400,602,'2022-10-11 06:13:14'),(401,559,'2022-10-11 06:13:22'),(402,560,'2022-10-11 06:13:23'),(403,602,'2022-10-11 06:13:25'),(404,602,'2022-10-11 06:18:28'),(408,602,'2022-10-11 06:23:09'),(409,602,'2022-10-11 11:16:11'),(411,602,'2022-10-11 11:16:19'),(413,602,'2022-10-11 11:16:25'),(414,444,'2022-10-13 13:42:40'),(415,557,'2022-10-19 05:11:03'),(416,586,'2022-10-19 05:11:13'),(417,602,'2022-10-19 05:11:13'),(418,557,'2022-10-19 05:11:29'),(419,504,'2022-11-03 03:35:00'),(420,531,'2022-11-03 03:35:00'),(422,517,'2022-11-03 03:35:01'),(421,518,'2022-11-03 03:35:01'),(423,504,'2022-11-03 03:35:03'),(427,518,'2022-11-03 03:35:04'),(425,531,'2022-11-03 03:35:04'),(429,504,'2022-11-03 03:35:14'),(432,517,'2022-11-03 03:35:15'),(431,518,'2022-11-03 03:35:15'),(430,531,'2022-11-03 03:35:15'),(433,504,'2022-11-03 03:35:19'),(435,531,'2022-11-03 03:35:19'),(437,518,'2022-11-03 03:35:20'),(439,517,'2022-11-03 03:59:48'),(440,504,'2022-11-03 03:59:49'),(445,518,'2022-11-03 03:59:49'),(446,518,'2022-11-03 03:59:49'),(442,531,'2022-11-03 03:59:49'),(443,531,'2022-11-03 03:59:49'),(448,517,'2022-11-03 03:59:53'),(449,504,'2022-11-03 03:59:54'),(454,518,'2022-11-03 03:59:54'),(455,518,'2022-11-03 03:59:54'),(451,531,'2022-11-03 03:59:54'),(452,531,'2022-11-03 03:59:54'),(457,557,'2022-11-03 10:52:23'),(458,559,'2022-11-03 10:52:27'),(459,560,'2022-11-03 10:52:28'),(460,561,'2022-11-03 10:52:29'),(462,586,'2022-11-03 10:52:31'),(461,602,'2022-11-03 10:52:31'),(463,557,'2022-11-03 10:52:32'),(464,559,'2022-11-03 11:18:01'),(465,560,'2022-11-03 11:18:02'),(466,561,'2022-11-03 11:18:06'),(468,559,'2022-11-03 11:18:08'),(467,560,'2022-11-03 11:18:08'),(469,557,'2022-11-03 11:18:10'),(470,602,'2022-11-03 11:18:14'),(471,557,'2022-11-03 11:22:55'),(472,602,'2022-11-03 11:23:09'),(474,557,'2022-11-16 03:54:11'),(476,602,'2022-11-16 03:54:28'),(478,602,'2022-11-16 03:54:35'),(479,557,'2022-11-16 04:25:06'),(480,602,'2022-11-16 04:25:22'),(481,586,'2022-11-16 04:25:25'),(482,561,'2022-11-16 04:25:26'),(483,560,'2022-11-16 04:25:27'),(484,559,'2022-11-16 04:25:28'),(485,602,'2022-11-16 04:25:33'),(486,586,'2022-11-16 04:25:36'),(487,561,'2022-11-16 04:25:38'),(488,560,'2022-11-16 04:25:41'),(489,559,'2022-11-16 04:25:42'),(490,557,'2022-11-16 04:25:43'),(491,602,'2022-11-16 04:25:44'),(492,602,'2022-11-16 04:43:47'),(495,557,'2022-11-17 09:26:04'),(497,602,'2022-11-17 09:26:24'),(499,602,'2022-11-17 09:26:31'),(500,557,'2022-11-17 09:41:56'),(501,602,'2022-11-17 09:42:06'),(502,602,'2022-11-17 09:47:26'),(505,504,'2022-12-03 02:20:24'),(507,518,'2022-12-03 02:20:25'),(506,531,'2022-12-03 02:20:25'),(508,517,'2022-12-03 02:20:26'),(509,504,'2022-12-03 02:20:31'),(511,531,'2022-12-03 02:20:32'),(513,518,'2022-12-03 02:20:33'),(515,504,'2022-12-03 02:20:51'),(516,518,'2022-12-03 02:20:52'),(517,531,'2022-12-03 02:20:52'),(518,517,'2022-12-03 02:20:53'),(519,504,'2022-12-03 02:21:00'),(521,518,'2022-12-03 02:21:01'),(523,531,'2022-12-03 02:21:02'),(525,517,'2022-12-03 02:53:34'),(526,504,'2022-12-03 02:53:35'),(528,531,'2022-12-03 02:53:35'),(529,531,'2022-12-03 02:53:35'),(531,518,'2022-12-03 02:53:36'),(532,518,'2022-12-03 02:53:36'),(534,517,'2022-12-03 02:53:39'),(535,504,'2022-12-03 02:53:40'),(537,518,'2022-12-03 02:53:40'),(538,518,'2022-12-03 02:53:40'),(540,531,'2022-12-03 02:53:40'),(541,531,'2022-12-03 02:53:40'),(543,504,'2023-01-03 03:03:36'),(545,518,'2023-01-03 03:03:36'),(544,531,'2023-01-03 03:03:36'),(546,517,'2023-01-03 03:03:37'),(547,504,'2023-01-03 03:03:40'),(549,531,'2023-01-03 03:03:40'),(551,518,'2023-01-03 03:03:41'),(553,504,'2023-01-03 03:03:53'),(554,518,'2023-01-03 03:03:53'),(555,531,'2023-01-03 03:03:53'),(556,517,'2023-01-03 03:03:54'),(557,504,'2023-01-03 03:03:59'),(559,518,'2023-01-03 03:03:59'),(561,531,'2023-01-03 03:04:00'),(563,517,'2023-01-03 03:29:58'),(564,504,'2023-01-03 03:29:59'),(566,531,'2023-01-03 03:29:59'),(569,518,'2023-01-03 03:30:00'),(570,518,'2023-01-03 03:30:00'),(567,531,'2023-01-03 03:30:00'),(572,517,'2023-01-03 03:30:03'),(573,504,'2023-01-03 03:30:04'),(575,518,'2023-01-03 03:30:05'),(576,518,'2023-01-03 03:30:05'),(578,531,'2023-01-03 03:30:05'),(579,531,'2023-01-03 03:30:05'),(581,557,'2023-01-11 08:32:20'),(582,602,'2023-01-11 08:34:12'),(584,602,'2023-01-11 08:34:23'),(586,602,'2023-01-11 08:34:29'),(587,602,'2023-01-11 08:34:32'),(588,557,'2023-01-11 09:47:28'),(589,602,'2023-01-11 09:47:41'),(590,557,'2023-01-11 09:47:42'),(591,559,'2023-01-11 09:47:46'),(592,602,'2023-01-11 09:47:47'),(593,602,'2023-01-11 09:51:48'),(594,602,'2023-01-11 09:54:36'),(595,517,'2023-01-11 10:19:01'),(596,557,'2023-01-11 10:19:12'),(597,602,'2023-01-11 10:19:23'),(598,602,'2023-01-11 10:19:26'),(599,561,'2023-01-11 10:19:29'),(600,561,'2023-01-11 10:19:32'),(601,561,'2023-01-11 10:19:32'),(602,561,'2023-01-11 10:19:32'),(603,560,'2023-01-11 10:19:35'),(604,561,'2023-01-11 10:19:38'),(605,561,'2023-01-11 10:19:40'),(606,561,'2023-01-11 10:19:43'),(607,561,'2023-01-11 10:19:45'),(608,586,'2023-01-11 10:19:48'),(609,602,'2023-01-11 10:19:52'),(610,602,'2023-01-11 11:01:26'),(613,602,'2023-01-11 11:01:38'),(614,517,'2023-01-11 16:39:59'),(615,557,'2023-01-11 16:40:07'),(616,602,'2023-01-11 16:40:15'),(618,602,'2023-01-11 16:40:28'),(620,602,'2023-01-11 16:40:34'),(621,602,'2023-01-11 16:40:36'),(622,602,'2023-01-11 16:43:58'),(623,557,'2023-01-12 09:42:21'),(625,602,'2023-01-12 09:42:34'),(627,602,'2023-01-12 09:42:40'),(628,602,'2023-01-12 09:46:28'),(630,602,'2023-01-12 09:46:38'),(632,602,'2023-01-12 09:46:43'),(633,602,'2023-01-12 09:46:46'),(634,557,'2023-01-12 10:13:52'),(635,602,'2023-01-12 10:14:00'),(636,557,'2023-01-12 10:14:07'),(637,602,'2023-01-12 10:14:11'),(638,559,'2023-01-12 10:14:13'),(639,560,'2023-01-12 10:14:21'),(640,559,'2023-01-12 10:14:22'),(641,561,'2023-01-12 10:14:24'),(642,602,'2023-01-12 10:14:27'),(643,586,'2023-01-12 10:14:36'),(644,559,'2023-01-12 10:14:40'),(645,602,'2023-01-12 10:14:43'),(646,602,'2023-01-12 10:18:35'),(649,557,'2023-01-12 10:19:00'),(650,517,'2023-01-13 12:29:35'),(651,504,'2023-02-03 02:21:11'),(652,531,'2023-02-03 02:21:12'),(653,518,'2023-02-03 02:21:13'),(654,517,'2023-02-03 02:21:14'),(655,504,'2023-02-03 02:21:21'),(657,531,'2023-02-03 02:21:22'),(659,518,'2023-02-03 02:21:23'),(661,504,'2023-02-03 02:21:48'),(662,531,'2023-02-03 02:21:48'),(663,518,'2023-02-03 02:21:49'),(664,517,'2023-02-03 02:21:51'),(665,504,'2023-02-03 02:22:01'),(667,531,'2023-02-03 02:22:02'),(669,518,'2023-02-03 02:22:03'),(671,517,'2023-02-03 02:59:59'),(672,504,'2023-02-03 03:00:01'),(677,518,'2023-02-03 03:00:01'),(678,518,'2023-02-03 03:00:01'),(674,531,'2023-02-03 03:00:01'),(675,531,'2023-02-03 03:00:01'),(680,517,'2023-02-03 03:00:07'),(681,504,'2023-02-03 03:00:08'),(683,531,'2023-02-03 03:00:08'),(684,531,'2023-02-03 03:00:08'),(686,518,'2023-02-03 03:00:09'),(687,518,'2023-02-03 03:00:09'),(689,557,'2023-02-07 10:15:48'),(691,602,'2023-02-07 10:16:08'),(693,602,'2023-02-07 10:16:15'),(694,602,'2023-02-07 10:21:13'),(696,602,'2023-02-07 10:21:23'),(698,602,'2023-02-07 10:21:29'),(699,602,'2023-02-07 10:22:07'),(700,519,'2023-03-02 05:47:08'),(701,937,'2023-03-02 06:39:14'),(702,937,'2023-03-02 06:39:27'),(703,504,'2023-03-03 02:21:14'),(706,517,'2023-03-03 02:21:15'),(705,518,'2023-03-03 02:21:15'),(704,531,'2023-03-03 02:21:15'),(707,504,'2023-03-03 02:21:16'),(709,531,'2023-03-03 02:21:16'),(711,518,'2023-03-03 02:21:17'),(713,504,'2023-03-03 02:21:22'),(716,517,'2023-03-03 02:21:22'),(714,518,'2023-03-03 02:21:22'),(715,531,'2023-03-03 02:21:22'),(717,504,'2023-03-03 02:21:24'),(719,518,'2023-03-03 02:21:24'),(721,531,'2023-03-03 02:21:25'),(723,517,'2023-03-03 02:44:42'),(724,504,'2023-03-03 02:44:43'),(729,518,'2023-03-03 02:44:43'),(730,518,'2023-03-03 02:44:43'),(726,531,'2023-03-03 02:44:43'),(727,531,'2023-03-03 02:44:43'),(732,517,'2023-03-03 02:44:46'),(733,504,'2023-03-03 02:44:47'),(735,518,'2023-03-03 02:44:48'),(736,518,'2023-03-03 02:44:48'),(738,531,'2023-03-03 02:44:48'),(739,531,'2023-03-03 02:44:48'),(741,937,'2023-03-03 09:37:09'),(742,937,'2023-03-03 09:37:13'),(743,937,'2023-03-03 09:37:14'),(744,937,'2023-03-03 09:37:44'),(745,937,'2023-03-03 09:37:50'),(746,937,'2023-03-03 09:38:08'),(747,937,'2023-03-07 05:21:27'),(748,937,'2023-03-07 05:21:31'),(749,519,'2023-03-07 05:21:36'),(750,557,'2023-03-07 05:21:55'),(751,602,'2023-03-07 05:22:02'),(752,937,'2023-03-07 05:34:26'),(753,937,'2023-03-07 05:57:18'),(754,938,'2023-03-07 05:57:21'),(755,557,'2023-03-07 05:57:41'),(756,602,'2023-03-07 05:57:53'),(757,938,'2023-03-07 05:57:55'),(758,940,'2023-03-07 05:57:57'),(759,940,'2023-03-07 05:59:25'),(760,942,'2023-03-07 05:59:33'),(761,942,'2023-03-07 06:00:14'),(762,944,'2023-03-07 06:00:17'),(763,944,'2023-03-07 06:00:23'),(764,937,'2023-03-07 06:00:30'),(765,937,'2023-03-07 06:00:51'),(766,937,'2023-03-07 06:00:56'),(767,937,'2023-03-07 06:00:57'),(768,944,'2023-03-07 06:01:49'),(769,944,'2023-03-07 06:01:55'),(770,944,'2023-03-07 06:02:37'),(771,947,'2023-03-07 06:02:40'),(772,944,'2023-03-07 06:02:49'),(773,944,'2023-03-07 06:02:53'),(774,944,'2023-03-07 06:02:57'),(775,944,'2023-03-07 06:05:16'),(776,944,'2023-03-07 06:05:19'),(777,944,'2023-03-07 06:05:21'),(778,951,'2023-03-07 06:05:22'),(779,944,'2023-03-07 06:05:25'),(780,944,'2023-03-07 06:05:37'),(781,947,'2023-03-07 06:05:39'),(782,951,'2023-03-07 06:05:40'),(783,944,'2023-03-07 06:05:44'),(784,944,'2023-03-07 06:07:33'),(785,947,'2023-03-07 06:08:42'),(786,947,'2023-03-07 06:08:50'),(787,951,'2023-03-07 06:08:52'),(788,951,'2023-03-07 06:09:00'),(789,602,'2023-03-07 06:13:26'),(792,602,'2023-03-07 06:13:42'),(794,602,'2023-03-07 06:13:48'),(795,586,'2023-03-07 06:13:52'),(796,602,'2023-03-07 06:13:53'),(797,519,'2023-03-07 06:14:49'),(798,937,'2023-03-07 06:15:03'),(799,947,'2023-03-07 06:15:25'),(800,951,'2023-03-07 06:15:31'),(801,956,'2023-03-07 06:15:41'),(802,947,'2023-03-07 06:29:23'),(803,947,'2023-03-07 09:26:37'),(804,947,'2023-03-07 09:26:47'),(805,947,'2023-03-07 09:27:16'),(806,947,'2023-03-07 09:27:33'),(807,947,'2023-03-07 09:28:07'),(808,951,'2023-03-07 09:28:14'),(809,951,'2023-03-07 09:28:49'),(810,951,'2023-03-07 09:29:08'),(811,956,'2023-03-07 09:29:11'),(812,557,'2023-03-07 09:30:01'),(813,956,'2023-03-07 09:30:08'),(814,951,'2023-03-07 09:30:46'),(815,947,'2023-03-07 09:30:52'),(816,942,'2023-03-07 09:30:56'),(817,944,'2023-03-07 09:30:58'),(818,944,'2023-03-07 09:32:54'),(819,937,'2023-03-07 09:33:00'),(820,937,'2023-03-07 09:33:42'),(821,937,'2023-03-07 09:33:58'),(822,938,'2023-03-07 09:34:46'),(823,938,'2023-03-07 09:35:34'),(824,938,'2023-03-07 09:35:50'),(828,938,'2023-03-07 09:36:21'),(829,938,'2023-03-07 09:36:27'),(830,940,'2023-03-07 09:36:33'),(831,940,'2023-03-07 09:37:09'),(832,942,'2023-03-07 09:38:42'),(833,557,'2023-03-07 09:51:40'),(834,602,'2023-03-07 09:51:56'),(835,586,'2023-03-07 09:51:58'),(836,602,'2023-03-07 09:51:59'),(837,586,'2023-03-07 09:52:00'),(839,586,'2023-03-07 09:52:01'),(838,602,'2023-03-07 09:52:01'),(840,602,'2023-03-07 09:52:02'),(841,586,'2023-03-07 09:52:03'),(842,602,'2023-03-07 09:52:03'),(843,586,'2023-03-07 09:52:07'),(844,561,'2023-03-07 09:52:08'),(845,560,'2023-03-07 09:52:09'),(846,557,'2023-03-07 09:52:10'),(847,602,'2023-03-07 09:52:11'),(849,557,'2023-03-07 09:52:19'),(848,586,'2023-03-07 09:52:19'),(850,586,'2023-03-07 09:52:28'),(851,602,'2023-03-07 09:52:35'),(852,602,'2023-03-07 09:56:04'),(854,602,'2023-03-07 09:57:02'),(855,557,'2023-03-07 10:20:40'),(856,519,'2023-03-07 10:21:04'),(857,444,'2023-03-07 10:21:16'),(858,937,'2023-03-08 05:54:46'),(859,944,'2023-03-08 05:55:12'),(860,938,'2023-03-08 05:56:26'),(861,938,'2023-03-08 05:57:20'),(862,940,'2023-03-08 06:03:26'),(863,942,'2023-03-08 06:03:29'),(864,940,'2023-03-08 06:03:32'),(865,947,'2023-03-08 06:03:35'),(866,951,'2023-03-08 06:03:37'),(867,956,'2023-03-08 06:03:39'),(868,951,'2023-03-08 06:03:41'),(869,947,'2023-03-08 06:03:42'),(870,951,'2023-03-08 06:04:20'),(871,956,'2023-03-08 06:04:27'),(872,937,'2023-03-08 06:07:30'),(873,519,'2023-03-09 10:51:44'),(874,444,'2023-03-30 11:41:23'),(876,444,'2023-03-30 11:41:38'),(877,444,'2023-03-30 11:42:48'),(878,519,'2023-03-30 11:59:58'),(879,531,'2023-03-30 12:00:12'),(880,531,'2023-04-03 03:23:32'),(881,504,'2023-04-03 03:23:33'),(882,518,'2023-04-03 03:23:33'),(883,517,'2023-04-03 03:23:34'),(886,504,'2023-04-03 03:23:35'),(888,518,'2023-04-03 03:23:35'),(884,531,'2023-04-03 03:23:35'),(890,531,'2023-04-03 03:23:40'),(891,504,'2023-04-03 03:23:41'),(893,517,'2023-04-03 03:23:41'),(892,518,'2023-04-03 03:23:41'),(896,504,'2023-04-03 03:23:43'),(898,518,'2023-04-03 03:23:43'),(894,531,'2023-04-03 03:23:43'),(900,517,'2023-04-03 03:47:07'),(904,504,'2023-04-03 03:47:08'),(906,518,'2023-04-03 03:47:08'),(901,531,'2023-04-03 03:47:08'),(902,531,'2023-04-03 03:47:08'),(907,518,'2023-04-03 03:47:09'),(909,517,'2023-04-03 03:47:12'),(913,504,'2023-04-03 03:47:13'),(915,518,'2023-04-03 03:47:13'),(916,518,'2023-04-03 03:47:13'),(910,531,'2023-04-03 03:47:13'),(911,531,'2023-04-03 03:47:13'),(918,531,'2023-04-06 09:58:01'),(919,531,'2023-04-20 12:23:48'),(920,557,'2023-04-28 08:15:06'),(922,531,'2023-04-28 08:16:59'),(923,504,'2023-04-28 08:17:09'),(925,504,'2023-04-28 08:28:10'),(924,531,'2023-04-28 08:28:10'),(927,504,'2023-05-03 03:33:38'),(926,531,'2023-05-03 03:33:38'),(928,518,'2023-05-03 03:33:41'),(929,517,'2023-05-03 03:33:42'),(932,504,'2023-05-03 03:33:47'),(930,531,'2023-05-03 03:33:47'),(934,518,'2023-05-03 03:33:48'),(936,531,'2023-05-03 03:34:05'),(937,504,'2023-05-03 03:34:06'),(938,518,'2023-05-03 03:34:09'),(939,517,'2023-05-03 03:34:10'),(940,531,'2023-05-03 03:34:14'),(942,504,'2023-05-03 03:34:15'),(944,518,'2023-05-03 03:34:16'),(946,517,'2023-05-03 04:04:31'),(947,531,'2023-05-03 04:04:31'),(950,504,'2023-05-03 04:04:32'),(952,518,'2023-05-03 04:04:32'),(953,518,'2023-05-03 04:04:32'),(948,531,'2023-05-03 04:04:32'),(955,517,'2023-05-03 04:04:35'),(959,504,'2023-05-03 04:04:36'),(961,518,'2023-05-03 04:04:36'),(956,531,'2023-05-03 04:04:36'),(957,531,'2023-05-03 04:04:36'),(962,518,'2023-05-03 04:04:37'),(964,504,'2023-05-05 06:15:44'),(965,504,'2023-05-05 06:29:08'),(966,531,'2023-05-15 14:20:38'),(967,504,'2023-05-18 11:49:33'),(968,504,'2023-05-18 11:54:43'),(969,1028,'2023-05-19 06:30:43'),(970,1028,'2023-05-19 06:32:03'),(971,1028,'2023-05-19 06:33:56'),(972,1028,'2023-05-19 06:35:09'),(973,1028,'2023-05-19 06:37:09'),(974,557,'2023-05-19 06:37:46'),(975,586,'2023-05-19 06:37:58'),(976,586,'2023-05-19 06:38:18'),(977,586,'2023-05-19 06:39:14'),(978,586,'2023-05-19 06:39:35'),(979,602,'2023-05-19 06:42:41'),(982,586,'2023-05-19 06:44:43'),(983,1045,'2023-05-19 06:57:30'),(984,1045,'2023-05-19 06:58:06'),(985,1045,'2023-05-19 06:58:18'),(986,1045,'2023-05-19 06:58:58'),(987,557,'2023-05-19 07:23:09'),(988,517,'2023-05-19 07:41:56'),(989,557,'2023-05-19 07:42:02'),(990,557,'2023-05-19 07:45:49'),(991,559,'2023-05-19 07:45:56'),(992,517,'2023-05-19 07:54:22'),(993,559,'2023-05-19 08:04:17'),(994,560,'2023-05-19 08:04:20'),(995,560,'2023-05-19 08:09:09'),(996,561,'2023-05-19 08:09:22'),(997,561,'2023-05-19 08:10:46'),(998,586,'2023-05-19 08:10:49'),(999,586,'2023-05-19 08:12:20'),(1000,602,'2023-05-19 08:12:24'),(1003,1028,'2023-05-30 05:10:48'),(1004,504,'2023-05-31 20:51:51'),(1005,956,'2023-06-06 12:05:37'),(1006,956,'2023-06-06 12:05:40'),(1009,937,'2023-06-06 12:50:52'),(1010,937,'2023-06-06 12:50:53'),(1011,937,'2023-06-06 12:50:54'),(1012,947,'2023-06-06 12:50:57'),(1013,947,'2023-06-06 12:50:58'),(1014,951,'2023-06-06 12:51:36'),(1015,956,'2023-06-06 12:51:40'),(1016,942,'2023-06-06 12:51:42'),(1017,947,'2023-06-06 12:51:44'),(1018,937,'2023-06-06 12:52:03'),(1019,937,'2023-06-06 12:52:04'),(1020,937,'2023-06-06 12:52:18'),(1021,937,'2023-06-06 12:52:19'),(1022,937,'2023-06-06 12:52:32'),(1023,937,'2023-06-06 12:52:33'),(1024,937,'2023-06-06 12:52:44'),(1025,937,'2023-06-06 12:52:44'),(1026,940,'2023-06-06 12:52:51'),(1027,942,'2023-06-06 12:52:53'),(1028,944,'2023-06-06 12:52:54'),(1029,947,'2023-06-06 12:52:55'),(1030,951,'2023-06-06 12:52:56'),(1031,956,'2023-06-06 12:52:57'),(1032,947,'2023-06-06 12:52:58'),(1033,942,'2023-06-06 12:52:59'),(1034,940,'2023-06-06 12:53:01'),(1035,937,'2023-06-06 12:53:45'),(1036,937,'2023-06-06 12:53:45'),(1037,938,'2023-06-06 12:53:47'),(1038,940,'2023-06-06 12:53:48'),(1039,942,'2023-06-06 12:53:50'),(1040,944,'2023-06-06 12:53:51'),(1041,947,'2023-06-06 12:53:52'),(1042,951,'2023-06-06 12:53:53'),(1043,956,'2023-06-06 12:53:54'),(1044,947,'2023-06-06 12:53:55'),(1046,947,'2023-06-06 12:53:57'),(1045,951,'2023-06-06 12:53:57'),(1047,951,'2023-06-06 12:53:58'),(1048,947,'2023-06-06 12:53:59'),(1049,944,'2023-06-06 12:54:00'),(1050,944,'2023-06-06 12:54:00'),(1051,942,'2023-06-06 12:54:01'),(1053,938,'2023-06-06 12:54:02'),(1052,940,'2023-06-06 12:54:02'),(1054,940,'2023-06-06 12:54:03'),(1055,942,'2023-06-06 12:54:04'),(1056,944,'2023-06-06 12:54:05'),(1057,947,'2023-06-06 12:54:05'),(1058,951,'2023-06-06 12:54:06'),(1059,940,'2023-06-06 12:54:07'),(1060,942,'2023-06-06 12:54:08'),(1061,531,'2023-06-08 22:00:44'),(1062,517,'2023-06-20 00:54:36'),(1063,1028,'2023-06-24 23:01:29'),(1064,504,'2023-06-28 19:11:41'),(1065,517,'2023-07-01 22:22:16'),(1066,517,'2023-07-03 17:13:28'),(1067,517,'2023-07-03 21:23:10'),(1068,504,'2023-07-03 21:23:11'),(1070,937,'2023-07-03 21:23:18'),(1071,531,'2023-07-03 21:23:19'),(1072,1045,'2023-07-03 21:23:19'),(1073,1028,'2023-07-03 21:23:20'),(1074,518,'2023-07-03 21:23:21'),(1075,504,'2023-07-03 21:23:26'),(1077,937,'2023-07-03 21:23:29'),(1080,531,'2023-07-03 21:23:31'),(1078,937,'2023-07-03 21:23:31'),(1082,1045,'2023-07-03 21:23:32'),(1084,1028,'2023-07-03 21:23:35'),(1086,518,'2023-07-03 21:23:38'),(1087,938,'2023-07-03 21:23:39'),(1088,940,'2023-07-03 21:23:39'),(1090,944,'2023-07-03 21:23:40'),(1089,956,'2023-07-03 21:23:40'),(1091,947,'2023-07-03 21:23:41'),(1092,951,'2023-07-03 21:23:41'),(1094,938,'2023-07-03 21:23:52'),(1095,938,'2023-07-03 21:23:53'),(1097,940,'2023-07-03 21:23:53'),(1098,940,'2023-07-03 21:23:54'),(1100,956,'2023-07-03 21:23:54'),(1101,942,'2023-07-03 21:23:55'),(1104,944,'2023-07-03 21:23:56'),(1102,956,'2023-07-03 21:23:56'),(1105,944,'2023-07-03 21:23:57'),(1107,947,'2023-07-03 21:23:58'),(1108,947,'2023-07-03 21:23:58'),(1110,951,'2023-07-03 21:23:59'),(1113,942,'2023-07-03 21:24:00'),(1111,951,'2023-07-03 21:24:00'),(1114,942,'2023-07-03 21:24:01'),(1116,504,'2023-07-03 21:24:09'),(1117,517,'2023-07-03 21:24:10'),(1118,937,'2023-07-03 21:24:10'),(1120,942,'2023-07-03 21:24:11'),(1119,951,'2023-07-03 21:24:11'),(1122,938,'2023-07-03 21:24:12'),(1121,947,'2023-07-03 21:24:12'),(1123,940,'2023-07-03 21:24:13'),(1124,944,'2023-07-03 21:24:13'),(1125,956,'2023-07-03 21:24:14'),(1127,531,'2023-07-03 21:24:21'),(1128,1045,'2023-07-03 21:24:21'),(1129,1028,'2023-07-03 21:24:22'),(1130,518,'2023-07-03 21:24:23'),(1131,504,'2023-07-03 21:24:27'),(1133,937,'2023-07-03 21:24:29'),(1134,937,'2023-07-03 21:24:31'),(1136,951,'2023-07-03 21:24:31'),(1137,951,'2023-07-03 21:24:32'),(1139,942,'2023-07-03 21:24:33'),(1140,942,'2023-07-03 21:24:33'),(1142,947,'2023-07-03 21:24:34'),(1145,938,'2023-07-03 21:24:35'),(1143,947,'2023-07-03 21:24:35'),(1146,938,'2023-07-03 21:24:36'),(1148,940,'2023-07-03 21:24:37'),(1149,940,'2023-07-03 21:24:37'),(1151,944,'2023-07-03 21:24:38'),(1152,944,'2023-07-03 21:24:39'),(1154,956,'2023-07-03 21:24:39'),(1155,956,'2023-07-03 21:24:40'),(1157,531,'2023-07-03 21:24:42'),(1159,1045,'2023-07-03 21:24:43'),(1161,1028,'2023-07-03 21:24:46'),(1163,518,'2023-07-03 21:24:49'),(1179,517,'2023-07-03 22:05:15'),(1180,504,'2023-07-03 22:05:20'),(1182,937,'2023-07-03 22:05:21'),(1183,937,'2023-07-03 22:05:21'),(1184,937,'2023-07-03 22:05:21'),(1185,937,'2023-07-03 22:05:21'),(1187,531,'2023-07-03 22:05:22'),(1188,531,'2023-07-03 22:05:22'),(1190,1045,'2023-07-03 22:05:22'),(1191,1045,'2023-07-03 22:05:22'),(1193,1028,'2023-07-03 22:05:25'),(1194,1028,'2023-07-03 22:05:25'),(1196,518,'2023-07-03 22:05:26'),(1197,518,'2023-07-03 22:05:26'),(1199,938,'2023-07-03 22:05:27'),(1200,938,'2023-07-03 22:05:27'),(1201,938,'2023-07-03 22:05:28'),(1202,938,'2023-07-03 22:05:28'),(1204,940,'2023-07-03 22:05:28'),(1205,940,'2023-07-03 22:05:29'),(1206,940,'2023-07-03 22:05:29'),(1207,940,'2023-07-03 22:05:30'),(1209,956,'2023-07-03 22:05:30'),(1210,956,'2023-07-03 22:05:30'),(1211,956,'2023-07-03 22:05:30'),(1214,944,'2023-07-03 22:05:31'),(1215,944,'2023-07-03 22:05:31'),(1212,956,'2023-07-03 22:05:31'),(1216,944,'2023-07-03 22:05:32'),(1217,944,'2023-07-03 22:05:32'),(1219,947,'2023-07-03 22:05:32'),(1220,947,'2023-07-03 22:05:32'),(1221,947,'2023-07-03 22:05:33'),(1222,947,'2023-07-03 22:05:33'),(1224,951,'2023-07-03 22:05:33'),(1225,951,'2023-07-03 22:05:33'),(1229,942,'2023-07-03 22:05:34'),(1230,942,'2023-07-03 22:05:34'),(1226,951,'2023-07-03 22:05:34'),(1227,951,'2023-07-03 22:05:34'),(1231,942,'2023-07-03 22:05:36'),(1232,942,'2023-07-03 22:05:36'),(1234,517,'2023-07-03 22:05:41'),(1235,504,'2023-07-03 22:05:46'),(1237,937,'2023-07-03 22:05:46'),(1238,937,'2023-07-03 22:05:46'),(1239,937,'2023-07-03 22:05:47'),(1240,937,'2023-07-03 22:05:47'),(1242,951,'2023-07-03 22:05:47'),(1243,951,'2023-07-03 22:05:47'),(1247,942,'2023-07-03 22:05:48'),(1248,942,'2023-07-03 22:05:48'),(1244,951,'2023-07-03 22:05:48'),(1245,951,'2023-07-03 22:05:48'),(1249,942,'2023-07-03 22:05:49'),(1250,942,'2023-07-03 22:05:49'),(1252,947,'2023-07-03 22:05:49'),(1253,947,'2023-07-03 22:05:49'),(1257,938,'2023-07-03 22:05:50'),(1258,938,'2023-07-03 22:05:50'),(1254,947,'2023-07-03 22:05:50'),(1255,947,'2023-07-03 22:05:50'),(1259,938,'2023-07-03 22:05:51'),(1260,938,'2023-07-03 22:05:51'),(1262,940,'2023-07-03 22:05:51'),(1263,940,'2023-07-03 22:05:51'),(1264,940,'2023-07-03 22:05:52'),(1265,940,'2023-07-03 22:05:52'),(1267,944,'2023-07-03 22:05:52'),(1268,944,'2023-07-03 22:05:52'),(1269,944,'2023-07-03 22:05:53'),(1270,944,'2023-07-03 22:05:53'),(1272,956,'2023-07-03 22:05:53'),(1273,956,'2023-07-03 22:05:54'),(1274,956,'2023-07-03 22:05:54'),(1275,956,'2023-07-03 22:05:54'),(1277,531,'2023-07-03 22:05:55'),(1278,531,'2023-07-03 22:05:55'),(1280,1045,'2023-07-03 22:05:55'),(1281,1045,'2023-07-03 22:05:55'),(1283,1028,'2023-07-03 22:05:57'),(1284,1028,'2023-07-03 22:05:57'),(1286,518,'2023-07-03 22:05:59'),(1287,518,'2023-07-03 22:05:59'),(1289,517,'2023-07-06 00:54:13'),(1290,531,'2023-07-08 10:59:33'),(1291,517,'2023-07-15 15:29:50'),(1292,517,'2023-07-15 15:32:09'),(1293,517,'2023-07-16 19:45:11'),(1294,517,'2023-07-16 21:38:12'),(1295,517,'2023-07-17 17:45:42'),(1296,517,'2023-07-18 09:21:57'),(1297,517,'2023-07-18 15:22:31'),(1298,517,'2023-07-20 12:17:01'),(1299,517,'2023-07-20 12:17:03'),(1300,1045,'2023-07-20 12:17:17'),(1301,1045,'2023-07-20 12:17:18'),(1302,1045,'2023-07-20 12:18:04'),(1303,1045,'2023-07-20 12:18:05'),(1304,956,'2023-07-20 12:20:04'),(1305,956,'2023-07-20 12:20:07'),(1306,956,'2023-07-20 12:20:51'),(1307,956,'2023-07-20 12:20:52'),(1308,956,'2023-07-20 12:21:29'),(1309,956,'2023-07-20 12:21:29'),(1310,1056,'2023-07-20 12:22:08'),(1311,1056,'2023-07-20 12:22:08'),(1312,956,'2023-07-20 12:22:28'),(1313,956,'2023-07-20 12:22:29'),(1314,956,'2023-07-20 12:22:58'),(1315,956,'2023-07-20 12:22:59'),(1316,956,'2023-07-20 12:23:09'),(1317,956,'2023-07-20 12:23:10'),(1318,956,'2023-07-20 12:44:03'),(1319,956,'2023-07-20 12:44:04'),(1320,1056,'2023-07-20 12:44:54'),(1321,1056,'2023-07-20 12:44:55'),(1322,1056,'2023-07-20 12:45:23'),(1323,1056,'2023-07-20 12:45:24'),(1324,956,'2023-07-20 12:45:32'),(1325,956,'2023-07-20 12:45:33'),(1326,956,'2023-07-20 12:45:51'),(1327,956,'2023-07-20 12:45:52'),(1328,956,'2023-07-20 12:47:30'),(1329,956,'2023-07-20 12:47:32'),(1330,956,'2023-07-20 12:48:00'),(1331,956,'2023-07-20 12:48:01'),(1332,956,'2023-07-20 12:48:46'),(1333,956,'2023-07-20 12:48:47'),(1334,956,'2023-07-20 12:49:46'),(1335,956,'2023-07-20 12:49:47'),(1336,956,'2023-07-20 12:50:14'),(1337,956,'2023-07-20 12:50:15'),(1338,444,'2023-07-31 15:03:07'),(1339,444,'2023-07-31 15:03:09'),(1340,444,'2023-07-31 15:31:05'),(1341,444,'2023-07-31 15:31:06'),(1343,444,'2023-07-31 15:31:18'),(1344,444,'2023-07-31 15:31:19'),(1346,444,'2023-07-31 15:31:27'),(1347,444,'2023-07-31 15:31:27'),(1348,444,'2023-07-31 15:42:25'),(1349,444,'2023-07-31 15:42:26'),(1350,444,'2023-07-31 15:46:45'),(1351,444,'2023-07-31 15:46:46'),(1356,444,'2023-07-31 15:47:57'),(1357,444,'2023-07-31 15:47:58'),(1359,444,'2023-07-31 15:48:06'),(1360,444,'2023-07-31 15:48:07'),(1361,444,'2023-07-31 16:00:57'),(1362,444,'2023-07-31 16:00:58'),(1363,444,'2023-07-31 16:05:31'),(1364,444,'2023-07-31 16:05:32'),(1367,444,'2023-07-31 16:08:09'),(1368,444,'2023-07-31 16:08:10'),(1370,444,'2023-07-31 16:08:17'),(1371,444,'2023-07-31 16:08:18'),(1372,444,'2023-07-31 16:16:57'),(1373,444,'2023-07-31 16:16:58'),(1374,444,'2023-07-31 16:25:03'),(1375,444,'2023-07-31 16:25:04'),(1376,1103,'2023-07-31 16:25:13'),(1377,1111,'2023-07-31 16:25:15'),(1378,557,'2023-08-02 05:48:37'),(1379,557,'2023-08-02 05:48:37'),(1380,559,'2023-08-02 05:48:39'),(1381,602,'2023-08-02 05:48:44'),(1383,602,'2023-08-02 05:49:00'),(1384,602,'2023-08-02 05:49:00'),(1386,602,'2023-08-02 05:49:08'),(1387,602,'2023-08-02 05:49:09'),(1388,531,'2023-08-04 10:16:31'),(1389,1123,'2023-10-11 12:41:58'),(1390,1123,'2023-10-11 12:42:03'),(1391,1124,'2023-10-11 12:44:12'),(1392,1124,'2023-10-11 12:44:14'),(1393,1124,'2023-10-11 12:44:33'),(1394,1124,'2023-10-11 12:44:36'),(1395,1125,'2023-10-11 12:46:17'),(1396,1123,'2023-10-11 12:46:26'),(1397,1123,'2023-10-11 12:46:50'),(1398,1124,'2023-10-11 12:46:53'),(1399,1125,'2023-10-11 12:46:54'),(1400,1125,'2023-10-11 12:47:18'),(1401,1125,'2023-10-11 12:47:19'),(1402,1125,'2023-10-11 13:08:07'),(1404,1123,'2023-10-11 13:16:37'),(1405,1123,'2023-10-13 03:00:28'),(1406,1123,'2023-10-13 03:42:19'),(1407,1125,'2023-10-13 03:42:26'),(1408,1123,'2023-10-13 03:42:38'),(1409,1123,'2023-10-13 03:43:02'),(1410,1123,'2023-10-13 03:43:03'),(1411,1138,'2023-10-13 03:43:18'),(1412,1138,'2023-10-13 03:43:24'),(1413,1139,'2023-10-13 03:43:40'),(1414,1138,'2023-10-13 03:43:44'),(1415,1138,'2023-10-13 03:44:09'),(1416,1139,'2023-10-13 03:44:13'),(1417,1124,'2023-10-13 03:44:14'),(1418,1125,'2023-10-13 03:44:16'),(1422,1125,'2023-10-13 03:52:02'),(1423,1138,'2023-10-13 03:52:08'),(1424,1139,'2023-10-13 04:20:48'),(1425,1124,'2023-10-13 04:20:49'),(1426,1138,'2023-10-13 04:20:53'),(1427,1124,'2023-10-13 04:20:56'),(1428,1125,'2023-10-13 04:20:56'),(1429,1123,'2023-10-16 03:07:17'),(1430,1125,'2023-10-16 03:07:23'),(1431,1125,'2023-10-16 03:11:17'),(1432,1143,'2023-10-16 03:11:20'),(1433,1143,'2023-10-16 03:11:48'),(1434,1125,'2023-10-16 03:11:52'),(1435,1124,'2023-10-16 03:11:55'),(1436,1124,'2023-10-16 03:12:07'),(1437,1125,'2023-10-16 03:12:10'),(1438,1143,'2023-10-16 03:12:11'),(1439,1124,'2023-10-16 03:12:16'),(1440,1125,'2023-10-16 03:12:27'),(1441,1143,'2023-10-16 03:12:32'),(1442,1143,'2023-10-16 03:13:10'),(1443,1124,'2023-10-16 03:13:14'),(1444,1124,'2023-10-16 03:13:21'),(1445,1125,'2023-10-16 03:13:23'),(1446,1143,'2023-10-16 03:13:25'),(1447,1125,'2023-10-16 03:16:47'),(1448,1123,'2023-10-16 06:08:07'),(1449,1124,'2023-10-16 06:08:17'),(1450,1138,'2023-10-16 06:08:20'),(1451,1139,'2023-10-16 06:08:22'),(1452,1138,'2023-10-16 06:08:25'),(1453,1123,'2023-10-16 06:08:29'),(1454,1143,'2023-10-16 06:08:31'),(1455,1143,'2023-10-16 10:45:59'),(1456,1139,'2023-10-16 10:46:20'),(1457,1138,'2023-10-16 10:46:21'),(1458,1124,'2023-10-16 10:46:25'),(1459,1123,'2023-10-16 10:48:19'),(1460,1123,'2023-10-16 10:48:32'),(1461,1143,'2023-10-16 10:48:34'),(1462,1123,'2023-10-16 10:48:38'),(1463,1138,'2023-10-16 10:48:44'),(1464,1123,'2023-10-16 10:48:45'),(1465,1123,'2023-10-16 10:49:22'),(1466,1124,'2023-10-16 10:49:26'),(1467,1125,'2023-10-16 10:49:30'),(1468,1124,'2023-10-16 10:49:31'),(1469,1125,'2023-10-16 10:49:32'),(1470,1143,'2023-10-16 10:49:34'),(1471,1125,'2023-10-16 10:49:41'),(1472,1143,'2023-10-16 10:49:45'),(1473,1125,'2023-10-16 10:49:49'),(1474,1124,'2023-10-16 10:50:17'),(1475,1125,'2023-10-16 10:50:24'),(1476,1143,'2023-10-16 10:50:51'),(1477,1125,'2023-10-16 10:50:53'),(1478,1138,'2023-10-16 10:51:23'),(1479,1139,'2023-10-16 10:51:36'),(1480,1143,'2023-10-16 11:09:36'),(1481,444,'2023-10-16 11:29:36'),(1482,1138,'2023-10-17 03:43:39'),(1483,444,'2023-10-17 10:18:23'),(1484,519,'2023-10-17 10:19:19'),(1485,557,'2023-10-17 10:19:41'),(1486,602,'2023-10-17 10:24:25'),(1487,602,'2023-10-17 10:26:39'),(1488,586,'2023-10-17 10:27:02'),(1489,586,'2023-10-17 10:33:21'),(1490,1223,'2023-10-17 10:33:42'),(1491,1231,'2023-10-17 10:33:43'),(1492,561,'2023-10-17 10:34:35'),(1493,1231,'2023-10-17 10:36:55'),(1494,1231,'2023-10-17 11:31:33'),(1495,557,'2023-10-17 11:34:37'),(1496,1123,'2023-10-18 10:45:37'),(1497,1139,'2023-10-18 10:45:51'),(1498,1139,'2023-10-18 10:48:25'),(1499,1139,'2023-10-18 10:48:56'),(1502,1139,'2023-10-18 10:51:32'),(1504,1139,'2023-10-18 10:51:38'),(1506,1139,'2023-10-18 10:51:44'),(1508,1139,'2023-10-18 10:51:49'),(1510,1139,'2023-10-18 10:51:55'),(1511,1123,'2023-10-18 10:52:05'),(1512,1123,'2023-10-18 11:00:40'),(1513,1123,'2023-10-18 11:05:19'),(1514,1139,'2023-10-18 11:05:22'),(1515,1123,'2023-10-18 11:15:56'),(1516,1139,'2023-10-18 11:16:03'),(1517,1291,'2023-10-18 11:16:11'),(1518,1123,'2023-10-18 11:21:06'),(1519,1291,'2023-10-18 11:24:35'),(1520,1123,'2023-10-18 11:29:49'),(1521,1124,'2023-10-18 11:30:13'),(1522,1125,'2023-10-18 11:30:16'),(1523,1143,'2023-10-18 11:30:32'),(1524,1123,'2023-10-18 11:36:56'),(1525,1143,'2023-10-18 11:37:01'),(1526,1123,'2023-10-18 11:49:29'),(1527,1123,'2023-10-18 11:50:34'),(1528,937,'2023-10-18 11:50:50'),(1529,937,'2023-10-18 11:51:05'),(1530,1123,'2023-10-19 12:47:08'),(1531,1123,'2023-10-19 12:47:18'),(1532,1123,'2023-10-19 12:47:21'),(1533,1123,'2023-10-19 12:47:31'),(1534,1123,'2023-10-19 12:47:34'),(1535,1123,'2023-10-19 12:47:46'),(1536,1143,'2023-11-07 08:01:12'),(1537,1143,'2023-11-07 08:01:22'),(1538,531,'2023-11-17 15:05:57'),(1539,557,'2023-11-22 05:16:29'),(1540,586,'2023-11-22 05:16:37'),(1541,602,'2023-11-22 05:16:41'),(1542,602,'2023-11-22 05:20:05'),(1544,602,'2023-11-22 05:23:21'),(1545,561,'2023-11-22 05:25:54'),(1546,560,'2023-11-22 05:25:56'),(1547,559,'2023-11-22 05:25:58'),(1548,561,'2023-11-22 05:25:59'),(1549,519,'2023-11-22 12:24:03'),(1550,557,'2023-11-22 12:24:20'),(1551,937,'2023-11-22 12:24:28'),(1552,557,'2023-11-22 12:24:36'),(1553,444,'2023-11-22 12:25:49'),(1554,519,'2023-11-22 12:26:01'),(1555,518,'2023-11-22 12:26:19'),(1556,519,'2023-11-22 12:26:24'),(1557,517,'2023-11-22 12:26:28'),(1558,519,'2023-11-22 12:26:32'),(1559,557,'2023-11-22 12:26:40'),(1560,937,'2023-11-22 12:27:14'),(1561,1123,'2023-11-22 12:27:33'),(1562,557,'2023-12-03 18:56:49'),(1563,937,'2023-12-03 18:57:10'),(1564,519,'2023-12-03 18:57:26'),(1565,557,'2023-12-03 18:57:43'),(1566,559,'2023-12-03 18:57:57'),(1567,937,'2023-12-03 19:49:48'),(1568,937,'2023-12-03 19:50:03'),(1569,938,'2023-12-03 19:50:03'),(1570,940,'2023-12-03 19:50:08'),(1571,944,'2023-12-03 19:50:14'),(1572,557,'2023-12-03 19:51:03'),(1573,557,'2023-12-05 18:29:35'),(1574,602,'2023-12-05 18:29:42'),(1577,937,'2023-12-06 16:34:15'),(1578,557,'2023-12-06 16:34:34'),(1579,559,'2023-12-06 16:40:58'),(1580,557,'2023-12-06 16:41:05'),(1581,559,'2023-12-06 16:41:09'),(1582,560,'2023-12-06 16:41:12'),(1583,559,'2023-12-06 16:41:57'),(1584,560,'2023-12-06 16:42:03'),(1585,559,'2023-12-06 16:43:09'),(1586,560,'2023-12-06 16:45:35'),(1587,557,'2023-12-21 03:57:36'),(1588,602,'2023-12-21 03:58:19'),(1589,602,'2023-12-21 04:00:30'),(1593,602,'2023-12-21 04:02:38'),(1595,602,'2023-12-21 04:02:46'),(1597,602,'2023-12-21 04:02:59'),(1599,602,'2023-12-21 04:03:06'),(1601,602,'2023-12-21 04:03:13'),(1603,602,'2023-12-21 04:08:30'),(1604,602,'2023-12-21 04:08:36'),(1605,557,'2023-12-21 05:35:18'),(1606,602,'2023-12-21 05:35:28'),(1607,602,'2023-12-21 05:38:54'),(1610,602,'2023-12-21 05:52:49'),(1611,519,'2024-01-04 04:56:23'),(1612,444,'2024-01-04 04:58:50'),(1613,557,'2024-01-04 04:59:07'),(1614,559,'2024-01-04 04:59:31'),(1615,557,'2024-01-04 04:59:35'),(1616,559,'2024-01-04 04:59:38'),(1617,560,'2024-01-04 04:59:40'),(1618,561,'2024-01-04 04:59:42'),(1619,586,'2024-01-04 04:59:43'),(1620,937,'2024-01-04 05:00:14'),(1621,1123,'2024-01-04 05:00:34'),(1622,517,'2024-01-04 05:00:59'),(1623,1028,'2024-01-04 05:01:29'),(1624,1045,'2024-01-04 05:01:54'),(1625,557,'2024-01-04 05:04:16'),(1627,602,'2024-01-04 05:04:35'),(1629,602,'2024-01-04 05:04:42'),(1630,1045,'2024-01-04 05:12:11'),(1631,937,'2024-01-04 05:12:12'),(1632,1028,'2024-01-04 05:12:25'),(1633,602,'2024-01-04 05:29:29'),(1634,1403,'2024-01-04 05:29:45'),(1635,1028,'2024-01-05 22:37:09'),(1636,1028,'2024-01-05 22:38:38'),(1637,1028,'2024-01-05 22:38:38'),(1638,1028,'2024-01-05 22:38:38'),(1639,1028,'2024-01-05 22:38:38'),(1640,1028,'2024-01-05 22:38:45'),(1641,1028,'2024-01-05 22:38:51'),(1642,1028,'2024-01-05 22:39:01'),(1643,1028,'2024-01-05 22:41:37'),(1644,1045,'2024-01-06 03:48:22'),(1645,1045,'2024-01-06 03:49:57'),(1646,1045,'2024-01-06 03:49:57'),(1647,1045,'2024-01-06 03:49:57'),(1648,1045,'2024-01-06 03:50:02'),(1649,1045,'2024-01-06 03:50:02'),(1650,1045,'2024-01-06 03:50:47'),(1651,1045,'2024-01-06 03:50:51'),(1652,1045,'2024-01-06 03:52:07'),(1653,1028,'2024-01-06 05:24:25'),(1654,1045,'2024-01-06 05:27:38'),(1655,517,'2024-01-06 05:33:36'),(1656,937,'2024-01-06 05:39:10'),(1657,1056,'2024-01-06 14:32:39'),(1658,1028,'2024-01-06 21:50:39'),(1659,1045,'2024-01-07 01:31:48'),(1660,1028,'2024-01-07 03:55:35'),(1661,1056,'2024-01-07 11:17:00'),(1662,1056,'2024-01-07 11:18:45'),(1663,1056,'2024-01-07 11:18:49'),(1664,1056,'2024-01-07 11:18:49'),(1665,1056,'2024-01-07 11:18:49'),(1666,1028,'2024-01-07 14:33:43'),(1667,1028,'2024-01-07 14:44:57'),(1668,1045,'2024-01-07 15:14:57'),(1669,1045,'2024-01-07 17:49:57'),(1670,1028,'2024-01-07 18:56:18'),(1671,1028,'2024-01-07 19:04:58'),(1672,1028,'2024-01-07 19:47:36'),(1673,1045,'2024-01-07 20:56:04'),(1674,1028,'2024-01-07 23:02:10'),(1675,1028,'2024-01-08 00:14:26'),(1676,1045,'2024-01-08 00:57:50'),(1677,1045,'2024-01-08 01:06:53'),(1678,1028,'2024-01-08 01:26:03'),(1679,1056,'2024-01-08 01:36:39'),(1680,1045,'2024-01-08 02:47:53'),(1681,1045,'2024-01-08 03:04:39'),(1682,1056,'2024-01-08 05:01:11'),(1683,1056,'2024-01-08 16:41:29'),(1684,1045,'2024-01-09 09:30:48'),(1685,1056,'2024-01-09 09:39:21'),(1686,1056,'2024-01-09 09:45:49'),(1687,1045,'2024-01-09 11:04:03'),(1688,1028,'2024-01-09 11:27:04'),(1689,1028,'2024-01-09 11:43:16'),(1690,1028,'2024-01-09 14:29:45'),(1691,1028,'2024-01-09 16:41:56'),(1692,1045,'2024-01-09 17:18:59'),(1693,1056,'2024-01-09 18:06:07'),(1694,1045,'2024-01-09 19:03:32'),(1695,1056,'2024-01-09 20:07:17'),(1696,1028,'2024-01-09 20:22:13'),(1697,1045,'2024-01-09 22:50:58'),(1698,1045,'2024-01-09 23:42:51'),(1699,1056,'2024-01-10 00:00:15'),(1700,1056,'2024-01-10 00:24:13'),(1701,1028,'2024-01-10 00:27:15'),(1702,1056,'2024-01-10 00:55:16'),(1703,1045,'2024-01-10 01:56:14'),(1704,1056,'2024-01-10 01:59:56'),(1705,1056,'2024-01-10 02:16:04'),(1706,1045,'2024-01-10 03:30:28'),(1707,1028,'2024-01-10 03:50:14'),(1708,1028,'2024-01-10 04:02:26'),(1709,1028,'2024-01-10 06:59:32'),(1710,1028,'2024-01-10 09:00:24'),(1711,1045,'2024-01-10 09:46:13'),(1712,1056,'2024-01-10 15:05:31'),(1713,1056,'2024-01-10 15:49:30'),(1714,1056,'2024-01-10 16:02:03'),(1715,1056,'2024-01-11 02:38:16'),(1716,937,'2024-01-11 05:54:27'),(1717,1056,'2024-01-11 06:56:15'),(1718,1056,'2024-01-11 07:40:22'),(1719,1056,'2024-01-11 07:50:23'),(1720,1028,'2024-01-11 15:02:05'),(1721,1028,'2024-01-11 21:06:18'),(1722,937,'2024-01-12 19:37:46'),(1723,937,'2024-01-13 06:52:37');
/*!40000 ALTER TABLE `access_log` ENABLE KEYS */;
UNLOCK TABLES;

--
-- Table structure for table `accession`
--

DROP TABLE IF EXISTS `accession`;
/*!40101 SET @saved_cs_client     = @@character_set_client */;
/*!50503 SET character_set_client = utf8mb4 */;
CREATE TABLE `accession` (
  `id` int NOT NULL,
  `acquisition_type_id` int DEFAULT NULL,
  `date` date DEFAULT NULL,
  `identifier` varchar(255) DEFAULT NULL,
  `processing_priority_id` int DEFAULT NULL,
  `processing_status_id` int DEFAULT NULL,
  `resource_type_id` int DEFAULT NULL,
  `created_at` datetime NOT NULL,
  `updated_at` datetime NOT NULL,
  `source_culture` varchar(16) NOT NULL,
  PRIMARY KEY (`id`),
  UNIQUE KEY `accession_U_1` (`identifier`),
  KEY `accession_FI_2` (`acquisition_type_id`),
  KEY `accession_FI_3` (`processing_priority_id`),
  KEY `accession_FI_4` (`processing_status_id`),
  KEY `accession_FI_5` (`resource_type_id`),
  CONSTRAINT `accession_FK_1` FOREIGN KEY (`id`) REFERENCES `object` (`id`) ON DELETE CASCADE,
  CONSTRAINT `accession_FK_2` FOREIGN KEY (`acquisition_type_id`) REFERENCES `term` (`id`) ON DELETE SET NULL,
  CONSTRAINT `accession_FK_3` FOREIGN KEY (`processing_priority_id`) REFERENCES `term` (`id`) ON DELETE SET NULL,
  CONSTRAINT `accession_FK_4` FOREIGN KEY (`processing_status_id`) REFERENCES `term` (`id`) ON DELETE SET NULL,
  CONSTRAINT `accession_FK_5` FOREIGN KEY (`resource_type_id`) REFERENCES `term` (`id`) ON DELETE SET NULL
) ENGINE=InnoDB DEFAULT CHARSET=utf8mb4 COLLATE=utf8mb4_0900_ai_ci;
/*!40101 SET character_set_client = @saved_cs_client */;

--
-- Dumping data for table `accession`
--

LOCK TABLES `accession` WRITE;
/*!40000 ALTER TABLE `accession` DISABLE KEYS */;
/*!40000 ALTER TABLE `accession` ENABLE KEYS */;
UNLOCK TABLES;

--
-- Table structure for table `accession_i18n`
--

DROP TABLE IF EXISTS `accession_i18n`;
/*!40101 SET @saved_cs_client     = @@character_set_client */;
/*!50503 SET character_set_client = utf8mb4 */;
CREATE TABLE `accession_i18n` (
  `appraisal` text,
  `archival_history` text,
  `location_information` text,
  `physical_characteristics` text,
  `processing_notes` text,
  `received_extent_units` text,
  `scope_and_content` text,
  `source_of_acquisition` text,
  `title` varchar(255) DEFAULT NULL,
  `id` int NOT NULL,
  `culture` varchar(16) NOT NULL,
  PRIMARY KEY (`id`,`culture`),
  CONSTRAINT `accession_i18n_FK_1` FOREIGN KEY (`id`) REFERENCES `accession` (`id`) ON DELETE CASCADE
) ENGINE=InnoDB DEFAULT CHARSET=utf8mb4 COLLATE=utf8mb4_0900_ai_ci;
/*!40101 SET character_set_client = @saved_cs_client */;

--
-- Dumping data for table `accession_i18n`
--

LOCK TABLES `accession_i18n` WRITE;
/*!40000 ALTER TABLE `accession_i18n` DISABLE KEYS */;
/*!40000 ALTER TABLE `accession_i18n` ENABLE KEYS */;
UNLOCK TABLES;

--
-- Table structure for table `acl_group`
--

DROP TABLE IF EXISTS `acl_group`;
/*!40101 SET @saved_cs_client     = @@character_set_client */;
/*!50503 SET character_set_client = utf8mb4 */;
CREATE TABLE `acl_group` (
  `id` int NOT NULL AUTO_INCREMENT,
  `parent_id` int DEFAULT NULL,
  `created_at` datetime NOT NULL,
  `updated_at` datetime NOT NULL,
  `source_culture` varchar(16) NOT NULL,
  `serial_number` int NOT NULL DEFAULT '0',
  PRIMARY KEY (`id`),
  KEY `acl_group_FI_1` (`parent_id`),
  CONSTRAINT `acl_group_FK_1` FOREIGN KEY (`parent_id`) REFERENCES `acl_group` (`id`) ON DELETE CASCADE
) ENGINE=InnoDB AUTO_INCREMENT=104 DEFAULT CHARSET=utf8mb4 COLLATE=utf8mb4_0900_ai_ci;
/*!40101 SET character_set_client = @saved_cs_client */;

--
-- Dumping data for table `acl_group`
--

LOCK TABLES `acl_group` WRITE;
/*!40000 ALTER TABLE `acl_group` DISABLE KEYS */;
INSERT INTO `acl_group` VALUES (1,NULL,'2022-09-28 13:04:55','2022-09-28 13:04:55','en',0),(98,1,'2022-09-28 13:04:55','2022-09-28 13:04:55','en',0),(99,1,'2022-09-28 13:04:55','2022-09-28 13:04:55','en',0),(100,99,'2022-09-28 13:04:55','2022-09-28 13:04:55','en',0),(101,99,'2022-09-28 13:04:55','2022-09-28 13:04:55','en',0),(102,99,'2022-09-28 13:04:55','2022-09-28 13:04:55','en',0),(103,99,'2022-09-28 13:04:55','2022-09-28 13:04:55','en',0);
/*!40000 ALTER TABLE `acl_group` ENABLE KEYS */;
UNLOCK TABLES;

--
-- Table structure for table `acl_group_i18n`
--

DROP TABLE IF EXISTS `acl_group_i18n`;
/*!40101 SET @saved_cs_client     = @@character_set_client */;
/*!50503 SET character_set_client = utf8mb4 */;
CREATE TABLE `acl_group_i18n` (
  `name` varchar(255) DEFAULT NULL,
  `description` text,
  `id` int NOT NULL,
  `culture` varchar(16) NOT NULL,
  PRIMARY KEY (`id`,`culture`),
  CONSTRAINT `acl_group_i18n_FK_1` FOREIGN KEY (`id`) REFERENCES `acl_group` (`id`) ON DELETE CASCADE
) ENGINE=InnoDB DEFAULT CHARSET=utf8mb4 COLLATE=utf8mb4_0900_ai_ci;
/*!40101 SET character_set_client = @saved_cs_client */;

--
-- Dumping data for table `acl_group_i18n`
--

LOCK TABLES `acl_group_i18n` WRITE;
/*!40000 ALTER TABLE `acl_group_i18n` DISABLE KEYS */;
INSERT INTO `acl_group_i18n` VALUES (NULL,NULL,1,'en'),('annim',NULL,98,'ca'),('annim',NULL,98,'ca@valencia'),('anhysbys',NULL,98,'cy'),('anonym',NULL,98,'de'),('anonym',NULL,98,'de-CH'),('',NULL,98,'el'),('anonymous',NULL,98,'en'),('annimo',NULL,98,'es'),('anonimoa',NULL,98,'eu'),('anonyme',NULL,98,'fr'),('annimo',NULL,98,'gl'),('anonimno',NULL,98,'hr'),('anonim',NULL,98,'hu'),('anonim',NULL,98,'id'),('nafnlaus',NULL,98,'is'),('anonimo',NULL,98,'it'),('',NULL,98,'ja'),('',NULL,98,'ka'),('',NULL,98,'ko'),('anonimowy',NULL,98,'pl'),('annimo',NULL,98,'pt'),('annimo',NULL,98,'pt_BR'),('annimo',NULL,98,'pt-BR'),('anonimno',NULL,98,'sl'),('',NULL,98,'sr'),('anonym',NULL,98,'sv'),('',NULL,98,'th'),('anonim',NULL,98,'uz'),('V danh',NULL,98,'vi'),('',NULL,98,'zh'),('autenticat',NULL,99,'ca'),('autenticat',NULL,99,'ca@valencia'),('dilysedig',NULL,99,'cy'),('authentifiziert',NULL,99,'de'),('authentifiziert',NULL,99,'de-CH'),('',NULL,99,'el'),('authenticated',NULL,99,'en'),('autenticado',NULL,99,'es'),('autentifikatua',NULL,99,'eu'),('authentifi',NULL,99,'fr'),('autentificado',NULL,99,'gl'),('autentificirano',NULL,99,'hr'),('bejelentkezett',NULL,99,'hu'),('diotentikasi',NULL,99,'id'),('stafest',NULL,99,'is'),('autenticato',NULL,99,'it'),('',NULL,99,'ja'),('',NULL,99,'ka'),(' ',NULL,99,'ko'),('zweryfikowany',NULL,99,'pl'),('autenticado',NULL,99,'pt'),('autenticado',NULL,99,'pt_BR'),('autenticado',NULL,99,'pt-BR'),('overjeno',NULL,99,'sl'),('',NULL,99,'sr'),('autenciterad',NULL,99,'sv'),('ro`yxatdan o`tgan',NULL,99,'uz'),('Chng thc',NULL,99,'vi'),('',NULL,99,'zh'),('administrador',NULL,100,'ca'),('administrador',NULL,100,'ca@valencia'),('gweinyddwr',NULL,100,'cy'),('Administrator',NULL,100,'de'),('Administrator',NULL,100,'de-CH'),('',NULL,100,'el'),('administrator',NULL,100,'en'),('administrador',NULL,100,'es'),('administratzailea',NULL,100,'eu'),('administrateur',NULL,100,'fr'),('administrador',NULL,100,'gl'),('administrator',NULL,100,'hr'),('adminisztrtor',NULL,100,'hu'),('administrator',NULL,100,'id'),('stjrnandi',NULL,100,'is'),('Amministratore',NULL,100,'it'),('',NULL,100,'ja'),('',NULL,100,'ka'),('',NULL,100,'ko'),('administrator',NULL,100,'pl'),('administrador',NULL,100,'pt'),('administrador',NULL,100,'pt_BR'),('administrador',NULL,100,'pt-BR'),('',NULL,100,'ru'),('skrbnik',NULL,100,'sl'),('',NULL,100,'sr'),('administratr',NULL,100,'sv'),('administrator',NULL,100,'uz'),('Qun tr',NULL,100,'vi'),('',NULL,100,'zh'),('editor',NULL,101,'ca'),('editor',NULL,101,'ca@valencia'),('golygydd',NULL,101,'cy'),('Herausgeber',NULL,101,'de'),('Herausgeber',NULL,101,'de-CH'),('',NULL,101,'el'),('editor',NULL,101,'en'),('editor',NULL,101,'es'),('editorea',NULL,101,'eu'),('auteur de la modification',NULL,101,'fr'),('editor',NULL,101,'gl'),('urednik',NULL,101,'hr'),('szerkeszt',NULL,101,'hu'),('editor',NULL,101,'id'),('ritstjri',NULL,101,'is'),('editore',NULL,101,'it'),('',NULL,101,'ja'),('',NULL,101,'ka'),('',NULL,101,'ko'),('edytor',NULL,101,'pl'),('editor',NULL,101,'pt'),('editor',NULL,101,'pt_BR'),('editor',NULL,101,'pt-BR'),('urednik',NULL,101,'sl'),('',NULL,101,'sr'),('redaktr',NULL,101,'sv'),('tahrirchi',NULL,101,'uz'),('Ngi sa cha tac phm',NULL,101,'vi'),('',NULL,101,'zh'),('collaborador',NULL,102,'ca'),('contribudor',NULL,102,'ca@valencia'),('cyfrannwr',NULL,102,'cy'),('Beitragender',NULL,102,'de'),('Beitragender',NULL,102,'de-CH'),('contributor',NULL,102,'en'),('contribuidor',NULL,102,'es'),('kolaboratzailea',NULL,102,'eu'),('contributeur',NULL,102,'fr'),('contribunte',NULL,102,'gl'),('doprinositelj',NULL,102,'hr'),('munkatrs',NULL,102,'hu'),('Kontributor',NULL,102,'id'),('framlagsveitandi',NULL,102,'is'),('soggetto che ha fornito un contributo',NULL,102,'it'),('',NULL,102,'ja'),(', ,  ',NULL,102,'ka'),('',NULL,102,'ko'),('kontrybutor',NULL,102,'pl'),('colaborador',NULL,102,'pt'),('colaborador',NULL,102,'pt_BR'),('colaborador',NULL,102,'pt-BR'),('sodelavec',NULL,102,'sl'),('',NULL,102,'sr'),('Anvndare med redigeringsbehrighet',NULL,102,'sv'),('hammuallif',NULL,102,'uz'),('Ngi chiu phn',NULL,102,'vi'),('',NULL,102,'zh'),('traductor',NULL,103,'ca'),('traductor',NULL,103,'ca@valencia'),('cyfieithydd',NULL,103,'cy'),('bersetzer',NULL,103,'de'),('bersetzer',NULL,103,'de-CH'),('',NULL,103,'el'),('translator',NULL,103,'en'),('traductor',NULL,103,'es'),('itzultzailea',NULL,103,'eu'),('traducteur',NULL,103,'fr'),('traductor',NULL,103,'gl'),('prevodilac',NULL,103,'hr'),('fordt',NULL,103,'hu'),('penterjemah',NULL,103,'id'),('andi',NULL,103,'is'),('traduttore',NULL,103,'it'),('',NULL,103,'ja'),('',NULL,103,'ka'),('',NULL,103,'ko'),('tumacz',NULL,103,'pl'),('tradutor',NULL,103,'pt'),('tradutor',NULL,103,'pt_BR'),('tradutor',NULL,103,'pt-BR'),('',NULL,103,'ru'),('prevajalec',NULL,103,'sl'),('',NULL,103,'sr'),('versttare',NULL,103,'sv'),('three dimensional ',NULL,103,'th'),('tarjimon',NULL,103,'uz'),('Ngi phin dch',NULL,103,'vi'),('',NULL,103,'zh');
/*!40000 ALTER TABLE `acl_group_i18n` ENABLE KEYS */;
UNLOCK TABLES;

--
-- Table structure for table `acl_permission`
--

DROP TABLE IF EXISTS `acl_permission`;
/*!40101 SET @saved_cs_client     = @@character_set_client */;
/*!50503 SET character_set_client = utf8mb4 */;
CREATE TABLE `acl_permission` (
  `id` int NOT NULL AUTO_INCREMENT,
  `user_id` int DEFAULT NULL,
  `group_id` int DEFAULT NULL,
  `object_id` int DEFAULT NULL,
  `action` varchar(255) DEFAULT NULL,
  `grant_deny` int NOT NULL DEFAULT '0',
  `conditional` text,
  `constants` text,
  `created_at` datetime NOT NULL,
  `updated_at` datetime NOT NULL,
  `serial_number` int NOT NULL DEFAULT '0',
  PRIMARY KEY (`id`),
  KEY `acl_permission_FI_1` (`user_id`),
  KEY `acl_permission_FI_2` (`group_id`),
  KEY `acl_permission_FI_3` (`object_id`),
  CONSTRAINT `acl_permission_FK_1` FOREIGN KEY (`user_id`) REFERENCES `user` (`id`) ON DELETE CASCADE,
  CONSTRAINT `acl_permission_FK_2` FOREIGN KEY (`group_id`) REFERENCES `acl_group` (`id`) ON DELETE CASCADE,
  CONSTRAINT `acl_permission_FK_3` FOREIGN KEY (`object_id`) REFERENCES `object` (`id`) ON DELETE CASCADE
) ENGINE=InnoDB AUTO_INCREMENT=22 DEFAULT CHARSET=utf8mb4 COLLATE=utf8mb4_0900_ai_ci;
/*!40101 SET character_set_client = @saved_cs_client */;

--
-- Dumping data for table `acl_permission`
--

LOCK TABLES `acl_permission` WRITE;
/*!40000 ALTER TABLE `acl_permission` DISABLE KEYS */;
INSERT INTO `acl_permission` VALUES (1,NULL,98,NULL,'read',1,NULL,NULL,'2022-09-28 13:04:55','2022-09-28 13:04:55',0),(2,NULL,98,1,'readReference',1,NULL,NULL,'2022-09-28 13:04:55','2022-09-28 13:04:55',0),(3,NULL,98,1,'readThumbnail',1,NULL,NULL,'2022-09-28 13:04:55','2022-09-28 13:04:55',0),(4,NULL,99,NULL,'read',1,NULL,NULL,'2022-09-28 13:04:55','2022-09-28 13:04:55',0),(5,NULL,99,1,'readReference',1,NULL,NULL,'2022-09-28 13:04:55','2022-09-28 13:04:55',0),(6,NULL,99,1,'readThumbnail',1,NULL,NULL,'2022-09-28 13:04:55','2022-09-28 13:04:55',0),(7,NULL,100,NULL,NULL,1,NULL,NULL,'2022-09-28 13:04:55','2022-09-28 13:04:55',0),(8,NULL,101,NULL,'create',1,NULL,NULL,'2022-09-28 13:04:55','2022-09-28 13:04:55',0),(9,NULL,101,NULL,'update',1,NULL,NULL,'2022-09-28 13:04:55','2022-09-28 13:04:55',0),(10,NULL,101,NULL,'delete',1,NULL,NULL,'2022-09-28 13:04:55','2022-09-28 13:04:55',0),(11,NULL,101,1,'viewDraft',1,NULL,NULL,'2022-09-28 13:04:55','2022-09-28 13:04:55',0),(12,NULL,101,1,'publish',1,NULL,NULL,'2022-09-28 13:04:55','2022-09-28 13:04:55',0),(13,NULL,101,1,'readMaster',1,NULL,NULL,'2022-09-28 13:04:55','2022-09-28 13:04:55',0),(14,NULL,102,1,'create',1,NULL,NULL,'2022-09-28 13:04:55','2022-09-28 13:04:55',0),(15,NULL,102,3,'create',1,NULL,NULL,'2022-09-28 13:04:55','2022-09-28 13:04:55',0),(16,NULL,102,1,'update',1,NULL,NULL,'2022-09-28 13:04:55','2022-09-28 13:04:55',0),(17,NULL,102,3,'update',1,NULL,NULL,'2022-09-28 13:04:55','2022-09-28 13:04:55',0),(18,NULL,102,1,'viewDraft',1,NULL,NULL,'2022-09-28 13:04:55','2022-09-28 13:04:55',0),(19,NULL,102,1,'readMaster',1,NULL,NULL,'2022-09-28 13:04:55','2022-09-28 13:04:55',0),(20,NULL,103,NULL,'translate',1,NULL,NULL,'2022-09-28 13:04:55','2022-09-28 13:04:55',0),(21,914,NULL,NULL,'translate',1,'in_array(%p[language], %k[languages])','a:1:{s:9:\"languages\";a:1:{i:0;s:2:\"en\";}}','2023-01-16 08:57:48','2023-01-16 08:57:48',0);
/*!40000 ALTER TABLE `acl_permission` ENABLE KEYS */;
UNLOCK TABLES;

--
-- Table structure for table `acl_user_group`
--

DROP TABLE IF EXISTS `acl_user_group`;
/*!40101 SET @saved_cs_client     = @@character_set_client */;
/*!50503 SET character_set_client = utf8mb4 */;
CREATE TABLE `acl_user_group` (
  `id` int NOT NULL AUTO_INCREMENT,
  `user_id` int NOT NULL,
  `group_id` int NOT NULL,
  `serial_number` int NOT NULL DEFAULT '0',
  PRIMARY KEY (`id`),
  KEY `acl_user_group_FI_1` (`user_id`),
  KEY `acl_user_group_FI_2` (`group_id`),
  CONSTRAINT `acl_user_group_FK_1` FOREIGN KEY (`user_id`) REFERENCES `user` (`id`) ON DELETE CASCADE,
  CONSTRAINT `acl_user_group_FK_2` FOREIGN KEY (`group_id`) REFERENCES `acl_group` (`id`) ON DELETE CASCADE
) ENGINE=InnoDB AUTO_INCREMENT=4 DEFAULT CHARSET=utf8mb4 COLLATE=utf8mb4_0900_ai_ci;
/*!40101 SET character_set_client = @saved_cs_client */;

--
-- Dumping data for table `acl_user_group`
--

LOCK TABLES `acl_user_group` WRITE;
/*!40000 ALTER TABLE `acl_user_group` DISABLE KEYS */;
INSERT INTO `acl_user_group` VALUES (1,443,100,0),(2,914,100,0),(3,1055,100,0);
/*!40000 ALTER TABLE `acl_user_group` ENABLE KEYS */;
UNLOCK TABLES;

--
-- Table structure for table `actor`
--

DROP TABLE IF EXISTS `actor`;
/*!40101 SET @saved_cs_client     = @@character_set_client */;
/*!50503 SET character_set_client = utf8mb4 */;
CREATE TABLE `actor` (
  `id` int NOT NULL,
  `corporate_body_identifiers` varchar(1024) DEFAULT NULL,
  `entity_type_id` int DEFAULT NULL,
  `description_status_id` int DEFAULT NULL,
  `description_detail_id` int DEFAULT NULL,
  `description_identifier` varchar(1024) DEFAULT NULL,
  `source_standard` varchar(1024) DEFAULT NULL,
  `parent_id` int DEFAULT NULL,
  `source_culture` varchar(16) NOT NULL,
  PRIMARY KEY (`id`),
  KEY `actor_FI_2` (`entity_type_id`),
  KEY `actor_FI_3` (`description_status_id`),
  KEY `actor_FI_4` (`description_detail_id`),
  KEY `actor_FI_5` (`parent_id`),
  CONSTRAINT `actor_FK_1` FOREIGN KEY (`id`) REFERENCES `object` (`id`) ON DELETE CASCADE,
  CONSTRAINT `actor_FK_2` FOREIGN KEY (`entity_type_id`) REFERENCES `term` (`id`) ON DELETE SET NULL,
  CONSTRAINT `actor_FK_3` FOREIGN KEY (`description_status_id`) REFERENCES `term` (`id`) ON DELETE SET NULL,
  CONSTRAINT `actor_FK_4` FOREIGN KEY (`description_detail_id`) REFERENCES `term` (`id`) ON DELETE SET NULL,
  CONSTRAINT `actor_FK_5` FOREIGN KEY (`parent_id`) REFERENCES `actor` (`id`) ON DELETE CASCADE
) ENGINE=InnoDB DEFAULT CHARSET=utf8mb4 COLLATE=utf8mb4_0900_ai_ci;
/*!40101 SET character_set_client = @saved_cs_client */;

--
-- Dumping data for table `actor`
--

LOCK TABLES `actor` WRITE;
/*!40000 ALTER TABLE `actor` DISABLE KEYS */;
INSERT INTO `actor` VALUES (3,NULL,NULL,NULL,NULL,NULL,NULL,NULL,'en'),(6,NULL,NULL,NULL,NULL,NULL,NULL,NULL,'en'),(443,NULL,NULL,NULL,NULL,NULL,NULL,NULL,'en'),(504,NULL,NULL,NULL,NULL,NULL,NULL,3,'en'),(517,NULL,NULL,NULL,NULL,NULL,NULL,6,'pt_BR'),(518,NULL,NULL,NULL,NULL,NULL,NULL,3,'pt_BR'),(531,NULL,NULL,NULL,NULL,NULL,NULL,3,'pt_BR'),(914,NULL,NULL,NULL,NULL,NULL,NULL,NULL,'en'),(1028,NULL,132,227,229,'DT',NULL,3,'pt_BR'),(1045,NULL,131,NULL,NULL,NULL,NULL,3,'pt_BR'),(1055,NULL,NULL,NULL,NULL,NULL,NULL,NULL,'en');
/*!40000 ALTER TABLE `actor` ENABLE KEYS */;
UNLOCK TABLES;

--
-- Table structure for table `actor_i18n`
--

DROP TABLE IF EXISTS `actor_i18n`;
/*!40101 SET @saved_cs_client     = @@character_set_client */;
/*!50503 SET character_set_client = utf8mb4 */;
CREATE TABLE `actor_i18n` (
  `authorized_form_of_name` varchar(1024) DEFAULT NULL,
  `dates_of_existence` varchar(1024) DEFAULT NULL,
  `history` text,
  `places` text,
  `legal_status` text,
  `functions` text,
  `mandates` text,
  `internal_structures` text,
  `general_context` text,
  `institution_responsible_identifier` varchar(1024) DEFAULT NULL,
  `rules` text,
  `sources` text,
  `revision_history` text,
  `id` int NOT NULL,
  `culture` varchar(16) NOT NULL,
  PRIMARY KEY (`id`,`culture`),
  CONSTRAINT `actor_i18n_FK_1` FOREIGN KEY (`id`) REFERENCES `actor` (`id`) ON DELETE CASCADE
) ENGINE=InnoDB DEFAULT CHARSET=utf8mb4 COLLATE=utf8mb4_0900_ai_ci;
/*!40101 SET character_set_client = @saved_cs_client */;

--
-- Dumping data for table `actor_i18n`
--

LOCK TABLES `actor_i18n` WRITE;
/*!40000 ALTER TABLE `actor_i18n` DISABLE KEYS */;
INSERT INTO `actor_i18n` VALUES (NULL,NULL,NULL,NULL,NULL,NULL,NULL,NULL,NULL,NULL,NULL,NULL,NULL,3,'en'),(NULL,NULL,NULL,NULL,NULL,NULL,NULL,NULL,NULL,NULL,NULL,NULL,NULL,6,'en'),(NULL,NULL,NULL,NULL,NULL,NULL,NULL,NULL,NULL,NULL,NULL,NULL,NULL,443,'en'),('Assembleia Geral',NULL,NULL,NULL,NULL,NULL,NULL,NULL,NULL,NULL,NULL,NULL,NULL,504,'en'),('Universidade AVMB',NULL,NULL,NULL,NULL,NULL,NULL,NULL,NULL,NULL,NULL,NULL,NULL,517,'pt_BR'),('Universidade AVMB',NULL,NULL,NULL,NULL,NULL,NULL,NULL,NULL,NULL,NULL,NULL,NULL,518,'pt_BR'),('Gabinete do Reitor',NULL,NULL,NULL,NULL,NULL,NULL,NULL,NULL,NULL,NULL,NULL,NULL,531,'pt_BR'),(NULL,NULL,NULL,NULL,NULL,NULL,NULL,NULL,NULL,NULL,NULL,NULL,NULL,914,'en'),('Daenerys Targaryen','284 d.C - 305 d.C','Daenerys Targaryen  uma personagem fictcia da srie de fantasia pica A Song of Ice and Fire, do escritor norte-americano George R. R. Martin. Ela tambm  uma das personagens principais da adaptao televisiva Game of Thrones, onde  interpretada pela atriz britnica Emilia Clarke.',NULL,NULL,NULL,NULL,NULL,NULL,NULL,NULL,NULL,NULL,1028,'pt_BR'),('Casa Targaryen',NULL,NULL,NULL,NULL,NULL,NULL,NULL,NULL,NULL,NULL,NULL,NULL,1045,'pt_BR'),(NULL,NULL,NULL,NULL,NULL,NULL,NULL,NULL,NULL,NULL,NULL,NULL,NULL,1055,'en');
/*!40000 ALTER TABLE `actor_i18n` ENABLE KEYS */;
UNLOCK TABLES;

--
-- Table structure for table `aip`
--

DROP TABLE IF EXISTS `aip`;
/*!40101 SET @saved_cs_client     = @@character_set_client */;
/*!50503 SET character_set_client = utf8mb4 */;
CREATE TABLE `aip` (
  `id` int NOT NULL,
  `type_id` int DEFAULT NULL,
  `uuid` varchar(36) DEFAULT NULL,
  `filename` varchar(1024) DEFAULT NULL,
  `size_on_disk` bigint DEFAULT NULL,
  `digital_object_count` int DEFAULT NULL,
  `created_at` datetime DEFAULT NULL,
  `part_of` int DEFAULT NULL,
  PRIMARY KEY (`id`),
  KEY `aip_FI_2` (`type_id`),
  KEY `aip_FI_3` (`part_of`),
  CONSTRAINT `aip_FK_1` FOREIGN KEY (`id`) REFERENCES `object` (`id`) ON DELETE CASCADE,
  CONSTRAINT `aip_FK_2` FOREIGN KEY (`type_id`) REFERENCES `term` (`id`) ON DELETE SET NULL,
  CONSTRAINT `aip_FK_3` FOREIGN KEY (`part_of`) REFERENCES `object` (`id`) ON DELETE SET NULL
) ENGINE=InnoDB DEFAULT CHARSET=utf8mb4 COLLATE=utf8mb4_0900_ai_ci;
/*!40101 SET character_set_client = @saved_cs_client */;

--
-- Dumping data for table `aip`
--

LOCK TABLES `aip` WRITE;
/*!40000 ALTER TABLE `aip` DISABLE KEYS */;
INSERT INTO `aip` VALUES (448,NULL,'fbf37791-5a53-4a21-afb3-570996324fda','teste02',36970665,1,'2022-09-28 20:47:36',NULL),(456,NULL,'35bb8c03-b1db-4db3-9da8-5d91ef5f9d24','teste03',971310,2,'2022-09-28 20:56:47',NULL),(474,NULL,'59639e6e-07ed-40bc-b549-ebc3679c6f28','teste04',971335,2,'2022-09-28 21:00:28',NULL),(492,NULL,'01a704b9-2295-470f-ad72-f9b659eea159','teste05',971338,2,'2022-09-28 21:05:10',444),(605,NULL,'a70fbaae-58e2-4109-924f-c4b97fcb2b94','teste_divino',2483282,2,'2022-09-30 11:53:47',602),(628,NULL,'edc809a4-5fca-417f-9290-4867b8f59b37','teste_03',2486593,2,'2022-09-30 12:00:55',586),(650,NULL,'7e7062d2-c500-40fd-8afc-4370d17e01f6','isadoradocumentos',2483367,2,'2022-09-30 12:09:49',602),(672,NULL,'89892b5e-b748-40c1-9280-aba488a8ed8d','isadoradoc',2483248,2,'2022-10-03 17:50:50',602),(694,NULL,'b5c1127f-7966-41dd-b5df-b32e21ec4860','isadoradocumentos',2483377,2,'2022-10-04 18:15:06',602),(716,NULL,'2a226bee-c6bb-4fe2-ba6d-3cb28bb1a7c4','isadoradocumentos',2483377,2,'2022-10-06 19:29:37',602),(738,NULL,'ca840483-22c0-4eb7-9072-282afc6cc08d','isadoradocumentos',2483378,2,'2022-10-11 13:17:09',602),(761,NULL,'305fc9b4-443b-40c9-ae53-58cc4470b8fd','isadoradocumentos',2483377,2,'2022-11-03 18:21:06',602),(783,NULL,'a78d973a-b498-485a-b198-954e880818fc','isadoradocumentos',2483379,2,'2022-11-16 12:41:04',602),(805,NULL,'80ef3db1-032a-44ec-8088-e2eb013a69c5','isadoradocumentos',2483378,2,'2022-11-17 17:44:59',602),(827,NULL,'5b67cde2-467c-4268-8a52-d7a089f202a4','isadoradocs3',372848,2,'2023-01-11 18:58:45',602),(849,NULL,'83deb6e5-19e0-42c2-8494-8fbd02250a8b','teste-divino',2483282,2,'2023-01-12 00:42:45',602),(871,NULL,'985766f1-aed6-4d40-8dde-d850aa14862c','testeisadora',2483281,2,'2023-01-12 17:45:16',602),(893,NULL,'7b8b54da-2bb6-45b1-acff-fc11c405ed71','isadoradocumentos',2483366,2,'2023-01-12 18:17:33',602),(916,NULL,'12129fe9-e017-452b-bf4a-4b22c4f39611','teste',2483161,2,'2023-02-07 18:19:42',602),(961,NULL,'9e5c3ecd-8001-4593-89df-7a5f535cf59a','testeisad',2483231,2,'2023-03-07 14:11:11',602),(1003,NULL,'f3737027-ab81-4bb4-83a0-7e74118b823a','isadoradocumentos',2483376,2,'2023-03-07 17:54:46',602),(1058,NULL,'2573b7d0-1e8d-4b0b-8770-e92ab7409e63','isadoradocumentos',968145,2,'2023-07-31 22:45:14',444),(1080,NULL,'3f302541-391b-4067-9da4-cafe605767a4','avmbteste',968009,2,'2023-07-31 23:04:17',444),(1102,NULL,'1c8660b6-1805-4b16-a161-c4fa979eb726','avmbteste',968009,2,'2023-07-31 23:23:54',444),(1128,NULL,'80bb9bd7-b7a1-4d62-b756-333e8db5ef11','ordempagamento-01',8539274,1,'2023-10-11 20:05:22',1125),(1142,NULL,'c32ceaee-2bb0-4292-b3b8-b8b1597eb14d','ordempagamento-01',8539317,1,'2023-10-16 10:09:53',1125),(1154,NULL,'f9336958-96b3-4670-9c41-c4098daca9b1','teste01',83680993,5,'2023-10-16 18:31:57',444),(1200,NULL,'a36216c7-9e9b-4798-9208-67afe94426fa','testeisadora',2486672,2,'2023-10-17 17:25:53',602),(1222,NULL,'6d908ee2-8ba1-4977-8243-5f55403d4836','testeisadora01',968094,2,'2023-10-17 17:32:05',586),(1244,NULL,'0d6d173c-ea05-47bb-b5c2-a87a14134e50','testeisa',83681048,5,'2023-10-18 17:48:31',1139),(1290,NULL,'9d9ba739-8b5f-493a-be9f-f57517008428','testeisadora',83677881,5,'2023-10-18 18:12:53',1139),(1336,NULL,'c239be82-fff8-490e-8c50-86ce8e89f231','testeisadora2',2486689,2,'2023-11-22 13:18:16',602),(1358,NULL,'60893bc4-0f7f-4b19-83b9-0dd8a523a7a1','testeisadora3',2486690,2,'2023-12-21 11:59:53',602),(1380,NULL,'86bc5900-2983-41bd-b53e-ec6274bcc9ab','unimar',2486579,2,'2023-12-21 13:37:53',602),(1402,NULL,'87cd4347-a939-48c4-bd2d-4d291cbe7dec','fortec',2486580,2,'2024-01-04 13:28:36',602);
/*!40000 ALTER TABLE `aip` ENABLE KEYS */;
UNLOCK TABLES;

--
-- Table structure for table `audit_log`
--

DROP TABLE IF EXISTS `audit_log`;
/*!40101 SET @saved_cs_client     = @@character_set_client */;
/*!50503 SET character_set_client = utf8mb4 */;
CREATE TABLE `audit_log` (
  `id` int NOT NULL AUTO_INCREMENT,
  `object_id` int NOT NULL,
  `user_id` int DEFAULT NULL,
  `user_name` varchar(255) DEFAULT NULL,
  `action_type_id` int DEFAULT NULL,
  `created_at` datetime DEFAULT NULL,
  PRIMARY KEY (`id`),
  KEY `audit_log_FI_1` (`object_id`),
  KEY `audit_log_FI_2` (`user_id`),
  KEY `audit_log_FI_3` (`action_type_id`),
  CONSTRAINT `audit_log_FK_1` FOREIGN KEY (`object_id`) REFERENCES `object` (`id`) ON DELETE CASCADE,
  CONSTRAINT `audit_log_FK_2` FOREIGN KEY (`user_id`) REFERENCES `user` (`id`) ON DELETE SET NULL,
  CONSTRAINT `audit_log_FK_3` FOREIGN KEY (`action_type_id`) REFERENCES `term` (`id`) ON DELETE SET NULL
) ENGINE=InnoDB DEFAULT CHARSET=utf8mb4 COLLATE=utf8mb4_0900_ai_ci;
/*!40101 SET character_set_client = @saved_cs_client */;

--
-- Dumping data for table `audit_log`
--

LOCK TABLES `audit_log` WRITE;
/*!40000 ALTER TABLE `audit_log` DISABLE KEYS */;
/*!40000 ALTER TABLE `audit_log` ENABLE KEYS */;
UNLOCK TABLES;

--
-- Table structure for table `clipboard_save`
--

DROP TABLE IF EXISTS `clipboard_save`;
/*!40101 SET @saved_cs_client     = @@character_set_client */;
/*!50503 SET character_set_client = utf8mb4 */;
CREATE TABLE `clipboard_save` (
  `id` int NOT NULL AUTO_INCREMENT,
  `user_id` int DEFAULT NULL,
  `password` varchar(255) DEFAULT NULL,
  `created_at` datetime DEFAULT NULL,
  PRIMARY KEY (`id`),
  KEY `clipboard_save_FI_1` (`user_id`),
  CONSTRAINT `clipboard_save_FK_1` FOREIGN KEY (`user_id`) REFERENCES `user` (`id`) ON DELETE SET NULL
) ENGINE=InnoDB DEFAULT CHARSET=utf8mb4 COLLATE=utf8mb4_0900_ai_ci;
/*!40101 SET character_set_client = @saved_cs_client */;

--
-- Dumping data for table `clipboard_save`
--

LOCK TABLES `clipboard_save` WRITE;
/*!40000 ALTER TABLE `clipboard_save` DISABLE KEYS */;
/*!40000 ALTER TABLE `clipboard_save` ENABLE KEYS */;
UNLOCK TABLES;

--
-- Table structure for table `clipboard_save_item`
--

DROP TABLE IF EXISTS `clipboard_save_item`;
/*!40101 SET @saved_cs_client     = @@character_set_client */;
/*!50503 SET character_set_client = utf8mb4 */;
CREATE TABLE `clipboard_save_item` (
  `id` int NOT NULL AUTO_INCREMENT,
  `save_id` int DEFAULT NULL,
  `item_class_name` varchar(255) DEFAULT NULL,
  `slug` varchar(255) DEFAULT NULL,
  PRIMARY KEY (`id`),
  KEY `clipboard_save_item_FI_1` (`save_id`),
  CONSTRAINT `clipboard_save_item_FK_1` FOREIGN KEY (`save_id`) REFERENCES `clipboard_save` (`id`) ON DELETE CASCADE
) ENGINE=InnoDB DEFAULT CHARSET=utf8mb4 COLLATE=utf8mb4_0900_ai_ci;
/*!40101 SET character_set_client = @saved_cs_client */;

--
-- Dumping data for table `clipboard_save_item`
--

LOCK TABLES `clipboard_save_item` WRITE;
/*!40000 ALTER TABLE `clipboard_save_item` DISABLE KEYS */;
/*!40000 ALTER TABLE `clipboard_save_item` ENABLE KEYS */;
UNLOCK TABLES;

--
-- Table structure for table `contact_information`
--

DROP TABLE IF EXISTS `contact_information`;
/*!40101 SET @saved_cs_client     = @@character_set_client */;
/*!50503 SET character_set_client = utf8mb4 */;
CREATE TABLE `contact_information` (
  `actor_id` int NOT NULL,
  `primary_contact` tinyint DEFAULT NULL,
  `contact_person` varchar(1024) DEFAULT NULL,
  `street_address` text,
  `website` varchar(1024) DEFAULT NULL,
  `email` varchar(255) DEFAULT NULL,
  `telephone` varchar(255) DEFAULT NULL,
  `fax` varchar(255) DEFAULT NULL,
  `postal_code` varchar(255) DEFAULT NULL,
  `country_code` varchar(255) DEFAULT NULL,
  `longitude` float DEFAULT NULL,
  `latitude` float DEFAULT NULL,
  `created_at` datetime NOT NULL,
  `updated_at` datetime NOT NULL,
  `source_culture` varchar(16) NOT NULL,
  `id` int NOT NULL AUTO_INCREMENT,
  `serial_number` int NOT NULL DEFAULT '0',
  PRIMARY KEY (`id`),
  KEY `contact_information_FI_1` (`actor_id`),
  CONSTRAINT `contact_information_FK_1` FOREIGN KEY (`actor_id`) REFERENCES `actor` (`id`) ON DELETE CASCADE
) ENGINE=InnoDB DEFAULT CHARSET=utf8mb4 COLLATE=utf8mb4_0900_ai_ci;
/*!40101 SET character_set_client = @saved_cs_client */;

--
-- Dumping data for table `contact_information`
--

LOCK TABLES `contact_information` WRITE;
/*!40000 ALTER TABLE `contact_information` DISABLE KEYS */;
/*!40000 ALTER TABLE `contact_information` ENABLE KEYS */;
UNLOCK TABLES;

--
-- Table structure for table `contact_information_i18n`
--

DROP TABLE IF EXISTS `contact_information_i18n`;
/*!40101 SET @saved_cs_client     = @@character_set_client */;
/*!50503 SET character_set_client = utf8mb4 */;
CREATE TABLE `contact_information_i18n` (
  `contact_type` varchar(1024) DEFAULT NULL,
  `city` varchar(1024) DEFAULT NULL,
  `region` varchar(1024) DEFAULT NULL,
  `note` text,
  `id` int NOT NULL,
  `culture` varchar(16) NOT NULL,
  PRIMARY KEY (`id`,`culture`),
  CONSTRAINT `contact_information_i18n_FK_1` FOREIGN KEY (`id`) REFERENCES `contact_information` (`id`) ON DELETE CASCADE
) ENGINE=InnoDB DEFAULT CHARSET=utf8mb4 COLLATE=utf8mb4_0900_ai_ci;
/*!40101 SET character_set_client = @saved_cs_client */;

--
-- Dumping data for table `contact_information_i18n`
--

LOCK TABLES `contact_information_i18n` WRITE;
/*!40000 ALTER TABLE `contact_information_i18n` DISABLE KEYS */;
/*!40000 ALTER TABLE `contact_information_i18n` ENABLE KEYS */;
UNLOCK TABLES;

--
-- Table structure for table `deaccession`
--

DROP TABLE IF EXISTS `deaccession`;
/*!40101 SET @saved_cs_client     = @@character_set_client */;
/*!50503 SET character_set_client = utf8mb4 */;
CREATE TABLE `deaccession` (
  `id` int NOT NULL,
  `accession_id` int DEFAULT NULL,
  `date` date DEFAULT NULL,
  `identifier` varchar(255) DEFAULT NULL,
  `scope_id` int DEFAULT NULL,
  `created_at` datetime NOT NULL,
  `updated_at` datetime NOT NULL,
  `source_culture` varchar(16) NOT NULL,
  PRIMARY KEY (`id`),
  KEY `deaccession_FI_2` (`accession_id`),
  KEY `deaccession_FI_3` (`scope_id`),
  CONSTRAINT `deaccession_FK_1` FOREIGN KEY (`id`) REFERENCES `object` (`id`) ON DELETE CASCADE,
  CONSTRAINT `deaccession_FK_2` FOREIGN KEY (`accession_id`) REFERENCES `accession` (`id`) ON DELETE CASCADE,
  CONSTRAINT `deaccession_FK_3` FOREIGN KEY (`scope_id`) REFERENCES `term` (`id`) ON DELETE SET NULL
) ENGINE=InnoDB DEFAULT CHARSET=utf8mb4 COLLATE=utf8mb4_0900_ai_ci;
/*!40101 SET character_set_client = @saved_cs_client */;

--
-- Dumping data for table `deaccession`
--

LOCK TABLES `deaccession` WRITE;
/*!40000 ALTER TABLE `deaccession` DISABLE KEYS */;
/*!40000 ALTER TABLE `deaccession` ENABLE KEYS */;
UNLOCK TABLES;

--
-- Table structure for table `deaccession_i18n`
--

DROP TABLE IF EXISTS `deaccession_i18n`;
/*!40101 SET @saved_cs_client     = @@character_set_client */;
/*!50503 SET character_set_client = utf8mb4 */;
CREATE TABLE `deaccession_i18n` (
  `description` text,
  `extent` text,
  `reason` text,
  `id` int NOT NULL,
  `culture` varchar(16) NOT NULL,
  PRIMARY KEY (`id`,`culture`),
  CONSTRAINT `deaccession_i18n_FK_1` FOREIGN KEY (`id`) REFERENCES `deaccession` (`id`) ON DELETE CASCADE
) ENGINE=InnoDB DEFAULT CHARSET=utf8mb4 COLLATE=utf8mb4_0900_ai_ci;
/*!40101 SET character_set_client = @saved_cs_client */;

--
-- Dumping data for table `deaccession_i18n`
--

LOCK TABLES `deaccession_i18n` WRITE;
/*!40000 ALTER TABLE `deaccession_i18n` DISABLE KEYS */;
/*!40000 ALTER TABLE `deaccession_i18n` ENABLE KEYS */;
UNLOCK TABLES;

--
-- Table structure for table `digital_object`
--

DROP TABLE IF EXISTS `digital_object`;
/*!40101 SET @saved_cs_client     = @@character_set_client */;
/*!50503 SET character_set_client = utf8mb4 */;
CREATE TABLE `digital_object` (
  `id` int NOT NULL,
  `object_id` int DEFAULT NULL,
  `usage_id` int DEFAULT NULL,
  `mime_type` varchar(255) DEFAULT NULL,
  `media_type_id` int DEFAULT NULL,
  `name` varchar(1024) NOT NULL,
  `path` varchar(1024) NOT NULL,
  `sequence` int DEFAULT NULL,
  `byte_size` bigint DEFAULT NULL,
  `checksum` varchar(255) DEFAULT NULL,
  `checksum_type` varchar(50) DEFAULT NULL,
  `parent_id` int DEFAULT NULL,
  PRIMARY KEY (`id`),
  KEY `path` (`path`(768)),
  KEY `digital_object_FI_2` (`object_id`),
  KEY `digital_object_FI_3` (`usage_id`),
  KEY `digital_object_FI_4` (`media_type_id`),
  KEY `digital_object_FI_5` (`parent_id`),
  CONSTRAINT `digital_object_FK_1` FOREIGN KEY (`id`) REFERENCES `object` (`id`) ON DELETE CASCADE,
  CONSTRAINT `digital_object_FK_2` FOREIGN KEY (`object_id`) REFERENCES `object` (`id`) ON DELETE CASCADE,
  CONSTRAINT `digital_object_FK_3` FOREIGN KEY (`usage_id`) REFERENCES `term` (`id`) ON DELETE SET NULL,
  CONSTRAINT `digital_object_FK_4` FOREIGN KEY (`media_type_id`) REFERENCES `term` (`id`) ON DELETE SET NULL,
  CONSTRAINT `digital_object_FK_5` FOREIGN KEY (`parent_id`) REFERENCES `digital_object` (`id`) ON DELETE CASCADE
) ENGINE=InnoDB DEFAULT CHARSET=utf8mb4 COLLATE=utf8mb4_0900_ai_ci;
/*!40101 SET character_set_client = @saved_cs_client */;

--
-- Dumping data for table `digital_object`
--

LOCK TABLES `digital_object` WRITE;
/*!40000 ALTER TABLE `digital_object` DISABLE KEYS */;
INSERT INTO `digital_object` VALUES (538,537,140,'application/pdf',137,'Ato_da_Reitoria_1995_0005.PDF','/uploads/r/universidade-avmb/5/0/e/50e21a9b8c6fd19bb878b99067097bc9a78dddaf8a9a047f217483fcb849e12b/',NULL,221774,'50e21a9b8c6fd19bb878b99067097bc9a78dddaf8a9a047f217483fcb849e12b','sha256',NULL),(539,NULL,141,'image/jpeg',136,'Ato_da_Reitoria_1995_0005_141.jpg','/uploads/r/universidade-avmb/5/0/e/50e21a9b8c6fd19bb878b99067097bc9a78dddaf8a9a047f217483fcb849e12b/',NULL,22036,'59892d3ad7ae08e088d5f84a223acabc7718f0d549d83109fe59ce73855b63c0','sha256',538),(540,NULL,142,'image/jpeg',136,'Ato_da_Reitoria_1995_0005_142.jpg','/uploads/r/universidade-avmb/5/0/e/50e21a9b8c6fd19bb878b99067097bc9a78dddaf8a9a047f217483fcb849e12b/',NULL,15562,'fddfc663be4f0631cf1a14746f30bd11d6c9441314f819977311774c6bdafce6','sha256',538),(542,541,140,'application/pdf',137,'Ato_da_Reitoria_1995_0004.PDF','/uploads/r/universidade-avmb/c/7/2/c72a7d63d4e79faac5804f849bb73b868793cb2d084d864f92f3fbe62d23be69/',NULL,226829,'c72a7d63d4e79faac5804f849bb73b868793cb2d084d864f92f3fbe62d23be69','sha256',NULL),(543,NULL,141,'image/jpeg',136,'Ato_da_Reitoria_1995_0004_141.jpg','/uploads/r/universidade-avmb/c/7/2/c72a7d63d4e79faac5804f849bb73b868793cb2d084d864f92f3fbe62d23be69/',NULL,19221,'20de7a5a0175a368f710480aaa4795814481dbe7771377e0e82beffdfea80a7d','sha256',542),(544,NULL,142,'image/jpeg',136,'Ato_da_Reitoria_1995_0004_142.jpg','/uploads/r/universidade-avmb/c/7/2/c72a7d63d4e79faac5804f849bb73b868793cb2d084d864f92f3fbe62d23be69/',NULL,14557,'f615db2d8d2a0560feafdc7528386bb29074689736254092dd0ec0f207771aa9','sha256',542),(546,545,140,'application/pdf',137,'Ato_da_Reitoria_1995_0003.PDF','/uploads/r/universidade-avmb/0/6/b/06b084edaaf8010ba78a6bbfcf34bc186bb25845ae8e4a2e5f8c2b9f537cf88a/',NULL,378547,'06b084edaaf8010ba78a6bbfcf34bc186bb25845ae8e4a2e5f8c2b9f537cf88a','sha256',NULL),(547,NULL,141,'image/jpeg',136,'Ato_da_Reitoria_1995_0003_141.jpg','/uploads/r/universidade-avmb/0/6/b/06b084edaaf8010ba78a6bbfcf34bc186bb25845ae8e4a2e5f8c2b9f537cf88a/',NULL,22429,'7aa05b3ad902d6eb86ead5615d14b8c944332e93de067ea87b17d87ec5511be2','sha256',546),(548,NULL,142,'image/jpeg',136,'Ato_da_Reitoria_1995_0003_142.jpg','/uploads/r/universidade-avmb/0/6/b/06b084edaaf8010ba78a6bbfcf34bc186bb25845ae8e4a2e5f8c2b9f537cf88a/',NULL,15338,'4e1e6221e7efcf42681db95a2d2621a070d0bb7bff062f3158c77f9d4dc0b5dc','sha256',546),(550,549,140,'application/pdf',137,'Ato_da_Reitoria_1995_0002.PDF','/uploads/r/universidade-avmb/e/6/b/e6b8789e321b7751747f1e5d41748943f943f1c404bc061056c1e414823911e9/',NULL,201536,'e6b8789e321b7751747f1e5d41748943f943f1c404bc061056c1e414823911e9','sha256',NULL),(551,NULL,141,'image/jpeg',136,'Ato_da_Reitoria_1995_0002_141.jpg','/uploads/r/universidade-avmb/e/6/b/e6b8789e321b7751747f1e5d41748943f943f1c404bc061056c1e414823911e9/',NULL,16630,'14ff0922923c2aa05e4a7bad9006d33d911b478ffe678d8ce662ea5e9a3209ed','sha256',550),(552,NULL,142,'image/jpeg',136,'Ato_da_Reitoria_1995_0002_142.jpg','/uploads/r/universidade-avmb/e/6/b/e6b8789e321b7751747f1e5d41748943f943f1c404bc061056c1e414823911e9/',NULL,12224,'4047517dc30a88c752a2edc0cc12b496d265de18161039a951cbcbaf47d96f62','sha256',550),(554,553,140,'application/pdf',137,'Ato_da_Reitoria_1995_0001.PDF','/uploads/r/universidade-avmb/e/3/a/e3a644a7601da2c752e1cce9d87d3a31be6a565b89f345eba3c31ee6b1037da8/',NULL,358735,'e3a644a7601da2c752e1cce9d87d3a31be6a565b89f345eba3c31ee6b1037da8','sha256',NULL),(555,NULL,141,'image/jpeg',136,'Ato_da_Reitoria_1995_0001_141.jpg','/uploads/r/universidade-avmb/e/3/a/e3a644a7601da2c752e1cce9d87d3a31be6a565b89f345eba3c31ee6b1037da8/',NULL,23330,'629156be5e2609ecb143b934e0ad7436cdf67b6555bf5a022a46bd883c3628be','sha256',554),(556,NULL,142,'image/jpeg',136,'Ato_da_Reitoria_1995_0001_142.jpg','/uploads/r/universidade-avmb/e/3/a/e3a644a7601da2c752e1cce9d87d3a31be6a565b89f345eba3c31ee6b1037da8/',NULL,16062,'8c872cf3c50490bd6194efbdff8509753730f4f3a044235b5a3d00f21f9fdab5','sha256',554),(948,947,140,'image/jpeg',136,'Comprovante_Residencia_Amanda_Nogueira.jpg','/uploads/r/null/1/e/1/1e16d5b41884ec108cc0667d9f1451a775f9b65b2f2d088068a4a37529a07ff8/',NULL,135058,'1e16d5b41884ec108cc0667d9f1451a775f9b65b2f2d088068a4a37529a07ff8','sha256',NULL),(949,NULL,141,'image/jpeg',136,'Comprovante_Residencia_Amanda_Nogueira_141.jpg','/uploads/r/null/1/e/1/1e16d5b41884ec108cc0667d9f1451a775f9b65b2f2d088068a4a37529a07ff8/',NULL,29842,'1ef02c3ec0dc0bc20d452aab3cd3e73561b7b193f8e662e10a6026fa8f245d6e','sha256',948),(950,NULL,142,'image/jpeg',136,'Comprovante_Residencia_Amanda_Nogueira_142.jpg','/uploads/r/null/1/e/1/1e16d5b41884ec108cc0667d9f1451a775f9b65b2f2d088068a4a37529a07ff8/',NULL,11007,'a28bf2423235be407423335299a5de35ac2d23a94668194a96c94e2d3fb829a1','sha256',948),(952,951,140,'image/jpeg',136,'canva-cinza-com-borda-diploma-do-ensino-m__dio-certificado-kNWEVTJAqs4.jpg','/uploads/r/null/c/e/a/ceaa40325584d5905c2e306ed13b67c854e758a79a1efb2c5ae4fed087833709/',NULL,140144,'ceaa40325584d5905c2e306ed13b67c854e758a79a1efb2c5ae4fed087833709','sha256',NULL),(953,NULL,141,'image/jpeg',136,'canva-cinza-com-borda-diploma-do-ensino-m__dio-certificado-kNWEVTJAqs4_141.jpg','/uploads/r/null/c/e/a/ceaa40325584d5905c2e306ed13b67c854e758a79a1efb2c5ae4fed087833709/',NULL,16959,'37f89428729e416afe65de0e149030444a37df7debb35861716c6f0cdc20e91e','sha256',952),(954,NULL,142,'image/jpeg',136,'canva-cinza-com-borda-diploma-do-ensino-m__dio-certificado-kNWEVTJAqs4_142.jpg','/uploads/r/null/c/e/a/ceaa40325584d5905c2e306ed13b67c854e758a79a1efb2c5ae4fed087833709/',NULL,7093,'e81ddf22f66bbb97013206e0758ce3430090b0ee4e1f7b58b3a10ff312561ede','sha256',952),(957,956,140,'application/pdf',137,'RG_e_CPF_Amanda_Nogueira.pdf','/uploads/r/null/f/9/3/f93b67410f7f0b6b76af652afd2238b41974f44cd759298343af1d6485abc80d/',NULL,641010,'f93b67410f7f0b6b76af652afd2238b41974f44cd759298343af1d6485abc80d','sha256',NULL),(958,NULL,141,'image/jpeg',136,'RG_e_CPF_Amanda_Nogueira_141.jpg','/uploads/r/null/f/9/3/f93b67410f7f0b6b76af652afd2238b41974f44cd759298343af1d6485abc80d/',NULL,33727,'e4e5aa01cdb555b5d8b948ca9e443e2c58ce7ba32fd5b82429115bf72ff8e15e','sha256',957),(959,NULL,142,'image/jpeg',136,'RG_e_CPF_Amanda_Nogueira_142.jpg','/uploads/r/null/f/9/3/f93b67410f7f0b6b76af652afd2238b41974f44cd759298343af1d6485abc80d/',NULL,14862,'b04d8a6aec1e71f9fa86fa19407314843b77e2f8f22b5041175fa22db85952c2','sha256',957),(1034,1028,140,'image/png',136,'Aula_2_-_Autoridade_Exemplo__Pessoa_.png','/uploads/r/null/9/2/e/92e295f2221ca0db2514e5285eaa90c0c25f724536e26481ac4dc40d33ead22a/',NULL,247050,'92e295f2221ca0db2514e5285eaa90c0c25f724536e26481ac4dc40d33ead22a','sha256',NULL),(1035,NULL,141,'image/jpeg',136,'Aula_2_-_Autoridade_Exemplo__Pessoa__141.jpg','/uploads/r/null/9/2/e/92e295f2221ca0db2514e5285eaa90c0c25f724536e26481ac4dc40d33ead22a/',NULL,22940,'e889677bdc3573619ab61cad959b8a0cc34de223e95ecea31633beb0c1443be4','sha256',1034),(1036,NULL,142,'image/jpeg',136,'Aula_2_-_Autoridade_Exemplo__Pessoa__142.jpg','/uploads/r/null/9/2/e/92e295f2221ca0db2514e5285eaa90c0c25f724536e26481ac4dc40d33ead22a/',NULL,18066,'122f9b0e49279a4b3cb91bb2a3c3f37b94ba1be75af1fbb4b33663f852abb5f0','sha256',1034),(1048,1045,140,'image/jpeg',136,'Aula_2_-_Autoridade_Exemplo__Entidade_Coletiva_.jpg','/uploads/r/null/4/5/7/4570366ad11cfe6caa8543dacbdb843249d13b5d78b6fa1bb29dcf741321a424/',NULL,67151,'4570366ad11cfe6caa8543dacbdb843249d13b5d78b6fa1bb29dcf741321a424','sha256',NULL),(1049,NULL,141,'image/jpeg',136,'Aula_2_-_Autoridade_Exemplo__Entidade_Coletiva__141.jpg','/uploads/r/null/4/5/7/4570366ad11cfe6caa8543dacbdb843249d13b5d78b6fa1bb29dcf741321a424/',NULL,25998,'9bcb9c980da4ee0e846d68cf90e0a8ace692741552cb83acb82a0b79b71f5ad7','sha256',1048),(1050,NULL,142,'image/jpeg',136,'Aula_2_-_Autoridade_Exemplo__Entidade_Coletiva__142.jpg','/uploads/r/null/4/5/7/4570366ad11cfe6caa8543dacbdb843249d13b5d78b6fa1bb29dcf741321a424/',NULL,18369,'5aa637b476db8ea4528239c2839c351356b3e2b68775f8987800a37e1695cd44','sha256',1048),(1105,1103,140,'image/jpeg',136,'bfe2b032-9734-4961-8d4b-6ac4a156c588-Princesa_Isabel_foto.jpg','/uploads/r/null/f/1/d/f1d99937a09f555b0d15f156fbaff28220391d654b519720a56205dfbf096837/',NULL,24589,'f1d99937a09f555b0d15f156fbaff28220391d654b519720a56205dfbf096837','sha256',NULL),(1106,NULL,141,'image/jpeg',136,'bfe2b032-9734-4961-8d4b-6ac4a156c588-Princesa_Isabel_foto_141.jpg','/uploads/r/null/f/1/d/f1d99937a09f555b0d15f156fbaff28220391d654b519720a56205dfbf096837/',NULL,28859,'ef34338580b978378874b11175519cdee61b0dcd58d9f9b10dc236e8a44fb54b','sha256',1105),(1107,NULL,142,'image/jpeg',136,'bfe2b032-9734-4961-8d4b-6ac4a156c588-Princesa_Isabel_foto_142.jpg','/uploads/r/null/f/1/d/f1d99937a09f555b0d15f156fbaff28220391d654b519720a56205dfbf096837/',NULL,23990,'efad7fd3494a677aa0ea0ac0ca8910241c87a8c7dab95eabc8f91c46957005a0','sha256',1105),(1108,NULL,141,'image/jpeg',136,'bfe2b032-9734-4961-8d4b-6ac4a156c588-Princesa_Isabel_foto_141.jpg','/uploads/r/null/f/1/d/f1d99937a09f555b0d15f156fbaff28220391d654b519720a56205dfbf096837/',NULL,28859,'ef34338580b978378874b11175519cdee61b0dcd58d9f9b10dc236e8a44fb54b','sha256',1105),(1109,NULL,142,'image/jpeg',136,'bfe2b032-9734-4961-8d4b-6ac4a156c588-Princesa_Isabel_foto_142.jpg','/uploads/r/null/f/1/d/f1d99937a09f555b0d15f156fbaff28220391d654b519720a56205dfbf096837/',NULL,23990,'efad7fd3494a677aa0ea0ac0ca8910241c87a8c7dab95eabc8f91c46957005a0','sha256',1105),(1117,1111,140,'application/pdf',137,'62df3f8d-6f69-4dcc-81fa-d39c66616305-Projeto_de_Lei_da_extincao_da_escravidao_no_Brasil.pdf','/uploads/r/null/e/c/5/ec575c0c84b392046da63dfbd83a2ba8b74dd0da16b2bef2bc5665868c946ebf/',NULL,889391,'ec575c0c84b392046da63dfbd83a2ba8b74dd0da16b2bef2bc5665868c946ebf','sha256',NULL),(1118,NULL,141,'image/jpeg',136,'62df3f8d-6f69-4dcc-81fa-d39c66616305-Projeto_de_Lei_da_extincao_da_escravidao_no_Brasil_141.jpg','/uploads/r/null/e/c/5/ec575c0c84b392046da63dfbd83a2ba8b74dd0da16b2bef2bc5665868c946ebf/',NULL,17859,'d916e586e1f3470d97abe18c46db894af73c649a59fa40222635e2b716732023','sha256',1117),(1119,NULL,142,'image/jpeg',136,'62df3f8d-6f69-4dcc-81fa-d39c66616305-Projeto_de_Lei_da_extincao_da_escravidao_no_Brasil_142.jpg','/uploads/r/null/e/c/5/ec575c0c84b392046da63dfbd83a2ba8b74dd0da16b2bef2bc5665868c946ebf/',NULL,14978,'530bd48bbf1d756b2a1036951542b3ea4fd85c3e8564e267f853377fcc44172f','sha256',1117),(1120,NULL,141,'image/jpeg',136,'62df3f8d-6f69-4dcc-81fa-d39c66616305-Projeto_de_Lei_da_extincao_da_escravidao_no_Brasil_141.jpg','/uploads/r/null/e/c/5/ec575c0c84b392046da63dfbd83a2ba8b74dd0da16b2bef2bc5665868c946ebf/',NULL,17859,'d916e586e1f3470d97abe18c46db894af73c649a59fa40222635e2b716732023','sha256',1117),(1121,NULL,142,'image/jpeg',136,'62df3f8d-6f69-4dcc-81fa-d39c66616305-Projeto_de_Lei_da_extincao_da_escravidao_no_Brasil_142.jpg','/uploads/r/null/e/c/5/ec575c0c84b392046da63dfbd83a2ba8b74dd0da16b2bef2bc5665868c946ebf/',NULL,14978,'530bd48bbf1d756b2a1036951542b3ea4fd85c3e8564e267f853377fcc44172f','sha256',1117),(1146,1143,140,'application/pdf',137,'d18ce342-e7b9-42e0-ba81-c11dbb61f9c6-Ordem_de_pagamento_assinado.pdf','/uploads/r/null/8/9/8/8988ab2ecea0f36742f3436690c474bb5ce124d154110817492348ac99fd17ff/',NULL,4254492,'8988ab2ecea0f36742f3436690c474bb5ce124d154110817492348ac99fd17ff','sha256',NULL),(1147,NULL,141,'image/jpeg',136,'d18ce342-e7b9-42e0-ba81-c11dbb61f9c6-Ordem_de_pagamento_assinado_141.jpg','/uploads/r/null/8/9/8/8988ab2ecea0f36742f3436690c474bb5ce124d154110817492348ac99fd17ff/',NULL,7238,'165fbaa863c8db09d0836569e727b740294b69e7452fe61a99fa1d59382b41d7','sha256',1146),(1148,NULL,142,'image/jpeg',136,'d18ce342-e7b9-42e0-ba81-c11dbb61f9c6-Ordem_de_pagamento_assinado_142.jpg','/uploads/r/null/8/9/8/8988ab2ecea0f36742f3436690c474bb5ce124d154110817492348ac99fd17ff/',NULL,5871,'1112c6ebf36886c0e82c46c6c5c940b0352da224e36e8a8d94da3c65c4d6d91e','sha256',1146),(1149,NULL,141,'image/jpeg',136,'d18ce342-e7b9-42e0-ba81-c11dbb61f9c6-Ordem_de_pagamento_assinado_141.jpg','/uploads/r/null/8/9/8/8988ab2ecea0f36742f3436690c474bb5ce124d154110817492348ac99fd17ff/',NULL,7238,'165fbaa863c8db09d0836569e727b740294b69e7452fe61a99fa1d59382b41d7','sha256',1146),(1150,NULL,142,'image/jpeg',136,'d18ce342-e7b9-42e0-ba81-c11dbb61f9c6-Ordem_de_pagamento_assinado_142.jpg','/uploads/r/null/8/9/8/8988ab2ecea0f36742f3436690c474bb5ce124d154110817492348ac99fd17ff/',NULL,5871,'1112c6ebf36886c0e82c46c6c5c940b0352da224e36e8a8d94da3c65c4d6d91e','sha256',1146),(1157,1155,140,'application/pdf',137,'f19e782d-77c4-4135-a864-04b3e1585ff7-Processo_2010008091_-_Vol_VI.pdf','/uploads/r/null/3/c/3/3c334cd84901a282c7239d2368ea0d18b604bd3c25642a65da35491f4e90765f/',NULL,4227844,'3c334cd84901a282c7239d2368ea0d18b604bd3c25642a65da35491f4e90765f','sha256',NULL),(1158,NULL,141,'image/jpeg',136,'f19e782d-77c4-4135-a864-04b3e1585ff7-Processo_2010008091_-_Vol_VI_141.jpg','/uploads/r/null/3/c/3/3c334cd84901a282c7239d2368ea0d18b604bd3c25642a65da35491f4e90765f/',NULL,3324,'7e78b959ce4f251c85c56dfe257c4353665eac0bad7ed621d93a7c90b9b1b27b','sha256',1157),(1159,NULL,142,'image/jpeg',136,'f19e782d-77c4-4135-a864-04b3e1585ff7-Processo_2010008091_-_Vol_VI_142.jpg','/uploads/r/null/3/c/3/3c334cd84901a282c7239d2368ea0d18b604bd3c25642a65da35491f4e90765f/',NULL,3222,'1829fc52820ce439e212e0e4cd9a43025d3032032f09a27b3062fd42813a727a','sha256',1157),(1160,NULL,141,'image/jpeg',136,'f19e782d-77c4-4135-a864-04b3e1585ff7-Processo_2010008091_-_Vol_VI_141.jpg','/uploads/r/null/3/c/3/3c334cd84901a282c7239d2368ea0d18b604bd3c25642a65da35491f4e90765f/',NULL,3324,'7e78b959ce4f251c85c56dfe257c4353665eac0bad7ed621d93a7c90b9b1b27b','sha256',1157),(1161,NULL,142,'image/jpeg',136,'f19e782d-77c4-4135-a864-04b3e1585ff7-Processo_2010008091_-_Vol_VI_142.jpg','/uploads/r/null/3/c/3/3c334cd84901a282c7239d2368ea0d18b604bd3c25642a65da35491f4e90765f/',NULL,3222,'1829fc52820ce439e212e0e4cd9a43025d3032032f09a27b3062fd42813a727a','sha256',1157),(1166,1163,140,'application/pdf',137,'f12b4d41-3198-406e-8e6c-544c78aa338a-Processo_2010008091_-_Vol_VI_assinado.pdf','/uploads/r/null/a/9/9/a990f465fb0c67ac5ff5e2f743a9b81dce7389d5d5596bc8cc41b2b39660d464/',NULL,4247958,'a990f465fb0c67ac5ff5e2f743a9b81dce7389d5d5596bc8cc41b2b39660d464','sha256',NULL),(1167,NULL,141,'image/jpeg',136,'f12b4d41-3198-406e-8e6c-544c78aa338a-Processo_2010008091_-_Vol_VI_assinado_141.jpg','/uploads/r/null/a/9/9/a990f465fb0c67ac5ff5e2f743a9b81dce7389d5d5596bc8cc41b2b39660d464/',NULL,6584,'a99b04c35253c722a4501683720412da5db05e50adc5db68383ff68465f39548','sha256',1166),(1168,NULL,142,'image/jpeg',136,'f12b4d41-3198-406e-8e6c-544c78aa338a-Processo_2010008091_-_Vol_VI_assinado_142.jpg','/uploads/r/null/a/9/9/a990f465fb0c67ac5ff5e2f743a9b81dce7389d5d5596bc8cc41b2b39660d464/',NULL,5866,'46181c5324a24e48fd285351d116ce9ae38c32df8b1dc026cdde85174e3c124c','sha256',1166),(1169,NULL,141,'image/jpeg',136,'f12b4d41-3198-406e-8e6c-544c78aa338a-Processo_2010008091_-_Vol_VI_assinado_141.jpg','/uploads/r/null/a/9/9/a990f465fb0c67ac5ff5e2f743a9b81dce7389d5d5596bc8cc41b2b39660d464/',NULL,6584,'a99b04c35253c722a4501683720412da5db05e50adc5db68383ff68465f39548','sha256',1166),(1170,NULL,142,'image/jpeg',136,'f12b4d41-3198-406e-8e6c-544c78aa338a-Processo_2010008091_-_Vol_VI_assinado_142.jpg','/uploads/r/null/a/9/9/a990f465fb0c67ac5ff5e2f743a9b81dce7389d5d5596bc8cc41b2b39660d464/',NULL,5866,'46181c5324a24e48fd285351d116ce9ae38c32df8b1dc026cdde85174e3c124c','sha256',1166),(1175,1172,140,'application/pdf',137,'be22351b-fcfd-4109-8346-f55e8786947b-Processo_2010008091_-_Vol_VI_ocred.pdf','/uploads/r/null/5/9/a/59a2be38541fbce4d7a66a10b3b8f37ad9f0d7d43ebdbd800d76aa26ec6c26c7/',NULL,4568888,'59a2be38541fbce4d7a66a10b3b8f37ad9f0d7d43ebdbd800d76aa26ec6c26c7','sha256',NULL),(1176,NULL,141,'image/jpeg',136,'be22351b-fcfd-4109-8346-f55e8786947b-Processo_2010008091_-_Vol_VI_ocred_141.jpg','/uploads/r/null/5/9/a/59a2be38541fbce4d7a66a10b3b8f37ad9f0d7d43ebdbd800d76aa26ec6c26c7/',NULL,3324,'7e78b959ce4f251c85c56dfe257c4353665eac0bad7ed621d93a7c90b9b1b27b','sha256',1175),(1177,NULL,142,'image/jpeg',136,'be22351b-fcfd-4109-8346-f55e8786947b-Processo_2010008091_-_Vol_VI_ocred_142.jpg','/uploads/r/null/5/9/a/59a2be38541fbce4d7a66a10b3b8f37ad9f0d7d43ebdbd800d76aa26ec6c26c7/',NULL,3222,'1829fc52820ce439e212e0e4cd9a43025d3032032f09a27b3062fd42813a727a','sha256',1175),(1178,NULL,141,'image/jpeg',136,'be22351b-fcfd-4109-8346-f55e8786947b-Processo_2010008091_-_Vol_VI_ocred_141.jpg','/uploads/r/null/5/9/a/59a2be38541fbce4d7a66a10b3b8f37ad9f0d7d43ebdbd800d76aa26ec6c26c7/',NULL,3324,'7e78b959ce4f251c85c56dfe257c4353665eac0bad7ed621d93a7c90b9b1b27b','sha256',1175),(1179,NULL,142,'image/jpeg',136,'be22351b-fcfd-4109-8346-f55e8786947b-Processo_2010008091_-_Vol_VI_ocred_142.jpg','/uploads/r/null/5/9/a/59a2be38541fbce4d7a66a10b3b8f37ad9f0d7d43ebdbd800d76aa26ec6c26c7/',NULL,3222,'1829fc52820ce439e212e0e4cd9a43025d3032032f09a27b3062fd42813a727a','sha256',1175),(1184,1181,140,'application/pdf',137,'3fb45772-2ff4-40a1-87a2-fa47080308fb-Processo_2010008091_-_Vol_VI_ocred_assinado.pdf','/uploads/r/null/e/f/4/ef4dee3cf488c244542f09f82425904fe9107fd67cf057cd5a54373afc4f685e/',NULL,4584228,'ef4dee3cf488c244542f09f82425904fe9107fd67cf057cd5a54373afc4f685e','sha256',NULL),(1185,NULL,141,'image/jpeg',136,'3fb45772-2ff4-40a1-87a2-fa47080308fb-Processo_2010008091_-_Vol_VI_ocred_assinado_141.jpg','/uploads/r/null/e/f/4/ef4dee3cf488c244542f09f82425904fe9107fd67cf057cd5a54373afc4f685e/',NULL,6584,'0eb16900425aa8e9ac6be1db2ef64cd2c75e0391bf14850048b0dd59f231332c','sha256',1184),(1186,NULL,142,'image/jpeg',136,'3fb45772-2ff4-40a1-87a2-fa47080308fb-Processo_2010008091_-_Vol_VI_ocred_assinado_142.jpg','/uploads/r/null/e/f/4/ef4dee3cf488c244542f09f82425904fe9107fd67cf057cd5a54373afc4f685e/',NULL,5866,'9feedd0700bbfd73dc832d0de8e2975943cdfe645c600eec3a202127ba3be085','sha256',1184),(1187,NULL,141,'image/jpeg',136,'3fb45772-2ff4-40a1-87a2-fa47080308fb-Processo_2010008091_-_Vol_VI_ocred_assinado_141.jpg','/uploads/r/null/e/f/4/ef4dee3cf488c244542f09f82425904fe9107fd67cf057cd5a54373afc4f685e/',NULL,6584,'0eb16900425aa8e9ac6be1db2ef64cd2c75e0391bf14850048b0dd59f231332c','sha256',1184),(1188,NULL,142,'image/jpeg',136,'3fb45772-2ff4-40a1-87a2-fa47080308fb-Processo_2010008091_-_Vol_VI_ocred_assinado_142.jpg','/uploads/r/null/e/f/4/ef4dee3cf488c244542f09f82425904fe9107fd67cf057cd5a54373afc4f685e/',NULL,5866,'9feedd0700bbfd73dc832d0de8e2975943cdfe645c600eec3a202127ba3be085','sha256',1184),(1193,1190,140,'application/pdf',137,'a4dc4164-aba8-474a-8385-090dfb25da42-Processo_2010228091_-__Vol_V_ocred.pdf','/uploads/r/null/d/b/a/dbab90518a6935f5877c8297527d11b48b0e67c7a9d4505b0a3c0873bf92f9e5/',NULL,21357701,'dbab90518a6935f5877c8297527d11b48b0e67c7a9d4505b0a3c0873bf92f9e5','sha256',NULL),(1194,NULL,141,'image/jpeg',136,'a4dc4164-aba8-474a-8385-090dfb25da42-Processo_2010228091_-__Vol_V_ocred_141.jpg','/uploads/r/null/d/b/a/dbab90518a6935f5877c8297527d11b48b0e67c7a9d4505b0a3c0873bf92f9e5/',NULL,3309,'9ba52bf19c6ac7a532d9d781ea3b62b25e7f92e46647d1200378e5134da21a29','sha256',1193),(1195,NULL,142,'image/jpeg',136,'a4dc4164-aba8-474a-8385-090dfb25da42-Processo_2010228091_-__Vol_V_ocred_142.jpg','/uploads/r/null/d/b/a/dbab90518a6935f5877c8297527d11b48b0e67c7a9d4505b0a3c0873bf92f9e5/',NULL,3222,'156e590ffc90edfda297cf81671f1070313f200dc2f6651219af3004fcd5fbfe','sha256',1193),(1196,NULL,141,'image/jpeg',136,'a4dc4164-aba8-474a-8385-090dfb25da42-Processo_2010228091_-__Vol_V_ocred_141.jpg','/uploads/r/null/d/b/a/dbab90518a6935f5877c8297527d11b48b0e67c7a9d4505b0a3c0873bf92f9e5/',NULL,3309,'9ba52bf19c6ac7a532d9d781ea3b62b25e7f92e46647d1200378e5134da21a29','sha256',1193),(1197,NULL,142,'image/jpeg',136,'a4dc4164-aba8-474a-8385-090dfb25da42-Processo_2010228091_-__Vol_V_ocred_142.jpg','/uploads/r/null/d/b/a/dbab90518a6935f5877c8297527d11b48b0e67c7a9d4505b0a3c0873bf92f9e5/',NULL,3222,'156e590ffc90edfda297cf81671f1070313f200dc2f6651219af3004fcd5fbfe','sha256',1193),(1225,1223,140,'image/jpeg',136,'ae52caed-0bc9-4752-b70f-ffba831273f2-Princesa_Isabel_foto.jpg','/uploads/r/universidade-avmb/f/1/d/f1d99937a09f555b0d15f156fbaff28220391d654b519720a56205dfbf096837/',NULL,24589,'f1d99937a09f555b0d15f156fbaff28220391d654b519720a56205dfbf096837','sha256',NULL),(1226,NULL,141,'image/jpeg',136,'ae52caed-0bc9-4752-b70f-ffba831273f2-Princesa_Isabel_foto_141.jpg','/uploads/r/universidade-avmb/f/1/d/f1d99937a09f555b0d15f156fbaff28220391d654b519720a56205dfbf096837/',NULL,28859,'ef34338580b978378874b11175519cdee61b0dcd58d9f9b10dc236e8a44fb54b','sha256',1225),(1227,NULL,142,'image/jpeg',136,'ae52caed-0bc9-4752-b70f-ffba831273f2-Princesa_Isabel_foto_142.jpg','/uploads/r/universidade-avmb/f/1/d/f1d99937a09f555b0d15f156fbaff28220391d654b519720a56205dfbf096837/',NULL,23990,'efad7fd3494a677aa0ea0ac0ca8910241c87a8c7dab95eabc8f91c46957005a0','sha256',1225),(1228,NULL,141,'image/jpeg',136,'ae52caed-0bc9-4752-b70f-ffba831273f2-Princesa_Isabel_foto_141.jpg','/uploads/r/universidade-avmb/f/1/d/f1d99937a09f555b0d15f156fbaff28220391d654b519720a56205dfbf096837/',NULL,28859,'ef34338580b978378874b11175519cdee61b0dcd58d9f9b10dc236e8a44fb54b','sha256',1225),(1229,NULL,142,'image/jpeg',136,'ae52caed-0bc9-4752-b70f-ffba831273f2-Princesa_Isabel_foto_142.jpg','/uploads/r/universidade-avmb/f/1/d/f1d99937a09f555b0d15f156fbaff28220391d654b519720a56205dfbf096837/',NULL,23990,'efad7fd3494a677aa0ea0ac0ca8910241c87a8c7dab95eabc8f91c46957005a0','sha256',1225),(1237,1231,140,'application/pdf',137,'8141404b-cde2-4af0-9f28-c69dcc03d66d-Projeto_de_Lei_da_extincao_da_escravidao_no_Brasil.pdf','/uploads/r/universidade-avmb/e/c/5/ec575c0c84b392046da63dfbd83a2ba8b74dd0da16b2bef2bc5665868c946ebf/',NULL,889391,'ec575c0c84b392046da63dfbd83a2ba8b74dd0da16b2bef2bc5665868c946ebf','sha256',NULL),(1238,NULL,141,'image/jpeg',136,'8141404b-cde2-4af0-9f28-c69dcc03d66d-Projeto_de_Lei_da_extincao_da_escravidao_no_Brasil_141.jpg','/uploads/r/universidade-avmb/e/c/5/ec575c0c84b392046da63dfbd83a2ba8b74dd0da16b2bef2bc5665868c946ebf/',NULL,17859,'d916e586e1f3470d97abe18c46db894af73c649a59fa40222635e2b716732023','sha256',1237),(1239,NULL,142,'image/jpeg',136,'8141404b-cde2-4af0-9f28-c69dcc03d66d-Projeto_de_Lei_da_extincao_da_escravidao_no_Brasil_142.jpg','/uploads/r/universidade-avmb/e/c/5/ec575c0c84b392046da63dfbd83a2ba8b74dd0da16b2bef2bc5665868c946ebf/',NULL,14978,'530bd48bbf1d756b2a1036951542b3ea4fd85c3e8564e267f853377fcc44172f','sha256',1237),(1240,NULL,141,'image/jpeg',136,'8141404b-cde2-4af0-9f28-c69dcc03d66d-Projeto_de_Lei_da_extincao_da_escravidao_no_Brasil_141.jpg','/uploads/r/universidade-avmb/e/c/5/ec575c0c84b392046da63dfbd83a2ba8b74dd0da16b2bef2bc5665868c946ebf/',NULL,17859,'d916e586e1f3470d97abe18c46db894af73c649a59fa40222635e2b716732023','sha256',1237),(1241,NULL,142,'image/jpeg',136,'8141404b-cde2-4af0-9f28-c69dcc03d66d-Projeto_de_Lei_da_extincao_da_escravidao_no_Brasil_142.jpg','/uploads/r/universidade-avmb/e/c/5/ec575c0c84b392046da63dfbd83a2ba8b74dd0da16b2bef2bc5665868c946ebf/',NULL,14978,'530bd48bbf1d756b2a1036951542b3ea4fd85c3e8564e267f853377fcc44172f','sha256',1237),(1293,1291,140,'application/pdf',137,'57d40aef-ea37-4f83-b601-e706c3387a7b-Processo_2010008091_-_Vol_VI.pdf','/uploads/r/null/3/c/3/3c334cd84901a282c7239d2368ea0d18b604bd3c25642a65da35491f4e90765f/',NULL,4227844,'3c334cd84901a282c7239d2368ea0d18b604bd3c25642a65da35491f4e90765f','sha256',NULL),(1294,NULL,141,'image/jpeg',136,'57d40aef-ea37-4f83-b601-e706c3387a7b-Processo_2010008091_-_Vol_VI_141.jpg','/uploads/r/null/3/c/3/3c334cd84901a282c7239d2368ea0d18b604bd3c25642a65da35491f4e90765f/',NULL,3324,'7e78b959ce4f251c85c56dfe257c4353665eac0bad7ed621d93a7c90b9b1b27b','sha256',1293),(1295,NULL,142,'image/jpeg',136,'57d40aef-ea37-4f83-b601-e706c3387a7b-Processo_2010008091_-_Vol_VI_142.jpg','/uploads/r/null/3/c/3/3c334cd84901a282c7239d2368ea0d18b604bd3c25642a65da35491f4e90765f/',NULL,3222,'1829fc52820ce439e212e0e4cd9a43025d3032032f09a27b3062fd42813a727a','sha256',1293),(1296,NULL,141,'image/jpeg',136,'57d40aef-ea37-4f83-b601-e706c3387a7b-Processo_2010008091_-_Vol_VI_141.jpg','/uploads/r/null/3/c/3/3c334cd84901a282c7239d2368ea0d18b604bd3c25642a65da35491f4e90765f/',NULL,3324,'7e78b959ce4f251c85c56dfe257c4353665eac0bad7ed621d93a7c90b9b1b27b','sha256',1293),(1297,NULL,142,'image/jpeg',136,'57d40aef-ea37-4f83-b601-e706c3387a7b-Processo_2010008091_-_Vol_VI_142.jpg','/uploads/r/null/3/c/3/3c334cd84901a282c7239d2368ea0d18b604bd3c25642a65da35491f4e90765f/',NULL,3222,'1829fc52820ce439e212e0e4cd9a43025d3032032f09a27b3062fd42813a727a','sha256',1293),(1302,1299,140,'application/pdf',137,'35e01300-f1cb-4bd4-9b87-4347af25dff4-Processo_2010008091_-_Vol_VI_assinado.pdf','/uploads/r/null/a/9/9/a990f465fb0c67ac5ff5e2f743a9b81dce7389d5d5596bc8cc41b2b39660d464/',NULL,4247958,'a990f465fb0c67ac5ff5e2f743a9b81dce7389d5d5596bc8cc41b2b39660d464','sha256',NULL),(1303,NULL,141,'image/jpeg',136,'35e01300-f1cb-4bd4-9b87-4347af25dff4-Processo_2010008091_-_Vol_VI_assinado_141.jpg','/uploads/r/null/a/9/9/a990f465fb0c67ac5ff5e2f743a9b81dce7389d5d5596bc8cc41b2b39660d464/',NULL,6584,'a99b04c35253c722a4501683720412da5db05e50adc5db68383ff68465f39548','sha256',1302),(1304,NULL,142,'image/jpeg',136,'35e01300-f1cb-4bd4-9b87-4347af25dff4-Processo_2010008091_-_Vol_VI_assinado_142.jpg','/uploads/r/null/a/9/9/a990f465fb0c67ac5ff5e2f743a9b81dce7389d5d5596bc8cc41b2b39660d464/',NULL,5866,'46181c5324a24e48fd285351d116ce9ae38c32df8b1dc026cdde85174e3c124c','sha256',1302),(1305,NULL,141,'image/jpeg',136,'35e01300-f1cb-4bd4-9b87-4347af25dff4-Processo_2010008091_-_Vol_VI_assinado_141.jpg','/uploads/r/null/a/9/9/a990f465fb0c67ac5ff5e2f743a9b81dce7389d5d5596bc8cc41b2b39660d464/',NULL,6584,'a99b04c35253c722a4501683720412da5db05e50adc5db68383ff68465f39548','sha256',1302),(1306,NULL,142,'image/jpeg',136,'35e01300-f1cb-4bd4-9b87-4347af25dff4-Processo_2010008091_-_Vol_VI_assinado_142.jpg','/uploads/r/null/a/9/9/a990f465fb0c67ac5ff5e2f743a9b81dce7389d5d5596bc8cc41b2b39660d464/',NULL,5866,'46181c5324a24e48fd285351d116ce9ae38c32df8b1dc026cdde85174e3c124c','sha256',1302),(1311,1308,140,'application/pdf',137,'62e92ac6-db51-424c-a6c0-b542a4b10baf-Processo_2010008091_-_Vol_VI_ocred.pdf','/uploads/r/null/5/9/a/59a2be38541fbce4d7a66a10b3b8f37ad9f0d7d43ebdbd800d76aa26ec6c26c7/',NULL,4568888,'59a2be38541fbce4d7a66a10b3b8f37ad9f0d7d43ebdbd800d76aa26ec6c26c7','sha256',NULL),(1312,NULL,141,'image/jpeg',136,'62e92ac6-db51-424c-a6c0-b542a4b10baf-Processo_2010008091_-_Vol_VI_ocred_141.jpg','/uploads/r/null/5/9/a/59a2be38541fbce4d7a66a10b3b8f37ad9f0d7d43ebdbd800d76aa26ec6c26c7/',NULL,3324,'7e78b959ce4f251c85c56dfe257c4353665eac0bad7ed621d93a7c90b9b1b27b','sha256',1311),(1313,NULL,142,'image/jpeg',136,'62e92ac6-db51-424c-a6c0-b542a4b10baf-Processo_2010008091_-_Vol_VI_ocred_142.jpg','/uploads/r/null/5/9/a/59a2be38541fbce4d7a66a10b3b8f37ad9f0d7d43ebdbd800d76aa26ec6c26c7/',NULL,3222,'1829fc52820ce439e212e0e4cd9a43025d3032032f09a27b3062fd42813a727a','sha256',1311),(1314,NULL,141,'image/jpeg',136,'62e92ac6-db51-424c-a6c0-b542a4b10baf-Processo_2010008091_-_Vol_VI_ocred_141.jpg','/uploads/r/null/5/9/a/59a2be38541fbce4d7a66a10b3b8f37ad9f0d7d43ebdbd800d76aa26ec6c26c7/',NULL,3324,'7e78b959ce4f251c85c56dfe257c4353665eac0bad7ed621d93a7c90b9b1b27b','sha256',1311),(1315,NULL,142,'image/jpeg',136,'62e92ac6-db51-424c-a6c0-b542a4b10baf-Processo_2010008091_-_Vol_VI_ocred_142.jpg','/uploads/r/null/5/9/a/59a2be38541fbce4d7a66a10b3b8f37ad9f0d7d43ebdbd800d76aa26ec6c26c7/',NULL,3222,'1829fc52820ce439e212e0e4cd9a43025d3032032f09a27b3062fd42813a727a','sha256',1311),(1320,1317,140,'application/pdf',137,'c7a3242b-54b1-46e6-b0ac-6ce3a5b57207-Processo_2010008091_-_Vol_VI_ocred_assinado.pdf','/uploads/r/null/e/f/4/ef4dee3cf488c244542f09f82425904fe9107fd67cf057cd5a54373afc4f685e/',NULL,4584228,'ef4dee3cf488c244542f09f82425904fe9107fd67cf057cd5a54373afc4f685e','sha256',NULL),(1321,NULL,141,'image/jpeg',136,'c7a3242b-54b1-46e6-b0ac-6ce3a5b57207-Processo_2010008091_-_Vol_VI_ocred_assinado_141.jpg','/uploads/r/null/e/f/4/ef4dee3cf488c244542f09f82425904fe9107fd67cf057cd5a54373afc4f685e/',NULL,6584,'0eb16900425aa8e9ac6be1db2ef64cd2c75e0391bf14850048b0dd59f231332c','sha256',1320),(1322,NULL,142,'image/jpeg',136,'c7a3242b-54b1-46e6-b0ac-6ce3a5b57207-Processo_2010008091_-_Vol_VI_ocred_assinado_142.jpg','/uploads/r/null/e/f/4/ef4dee3cf488c244542f09f82425904fe9107fd67cf057cd5a54373afc4f685e/',NULL,5866,'9feedd0700bbfd73dc832d0de8e2975943cdfe645c600eec3a202127ba3be085','sha256',1320),(1323,NULL,141,'image/jpeg',136,'c7a3242b-54b1-46e6-b0ac-6ce3a5b57207-Processo_2010008091_-_Vol_VI_ocred_assinado_141.jpg','/uploads/r/null/e/f/4/ef4dee3cf488c244542f09f82425904fe9107fd67cf057cd5a54373afc4f685e/',NULL,6584,'0eb16900425aa8e9ac6be1db2ef64cd2c75e0391bf14850048b0dd59f231332c','sha256',1320),(1324,NULL,142,'image/jpeg',136,'c7a3242b-54b1-46e6-b0ac-6ce3a5b57207-Processo_2010008091_-_Vol_VI_ocred_assinado_142.jpg','/uploads/r/null/e/f/4/ef4dee3cf488c244542f09f82425904fe9107fd67cf057cd5a54373afc4f685e/',NULL,5866,'9feedd0700bbfd73dc832d0de8e2975943cdfe645c600eec3a202127ba3be085','sha256',1320),(1329,1326,140,'application/pdf',137,'376bb4c2-0b26-4c26-a476-f3016fdc892f-Processo_2010228091_-__Vol_V_ocred.pdf','/uploads/r/null/d/b/a/dbab90518a6935f5877c8297527d11b48b0e67c7a9d4505b0a3c0873bf92f9e5/',NULL,21357701,'dbab90518a6935f5877c8297527d11b48b0e67c7a9d4505b0a3c0873bf92f9e5','sha256',NULL),(1330,NULL,141,'image/jpeg',136,'376bb4c2-0b26-4c26-a476-f3016fdc892f-Processo_2010228091_-__Vol_V_ocred_141.jpg','/uploads/r/null/d/b/a/dbab90518a6935f5877c8297527d11b48b0e67c7a9d4505b0a3c0873bf92f9e5/',NULL,3309,'9ba52bf19c6ac7a532d9d781ea3b62b25e7f92e46647d1200378e5134da21a29','sha256',1329),(1331,NULL,142,'image/jpeg',136,'376bb4c2-0b26-4c26-a476-f3016fdc892f-Processo_2010228091_-__Vol_V_ocred_142.jpg','/uploads/r/null/d/b/a/dbab90518a6935f5877c8297527d11b48b0e67c7a9d4505b0a3c0873bf92f9e5/',NULL,3222,'156e590ffc90edfda297cf81671f1070313f200dc2f6651219af3004fcd5fbfe','sha256',1329),(1332,NULL,141,'image/jpeg',136,'376bb4c2-0b26-4c26-a476-f3016fdc892f-Processo_2010228091_-__Vol_V_ocred_141.jpg','/uploads/r/null/d/b/a/dbab90518a6935f5877c8297527d11b48b0e67c7a9d4505b0a3c0873bf92f9e5/',NULL,3309,'9ba52bf19c6ac7a532d9d781ea3b62b25e7f92e46647d1200378e5134da21a29','sha256',1329),(1333,NULL,142,'image/jpeg',136,'376bb4c2-0b26-4c26-a476-f3016fdc892f-Processo_2010228091_-__Vol_V_ocred_142.jpg','/uploads/r/null/d/b/a/dbab90518a6935f5877c8297527d11b48b0e67c7a9d4505b0a3c0873bf92f9e5/',NULL,3222,'156e590ffc90edfda297cf81671f1070313f200dc2f6651219af3004fcd5fbfe','sha256',1329),(1407,1403,140,'image/jpeg',136,'0537f632-7191-48db-a76f-6f30ff7db0df-Diploma_Isadora.jpg','/uploads/r/universidade-avmb/4/f/2/4f2cde0505a0cc15a395a91d7656cff63ff2959c2721f5e0af2c0d0912bc1485/',NULL,46077,'4f2cde0505a0cc15a395a91d7656cff63ff2959c2721f5e0af2c0d0912bc1485','sha256',NULL),(1408,NULL,141,'image/jpeg',136,'0537f632-7191-48db-a76f-6f30ff7db0df-Diploma_Isadora_141.jpg','/uploads/r/universidade-avmb/4/f/2/4f2cde0505a0cc15a395a91d7656cff63ff2959c2721f5e0af2c0d0912bc1485/',NULL,20697,'741cb657ea148da2c5d58e3ef48459f030a8a706c76db9bba2a07a208d26766f','sha256',1407),(1409,NULL,142,'image/jpeg',136,'0537f632-7191-48db-a76f-6f30ff7db0df-Diploma_Isadora_142.jpg','/uploads/r/universidade-avmb/4/f/2/4f2cde0505a0cc15a395a91d7656cff63ff2959c2721f5e0af2c0d0912bc1485/',NULL,7879,'9bad6a9bb52040fe78fdf04fc6290b141f4356f9b51a5e77e8d29cbe1d268b05','sha256',1407),(1410,NULL,141,'image/jpeg',136,'0537f632-7191-48db-a76f-6f30ff7db0df-Diploma_Isadora_141.jpg','/uploads/r/universidade-avmb/4/f/2/4f2cde0505a0cc15a395a91d7656cff63ff2959c2721f5e0af2c0d0912bc1485/',NULL,20697,'741cb657ea148da2c5d58e3ef48459f030a8a706c76db9bba2a07a208d26766f','sha256',1407),(1411,NULL,142,'image/jpeg',136,'0537f632-7191-48db-a76f-6f30ff7db0df-Diploma_Isadora_142.jpg','/uploads/r/universidade-avmb/4/f/2/4f2cde0505a0cc15a395a91d7656cff63ff2959c2721f5e0af2c0d0912bc1485/',NULL,7879,'9bad6a9bb52040fe78fdf04fc6290b141f4356f9b51a5e77e8d29cbe1d268b05','sha256',1407),(1417,1413,140,'application/pdf',137,'8854484b-2b65-40fa-a9eb-22403af89f54-Historico_Isadora.pdf','/uploads/r/universidade-avmb/2/1/a/21a313f3ce3ceeb81ca58ef9f1004a5a8c0a9eb57d27162457cb88ecd1cb0e45/',NULL,108206,'21a313f3ce3ceeb81ca58ef9f1004a5a8c0a9eb57d27162457cb88ecd1cb0e45','sha256',NULL),(1418,NULL,141,'image/jpeg',136,'8854484b-2b65-40fa-a9eb-22403af89f54-Historico_Isadora_141.jpg','/uploads/r/universidade-avmb/2/1/a/21a313f3ce3ceeb81ca58ef9f1004a5a8c0a9eb57d27162457cb88ecd1cb0e45/',NULL,24919,'1d49850959459d01e20f435c0acc6740c2ac51b3c0493e1cbf79c653123ba1cc','sha256',1417),(1419,NULL,142,'image/jpeg',136,'8854484b-2b65-40fa-a9eb-22403af89f54-Historico_Isadora_142.jpg','/uploads/r/universidade-avmb/2/1/a/21a313f3ce3ceeb81ca58ef9f1004a5a8c0a9eb57d27162457cb88ecd1cb0e45/',NULL,17485,'3b93b9dad50c7ea03541ebd5c3c914bcd06f4c99f4f09d3d00d133190f58c7f1','sha256',1417),(1420,NULL,141,'image/jpeg',136,'8854484b-2b65-40fa-a9eb-22403af89f54-Historico_Isadora_141.jpg','/uploads/r/universidade-avmb/2/1/a/21a313f3ce3ceeb81ca58ef9f1004a5a8c0a9eb57d27162457cb88ecd1cb0e45/',NULL,24919,'1d49850959459d01e20f435c0acc6740c2ac51b3c0493e1cbf79c653123ba1cc','sha256',1417),(1421,NULL,142,'image/jpeg',136,'8854484b-2b65-40fa-a9eb-22403af89f54-Historico_Isadora_142.jpg','/uploads/r/universidade-avmb/2/1/a/21a313f3ce3ceeb81ca58ef9f1004a5a8c0a9eb57d27162457cb88ecd1cb0e45/',NULL,17485,'3b93b9dad50c7ea03541ebd5c3c914bcd06f4c99f4f09d3d00d133190f58c7f1','sha256',1417);
/*!40000 ALTER TABLE `digital_object` ENABLE KEYS */;
UNLOCK TABLES;

--
-- Table structure for table `donor`
--

DROP TABLE IF EXISTS `donor`;
/*!40101 SET @saved_cs_client     = @@character_set_client */;
/*!50503 SET character_set_client = utf8mb4 */;
CREATE TABLE `donor` (
  `id` int NOT NULL,
  PRIMARY KEY (`id`),
  CONSTRAINT `donor_FK_1` FOREIGN KEY (`id`) REFERENCES `actor` (`id`) ON DELETE CASCADE
) ENGINE=InnoDB DEFAULT CHARSET=utf8mb4 COLLATE=utf8mb4_0900_ai_ci;
/*!40101 SET character_set_client = @saved_cs_client */;

--
-- Dumping data for table `donor`
--

LOCK TABLES `donor` WRITE;
/*!40000 ALTER TABLE `donor` DISABLE KEYS */;
/*!40000 ALTER TABLE `donor` ENABLE KEYS */;
UNLOCK TABLES;

--
-- Table structure for table `event`
--

DROP TABLE IF EXISTS `event`;
/*!40101 SET @saved_cs_client     = @@character_set_client */;
/*!50503 SET character_set_client = utf8mb4 */;
CREATE TABLE `event` (
  `id` int NOT NULL,
  `start_date` date DEFAULT NULL,
  `start_time` time DEFAULT NULL,
  `end_date` date DEFAULT NULL,
  `end_time` time DEFAULT NULL,
  `type_id` int NOT NULL,
  `object_id` int DEFAULT NULL,
  `actor_id` int DEFAULT NULL,
  `source_culture` varchar(16) NOT NULL,
  PRIMARY KEY (`id`),
  KEY `event_FI_2` (`type_id`),
  KEY `event_FI_3` (`object_id`),
  KEY `event_FI_4` (`actor_id`),
  CONSTRAINT `event_FK_1` FOREIGN KEY (`id`) REFERENCES `object` (`id`) ON DELETE CASCADE,
  CONSTRAINT `event_FK_2` FOREIGN KEY (`type_id`) REFERENCES `term` (`id`) ON DELETE CASCADE,
  CONSTRAINT `event_FK_3` FOREIGN KEY (`object_id`) REFERENCES `object` (`id`) ON DELETE CASCADE,
  CONSTRAINT `event_FK_4` FOREIGN KEY (`actor_id`) REFERENCES `actor` (`id`) ON DELETE SET NULL
) ENGINE=InnoDB DEFAULT CHARSET=utf8mb4 COLLATE=utf8mb4_0900_ai_ci;
/*!40101 SET character_set_client = @saved_cs_client */;

--
-- Dumping data for table `event`
--

LOCK TABLES `event` WRITE;
/*!40000 ALTER TABLE `event` DISABLE KEYS */;
INSERT INTO `event` VALUES (520,'1995-00-00',NULL,'2017-00-00',NULL,111,519,NULL,'pt_BR'),(521,NULL,NULL,NULL,NULL,111,519,518,'pt_BR'),(525,NULL,NULL,NULL,NULL,111,522,518,'pt_BR'),(532,NULL,NULL,NULL,NULL,111,527,531,'pt_BR'),(558,'1995-00-00',NULL,'1995-00-00',NULL,111,557,NULL,'pt_BR'),(982,'2022-05-24',NULL,'2022-05-24',NULL,111,947,NULL,'pt_BR'),(983,NULL,NULL,NULL,NULL,111,947,518,'pt_BR'),(984,NULL,NULL,NULL,NULL,111,951,518,'pt_BR'),(985,'2022-02-04',NULL,'2022-02-04',NULL,111,951,NULL,'pt_BR'),(986,'2022-02-04',NULL,'2022-02-04',NULL,111,956,NULL,'pt_BR'),(987,NULL,NULL,NULL,NULL,111,956,518,'pt_BR'),(988,NULL,NULL,NULL,NULL,111,944,518,'pt_BR'),(990,'2022-00-00',NULL,'2022-00-00',NULL,111,937,NULL,'pt_BR'),(992,NULL,NULL,NULL,NULL,111,937,518,'pt_BR'),(995,NULL,NULL,NULL,NULL,111,938,518,'pt_BR'),(997,'2022-00-00',NULL,'2022-00-00',NULL,111,938,NULL,'pt_BR'),(999,'2022-00-00',NULL,'2022-00-00',NULL,111,940,NULL,'pt_BR'),(1000,NULL,NULL,NULL,NULL,111,940,518,'pt_BR'),(1040,NULL,NULL,NULL,NULL,111,586,1028,'pt_BR'),(1116,NULL,NULL,NULL,NULL,111,1111,504,'en'),(1145,NULL,NULL,NULL,NULL,111,1143,NULL,'en'),(1165,NULL,NULL,NULL,NULL,111,1163,NULL,'en'),(1174,NULL,NULL,NULL,NULL,111,1172,NULL,'en'),(1183,NULL,NULL,NULL,NULL,111,1181,NULL,'en'),(1192,NULL,NULL,NULL,NULL,111,1190,NULL,'en'),(1236,NULL,NULL,NULL,NULL,111,1231,504,'en'),(1301,NULL,NULL,NULL,NULL,111,1299,NULL,'en'),(1310,NULL,NULL,NULL,NULL,111,1308,NULL,'en'),(1319,NULL,NULL,NULL,NULL,111,1317,NULL,'en'),(1328,NULL,NULL,NULL,NULL,111,1326,NULL,'en'),(1406,NULL,NULL,NULL,NULL,111,1403,517,'en'),(1416,NULL,NULL,NULL,NULL,111,1413,517,'en');
/*!40000 ALTER TABLE `event` ENABLE KEYS */;
UNLOCK TABLES;

--
-- Table structure for table `event_i18n`
--

DROP TABLE IF EXISTS `event_i18n`;
/*!40101 SET @saved_cs_client     = @@character_set_client */;
/*!50503 SET character_set_client = utf8mb4 */;
CREATE TABLE `event_i18n` (
  `name` varchar(1024) DEFAULT NULL,
  `description` text,
  `date` varchar(1024) DEFAULT NULL,
  `id` int NOT NULL,
  `culture` varchar(16) NOT NULL,
  PRIMARY KEY (`id`,`culture`),
  CONSTRAINT `event_i18n_FK_1` FOREIGN KEY (`id`) REFERENCES `event` (`id`) ON DELETE CASCADE
) ENGINE=InnoDB DEFAULT CHARSET=utf8mb4 COLLATE=utf8mb4_0900_ai_ci;
/*!40101 SET character_set_client = @saved_cs_client */;

--
-- Dumping data for table `event_i18n`
--

LOCK TABLES `event_i18n` WRITE;
/*!40000 ALTER TABLE `event_i18n` DISABLE KEYS */;
INSERT INTO `event_i18n` VALUES (NULL,NULL,'1995-2017',520,'pt_BR'),(NULL,NULL,NULL,521,'pt_BR'),(NULL,NULL,NULL,525,'pt_BR'),(NULL,NULL,NULL,532,'pt_BR'),(NULL,NULL,'1995',558,'pt_BR'),(NULL,NULL,NULL,982,'en'),(NULL,NULL,'2022-05-24',982,'pt_BR'),(NULL,NULL,NULL,983,'en'),(NULL,NULL,NULL,983,'pt_BR'),(NULL,NULL,NULL,984,'en'),(NULL,NULL,NULL,984,'pt_BR'),(NULL,NULL,NULL,985,'en'),(NULL,NULL,'2022-02-4',985,'pt_BR'),(NULL,NULL,NULL,986,'en'),(NULL,NULL,'2022-02-4',986,'pt_BR'),(NULL,NULL,NULL,987,'en'),(NULL,NULL,NULL,987,'pt_BR'),(NULL,NULL,NULL,988,'en'),(NULL,NULL,NULL,988,'pt_BR'),(NULL,NULL,NULL,990,'en'),(NULL,NULL,'2022',990,'pt_BR'),(NULL,NULL,NULL,992,'en'),(NULL,NULL,NULL,992,'pt_BR'),(NULL,NULL,NULL,995,'en'),(NULL,NULL,NULL,995,'pt_BR'),(NULL,NULL,'2022',997,'en'),(NULL,NULL,'2022',997,'pt_BR'),(NULL,NULL,NULL,999,'en'),(NULL,NULL,'2022',999,'pt_BR'),(NULL,NULL,NULL,1000,'en'),(NULL,NULL,NULL,1000,'pt_BR'),(NULL,NULL,NULL,1040,'pt_BR'),(NULL,NULL,'1888-05-13',1116,'en'),(NULL,NULL,'11/10/2023',1145,'en'),(NULL,NULL,'11/10/2023',1145,'pt_BR'),(NULL,NULL,'13/10/2023',1165,'en'),(NULL,NULL,'13/10/2023',1174,'en'),(NULL,NULL,'13/10/2023',1183,'en'),(NULL,NULL,'13/10/2023',1192,'en'),(NULL,NULL,'1888-05-13',1236,'en'),(NULL,NULL,'13/10/2023',1301,'en'),(NULL,NULL,'13/10/2023',1310,'en'),(NULL,NULL,'13/10/2023',1319,'en'),(NULL,NULL,'13/10/2023',1328,'en'),(NULL,NULL,'09-10-2022',1406,'en'),(NULL,NULL,'09-10-2022',1416,'en');
/*!40000 ALTER TABLE `event_i18n` ENABLE KEYS */;
UNLOCK TABLES;

--
-- Table structure for table `function_object`
--

DROP TABLE IF EXISTS `function_object`;
/*!40101 SET @saved_cs_client     = @@character_set_client */;
/*!50503 SET character_set_client = utf8mb4 */;
CREATE TABLE `function_object` (
  `id` int NOT NULL,
  `type_id` int DEFAULT NULL,
  `description_status_id` int DEFAULT NULL,
  `description_detail_id` int DEFAULT NULL,
  `description_identifier` varchar(1024) DEFAULT NULL,
  `source_standard` varchar(1024) DEFAULT NULL,
  `source_culture` varchar(16) NOT NULL,
  PRIMARY KEY (`id`),
  KEY `function_object_FI_2` (`type_id`),
  KEY `function_object_FI_3` (`description_status_id`),
  KEY `function_object_FI_4` (`description_detail_id`),
  CONSTRAINT `function_object_FK_1` FOREIGN KEY (`id`) REFERENCES `object` (`id`) ON DELETE CASCADE,
  CONSTRAINT `function_object_FK_2` FOREIGN KEY (`type_id`) REFERENCES `term` (`id`) ON DELETE SET NULL,
  CONSTRAINT `function_object_FK_3` FOREIGN KEY (`description_status_id`) REFERENCES `term` (`id`) ON DELETE SET NULL,
  CONSTRAINT `function_object_FK_4` FOREIGN KEY (`description_detail_id`) REFERENCES `term` (`id`) ON DELETE SET NULL
) ENGINE=InnoDB DEFAULT CHARSET=utf8mb4 COLLATE=utf8mb4_0900_ai_ci;
/*!40101 SET character_set_client = @saved_cs_client */;

--
-- Dumping data for table `function_object`
--

LOCK TABLES `function_object` WRITE;
/*!40000 ALTER TABLE `function_object` DISABLE KEYS */;
INSERT INTO `function_object` VALUES (1056,318,227,NULL,NULL,NULL,'pt_BR');
/*!40000 ALTER TABLE `function_object` ENABLE KEYS */;
UNLOCK TABLES;

--
-- Table structure for table `function_object_i18n`
--

DROP TABLE IF EXISTS `function_object_i18n`;
/*!40101 SET @saved_cs_client     = @@character_set_client */;
/*!50503 SET character_set_client = utf8mb4 */;
CREATE TABLE `function_object_i18n` (
  `authorized_form_of_name` varchar(1024) DEFAULT NULL,
  `classification` varchar(1024) DEFAULT NULL,
  `dates` varchar(1024) DEFAULT NULL,
  `description` text,
  `history` text,
  `legislation` text,
  `institution_identifier` text,
  `revision_history` text,
  `rules` text,
  `sources` text,
  `id` int NOT NULL,
  `culture` varchar(16) NOT NULL,
  PRIMARY KEY (`id`,`culture`),
  CONSTRAINT `function_object_i18n_FK_1` FOREIGN KEY (`id`) REFERENCES `function_object` (`id`) ON DELETE CASCADE
) ENGINE=InnoDB DEFAULT CHARSET=utf8mb4 COLLATE=utf8mb4_0900_ai_ci;
/*!40101 SET character_set_client = @saved_cs_client */;

--
-- Dumping data for table `function_object_i18n`
--

LOCK TABLES `function_object_i18n` WRITE;
/*!40000 ALTER TABLE `function_object_i18n` DISABLE KEYS */;
INSERT INTO `function_object_i18n` VALUES ('TesteFrancisco',NULL,NULL,NULL,NULL,NULL,NULL,NULL,NULL,NULL,1056,'pt_BR');
/*!40000 ALTER TABLE `function_object_i18n` ENABLE KEYS */;
UNLOCK TABLES;

--
-- Table structure for table `granted_right`
--

DROP TABLE IF EXISTS `granted_right`;
/*!40101 SET @saved_cs_client     = @@character_set_client */;
/*!50503 SET character_set_client = utf8mb4 */;
CREATE TABLE `granted_right` (
  `rights_id` int NOT NULL,
  `act_id` int DEFAULT NULL,
  `restriction` tinyint DEFAULT '1',
  `start_date` date DEFAULT NULL,
  `end_date` date DEFAULT NULL,
  `notes` text,
  `id` int NOT NULL AUTO_INCREMENT,
  `serial_number` int NOT NULL DEFAULT '0',
  PRIMARY KEY (`id`),
  KEY `granted_right_FI_1` (`rights_id`),
  KEY `granted_right_FI_2` (`act_id`),
  CONSTRAINT `granted_right_FK_1` FOREIGN KEY (`rights_id`) REFERENCES `rights` (`id`) ON DELETE CASCADE,
  CONSTRAINT `granted_right_FK_2` FOREIGN KEY (`act_id`) REFERENCES `term` (`id`) ON DELETE SET NULL
) ENGINE=InnoDB DEFAULT CHARSET=utf8mb4 COLLATE=utf8mb4_0900_ai_ci;
/*!40101 SET character_set_client = @saved_cs_client */;

--
-- Dumping data for table `granted_right`
--

LOCK TABLES `granted_right` WRITE;
/*!40000 ALTER TABLE `granted_right` DISABLE KEYS */;
/*!40000 ALTER TABLE `granted_right` ENABLE KEYS */;
UNLOCK TABLES;

--
-- Table structure for table `information_object`
--

DROP TABLE IF EXISTS `information_object`;
/*!40101 SET @saved_cs_client     = @@character_set_client */;
/*!50503 SET character_set_client = utf8mb4 */;
CREATE TABLE `information_object` (
  `id` int NOT NULL,
  `identifier` varchar(1024) DEFAULT NULL,
  `oai_local_identifier` int NOT NULL AUTO_INCREMENT,
  `level_of_description_id` int DEFAULT NULL,
  `collection_type_id` int DEFAULT NULL,
  `repository_id` int DEFAULT NULL,
  `parent_id` int DEFAULT NULL,
  `description_status_id` int DEFAULT NULL,
  `description_detail_id` int DEFAULT NULL,
  `description_identifier` varchar(1024) DEFAULT NULL,
  `source_standard` varchar(1024) DEFAULT NULL,
  `display_standard_id` int DEFAULT NULL,
  `lft` int DEFAULT NULL,
  `rgt` int DEFAULT NULL,
  `source_culture` varchar(16) NOT NULL,
  PRIMARY KEY (`id`),
  UNIQUE KEY `information_object_U_1` (`oai_local_identifier`),
  KEY `lft` (`lft`),
  KEY `rgt` (`rgt`),
  KEY `information_object_FI_2` (`level_of_description_id`),
  KEY `information_object_FI_3` (`collection_type_id`),
  KEY `information_object_FI_4` (`repository_id`),
  KEY `information_object_FI_5` (`parent_id`),
  KEY `information_object_FI_6` (`description_status_id`),
  KEY `information_object_FI_7` (`description_detail_id`),
  KEY `information_object_FI_8` (`display_standard_id`),
  CONSTRAINT `information_object_FK_1` FOREIGN KEY (`id`) REFERENCES `object` (`id`) ON DELETE CASCADE,
  CONSTRAINT `information_object_FK_2` FOREIGN KEY (`level_of_description_id`) REFERENCES `term` (`id`) ON DELETE SET NULL,
  CONSTRAINT `information_object_FK_3` FOREIGN KEY (`collection_type_id`) REFERENCES `term` (`id`) ON DELETE SET NULL,
  CONSTRAINT `information_object_FK_4` FOREIGN KEY (`repository_id`) REFERENCES `repository` (`id`) ON DELETE SET NULL,
  CONSTRAINT `information_object_FK_5` FOREIGN KEY (`parent_id`) REFERENCES `information_object` (`id`) ON DELETE CASCADE,
  CONSTRAINT `information_object_FK_6` FOREIGN KEY (`description_status_id`) REFERENCES `term` (`id`) ON DELETE SET NULL,
  CONSTRAINT `information_object_FK_7` FOREIGN KEY (`description_detail_id`) REFERENCES `term` (`id`) ON DELETE SET NULL,
  CONSTRAINT `information_object_FK_8` FOREIGN KEY (`display_standard_id`) REFERENCES `term` (`id`) ON DELETE SET NULL
) ENGINE=InnoDB AUTO_INCREMENT=127 DEFAULT CHARSET=utf8mb4 COLLATE=utf8mb4_0900_ai_ci;
/*!40101 SET character_set_client = @saved_cs_client */;

--
-- Dumping data for table `information_object`
--

LOCK TABLES `information_object` WRITE;
/*!40000 ALTER TABLE `information_object` DISABLE KEYS */;
INSERT INTO `information_object` VALUES (1,NULL,1,NULL,NULL,NULL,NULL,NULL,NULL,NULL,NULL,NULL,1,98,'en'),(444,'01',2,231,NULL,NULL,1,NULL,NULL,NULL,'ISAD(G) 2nd edition',NULL,2,17,'en'),(519,'BR RSAVMB',11,231,NULL,517,1,NULL,NULL,NULL,'ISAD(G) 2nd edition',NULL,18,39,'pt_BR'),(522,'RSUAVMB REITORIA',12,523,NULL,NULL,519,NULL,NULL,NULL,'ISAD(G) 2nd edition',NULL,19,38,'pt_BR'),(527,'GRE',13,528,NULL,NULL,522,NULL,NULL,NULL,'ISAD(G) 2nd edition',NULL,20,37,'pt_BR'),(533,'ARINS',14,234,NULL,NULL,527,NULL,NULL,NULL,'ISAD(G) 2nd edition',NULL,21,36,'pt_BR'),(534,'Atos',15,529,NULL,NULL,533,NULL,NULL,NULL,'ISAD(G) 2nd edition',NULL,22,35,'pt_BR'),(536,'1995',16,535,NULL,NULL,534,NULL,NULL,NULL,'ISAD(G) 2nd edition',NULL,23,34,'pt_BR'),(537,NULL,17,237,NULL,NULL,536,NULL,NULL,NULL,NULL,NULL,24,25,'pt_BR'),(541,NULL,18,237,NULL,NULL,536,NULL,NULL,NULL,NULL,NULL,26,27,'pt_BR'),(545,NULL,19,237,NULL,NULL,536,NULL,NULL,NULL,NULL,NULL,28,29,'pt_BR'),(549,NULL,20,237,NULL,NULL,536,NULL,NULL,NULL,NULL,NULL,30,31,'pt_BR'),(553,NULL,21,237,NULL,NULL,536,NULL,NULL,NULL,NULL,NULL,32,33,'pt_BR'),(557,'125',22,231,NULL,517,1,NULL,NULL,NULL,'ISAD(G) 2nd edition',NULL,40,59,'pt_BR'),(559,'125.4',23,523,NULL,NULL,557,NULL,NULL,NULL,'ISAD(G) 2nd edition',NULL,41,58,'pt_BR'),(560,'125.42',24,528,NULL,NULL,559,NULL,NULL,NULL,'ISAD(G) 2nd edition',NULL,42,57,'pt_BR'),(561,'125.422',25,234,NULL,NULL,560,NULL,NULL,NULL,'ISAD(G) 2nd edition',NULL,43,56,'pt_BR'),(586,NULL,37,535,NULL,NULL,561,NULL,NULL,NULL,'ISAD(G) 2nd edition',NULL,44,49,'pt_BR'),(602,'02',43,535,NULL,NULL,561,NULL,NULL,NULL,'ISAD(G) 2nd edition',NULL,50,55,'en'),(937,'120',74,231,NULL,NULL,1,NULL,NULL,NULL,'ISAD(G) 2nd edition',NULL,60,75,'pt_BR'),(938,'125',75,523,NULL,NULL,937,NULL,NULL,NULL,'ISAD(G) 2nd edition',NULL,61,74,'pt_BR'),(940,'125.4',76,234,NULL,NULL,938,NULL,NULL,NULL,'ISAD(G) 2nd edition',NULL,62,73,'pt_BR'),(942,'125.43',77,529,NULL,NULL,940,NULL,NULL,NULL,'ISAD(G) 2nd edition',NULL,63,72,'pt_BR'),(944,'01',78,535,NULL,NULL,942,NULL,NULL,NULL,'ISAD(G) 2nd edition',NULL,64,71,'pt_BR'),(947,'CR',79,237,NULL,NULL,944,NULL,NULL,NULL,'ISAD(G) 2nd edition',NULL,65,66,'pt_BR'),(951,'DCEM',80,237,NULL,NULL,944,NULL,NULL,NULL,'ISAD(G) 2nd edition',NULL,67,68,'pt_BR'),(956,'RG',81,237,NULL,NULL,944,226,NULL,NULL,'ISAD(G) 2nd edition',NULL,69,70,'pt_BR'),(1103,NULL,91,237,NULL,NULL,444,NULL,NULL,NULL,NULL,NULL,3,4,'en'),(1111,NULL,92,237,NULL,NULL,444,NULL,NULL,NULL,NULL,NULL,5,6,'en'),(1123,NULL,93,231,NULL,NULL,1,NULL,NULL,NULL,'ISAD(G) 2nd edition',NULL,76,97,'pt_BR'),(1124,'120',94,234,NULL,NULL,1123,NULL,NULL,NULL,'ISAD(G) 2nd edition',NULL,77,82,'pt_BR'),(1125,NULL,95,535,NULL,NULL,1124,NULL,NULL,NULL,'ISAD(G) 2nd edition',NULL,78,81,'pt_BR'),(1138,'429',97,234,NULL,NULL,1123,NULL,NULL,NULL,'ISAD(G) 2nd edition',NULL,83,96,'pt_BR'),(1139,NULL,98,535,NULL,NULL,1138,NULL,NULL,NULL,'ISAD(G) 2nd edition',NULL,84,95,'pt_BR'),(1143,'11036/13',99,237,NULL,NULL,1125,NULL,NULL,NULL,'ISAD(G) 2nd edition',NULL,79,80,'en'),(1155,NULL,100,237,NULL,NULL,444,NULL,NULL,NULL,NULL,NULL,7,8,'en'),(1163,'2010008091',101,237,NULL,NULL,444,NULL,NULL,NULL,NULL,NULL,9,10,'en'),(1172,'2010008091',102,237,NULL,NULL,444,NULL,NULL,NULL,NULL,NULL,11,12,'en'),(1181,'2010008091',103,237,NULL,NULL,444,NULL,NULL,NULL,NULL,NULL,13,14,'en'),(1190,'2010008091',104,237,NULL,NULL,444,NULL,NULL,NULL,NULL,NULL,15,16,'en'),(1223,NULL,107,237,NULL,NULL,586,NULL,NULL,NULL,NULL,NULL,45,46,'en'),(1231,NULL,108,237,NULL,NULL,586,NULL,NULL,NULL,NULL,NULL,47,48,'en'),(1291,NULL,114,237,NULL,NULL,1139,NULL,NULL,NULL,NULL,NULL,85,86,'en'),(1299,'2010008091',115,237,NULL,NULL,1139,NULL,NULL,NULL,NULL,NULL,87,88,'en'),(1308,'2010008091',116,237,NULL,NULL,1139,NULL,NULL,NULL,NULL,NULL,89,90,'en'),(1317,'2010008091',117,237,NULL,NULL,1139,NULL,NULL,NULL,NULL,NULL,91,92,'en'),(1326,'2010008091',118,237,NULL,NULL,1139,NULL,NULL,NULL,NULL,NULL,93,94,'en'),(1403,NULL,125,237,NULL,NULL,602,NULL,NULL,NULL,NULL,NULL,51,52,'en'),(1413,NULL,126,237,NULL,NULL,602,NULL,NULL,NULL,NULL,NULL,53,54,'en');
/*!40000 ALTER TABLE `information_object` ENABLE KEYS */;
UNLOCK TABLES;

--
-- Table structure for table `information_object_i18n`
--

DROP TABLE IF EXISTS `information_object_i18n`;
/*!40101 SET @saved_cs_client     = @@character_set_client */;
/*!50503 SET character_set_client = utf8mb4 */;
CREATE TABLE `information_object_i18n` (
  `title` varchar(1024) DEFAULT NULL,
  `alternate_title` varchar(1024) DEFAULT NULL,
  `edition` varchar(1024) DEFAULT NULL,
  `extent_and_medium` text,
  `archival_history` text,
  `acquisition` text,
  `scope_and_content` text,
  `appraisal` text,
  `accruals` text,
  `arrangement` text,
  `access_conditions` text,
  `reproduction_conditions` text,
  `physical_characteristics` text,
  `finding_aids` text,
  `location_of_originals` text,
  `location_of_copies` text,
  `related_units_of_description` text,
  `institution_responsible_identifier` varchar(1024) DEFAULT NULL,
  `rules` text,
  `sources` text,
  `revision_history` text,
  `id` int NOT NULL,
  `culture` varchar(16) NOT NULL,
  PRIMARY KEY (`id`,`culture`),
  CONSTRAINT `information_object_i18n_FK_1` FOREIGN KEY (`id`) REFERENCES `information_object` (`id`) ON DELETE CASCADE
) ENGINE=InnoDB DEFAULT CHARSET=utf8mb4 COLLATE=utf8mb4_0900_ai_ci;
/*!40101 SET character_set_client = @saved_cs_client */;

--
-- Dumping data for table `information_object_i18n`
--

LOCK TABLES `information_object_i18n` WRITE;
/*!40000 ALTER TABLE `information_object_i18n` DISABLE KEYS */;
INSERT INTO `information_object_i18n` VALUES (NULL,NULL,NULL,NULL,NULL,NULL,NULL,NULL,NULL,NULL,NULL,NULL,NULL,NULL,NULL,NULL,NULL,NULL,NULL,NULL,NULL,1,'en'),('Teste',NULL,NULL,'teste',NULL,NULL,NULL,NULL,NULL,NULL,NULL,NULL,NULL,NULL,NULL,NULL,NULL,NULL,NULL,NULL,NULL,444,'en'),('Universidade AVMB',NULL,NULL,'Papel.\nDigital.\nEletrnico.','Os documentos de guarda permanente custodiados pelo Arquivo Central foram recolhidos ao antigo Centro de Documentao, criado em 1986 como Centro de Documentao e Arquivo da Universidade da AVMB (CEDAQ) pelo Ato da Reitoria N 345/86 de agosto de 1986. Foi constitudo como Centro de Documentao (CEDOC) pelo Ato da Reitoria N 596/88, de 24 de outubro de 1988.\nA Resoluo do Conselho Universitrio n 0002, de 19 de fevereiro de 2014, publicada no Dirio Oficial da Unio em 26 de fevereiro de 2014 extinguiu o Centro de Documentao e a Subsecretaria de Comunicao Administrativa (SCA) e criou o Arquivo Central. O Regimento Interno do ACE foi aprovado pela Resoluo do Conselho Universitrio n19, de 24 de julho de 2015 e publicado no Dirio Oficial da Unio em 29 de julho de 2015.\n\nA Universidade de AVMB foi inaugurada em 15 de dezembro de 1995. Atualmente, possui 2.445 professores, 2.630 tcnicos-administrativos e 28.570 alunos regulares e 6.304 de ps-graduao.  constituda por 26 institutos e faculdades e 21 centros de pesquisa especializados.\nOferece 109 cursos de graduao, sendo 31 noturnos e 10 a distncia. H ainda 147 cursos de ps-graduao stricto sensu e 22 especializaes lato sensu. Os cursos esto divididos em quatro campi espalhados pelo Rio Grande do Sul: Sede (Santa Maria), Braslia, So Paulo e Porto Alegre. Os rgos de apoio incluem o Hospital Universitrio, a Biblioteca Central, o Hospital Veterinrio e a Fazenda gua Limpa.',NULL,'A documentao custodiada pelo Arquivo Central da UAVMB conta com documentos administrativos e acadmicos como resultado das atividades da Universidade. Existem no fundo, documentos que remetem  criao da Universidade, mas de forma estruturada e como mais pesquisados existe a srie Atos, Resolues e Instrues (ARINS) produzida pelo Gabinete do Reitor, Conselhos e Decanatos e outras unidades administrativas. Existem ainda atas de reunies e alguns documentos da atividade acadmica produzidos pela Escola de Extenso e pela Secretaria de Administrao Acadmica. ',NULL,NULL,NULL,NULL,NULL,NULL,NULL,NULL,NULL,NULL,NULL,NULL,NULL,NULL,519,'pt_BR'),('Reitoria',NULL,NULL,NULL,NULL,NULL,'A seo reitoria rene os documentos do gabinete da reitoria e da vice-reitoria. Tendo com isso os documentos de arquivo acumulados nas atribuies do Reitor e do Vice-Reitor da Universidade.',NULL,NULL,NULL,NULL,NULL,NULL,NULL,NULL,NULL,NULL,NULL,NULL,NULL,NULL,522,'pt_BR'),('Gabinete do Reitor',NULL,NULL,'Papel e cpias digitais. Gnero textual: 10,5 metros lineares de documentos em suporte papel (75 caixas arquivo).\nOs atos, resolues e instrues produzidos at o dia 16 de maio de 2016 esto no Arquivo Central, a partir desta data os documentos passaram a ser produzidos pelo SEI. Os atos do ano de 2017 esto sendo inseridos e descritos nesta plataforma pelo Centro de Informtica.','O Gabinete do Reitor tem por finalidade propiciar ao Reitor, diretamente, os elementos necessrios ao exerccio de suas funes. Criado por ocasio da Lei n 3.998 de 15 de dezembro de 1961 que autoriza o Poder Executivo a instituir a Fundao Universidade de Braslia.',NULL,'Os documentos dessa srie abrangem os atos, resolues e instrues emanados pelo Gabinete do Reitor.\nO conjunto  composto por atos da Reitoria que tratam de assuntos relativos  representao da universidade, alterao da estrutura administrativa e acadmica, administrao de finanas, exerccio do poder disciplinar, delegao de atribuies, apresentao de projetos e propostas, dispensa, reconduo e admisso de pessoal docente e tcnico-administrativo, designao de chefes superiores, promoo, extino e criao de cargos, aplicao de penas de suspenso, instituio de comisses para estudo de problemas especficos e outras aes administrativas e acadmicas. Contm, em geral, documentos que tratam de assuntos relativos  administrao geral: modernizao e reforma administrativa, planos e programas de trabalho, relatrios de atividades, regimentos e regulamentos, estatutos e organogramas.',NULL,NULL,NULL,NULL,NULL,NULL,NULL,NULL,NULL,NULL,NULL,NULL,NULL,NULL,527,'pt_BR'),('Atos, Resolues e Instrues da Reitoria',NULL,NULL,NULL,NULL,NULL,'Os documentos dessa srie abrangem os atos, resolues e instrues emanados do Gabinete do Reitor.',NULL,NULL,NULL,NULL,NULL,NULL,NULL,NULL,NULL,NULL,NULL,NULL,NULL,NULL,533,'pt_BR'),('Atos da Reitoria',NULL,NULL,'Papel',NULL,NULL,'Conjunto dos Atos da Reitoria recolhidos ao Arquivo Central desde 1964.\n possvel encontrar tambm os Atos da Reitoria dos anos de 2016 e 2017.',NULL,NULL,NULL,NULL,NULL,NULL,NULL,NULL,NULL,NULL,NULL,NULL,NULL,NULL,534,'pt_BR'),('Atos da Reitoria 1995',NULL,NULL,'Papel.',NULL,NULL,'Dossi composto pelos Atos da Reitoria do ano de 1964. Nesse dossi encontra-se apena o Ato da Reitoria N 29/64, que trata sobre a criao de secretarias administrativas no mbito de algumas unidades acadmicas. Os atos restantes no foram recuperado/ enviados ao Arquivo Central.',NULL,NULL,NULL,NULL,NULL,NULL,NULL,NULL,NULL,NULL,NULL,NULL,NULL,NULL,536,'pt_BR'),('Ato da Reitoria N 1/1995',NULL,NULL,NULL,NULL,NULL,NULL,NULL,NULL,NULL,NULL,NULL,NULL,NULL,NULL,NULL,NULL,NULL,NULL,NULL,NULL,537,'pt_BR'),('Ato da Reitoria N 2/1995',NULL,NULL,NULL,NULL,NULL,NULL,NULL,NULL,NULL,NULL,NULL,NULL,NULL,NULL,NULL,NULL,NULL,NULL,NULL,NULL,541,'pt_BR'),('Ato da Reitoria N 3/1995',NULL,NULL,NULL,NULL,NULL,NULL,NULL,NULL,NULL,NULL,NULL,NULL,NULL,NULL,NULL,NULL,NULL,NULL,NULL,NULL,545,'pt_BR'),('Ato da Reitoria N 4/1995',NULL,NULL,NULL,NULL,NULL,NULL,NULL,NULL,NULL,NULL,NULL,NULL,NULL,NULL,NULL,NULL,NULL,NULL,NULL,NULL,549,'pt_BR'),('Ato da Reitoria N 5/1995',NULL,NULL,NULL,NULL,NULL,NULL,NULL,NULL,NULL,NULL,NULL,NULL,NULL,NULL,NULL,NULL,NULL,NULL,NULL,NULL,553,'pt_BR'),('Vida acadmica dos alunos dos cursos de graduao',NULL,NULL,NULL,NULL,NULL,'A documentao custodiada pelo Arquivo Permanente da UAVMB conta com documentos acadmicos referentes  vida acadmica dos estudantes e necessrios para comprovar seus estudos. Existem no fundo diplomas, histrico escolar, dentre outros documentos necessrios a comprovao da graduao.',NULL,NULL,NULL,NULL,NULL,NULL,NULL,NULL,NULL,NULL,NULL,NULL,NULL,NULL,557,'pt_BR'),('Documentao Acadmica',NULL,NULL,NULL,NULL,NULL,NULL,NULL,NULL,NULL,NULL,NULL,NULL,NULL,NULL,NULL,NULL,NULL,NULL,NULL,NULL,559,'pt_BR'),('Emisso de Diploma',NULL,NULL,NULL,NULL,NULL,NULL,NULL,NULL,NULL,NULL,NULL,NULL,NULL,NULL,NULL,NULL,NULL,NULL,NULL,NULL,560,'pt_BR'),('Registro',NULL,NULL,NULL,NULL,NULL,NULL,NULL,NULL,NULL,NULL,NULL,NULL,NULL,NULL,NULL,NULL,NULL,NULL,NULL,NULL,561,'pt_BR'),('Aluno Daenerys Targaryen',NULL,NULL,NULL,NULL,NULL,NULL,NULL,NULL,NULL,NULL,NULL,NULL,NULL,NULL,NULL,NULL,NULL,NULL,NULL,NULL,586,'pt_BR'),('Aluno Isadora Rios Souza',NULL,NULL,'Documentos',NULL,NULL,NULL,NULL,NULL,NULL,NULL,NULL,NULL,NULL,NULL,NULL,NULL,NULL,NULL,NULL,NULL,602,'en'),('Graduao AVMB',NULL,NULL,'Dimenso: 10 metros lineares\nSuporte: Papel',NULL,NULL,NULL,NULL,NULL,NULL,NULL,NULL,NULL,NULL,NULL,NULL,NULL,NULL,NULL,NULL,NULL,937,'pt_BR'),('Curso Cincia da Computao',NULL,NULL,NULL,NULL,NULL,NULL,NULL,NULL,NULL,NULL,NULL,NULL,NULL,NULL,NULL,NULL,NULL,NULL,NULL,NULL,938,'en'),('Departamento de Cincia da Informao',NULL,NULL,'Dimenso: 3 metros lineares\nSuporte: papel',NULL,NULL,NULL,NULL,NULL,NULL,NULL,NULL,NULL,NULL,NULL,NULL,NULL,NULL,NULL,NULL,NULL,938,'pt_BR'),('Documentao Acadmica',NULL,NULL,'Dimenso: 1 metro linear\nSuporte: papel',NULL,NULL,NULL,NULL,NULL,NULL,NULL,NULL,NULL,NULL,NULL,NULL,NULL,NULL,NULL,NULL,NULL,940,'pt_BR'),('Assentamentos Individuais dos Alunos (Dossi dos Alunos)',NULL,NULL,NULL,NULL,NULL,NULL,NULL,NULL,NULL,NULL,NULL,NULL,NULL,NULL,NULL,NULL,NULL,NULL,NULL,NULL,942,'pt_BR'),('Aluna Carolina Maria',NULL,NULL,'Dimenso: 4 folhas\nSuporte: papel',NULL,NULL,NULL,NULL,NULL,NULL,NULL,NULL,NULL,NULL,NULL,NULL,NULL,NULL,NULL,NULL,NULL,944,'pt_BR'),('Comprovante de Residncia',NULL,NULL,'Dimenso: 1 folha\nSuporte: papel',NULL,NULL,NULL,NULL,NULL,NULL,NULL,NULL,NULL,NULL,NULL,NULL,NULL,NULL,NULL,NULL,NULL,947,'pt_BR'),('Diploma de Concluso do Ensino Mdio',NULL,NULL,'Dimenso: 1 folha\nSuporte: papel',NULL,NULL,NULL,NULL,NULL,NULL,NULL,NULL,NULL,NULL,NULL,NULL,NULL,NULL,NULL,NULL,NULL,951,'pt_BR'),('Carteira de Identidade',NULL,NULL,'Dimenso: 2 folhas\nSuporte: papel',NULL,NULL,NULL,NULL,NULL,NULL,NULL,NULL,NULL,NULL,NULL,NULL,NULL,NULL,NULL,NULL,NULL,956,'pt_BR'),('Princesa_Isabel_foto.jpg',NULL,NULL,NULL,NULL,NULL,NULL,NULL,NULL,NULL,NULL,NULL,NULL,NULL,NULL,NULL,NULL,NULL,NULL,NULL,NULL,1103,'en'),('Autgrafo do Projeto de Lei da extino da escravido no Brasil',NULL,NULL,'Dimenso: 1 folha Suporte: papel',NULL,NULL,'Autgrafo assinado pela regente D. Isabel do projeto de lei que declara extinta a escravido no Brasil a partir de 13 de maio de 1888.',NULL,NULL,NULL,NULL,NULL,NULL,NULL,NULL,NULL,NULL,NULL,NULL,NULL,NULL,1111,'en'),('Prefeitura Municipal de Angra dos Reis',NULL,NULL,NULL,NULL,NULL,NULL,NULL,NULL,NULL,NULL,NULL,NULL,NULL,NULL,NULL,NULL,NULL,NULL,NULL,NULL,1123,'pt_BR'),('Ordem de Pagamento',NULL,NULL,NULL,NULL,NULL,NULL,NULL,NULL,NULL,NULL,NULL,NULL,NULL,NULL,NULL,NULL,NULL,NULL,NULL,NULL,1124,'pt_BR'),('Instituto Estadual do Ambiente - INEA',NULL,NULL,NULL,NULL,NULL,NULL,NULL,NULL,NULL,NULL,NULL,NULL,NULL,NULL,NULL,NULL,NULL,NULL,NULL,NULL,1125,'pt_BR'),('Despesa',NULL,NULL,NULL,NULL,NULL,NULL,NULL,NULL,NULL,NULL,NULL,NULL,NULL,NULL,NULL,NULL,NULL,NULL,NULL,NULL,1138,'pt_BR'),('Licitao',NULL,NULL,NULL,NULL,NULL,NULL,NULL,NULL,NULL,NULL,NULL,NULL,NULL,NULL,NULL,NULL,NULL,NULL,NULL,NULL,1139,'pt_BR'),('Ordem de pagamento assinada',NULL,NULL,NULL,NULL,NULL,NULL,NULL,NULL,NULL,NULL,NULL,NULL,NULL,NULL,NULL,NULL,NULL,NULL,NULL,NULL,1143,'en'),(NULL,NULL,NULL,NULL,NULL,NULL,NULL,NULL,NULL,NULL,NULL,NULL,NULL,NULL,NULL,NULL,NULL,NULL,NULL,NULL,NULL,1143,'pt_BR'),('Processo 2010008091 - Vol VI.pdf',NULL,NULL,NULL,NULL,NULL,NULL,NULL,NULL,NULL,NULL,NULL,NULL,NULL,NULL,NULL,NULL,NULL,NULL,NULL,NULL,1155,'en'),('Processo 2010008091 - Vol VI (assinado)',NULL,NULL,NULL,NULL,NULL,NULL,NULL,NULL,NULL,NULL,NULL,NULL,NULL,NULL,NULL,NULL,NULL,NULL,NULL,NULL,1163,'en'),('Processo 2010008091 - Vol VI_ocred',NULL,NULL,NULL,NULL,NULL,NULL,NULL,NULL,NULL,NULL,NULL,NULL,NULL,NULL,NULL,NULL,NULL,NULL,NULL,NULL,1172,'en'),('Processo 2010008091 - Vol VI_ocred (assinado)',NULL,NULL,NULL,NULL,NULL,NULL,NULL,NULL,NULL,NULL,NULL,NULL,NULL,NULL,NULL,NULL,NULL,NULL,NULL,NULL,1181,'en'),('Processo 2010228091 -  Vol V_ocred',NULL,NULL,NULL,NULL,NULL,NULL,NULL,NULL,NULL,NULL,NULL,NULL,NULL,NULL,NULL,NULL,NULL,NULL,NULL,NULL,1190,'en'),('Princesa_Isabel_foto.jpg',NULL,NULL,NULL,NULL,NULL,NULL,NULL,NULL,NULL,NULL,NULL,NULL,NULL,NULL,NULL,NULL,NULL,NULL,NULL,NULL,1223,'en'),('Autgrafo do Projeto de Lei da extino da escravido no Brasil',NULL,NULL,'Dimenso: 1 folha Suporte: papel',NULL,NULL,'Autgrafo assinado pela regente D. Isabel do projeto de lei que declara extinta a escravido no Brasil a partir de 13 de maio de 1888.',NULL,NULL,NULL,NULL,NULL,NULL,NULL,NULL,NULL,NULL,NULL,NULL,NULL,NULL,1231,'en'),('Processo 2010008091 - Vol VI.pdf',NULL,NULL,NULL,NULL,NULL,NULL,NULL,NULL,NULL,NULL,NULL,NULL,NULL,NULL,NULL,NULL,NULL,NULL,NULL,NULL,1291,'en'),('Processo 2010008091 - Vol VI (assinado)',NULL,NULL,NULL,NULL,NULL,NULL,NULL,NULL,NULL,NULL,NULL,NULL,NULL,NULL,NULL,NULL,NULL,NULL,NULL,NULL,1299,'en'),('Processo 2010008091 - Vol VI_ocred',NULL,NULL,NULL,NULL,NULL,NULL,NULL,NULL,NULL,NULL,NULL,NULL,NULL,NULL,NULL,NULL,NULL,NULL,NULL,NULL,1308,'en'),('Processo 2010008091 - Vol VI_ocred (assinado)',NULL,NULL,NULL,NULL,NULL,NULL,NULL,NULL,NULL,NULL,NULL,NULL,NULL,NULL,NULL,NULL,NULL,NULL,NULL,NULL,1317,'en'),('Processo 2010228091 -  Vol V_ocred',NULL,NULL,NULL,NULL,NULL,NULL,NULL,NULL,NULL,NULL,NULL,NULL,NULL,NULL,NULL,NULL,NULL,NULL,NULL,NULL,1326,'en'),('Diploma Isadora Rios',NULL,NULL,'Dimenso: 1 folhas Suporte: papel',NULL,NULL,'Diploma fornecido a estudante Isadora Rios de Arquivologia',NULL,NULL,NULL,NULL,NULL,NULL,NULL,NULL,NULL,NULL,NULL,NULL,NULL,NULL,1403,'en'),('Histrico Isadora Rios',NULL,NULL,'Dimenso: 6 folha Suporte: papel',NULL,NULL,'Histrico fornecido a estudante Isadora Rios de Arquivologia',NULL,NULL,NULL,NULL,NULL,NULL,NULL,NULL,NULL,NULL,NULL,NULL,NULL,NULL,1413,'en');
/*!40000 ALTER TABLE `information_object_i18n` ENABLE KEYS */;
UNLOCK TABLES;

--
-- Table structure for table `job`
--

DROP TABLE IF EXISTS `job`;
/*!40101 SET @saved_cs_client     = @@character_set_client */;
/*!50503 SET character_set_client = utf8mb4 */;
CREATE TABLE `job` (
  `id` int NOT NULL,
  `name` varchar(255) DEFAULT NULL,
  `download_path` text,
  `completed_at` datetime DEFAULT NULL,
  `user_id` int DEFAULT NULL,
  `object_id` int DEFAULT NULL,
  `status_id` int DEFAULT NULL,
  `output` text,
  PRIMARY KEY (`id`),
  KEY `job_FI_2` (`user_id`),
  KEY `job_FI_3` (`object_id`),
  KEY `job_FI_4` (`status_id`),
  CONSTRAINT `job_FK_1` FOREIGN KEY (`id`) REFERENCES `object` (`id`) ON DELETE CASCADE,
  CONSTRAINT `job_FK_2` FOREIGN KEY (`user_id`) REFERENCES `user` (`id`) ON DELETE SET NULL,
  CONSTRAINT `job_FK_3` FOREIGN KEY (`object_id`) REFERENCES `object` (`id`) ON DELETE SET NULL,
  CONSTRAINT `job_FK_4` FOREIGN KEY (`status_id`) REFERENCES `term` (`id`) ON DELETE SET NULL
) ENGINE=InnoDB DEFAULT CHARSET=utf8mb4 COLLATE=utf8mb4_0900_ai_ci;
/*!40101 SET character_set_client = @saved_cs_client */;

--
-- Dumping data for table `job`
--

LOCK TABLES `job` WRITE;
/*!40000 ALTER TABLE `job` DISABLE KEYS */;
INSERT INTO `job` VALUES (446,'qtSwordPluginWorker',NULL,'2022-09-28 13:42:45',443,NULL,185,'[info] [2022-09-28 13:42:45] Job 446 \"qtSwordPluginWorker\": Job started.\n[info] [2022-09-28 13:42:45] Job 446 \"qtSwordPluginWorker\": A package was deposited by reference.\n[info] [2022-09-28 13:42:45] Job 446 \"qtSwordPluginWorker\": Location: file:///teste01-f1a2cf67-bf9a-42f7-9630-b28785c6c0fd\n[info] [2022-09-28 13:42:45] Job 446 \"qtSwordPluginWorker\": Processing...\n[info] [2022-09-28 13:42:45] Job 446 \"qtSwordPluginWorker\": Object slug: documentos\n[info] [2022-09-28 13:42:45] Job 446 \"qtSwordPluginWorker\": Exception: File/directory does not exist or is not readable: /tmp/teste01-f1a2cf67-bf9a-42f7-9630-b28785c6c0fd.\n'),(447,'qtSwordPluginWorker',NULL,'2022-09-28 13:47:43',443,NULL,184,'[info] [2022-09-28 13:47:38] Job 447 \"qtSwordPluginWorker\": Job started.\n[info] [2022-09-28 13:47:38] Job 447 \"qtSwordPluginWorker\": A package was deposited by reference.\n[info] [2022-09-28 13:47:38] Job 447 \"qtSwordPluginWorker\": Location: file:///teste02-fbf37791-5a53-4a21-afb3-570996324fda\n[info] [2022-09-28 13:47:38] Job 447 \"qtSwordPluginWorker\": Processing...\n[info] [2022-09-28 13:47:38] Job 447 \"qtSwordPluginWorker\": Object slug: documentos\n[info] [2022-09-28 13:47:43] Job 447 \"qtSwordPluginWorker\": Job finished.\n'),(455,'qtSwordPluginWorker',NULL,'2022-09-28 13:56:52',443,NULL,184,'[info] [2022-09-28 13:56:49] Job 455 \"qtSwordPluginWorker\": Job started.\n[info] [2022-09-28 13:56:49] Job 455 \"qtSwordPluginWorker\": A package was deposited by reference.\n[info] [2022-09-28 13:56:49] Job 455 \"qtSwordPluginWorker\": Location: file:///teste03-35bb8c03-b1db-4db3-9da8-5d91ef5f9d24\n[info] [2022-09-28 13:56:49] Job 455 \"qtSwordPluginWorker\": Processing...\n[info] [2022-09-28 13:56:49] Job 455 \"qtSwordPluginWorker\": Object slug: documentos\n[info] [2022-09-28 13:56:52] Job 455 \"qtSwordPluginWorker\": Job finished.\n'),(473,'qtSwordPluginWorker',NULL,'2022-09-28 14:00:33',443,NULL,184,'[info] [2022-09-28 14:00:30] Job 473 \"qtSwordPluginWorker\": Job started.\n[info] [2022-09-28 14:00:30] Job 473 \"qtSwordPluginWorker\": A package was deposited by reference.\n[info] [2022-09-28 14:00:30] Job 473 \"qtSwordPluginWorker\": Location: file:///teste04-59639e6e-07ed-40bc-b549-ebc3679c6f28\n[info] [2022-09-28 14:00:30] Job 473 \"qtSwordPluginWorker\": Processing...\n[info] [2022-09-28 14:00:30] Job 473 \"qtSwordPluginWorker\": Object slug: documentos\n[info] [2022-09-28 14:00:33] Job 473 \"qtSwordPluginWorker\": Job finished.\n'),(491,'qtSwordPluginWorker',NULL,'2022-09-28 14:05:16',443,NULL,184,'[info] [2022-09-28 14:05:12] Job 491 \"qtSwordPluginWorker\": Job started.\n[info] [2022-09-28 14:05:12] Job 491 \"qtSwordPluginWorker\": A package was deposited by reference.\n[info] [2022-09-28 14:05:12] Job 491 \"qtSwordPluginWorker\": Location: file:///teste05-01a704b9-2295-470f-ad72-f9b659eea159\n[info] [2022-09-28 14:05:12] Job 491 \"qtSwordPluginWorker\": Processing...\n[info] [2022-09-28 14:05:12] Job 491 \"qtSwordPluginWorker\": Object slug: teste\n[info] [2022-09-28 14:05:16] Job 491 \"qtSwordPluginWorker\": Job finished.\n'),(524,'arUpdateEsIoDocumentsJob',NULL,'2022-09-29 05:29:05',443,NULL,184,'[info] [2022-09-29 05:29:05] Job 524 \"arUpdateEsIoDocumentsJob\": Job started.\n[info] [2022-09-29 05:29:05] Job 524 \"arUpdateEsIoDocumentsJob\": Updating descendants of 1 description(s).\n[info] [2022-09-29 05:29:05] Job 524 \"arUpdateEsIoDocumentsJob\": Updating descendant of 1 description(s).\n[info] [2022-09-29 05:29:05] Job 524 \"arUpdateEsIoDocumentsJob\": Job finished.\n'),(526,'arUpdateEsIoDocumentsJob',NULL,'2022-09-29 05:31:10',443,NULL,184,'[info] [2022-09-29 05:31:10] Job 526 \"arUpdateEsIoDocumentsJob\": Job started.\n[info] [2022-09-29 05:31:10] Job 526 \"arUpdateEsIoDocumentsJob\": Updating descendants of 1 description(s).\n[info] [2022-09-29 05:31:10] Job 526 \"arUpdateEsIoDocumentsJob\": Updating descendant of 1 description(s).\n[info] [2022-09-29 05:31:10] Job 526 \"arUpdateEsIoDocumentsJob\": Job finished.\n'),(530,'arUpdateEsIoDocumentsJob',NULL,'2022-09-29 05:34:55',443,NULL,184,'[info] [2022-09-29 05:34:55] Job 530 \"arUpdateEsIoDocumentsJob\": Job started.\n[info] [2022-09-29 05:34:55] Job 530 \"arUpdateEsIoDocumentsJob\": Updating descendants of 1 description(s).\n[info] [2022-09-29 05:34:55] Job 530 \"arUpdateEsIoDocumentsJob\": Updating descendant of 1 description(s).\n[info] [2022-09-29 05:34:55] Job 530 \"arUpdateEsIoDocumentsJob\": Job finished.\n'),(564,'arUpdateEsIoDocumentsJob',NULL,'2022-09-29 05:54:22',443,NULL,184,'[info] [2022-09-29 05:54:22] Job 564 \"arUpdateEsIoDocumentsJob\": Job started.\n[info] [2022-09-29 05:54:22] Job 564 \"arUpdateEsIoDocumentsJob\": Updating descendants of 1 description(s).\n[info] [2022-09-29 05:54:22] Job 564 \"arUpdateEsIoDocumentsJob\": Updating descendant of 1 description(s).\n[info] [2022-09-29 05:54:22] Job 564 \"arUpdateEsIoDocumentsJob\": Job finished.\n'),(568,'arUpdateEsIoDocumentsJob',NULL,'2022-09-29 05:55:54',443,NULL,184,'[info] [2022-09-29 05:55:54] Job 568 \"arUpdateEsIoDocumentsJob\": Job started.\n[info] [2022-09-29 05:55:54] Job 568 \"arUpdateEsIoDocumentsJob\": Updating descendants of 1 description(s).\n[info] [2022-09-29 05:55:54] Job 568 \"arUpdateEsIoDocumentsJob\": Updating descendant of 1 description(s).\n[info] [2022-09-29 05:55:54] Job 568 \"arUpdateEsIoDocumentsJob\": Job finished.\n'),(572,'arUpdateEsIoDocumentsJob',NULL,'2022-09-29 05:59:32',443,NULL,184,'[info] [2022-09-29 05:59:32] Job 572 \"arUpdateEsIoDocumentsJob\": Job started.\n[info] [2022-09-29 05:59:32] Job 572 \"arUpdateEsIoDocumentsJob\": Updating descendants of 1 description(s).\n[info] [2022-09-29 05:59:32] Job 572 \"arUpdateEsIoDocumentsJob\": Updating descendant of 1 description(s).\n[info] [2022-09-29 05:59:32] Job 572 \"arUpdateEsIoDocumentsJob\": Job finished.\n'),(585,'arUpdateEsIoDocumentsJob',NULL,'2022-09-29 06:09:08',443,NULL,184,'[info] [2022-09-29 06:09:08] Job 585 \"arUpdateEsIoDocumentsJob\": Job started.\n[info] [2022-09-29 06:09:08] Job 585 \"arUpdateEsIoDocumentsJob\": Updating descendants of 1 description(s).\n[info] [2022-09-29 06:09:08] Job 585 \"arUpdateEsIoDocumentsJob\": Updating descendant of 1 description(s).\n[info] [2022-09-29 06:09:08] Job 585 \"arUpdateEsIoDocumentsJob\": Job finished.\n'),(587,'arObjectMoveJob',NULL,'2022-09-30 04:43:32',443,586,184,'[info] [2022-09-30 04:43:32] Job 587 \"arObjectMoveJob\": Job started.\n[info] [2022-09-30 04:43:32] Job 587 \"arObjectMoveJob\": Moving object (id: 586)\n[info] [2022-09-30 04:43:32] Job 587 \"arObjectMoveJob\": Moving object between siblings\n[info] [2022-09-30 04:43:32] Job 587 \"arObjectMoveJob\": Moving object before sibling (id: 562)\n[info] [2022-09-30 04:43:32] Job 587 \"arObjectMoveJob\": Move completed.\n[info] [2022-09-30 04:43:32] Job 587 \"arObjectMoveJob\": Job finished.\n'),(603,'arUpdateEsIoDocumentsJob',NULL,'2022-09-30 04:53:38',443,NULL,184,'[info] [2022-09-30 04:53:38] Job 603 \"arUpdateEsIoDocumentsJob\": Job started.\n[info] [2022-09-30 04:53:38] Job 603 \"arUpdateEsIoDocumentsJob\": Updating descendants of 1 description(s).\n[info] [2022-09-30 04:53:38] Job 603 \"arUpdateEsIoDocumentsJob\": Updating descendant of 1 description(s).\n[info] [2022-09-30 04:53:38] Job 603 \"arUpdateEsIoDocumentsJob\": Job finished.\n'),(604,'qtSwordPluginWorker',NULL,'2022-09-30 04:54:36',443,NULL,184,'[info] [2022-09-30 04:54:33] Job 604 \"qtSwordPluginWorker\": Job started.\n[info] [2022-09-30 04:54:33] Job 604 \"qtSwordPluginWorker\": A package was deposited by reference.\n[info] [2022-09-30 04:54:33] Job 604 \"qtSwordPluginWorker\": Location: file:///teste_divino-a70fbaae-58e2-4109-924f-c4b97fcb2b94\n[info] [2022-09-30 04:54:33] Job 604 \"qtSwordPluginWorker\": Processing...\n[info] [2022-09-30 04:54:33] Job 604 \"qtSwordPluginWorker\": Object slug: aluno-isadora-rios-souza\n[info] [2022-09-30 04:54:36] Job 604 \"qtSwordPluginWorker\": Job finished.\n'),(627,'qtSwordPluginWorker',NULL,'2022-09-30 05:00:59',443,NULL,184,'[info] [2022-09-30 05:00:57] Job 627 \"qtSwordPluginWorker\": Job started.\n[info] [2022-09-30 05:00:57] Job 627 \"qtSwordPluginWorker\": A package was deposited by reference.\n[info] [2022-09-30 05:00:57] Job 627 \"qtSwordPluginWorker\": Location: file:///teste_03-edc809a4-5fca-417f-9290-4867b8f59b37\n[info] [2022-09-30 05:00:57] Job 627 \"qtSwordPluginWorker\": Processing...\n[info] [2022-09-30 05:00:57] Job 627 \"qtSwordPluginWorker\": Object slug: aluno-a-amanda-nogueira-3\n[info] [2022-09-30 05:00:59] Job 627 \"qtSwordPluginWorker\": Job finished.\n'),(649,'qtSwordPluginWorker',NULL,'2022-09-30 05:11:00',443,NULL,184,'[info] [2022-09-30 05:10:57] Job 649 \"qtSwordPluginWorker\": Job started.\n[info] [2022-09-30 05:10:57] Job 649 \"qtSwordPluginWorker\": A package was deposited by reference.\n[info] [2022-09-30 05:10:57] Job 649 \"qtSwordPluginWorker\": Location: file:///isadoradocumentos-7e7062d2-c500-40fd-8afc-4370d17e01f6\n[info] [2022-09-30 05:10:57] Job 649 \"qtSwordPluginWorker\": Processing...\n[info] [2022-09-30 05:10:57] Job 649 \"qtSwordPluginWorker\": Object slug: aluno-isadora-rios-souza\n[info] [2022-09-30 05:11:00] Job 649 \"qtSwordPluginWorker\": Job finished.\n'),(671,'qtSwordPluginWorker',NULL,'2022-10-03 10:51:39',443,NULL,184,'[info] [2022-10-03 10:51:37] Job 671 \"qtSwordPluginWorker\": Job started.\n[info] [2022-10-03 10:51:37] Job 671 \"qtSwordPluginWorker\": A package was deposited by reference.\n[info] [2022-10-03 10:51:37] Job 671 \"qtSwordPluginWorker\": Location: file:///isadoradoc-89892b5e-b748-40c1-9280-aba488a8ed8d\n[info] [2022-10-03 10:51:37] Job 671 \"qtSwordPluginWorker\": Processing...\n[info] [2022-10-03 10:51:37] Job 671 \"qtSwordPluginWorker\": Object slug: aluno-isadora-rios-souza\n[info] [2022-10-03 10:51:39] Job 671 \"qtSwordPluginWorker\": Job finished.\n'),(693,'qtSwordPluginWorker',NULL,'2022-10-04 11:15:45',443,NULL,184,'[info] [2022-10-04 11:15:43] Job 693 \"qtSwordPluginWorker\": Job started.\n[info] [2022-10-04 11:15:43] Job 693 \"qtSwordPluginWorker\": A package was deposited by reference.\n[info] [2022-10-04 11:15:43] Job 693 \"qtSwordPluginWorker\": Location: file:///isadoradocumentos-b5c1127f-7966-41dd-b5df-b32e21ec4860\n[info] [2022-10-04 11:15:43] Job 693 \"qtSwordPluginWorker\": Processing...\n[info] [2022-10-04 11:15:43] Job 693 \"qtSwordPluginWorker\": Object slug: aluno-isadora-rios-souza\n[info] [2022-10-04 11:15:45] Job 693 \"qtSwordPluginWorker\": Job finished.\n'),(715,'qtSwordPluginWorker',NULL,'2022-10-06 12:30:22',443,NULL,184,'[info] [2022-10-06 12:30:20] Job 715 \"qtSwordPluginWorker\": Job started.\n[info] [2022-10-06 12:30:20] Job 715 \"qtSwordPluginWorker\": A package was deposited by reference.\n[info] [2022-10-06 12:30:20] Job 715 \"qtSwordPluginWorker\": Location: file:///isadoradocumentos-2a226bee-c6bb-4fe2-ba6d-3cb28bb1a7c4\n[info] [2022-10-06 12:30:20] Job 715 \"qtSwordPluginWorker\": Processing...\n[info] [2022-10-06 12:30:20] Job 715 \"qtSwordPluginWorker\": Object slug: aluno-isadora-rios-souza\n[info] [2022-10-06 12:30:22] Job 715 \"qtSwordPluginWorker\": Job finished.\n'),(737,'qtSwordPluginWorker',NULL,'2022-10-11 06:17:50',443,NULL,184,'[info] [2022-10-11 06:17:48] Job 737 \"qtSwordPluginWorker\": Job started.\n[info] [2022-10-11 06:17:48] Job 737 \"qtSwordPluginWorker\": A package was deposited by reference.\n[info] [2022-10-11 06:17:48] Job 737 \"qtSwordPluginWorker\": Location: file:///isadoradocumentos-ca840483-22c0-4eb7-9072-282afc6cc08d\n[info] [2022-10-11 06:17:48] Job 737 \"qtSwordPluginWorker\": Processing...\n[info] [2022-10-11 06:17:48] Job 737 \"qtSwordPluginWorker\": Object slug: aluno-isadora-rios-souza\n[info] [2022-10-11 06:17:50] Job 737 \"qtSwordPluginWorker\": Job finished.\n'),(760,'qtSwordPluginWorker',NULL,'2022-11-03 11:21:46',443,NULL,184,'[info] [2022-11-03 11:21:43] Job 760 \"qtSwordPluginWorker\": Job started.\n[info] [2022-11-03 11:21:43] Job 760 \"qtSwordPluginWorker\": A package was deposited by reference.\n[info] [2022-11-03 11:21:43] Job 760 \"qtSwordPluginWorker\": Location: file:///isadoradocumentos-305fc9b4-443b-40c9-ae53-58cc4470b8fd\n[info] [2022-11-03 11:21:43] Job 760 \"qtSwordPluginWorker\": Processing...\n[info] [2022-11-03 11:21:43] Job 760 \"qtSwordPluginWorker\": Object slug: aluno-isadora-rios-souza\n[info] [2022-11-03 11:21:46] Job 760 \"qtSwordPluginWorker\": Job finished.\n'),(782,'qtSwordPluginWorker',NULL,'2022-11-16 04:43:15',443,NULL,184,'[info] [2022-11-16 04:43:13] Job 782 \"qtSwordPluginWorker\": Job started.\n[info] [2022-11-16 04:43:13] Job 782 \"qtSwordPluginWorker\": A package was deposited by reference.\n[info] [2022-11-16 04:43:13] Job 782 \"qtSwordPluginWorker\": Location: file:///isadoradocumentos-a78d973a-b498-485a-b198-954e880818fc\n[info] [2022-11-16 04:43:13] Job 782 \"qtSwordPluginWorker\": Processing...\n[info] [2022-11-16 04:43:13] Job 782 \"qtSwordPluginWorker\": Object slug: aluno-isadora-rios-souza\n[info] [2022-11-16 04:43:15] Job 782 \"qtSwordPluginWorker\": Job finished.\n'),(804,'qtSwordPluginWorker',NULL,'2022-11-17 09:46:22',443,NULL,184,'[info] [2022-11-17 09:46:20] Job 804 \"qtSwordPluginWorker\": Job started.\n[info] [2022-11-17 09:46:20] Job 804 \"qtSwordPluginWorker\": A package was deposited by reference.\n[info] [2022-11-17 09:46:20] Job 804 \"qtSwordPluginWorker\": Location: file:///isadoradocumentos-80ef3db1-032a-44ec-8088-e2eb013a69c5\n[info] [2022-11-17 09:46:20] Job 804 \"qtSwordPluginWorker\": Processing...\n[info] [2022-11-17 09:46:20] Job 804 \"qtSwordPluginWorker\": Object slug: aluno-isadora-rios-souza\n[info] [2022-11-17 09:46:22] Job 804 \"qtSwordPluginWorker\": Job finished.\n'),(826,'qtSwordPluginWorker',NULL,'2023-01-11 10:58:56',443,NULL,184,'[info] [2023-01-11 10:58:54] Job 826 \"qtSwordPluginWorker\": Job started.\n[info] [2023-01-11 10:58:54] Job 826 \"qtSwordPluginWorker\": A package was deposited by reference.\n[info] [2023-01-11 10:58:54] Job 826 \"qtSwordPluginWorker\": Location: file:///isadoradocs3-5b67cde2-467c-4268-8a52-d7a089f202a4\n[info] [2023-01-11 10:58:54] Job 826 \"qtSwordPluginWorker\": Processing...\n[info] [2023-01-11 10:58:54] Job 826 \"qtSwordPluginWorker\": Object slug: aluno-isadora-rios-souza\n[info] [2023-01-11 10:58:56] Job 826 \"qtSwordPluginWorker\": Job finished.\n'),(848,'qtSwordPluginWorker',NULL,'2023-01-11 16:43:48',443,NULL,184,'[info] [2023-01-11 16:43:46] Job 848 \"qtSwordPluginWorker\": Job started.\n[info] [2023-01-11 16:43:46] Job 848 \"qtSwordPluginWorker\": A package was deposited by reference.\n[info] [2023-01-11 16:43:46] Job 848 \"qtSwordPluginWorker\": Location: file:///teste-divino-83deb6e5-19e0-42c2-8494-8fbd02250a8b\n[info] [2023-01-11 16:43:46] Job 848 \"qtSwordPluginWorker\": Processing...\n[info] [2023-01-11 16:43:46] Job 848 \"qtSwordPluginWorker\": Object slug: aluno-isadora-rios-souza\n[info] [2023-01-11 16:43:48] Job 848 \"qtSwordPluginWorker\": Job finished.\n'),(870,'qtSwordPluginWorker',NULL,'2023-01-12 09:46:01',443,NULL,184,'[info] [2023-01-12 09:45:58] Job 870 \"qtSwordPluginWorker\": Job started.\n[info] [2023-01-12 09:45:58] Job 870 \"qtSwordPluginWorker\": A package was deposited by reference.\n[info] [2023-01-12 09:45:58] Job 870 \"qtSwordPluginWorker\": Location: file:///testeisadora-985766f1-aed6-4d40-8dde-d850aa14862c\n[info] [2023-01-12 09:45:58] Job 870 \"qtSwordPluginWorker\": Processing...\n[info] [2023-01-12 09:45:58] Job 870 \"qtSwordPluginWorker\": Object slug: aluno-isadora-rios-souza\n[info] [2023-01-12 09:46:01] Job 870 \"qtSwordPluginWorker\": Job finished.\n'),(892,'qtSwordPluginWorker',NULL,'2023-01-12 10:18:10',443,NULL,184,'[info] [2023-01-12 10:18:07] Job 892 \"qtSwordPluginWorker\": Job started.\n[info] [2023-01-12 10:18:07] Job 892 \"qtSwordPluginWorker\": A package was deposited by reference.\n[info] [2023-01-12 10:18:07] Job 892 \"qtSwordPluginWorker\": Location: file:///isadoradocumentos-7b8b54da-2bb6-45b1-acff-fc11c405ed71\n[info] [2023-01-12 10:18:07] Job 892 \"qtSwordPluginWorker\": Processing...\n[info] [2023-01-12 10:18:07] Job 892 \"qtSwordPluginWorker\": Object slug: aluno-isadora-rios-souza\n[info] [2023-01-12 10:18:10] Job 892 \"qtSwordPluginWorker\": Job finished.\n'),(915,'qtSwordPluginWorker',NULL,'2023-02-07 10:20:36',443,NULL,184,'[info] [2023-02-07 10:20:33] Job 915 \"qtSwordPluginWorker\": Job started.\n[info] [2023-02-07 10:20:33] Job 915 \"qtSwordPluginWorker\": A package was deposited by reference.\n[info] [2023-02-07 10:20:33] Job 915 \"qtSwordPluginWorker\": Location: file:///teste-12129fe9-e017-452b-bf4a-4b22c4f39611\n[info] [2023-02-07 10:20:33] Job 915 \"qtSwordPluginWorker\": Processing...\n[info] [2023-02-07 10:20:33] Job 915 \"qtSwordPluginWorker\": Object slug: aluno-isadora-rios-souza\n[info] [2023-02-07 10:20:36] Job 915 \"qtSwordPluginWorker\": Job finished.\n'),(939,'arUpdateEsIoDocumentsJob',NULL,'2023-03-07 05:57:18',443,NULL,184,'[info] [2023-03-07 05:57:18] Job 939 \"arUpdateEsIoDocumentsJob\": Job started.\n[info] [2023-03-07 05:57:18] Job 939 \"arUpdateEsIoDocumentsJob\": Updating descendants of 1 description(s).\n[info] [2023-03-07 05:57:18] Job 939 \"arUpdateEsIoDocumentsJob\": Updating descendant of 1 description(s).\n[info] [2023-03-07 05:57:18] Job 939 \"arUpdateEsIoDocumentsJob\": Job finished.\n'),(941,'arUpdateEsIoDocumentsJob',NULL,'2023-03-07 05:57:54',443,NULL,184,'[info] [2023-03-07 05:57:54] Job 941 \"arUpdateEsIoDocumentsJob\": Job started.\n[info] [2023-03-07 05:57:54] Job 941 \"arUpdateEsIoDocumentsJob\": Updating descendants of 1 description(s).\n[info] [2023-03-07 05:57:54] Job 941 \"arUpdateEsIoDocumentsJob\": Updating descendant of 1 description(s).\n[info] [2023-03-07 05:57:54] Job 941 \"arUpdateEsIoDocumentsJob\": Job finished.\n'),(943,'arUpdateEsIoDocumentsJob',NULL,'2023-03-07 05:59:25',443,NULL,184,'[info] [2023-03-07 05:59:25] Job 943 \"arUpdateEsIoDocumentsJob\": Job started.\n[info] [2023-03-07 05:59:25] Job 943 \"arUpdateEsIoDocumentsJob\": Updating descendants of 1 description(s).\n[info] [2023-03-07 05:59:25] Job 943 \"arUpdateEsIoDocumentsJob\": Updating descendant of 1 description(s).\n[info] [2023-03-07 05:59:25] Job 943 \"arUpdateEsIoDocumentsJob\": Job finished.\n'),(945,'arUpdateEsIoDocumentsJob',NULL,'2023-03-07 06:00:14',443,NULL,184,'[info] [2023-03-07 06:00:14] Job 945 \"arUpdateEsIoDocumentsJob\": Job started.\n[info] [2023-03-07 06:00:14] Job 945 \"arUpdateEsIoDocumentsJob\": Updating descendants of 1 description(s).\n[info] [2023-03-07 06:00:14] Job 945 \"arUpdateEsIoDocumentsJob\": Updating descendant of 1 description(s).\n[info] [2023-03-07 06:00:14] Job 945 \"arUpdateEsIoDocumentsJob\": Job finished.\n'),(946,'arUpdateEsIoDocumentsJob',NULL,'2023-03-07 06:00:51',443,NULL,184,'[info] [2023-03-07 06:00:51] Job 946 \"arUpdateEsIoDocumentsJob\": Job started.\n[info] [2023-03-07 06:00:51] Job 946 \"arUpdateEsIoDocumentsJob\": Updating descendants of 1 description(s).\n[info] [2023-03-07 06:00:51] Job 946 \"arUpdateEsIoDocumentsJob\": Updating descendant of 1 description(s).\n[info] [2023-03-07 06:00:51] Job 946 \"arUpdateEsIoDocumentsJob\": Job finished.\n'),(955,'arUpdateEsIoDocumentsJob',NULL,'2023-03-07 06:05:36',443,NULL,184,'[info] [2023-03-07 06:05:36] Job 955 \"arUpdateEsIoDocumentsJob\": Job started.\n[info] [2023-03-07 06:05:36] Job 955 \"arUpdateEsIoDocumentsJob\": Updating descendants of 1 description(s).\n[info] [2023-03-07 06:05:36] Job 955 \"arUpdateEsIoDocumentsJob\": Updating descendant of 1 description(s).\n[info] [2023-03-07 06:05:36] Job 955 \"arUpdateEsIoDocumentsJob\": Job finished.\n'),(960,'qtSwordPluginWorker',NULL,'2023-03-07 06:11:58',443,NULL,184,'[info] [2023-03-07 06:11:55] Job 960 \"qtSwordPluginWorker\": Job started.\n[info] [2023-03-07 06:11:55] Job 960 \"qtSwordPluginWorker\": A package was deposited by reference.\n[info] [2023-03-07 06:11:55] Job 960 \"qtSwordPluginWorker\": Location: file:///testeisad-9e5c3ecd-8001-4593-89df-7a5f535cf59a\n[info] [2023-03-07 06:11:55] Job 960 \"qtSwordPluginWorker\": Processing...\n[info] [2023-03-07 06:11:55] Job 960 \"qtSwordPluginWorker\": Object slug: aluno-isadora-rios-souza\n[info] [2023-03-07 06:11:58] Job 960 \"qtSwordPluginWorker\": Job finished.\n'),(989,'arUpdateEsIoDocumentsJob',NULL,'2023-03-07 09:32:54',443,NULL,184,'[info] [2023-03-07 09:32:54] Job 989 \"arUpdateEsIoDocumentsJob\": Job started.\n[info] [2023-03-07 09:32:54] Job 989 \"arUpdateEsIoDocumentsJob\": Updating descendants of 1 description(s).\n[info] [2023-03-07 09:32:54] Job 989 \"arUpdateEsIoDocumentsJob\": Updating descendant of 1 description(s).\n[info] [2023-03-07 09:32:54] Job 989 \"arUpdateEsIoDocumentsJob\": Job finished.\n'),(991,'arUpdateEsIoDocumentsJob',NULL,'2023-03-07 09:33:42',443,NULL,184,'[info] [2023-03-07 09:33:42] Job 991 \"arUpdateEsIoDocumentsJob\": Job started.\n[info] [2023-03-07 09:33:42] Job 991 \"arUpdateEsIoDocumentsJob\": Updating descendants of 1 description(s).\n[info] [2023-03-07 09:33:42] Job 991 \"arUpdateEsIoDocumentsJob\": Updating descendant of 1 description(s).\n[info] [2023-03-07 09:33:42] Job 991 \"arUpdateEsIoDocumentsJob\": Job finished.\n'),(993,'arUpdateEsIoDocumentsJob',NULL,'2023-03-07 09:33:57',443,NULL,184,'[info] [2023-03-07 09:33:57] Job 993 \"arUpdateEsIoDocumentsJob\": Job started.\n[info] [2023-03-07 09:33:57] Job 993 \"arUpdateEsIoDocumentsJob\": Updating descendants of 1 description(s).\n[info] [2023-03-07 09:33:57] Job 993 \"arUpdateEsIoDocumentsJob\": Updating descendant of 1 description(s).\n[info] [2023-03-07 09:33:57] Job 993 \"arUpdateEsIoDocumentsJob\": Job finished.\n'),(996,'arUpdateEsIoDocumentsJob',NULL,'2023-03-07 09:35:34',443,NULL,184,'[info] [2023-03-07 09:35:34] Job 996 \"arUpdateEsIoDocumentsJob\": Job started.\n[info] [2023-03-07 09:35:34] Job 996 \"arUpdateEsIoDocumentsJob\": Updating descendants of 1 description(s).\n[info] [2023-03-07 09:35:34] Job 996 \"arUpdateEsIoDocumentsJob\": Updating descendant of 1 description(s).\n[info] [2023-03-07 09:35:34] Job 996 \"arUpdateEsIoDocumentsJob\": Job finished.\n'),(998,'arUpdateEsIoDocumentsJob',NULL,'2023-03-07 09:35:50',443,NULL,184,'[info] [2023-03-07 09:35:49] Job 998 \"arUpdateEsIoDocumentsJob\": Job started.\n[info] [2023-03-07 09:35:49] Job 998 \"arUpdateEsIoDocumentsJob\": Updating descendants of 1 description(s).\n[info] [2023-03-07 09:35:50] Job 998 \"arUpdateEsIoDocumentsJob\": Updating descendant of 1 description(s).\n[info] [2023-03-07 09:35:50] Job 998 \"arUpdateEsIoDocumentsJob\": Job finished.\n'),(1001,'arUpdateEsIoDocumentsJob',NULL,'2023-03-07 09:37:08',443,NULL,184,'[info] [2023-03-07 09:37:08] Job 1001 \"arUpdateEsIoDocumentsJob\": Job started.\n[info] [2023-03-07 09:37:08] Job 1001 \"arUpdateEsIoDocumentsJob\": Updating descendants of 1 description(s).\n[info] [2023-03-07 09:37:08] Job 1001 \"arUpdateEsIoDocumentsJob\": Updating descendant of 1 description(s).\n[info] [2023-03-07 09:37:08] Job 1001 \"arUpdateEsIoDocumentsJob\": Job finished.\n'),(1002,'qtSwordPluginWorker',NULL,'2023-03-07 09:55:33',443,NULL,184,'[info] [2023-03-07 09:55:30] Job 1002 \"qtSwordPluginWorker\": Job started.\n[info] [2023-03-07 09:55:30] Job 1002 \"qtSwordPluginWorker\": A package was deposited by reference.\n[info] [2023-03-07 09:55:30] Job 1002 \"qtSwordPluginWorker\": Location: file:///isadoradocumentos-f3737027-ab81-4bb4-83a0-7e74118b823a\n[info] [2023-03-07 09:55:30] Job 1002 \"qtSwordPluginWorker\": Processing...\n[info] [2023-03-07 09:55:30] Job 1002 \"qtSwordPluginWorker\": Object slug: aluno-isadora-rios-souza\n[info] [2023-03-07 09:55:33] Job 1002 \"qtSwordPluginWorker\": Job finished.\n'),(1024,'arUpdateEsIoDocumentsJob',NULL,'2023-03-08 05:57:20',443,NULL,184,'[info] [2023-03-08 05:57:19] Job 1024 \"arUpdateEsIoDocumentsJob\": Job started.\n[info] [2023-03-08 05:57:19] Job 1024 \"arUpdateEsIoDocumentsJob\": Updating descendants of 1 description(s).\n[info] [2023-03-08 05:57:20] Job 1024 \"arUpdateEsIoDocumentsJob\": Updating descendant of 1 description(s).\n[info] [2023-03-08 05:57:20] Job 1024 \"arUpdateEsIoDocumentsJob\": Job finished.\n'),(1052,'arUpdateEsActorRelationsJob',NULL,'2023-05-19 06:58:57',443,NULL,184,'[info] [2023-05-19 06:58:57] Job 1052 \"arUpdateEsActorRelationsJob\": Job started.\n[info] [2023-05-19 06:58:57] Job 1052 \"arUpdateEsActorRelationsJob\": Updating the relationships of 2 actor(s).\n[info] [2023-05-19 06:58:57] Job 1052 \"arUpdateEsActorRelationsJob\": Updated 2 actors(s).\n[info] [2023-05-19 06:58:57] Job 1052 \"arUpdateEsActorRelationsJob\": Job finished.\n'),(1053,'arUpdateEsIoDocumentsJob',NULL,'2023-06-06 12:52:32',443,NULL,184,'[info] [2023-06-06 12:52:32] Job 1053 \"arUpdateEsIoDocumentsJob\": Job started.\n[info] [2023-06-06 12:52:32] Job 1053 \"arUpdateEsIoDocumentsJob\": Updating descendants of 1 description(s).\n[info] [2023-06-06 12:52:32] Job 1053 \"arUpdateEsIoDocumentsJob\": Updating descendant of 1 description(s).\n[info] [2023-06-06 12:52:32] Job 1053 \"arUpdateEsIoDocumentsJob\": Job finished.\n'),(1054,'arUpdatePublicationStatusJob',NULL,'2023-06-06 12:52:33',443,937,184,'[info] [2023-06-06 12:52:32] Job 1054 \"arUpdatePublicationStatusJob\": Job started.\n[info] [2023-06-06 12:52:32] Job 1054 \"arUpdatePublicationStatusJob\": Updating publication status for the descendants of \"Graduao AVMB\" to \"Published\".\n[info] [2023-06-06 12:52:33] Job 1054 \"arUpdatePublicationStatusJob\": 7 descriptions updated.\n[info] [2023-06-06 12:52:33] Job 1054 \"arUpdatePublicationStatusJob\": Job finished.\n'),(1057,'qtSwordPluginWorker',NULL,'2023-07-31 15:45:52',443,NULL,184,'[info] [2023-07-31 15:45:49] Job 1057 \"qtSwordPluginWorker\": Job started.\n[info] [2023-07-31 15:45:49] Job 1057 \"qtSwordPluginWorker\": A package was deposited by reference.\n[info] [2023-07-31 15:45:49] Job 1057 \"qtSwordPluginWorker\": Location: file:///isadoradocumentos-2573b7d0-1e8d-4b0b-8770-e92ab7409e63\n[info] [2023-07-31 15:45:49] Job 1057 \"qtSwordPluginWorker\": Processing...\n[info] [2023-07-31 15:45:49] Job 1057 \"qtSwordPluginWorker\": Object slug: teste\n[info] [2023-07-31 15:45:53] Job 1057 \"qtSwordPluginWorker\": Job finished.\n'),(1079,'qtSwordPluginWorker',NULL,'2023-07-31 16:05:03',443,NULL,184,'[info] [2023-07-31 16:05:00] Job 1079 \"qtSwordPluginWorker\": Job started.\n[info] [2023-07-31 16:05:00] Job 1079 \"qtSwordPluginWorker\": A package was deposited by reference.\n[info] [2023-07-31 16:05:00] Job 1079 \"qtSwordPluginWorker\": Location: file:///avmbteste-3f302541-391b-4067-9da4-cafe605767a4\n[info] [2023-07-31 16:05:00] Job 1079 \"qtSwordPluginWorker\": Processing...\n[info] [2023-07-31 16:05:00] Job 1079 \"qtSwordPluginWorker\": Object slug: teste\n[info] [2023-07-31 16:05:03] Job 1079 \"qtSwordPluginWorker\": Job finished.\n'),(1101,'qtSwordPluginWorker',NULL,'2023-07-31 16:24:27',443,NULL,184,'[info] [2023-07-31 16:24:23] Job 1101 \"qtSwordPluginWorker\": Job started.\n[info] [2023-07-31 16:24:23] Job 1101 \"qtSwordPluginWorker\": A package was deposited by reference.\n[info] [2023-07-31 16:24:23] Job 1101 \"qtSwordPluginWorker\": Location: file:///avmbteste-1c8660b6-1805-4b16-a161-c4fa979eb726\n[info] [2023-07-31 16:24:23] Job 1101 \"qtSwordPluginWorker\": Processing...\n[info] [2023-07-31 16:24:23] Job 1101 \"qtSwordPluginWorker\": Object slug: teste\n[info] [2023-07-31 16:24:27] Job 1101 \"qtSwordPluginWorker\": Job finished.\n'),(1126,'arUpdateEsIoDocumentsJob',NULL,'2023-10-11 12:46:50',443,NULL,184,'[info] [2023-10-11 12:46:50] Job 1126 \"arUpdateEsIoDocumentsJob\": Job started.\n[info] [2023-10-11 12:46:50] Job 1126 \"arUpdateEsIoDocumentsJob\": Updating descendants of 1 description(s).\n[info] [2023-10-11 12:46:50] Job 1126 \"arUpdateEsIoDocumentsJob\": Updating descendant of 1 description(s).\n[info] [2023-10-11 12:46:50] Job 1126 \"arUpdateEsIoDocumentsJob\": Job finished.\n'),(1127,'qtSwordPluginWorker',NULL,'2023-10-11 13:05:59',443,NULL,184,'[info] [2023-10-11 13:05:57] Job 1127 \"qtSwordPluginWorker\": Job started.\n[info] [2023-10-11 13:05:57] Job 1127 \"qtSwordPluginWorker\": A package was deposited by reference.\n[info] [2023-10-11 13:05:57] Job 1127 \"qtSwordPluginWorker\": Location: file:///ordempagamento-01-80bb9bd7-b7a1-4d62-b756-333e8db5ef11\n[info] [2023-10-11 13:05:57] Job 1127 \"qtSwordPluginWorker\": Processing...\n[info] [2023-10-11 13:05:57] Job 1127 \"qtSwordPluginWorker\": Object slug: instituto-estadual-do-ambiente-inea\n[info] [2023-10-11 13:05:59] Job 1127 \"qtSwordPluginWorker\": Job finished.\n'),(1140,'arUpdateEsIoDocumentsJob',NULL,'2023-10-13 03:44:08',443,NULL,184,'[info] [2023-10-13 03:44:08] Job 1140 \"arUpdateEsIoDocumentsJob\": Job started.\n[info] [2023-10-13 03:44:08] Job 1140 \"arUpdateEsIoDocumentsJob\": Updating descendants of 1 description(s).\n[info] [2023-10-13 03:44:08] Job 1140 \"arUpdateEsIoDocumentsJob\": Updating descendant of 1 description(s).\n[info] [2023-10-13 03:44:08] Job 1140 \"arUpdateEsIoDocumentsJob\": Job finished.\n'),(1141,'qtSwordPluginWorker',NULL,'2023-10-16 03:10:28',443,NULL,184,'[info] [2023-10-16 03:10:26] Job 1141 \"qtSwordPluginWorker\": Job started.\n[info] [2023-10-16 03:10:26] Job 1141 \"qtSwordPluginWorker\": A package was deposited by reference.\n[info] [2023-10-16 03:10:26] Job 1141 \"qtSwordPluginWorker\": Location: file:///ordempagamento-01-c32ceaee-2bb0-4292-b3b8-b8b1597eb14d\n[info] [2023-10-16 03:10:26] Job 1141 \"qtSwordPluginWorker\": Processing...\n[info] [2023-10-16 03:10:26] Job 1141 \"qtSwordPluginWorker\": Object slug: instituto-estadual-do-ambiente-inea\n[info] [2023-10-16 03:10:28] Job 1141 \"qtSwordPluginWorker\": Job finished.\n'),(1152,'arUpdateEsIoDocumentsJob',NULL,'2023-10-16 03:12:07',443,NULL,184,'[info] [2023-10-16 03:12:07] Job 1152 \"arUpdateEsIoDocumentsJob\": Job started.\n[info] [2023-10-16 03:12:07] Job 1152 \"arUpdateEsIoDocumentsJob\": Updating descendants of 1 description(s).\n[info] [2023-10-16 03:12:07] Job 1152 \"arUpdateEsIoDocumentsJob\": Updating descendant of 1 description(s).\n[info] [2023-10-16 03:12:07] Job 1152 \"arUpdateEsIoDocumentsJob\": Job finished.\n'),(1153,'qtSwordPluginWorker',NULL,'2023-10-16 11:32:15',443,NULL,184,'[info] [2023-10-16 11:32:00] Job 1153 \"qtSwordPluginWorker\": Job started.\n[info] [2023-10-16 11:32:00] Job 1153 \"qtSwordPluginWorker\": A package was deposited by reference.\n[info] [2023-10-16 11:32:00] Job 1153 \"qtSwordPluginWorker\": Location: file:///teste01-f9336958-96b3-4670-9c41-c4098daca9b1\n[info] [2023-10-16 11:32:00] Job 1153 \"qtSwordPluginWorker\": Processing...\n[info] [2023-10-16 11:32:00] Job 1153 \"qtSwordPluginWorker\": Object slug: teste\n[info] [2023-10-16 11:32:15] Job 1153 \"qtSwordPluginWorker\": Job finished.\n'),(1199,'qtSwordPluginWorker',NULL,'2023-10-17 10:25:58',443,NULL,184,'[info] [2023-10-17 10:25:55] Job 1199 \"qtSwordPluginWorker\": Job started.\n[info] [2023-10-17 10:25:55] Job 1199 \"qtSwordPluginWorker\": A package was deposited by reference.\n[info] [2023-10-17 10:25:55] Job 1199 \"qtSwordPluginWorker\": Location: file:///testeisadora-a36216c7-9e9b-4798-9208-67afe94426fa\n[info] [2023-10-17 10:25:55] Job 1199 \"qtSwordPluginWorker\": Processing...\n[info] [2023-10-17 10:25:55] Job 1199 \"qtSwordPluginWorker\": Object slug: aluno-isadora-rios-souza\n[info] [2023-10-17 10:25:58] Job 1199 \"qtSwordPluginWorker\": Job finished.\n'),(1221,'qtSwordPluginWorker',NULL,'2023-10-17 10:32:49',443,NULL,184,'[info] [2023-10-17 10:32:46] Job 1221 \"qtSwordPluginWorker\": Job started.\n[info] [2023-10-17 10:32:46] Job 1221 \"qtSwordPluginWorker\": A package was deposited by reference.\n[info] [2023-10-17 10:32:46] Job 1221 \"qtSwordPluginWorker\": Location: file:///testeisadora01-6d908ee2-8ba1-4977-8243-5f55403d4836\n[info] [2023-10-17 10:32:46] Job 1221 \"qtSwordPluginWorker\": Processing...\n[info] [2023-10-17 10:32:46] Job 1221 \"qtSwordPluginWorker\": Object slug: aluno-a-amanda-nogueira-3\n[info] [2023-10-17 10:32:49] Job 1221 \"qtSwordPluginWorker\": Job finished.\n'),(1243,'qtSwordPluginWorker',NULL,'2023-10-18 10:48:48',443,NULL,184,'[info] [2023-10-18 10:48:34] Job 1243 \"qtSwordPluginWorker\": Job started.\n[info] [2023-10-18 10:48:34] Job 1243 \"qtSwordPluginWorker\": A package was deposited by reference.\n[info] [2023-10-18 10:48:34] Job 1243 \"qtSwordPluginWorker\": Location: file:///testeisa-0d6d173c-ea05-47bb-b5c2-a87a14134e50\n[info] [2023-10-18 10:48:34] Job 1243 \"qtSwordPluginWorker\": Processing...\n[info] [2023-10-18 10:48:34] Job 1243 \"qtSwordPluginWorker\": Object slug: licitacao\n[info] [2023-10-18 10:48:48] Job 1243 \"qtSwordPluginWorker\": Job finished.\n'),(1289,'qtSwordPluginWorker',NULL,'2023-10-18 11:14:02',443,NULL,184,'[info] [2023-10-18 11:13:49] Job 1289 \"qtSwordPluginWorker\": Job started.\n[info] [2023-10-18 11:13:49] Job 1289 \"qtSwordPluginWorker\": A package was deposited by reference.\n[info] [2023-10-18 11:13:49] Job 1289 \"qtSwordPluginWorker\": Location: file:///testeisadora-9d9ba739-8b5f-493a-be9f-f57517008428\n[info] [2023-10-18 11:13:49] Job 1289 \"qtSwordPluginWorker\": Processing...\n[info] [2023-10-18 11:13:49] Job 1289 \"qtSwordPluginWorker\": Object slug: licitacao\n[info] [2023-10-18 11:14:02] Job 1289 \"qtSwordPluginWorker\": Job finished.\n'),(1335,'qtSwordPluginWorker',NULL,'2023-11-22 05:18:21',443,NULL,184,'[info] [2023-11-22 05:18:18] Job 1335 \"qtSwordPluginWorker\": Job started.\n[info] [2023-11-22 05:18:18] Job 1335 \"qtSwordPluginWorker\": A package was deposited by reference.\n[info] [2023-11-22 05:18:18] Job 1335 \"qtSwordPluginWorker\": Location: file:///testeisadora2-c239be82-fff8-490e-8c50-86ce8e89f231\n[info] [2023-11-22 05:18:18] Job 1335 \"qtSwordPluginWorker\": Processing...\n[info] [2023-11-22 05:18:18] Job 1335 \"qtSwordPluginWorker\": Object slug: aluno-isadora-rios-souza\n[info] [2023-11-22 05:18:21] Job 1335 \"qtSwordPluginWorker\": Job finished.\n'),(1357,'qtSwordPluginWorker',NULL,'2023-12-21 03:59:57',443,NULL,184,'[info] [2023-12-21 03:59:54] Job 1357 \"qtSwordPluginWorker\": Job started.\n[info] [2023-12-21 03:59:54] Job 1357 \"qtSwordPluginWorker\": A package was deposited by reference.\n[info] [2023-12-21 03:59:54] Job 1357 \"qtSwordPluginWorker\": Location: file:///testeisadora3-60893bc4-0f7f-4b19-83b9-0dd8a523a7a1\n[info] [2023-12-21 03:59:54] Job 1357 \"qtSwordPluginWorker\": Processing...\n[info] [2023-12-21 03:59:54] Job 1357 \"qtSwordPluginWorker\": Object slug: aluno-isadora-rios-souza\n[info] [2023-12-21 03:59:57] Job 1357 \"qtSwordPluginWorker\": Job finished.\n'),(1379,'qtSwordPluginWorker',NULL,'2023-12-21 05:37:58',443,NULL,184,'[info] [2023-12-21 05:37:55] Job 1379 \"qtSwordPluginWorker\": Job started.\n[info] [2023-12-21 05:37:55] Job 1379 \"qtSwordPluginWorker\": A package was deposited by reference.\n[info] [2023-12-21 05:37:55] Job 1379 \"qtSwordPluginWorker\": Location: file:///unimar-86bc5900-2983-41bd-b53e-ec6274bcc9ab\n[info] [2023-12-21 05:37:55] Job 1379 \"qtSwordPluginWorker\": Processing...\n[info] [2023-12-21 05:37:55] Job 1379 \"qtSwordPluginWorker\": Object slug: aluno-isadora-rios-souza\n[info] [2023-12-21 05:37:58] Job 1379 \"qtSwordPluginWorker\": Job finished.\n'),(1401,'qtSwordPluginWorker',NULL,'2024-01-04 05:28:41',443,NULL,184,'[info] [2024-01-04 05:28:39] Job 1401 \"qtSwordPluginWorker\": Job started.\n[info] [2024-01-04 05:28:39] Job 1401 \"qtSwordPluginWorker\": A package was deposited by reference.\n[info] [2024-01-04 05:28:39] Job 1401 \"qtSwordPluginWorker\": Location: file:///fortec-87cd4347-a939-48c4-bd2d-4d291cbe7dec\n[info] [2024-01-04 05:28:39] Job 1401 \"qtSwordPluginWorker\": Processing...\n[info] [2024-01-04 05:28:39] Job 1401 \"qtSwordPluginWorker\": Object slug: aluno-isadora-rios-souza\n[info] [2024-01-04 05:28:41] Job 1401 \"qtSwordPluginWorker\": Job finished.\n');
/*!40000 ALTER TABLE `job` ENABLE KEYS */;
UNLOCK TABLES;

--
-- Table structure for table `keymap`
--

DROP TABLE IF EXISTS `keymap`;
/*!40101 SET @saved_cs_client     = @@character_set_client */;
/*!50503 SET character_set_client = utf8mb4 */;
CREATE TABLE `keymap` (
  `source_id` text,
  `target_id` int DEFAULT NULL,
  `source_name` text,
  `target_name` text,
  `id` int NOT NULL AUTO_INCREMENT,
  `serial_number` int NOT NULL DEFAULT '0',
  PRIMARY KEY (`id`)
) ENGINE=InnoDB DEFAULT CHARSET=utf8mb4 COLLATE=utf8mb4_0900_ai_ci;
/*!40101 SET character_set_client = @saved_cs_client */;

--
-- Dumping data for table `keymap`
--

LOCK TABLES `keymap` WRITE;
/*!40000 ALTER TABLE `keymap` DISABLE KEYS */;
/*!40000 ALTER TABLE `keymap` ENABLE KEYS */;
UNLOCK TABLES;

--
-- Table structure for table `menu`
--

DROP TABLE IF EXISTS `menu`;
/*!40101 SET @saved_cs_client     = @@character_set_client */;
/*!50503 SET character_set_client = utf8mb4 */;
CREATE TABLE `menu` (
  `parent_id` int DEFAULT NULL,
  `name` varchar(255) DEFAULT NULL,
  `path` varchar(255) DEFAULT NULL,
  `lft` int DEFAULT NULL,
  `rgt` int DEFAULT NULL,
  `created_at` datetime NOT NULL,
  `updated_at` datetime NOT NULL,
  `source_culture` varchar(16) NOT NULL,
  `id` int NOT NULL AUTO_INCREMENT,
  `serial_number` int NOT NULL DEFAULT '0',
  PRIMARY KEY (`id`),
  KEY `menu_FI_1` (`parent_id`),
  CONSTRAINT `menu_FK_1` FOREIGN KEY (`parent_id`) REFERENCES `menu` (`id`) ON DELETE CASCADE
) ENGINE=InnoDB AUTO_INCREMENT=68 DEFAULT CHARSET=utf8mb4 COLLATE=utf8mb4_0900_ai_ci;
/*!40101 SET character_set_client = @saved_cs_client */;

--
-- Dumping data for table `menu`
--

LOCK TABLES `menu` WRITE;
/*!40000 ALTER TABLE `menu` DISABLE KEYS */;
INSERT INTO `menu` VALUES (NULL,NULL,NULL,1,132,'2022-09-28 13:04:55','2022-09-28 13:04:55','en',1,0),(1,'mainMenu',NULL,2,81,'2022-09-28 13:04:55','2022-09-28 13:04:55','en',2,0),(1,'quickLinks',NULL,82,97,'2022-09-28 13:04:55','2022-09-28 13:04:55','en',3,0),(1,'browse',NULL,98,113,'2022-09-28 13:04:55','2022-09-28 13:04:55','en',4,0),(2,'add','accession/add',3,16,'2022-09-28 13:04:55','2022-09-28 13:04:55','en',5,0),(10,'taxonomies','taxonomy/browse',28,29,'2022-09-28 13:04:55','2022-09-28 13:04:55','en',6,0),(2,'import','object/importSelect',31,38,'2022-09-28 13:04:55','2022-09-28 13:04:55','en',7,0),(2,'admin','user/list',39,80,'2022-09-28 13:04:55','2022-09-28 13:04:55','en',9,0),(2,'manage','accession/browse',17,30,'2022-09-28 13:04:55','2022-09-28 13:04:55','en',10,0),(1,'browseInstitution',NULL,114,119,'2022-09-28 13:04:55','2022-09-28 13:04:55','en',11,0),(10,'accessions','accession/browse',18,19,'2022-09-28 13:04:55','2022-09-28 13:04:55','en',12,0),(10,'donors','donor/browse',20,21,'2022-09-28 13:04:55','2022-09-28 13:04:55','en',13,0),(10,'jobs','jobs/browse',22,23,'2022-09-28 13:04:55','2022-09-28 13:04:55','en',14,0),(10,'browsePhysicalObjects','physicalobject/browse',24,25,'2022-09-28 13:04:55','2022-09-28 13:04:55','en',15,0),(10,'rightsholders','rightsholder/browse',26,27,'2022-09-28 13:04:55','2022-09-28 13:04:55','en',16,0),(5,'addAccessionRecord','accession/add',4,5,'2022-09-28 13:04:55','2022-09-28 13:04:55','en',17,0),(5,'addInformationObject','informationobject/add',6,7,'2022-09-28 13:04:55','2022-09-28 13:04:55','en',18,0),(5,'addActor','actor/add',8,9,'2022-09-28 13:04:55','2022-09-28 13:04:55','en',19,0),(5,'addRepository','repository/add',10,11,'2022-09-28 13:04:55','2022-09-28 13:04:55','en',20,0),(5,'addTerm','term/add',12,13,'2022-09-28 13:04:55','2022-09-28 13:04:55','en',21,0),(5,'addFunction','function/add',14,15,'2022-09-28 13:04:55','2022-09-28 13:04:55','en',22,0),(7,'importXml','object/importSelect?type=xml',32,33,'2022-09-28 13:04:55','2022-09-28 13:04:55','en',23,0),(7,'importCsv','object/importSelect?type=csv',34,35,'2022-09-28 13:04:55','2022-09-28 13:04:55','en',24,0),(7,'importSkos','sfSkosPlugin/import',36,37,'2022-09-28 13:04:55','2022-09-28 13:04:55','en',25,0),(9,'users','user/list',40,51,'2022-09-28 13:04:55','2022-09-28 13:04:55','en',26,0),(26,'userProfile','user/index?slug=%currentSlug%',41,42,'2022-09-28 13:04:55','2022-09-28 13:04:55','en',27,0),(26,'userInformationObjectAcl','user/indexInformationObjectAcl?slug=%currentSlug%',43,44,'2022-09-28 13:04:56','2022-09-28 13:04:56','en',28,0),(26,'userActorAcl','user/indexActorAcl?slug=%currentSlug%',45,46,'2022-09-28 13:04:56','2022-09-28 13:04:56','en',29,0),(26,'userRepositoryAcl','user/indexRepositoryAcl?slug=%currentSlug%',47,48,'2022-09-28 13:04:56','2022-09-28 13:04:56','en',30,0),(26,'userTermAcl','user/indexTermAcl?slug=%currentSlug%',49,50,'2022-09-28 13:04:56','2022-09-28 13:04:56','en',31,0),(9,'groups','aclGroup/list',52,63,'2022-09-28 13:04:56','2022-09-28 13:04:56','en',32,0),(32,'groupProfile','aclGroup/index?id=%currentId%',53,54,'2022-09-28 13:04:56','2022-09-28 13:04:56','en',33,0),(32,'groupInformationObjectAcl','aclGroup/indexInformationObjectAcl?id=%currentId%',55,56,'2022-09-28 13:04:56','2022-09-28 13:04:56','en',34,0),(32,'groupActorAcl','aclGroup/indexActorAcl?id=%currentId%',57,58,'2022-09-28 13:04:56','2022-09-28 13:04:56','en',35,0),(32,'groupRepositoryAcl','aclGroup/indexRepositoryAcl?id=%currentId%',59,60,'2022-09-28 13:04:56','2022-09-28 13:04:56','en',36,0),(32,'groupTermAcl','aclGroup/indexTermAcl?id=%currentId%',61,62,'2022-09-28 13:04:56','2022-09-28 13:04:56','en',37,0),(9,'staticPages','staticpage/list',64,65,'2022-09-28 13:04:56','2022-09-28 13:04:56','en',38,0),(9,'menu','menu/list',66,67,'2022-09-28 13:04:56','2022-09-28 13:04:56','en',39,0),(9,'plugins','sfPluginAdminPlugin/plugins',68,69,'2022-09-28 13:04:56','2022-09-28 13:04:56','en',40,0),(9,'themes','sfPluginAdminPlugin/themes',70,71,'2022-09-28 13:04:56','2022-09-28 13:04:56','en',41,0),(9,'settings','settings/global',72,73,'2022-09-28 13:04:56','2022-09-28 13:04:56','en',42,0),(9,'descriptionUpdates','search/descriptionUpdates',74,75,'2022-09-28 13:04:56','2022-09-28 13:04:56','en',43,0),(9,'globalReplace','search/globalReplace',76,77,'2022-09-28 13:04:56','2022-09-28 13:04:56','en',44,0),(3,'home','@homepage',83,84,'2022-09-28 13:04:56','2022-09-28 13:04:56','en',45,0),(3,'about','staticpage/index?slug=about',85,86,'2022-09-28 13:04:56','2022-09-28 13:04:56','en',46,0),(3,'privacy','staticpage/index?slug=privacy',87,88,'2022-09-28 13:04:56','2022-09-28 13:04:56','en',47,0),(3,'help','http://docs.accesstomemory.org/',89,90,'2022-09-28 13:04:56','2022-09-28 13:04:56','en',48,0),(3,'myProfile','%profile%',91,92,'2022-09-28 13:04:56','2022-09-28 13:04:56','en',49,0),(3,'login','user/login',93,94,'2022-09-28 13:04:56','2022-09-28 13:04:56','en',50,0),(3,'logout','user/logout',95,96,'2022-09-28 13:04:56','2022-09-28 13:04:56','en',51,0),(4,'browseInformationObjects','informationobject/browse',99,100,'2022-09-28 13:04:56','2022-09-28 13:04:56','en',52,0),(4,'browseActors','actor/browse',101,102,'2022-09-28 13:04:56','2022-09-28 13:04:56','en',53,0),(4,'browseRepositories','repository/browse',103,104,'2022-09-28 13:04:56','2022-09-28 13:04:56','en',54,0),(4,'browseFunctions','function/browse',105,106,'2022-09-28 13:04:56','2022-09-28 13:04:56','en',55,0),(4,'browseSubjects','taxonomy/index?id=35',107,108,'2022-09-28 13:04:56','2022-09-28 13:04:56','en',56,0),(4,'browsePlaces','taxonomy/index?id=42',109,110,'2022-09-28 13:04:56','2022-09-28 13:04:56','en',57,0),(4,'browseDigitalObjects','informationobject/browse?view=card&onlyMedia=1&topLod=0',111,112,'2022-09-28 13:04:56','2022-09-28 13:04:56','en',58,0),(9,'visibleElements','settings/visibleElements',78,79,'2022-09-28 13:04:56','2022-09-28 13:04:56','en',59,0),(1,'staticPagesMenu',NULL,120,121,'2022-09-28 13:04:56','2022-09-28 13:04:56','en',60,0),(1,'clipboard',NULL,122,131,'2022-09-28 13:04:56','2022-09-28 13:04:56','en',61,0),(61,'clearClipboard','user/clipboardClear',123,124,'2022-09-28 13:04:56','2022-09-28 13:04:56','en',62,0),(61,'goToClipboard','user/clipboard',125,126,'2022-09-28 13:04:56','2022-09-28 13:04:56','en',63,0),(61,'loadClipboard','user/clipboardLoad',127,128,'2022-09-28 13:04:56','2022-09-28 13:04:56','en',64,0),(61,'saveClipboard','user/clipboardSave',129,130,'2022-09-28 13:04:56','2022-09-28 13:04:56','en',65,0),(11,'browseInformationObjectsInstitution','informationobject/browse?repos=%currentRealm%',115,116,'2022-09-28 13:04:56','2022-09-28 13:04:56','en',66,0),(11,'browseDigitalObjectsInstitution','informationobject/browse?repos=%currentRealm%&view=card&onlyMedia=1&topLod=0',117,118,'2022-09-28 13:04:56','2022-09-28 13:04:56','en',67,0);
/*!40000 ALTER TABLE `menu` ENABLE KEYS */;
UNLOCK TABLES;

--
-- Table structure for table `menu_i18n`
--

DROP TABLE IF EXISTS `menu_i18n`;
/*!40101 SET @saved_cs_client     = @@character_set_client */;
/*!50503 SET character_set_client = utf8mb4 */;
CREATE TABLE `menu_i18n` (
  `label` varchar(255) DEFAULT NULL,
  `description` text,
  `id` int NOT NULL,
  `culture` varchar(16) NOT NULL,
  PRIMARY KEY (`id`,`culture`),
  CONSTRAINT `menu_i18n_FK_1` FOREIGN KEY (`id`) REFERENCES `menu` (`id`) ON DELETE CASCADE
) ENGINE=InnoDB DEFAULT CHARSET=utf8mb4 COLLATE=utf8mb4_0900_ai_ci;
/*!40101 SET character_set_client = @saved_cs_client */;

--
-- Dumping data for table `menu_i18n`
--

LOCK TABLES `menu_i18n` WRITE;
/*!40000 ALTER TABLE `menu_i18n` DISABLE KEYS */;
INSERT INTO `menu_i18n` VALUES (NULL,NULL,1,'en'),(NULL,NULL,2,'en'),(NULL,NULL,3,'en'),('Explora',NULL,4,'ca'),('Navegar',NULL,4,'ca@valencia'),('Pori',NULL,4,'cy'),('Durchsuchen',NULL,4,'de'),('Durchsuchen',NULL,4,'de-CH'),('',NULL,4,'el'),('Browse',NULL,4,'en'),('Navegar',NULL,4,'es'),('Nabigatu',NULL,4,'eu'),('Parcourir',NULL,4,'fr'),('Navegar',NULL,4,'gl'),('Pregledaj',NULL,4,'hr'),('Bngszs',NULL,4,'hu'),('Telusur',NULL,4,'id'),('Vafra',NULL,4,'is'),('Scorri',NULL,4,'it'),('',NULL,4,'ja'),('()',NULL,4,'ka'),('',NULL,4,'ko'),('Blader',NULL,4,'nl'),('Przegldaj',NULL,4,'pl'),('Navegar',NULL,4,'pt'),('Navegar',NULL,4,'pt_BR'),('Navegar',NULL,4,'pt-BR'),('Brskaj',NULL,4,'sl'),('',NULL,4,'sr'),('Blddra',NULL,4,'sv'),('Duyt',NULL,4,'vi'),('',NULL,4,'zh'),('',NULL,5,'ar'),('Afegeix',NULL,5,'ca'),('Agregar',NULL,5,'ca@valencia'),('Ychwanegu',NULL,5,'cy'),('Hinzufgen',NULL,5,'de'),('Hinzufgen',NULL,5,'de_AT'),('Hinzufgen',NULL,5,'de_CH'),('Hinzufgen',NULL,5,'de-AT'),('Hinzufgen',NULL,5,'de-CH'),('',NULL,5,'el'),('Add',NULL,5,'en'),('Agregar',NULL,5,'es'),('Gehitu',NULL,5,'eu'),('',NULL,5,'fa'),('Ajouter',NULL,5,'fr'),('Engadir',NULL,5,'gl'),('Dodaj',NULL,5,'hr'),('j',NULL,5,'hu'),('Tambah',NULL,5,'id'),('Bta vi',NULL,5,'is'),('Aggiungi',NULL,5,'it'),('',NULL,5,'ja'),('',NULL,5,'ka'),('',NULL,5,'ko'),('Voeg toe',NULL,5,'nl'),('Dodaj',NULL,5,'pl'),('Adicionar',NULL,5,'pt'),('Adicionar',NULL,5,'pt_BR'),('Adicionar',NULL,5,'pt-BR'),('',NULL,5,'ru'),('',NULL,5,'ru_RU'),('Dodaj',NULL,5,'sl'),('',NULL,5,'sr'),('Lgg till',NULL,5,'sv'),('',NULL,5,'ta'),('',NULL,5,'th'),('Ekle',NULL,5,'tr'),('Yangi qo\'shish',NULL,5,'uz'),('Thm',NULL,5,'vi'),('',NULL,5,'zh'),('Taxonomies',NULL,6,'ca'),('Taxonomies',NULL,6,'ca@valencia'),('Tacsonomegau',NULL,6,'cy'),('Taxonomien',NULL,6,'de'),('Taxonomien',NULL,6,'de-CH'),('',NULL,6,'el'),('Taxonomies',NULL,6,'en'),('Taxonomas',NULL,6,'es'),('Taxonomiak',NULL,6,'eu'),('Rfrentiels',NULL,6,'fr'),('Taxonomas',NULL,6,'gl'),('Taksonomije',NULL,6,'hr'),('Taxonmik',NULL,6,'hu'),('Taksonomi',NULL,6,'id'),('Tassonomie',NULL,6,'it'),('',NULL,6,'ja'),('  ( )',NULL,6,'ka'),('',NULL,6,'ko'),('Taxonomien',NULL,6,'nl'),('Taksonomie',NULL,6,'pl'),('Taxonomias',NULL,6,'pt'),('Taxonomias',NULL,6,'pt_BR'),('Taxonomias',NULL,6,'pt-BR'),('Taksonomije',NULL,6,'sl'),('',NULL,6,'sr'),('Taxonomier',NULL,6,'sv'),('',NULL,6,'th'),('Klassifikatsiyalar',NULL,6,'uz'),('Phn loi',NULL,6,'vi'),('',NULL,6,'zh'),('',NULL,7,'ar'),('Importa',NULL,7,'ca'),('Importar',NULL,7,'ca@valencia'),('Mewnforio',NULL,7,'cy'),('Importieren',NULL,7,'de'),('Importieren',NULL,7,'de_AT'),('Importieren',NULL,7,'de_CH'),('Importieren',NULL,7,'de-AT'),('Importieren',NULL,7,'de-CH'),('',NULL,7,'el'),('Import',NULL,7,'en'),('Importar',NULL,7,'es'),('Inportatu',NULL,7,'eu'),(' ',NULL,7,'fa'),('Importer',NULL,7,'fr'),('Importar',NULL,7,'gl'),('Uvezi',NULL,7,'hr'),('Importls',NULL,7,'hu'),('Impor',NULL,7,'id'),('Hlaa inn',NULL,7,'is'),('Importa',NULL,7,'it'),('',NULL,7,'ja'),('',NULL,7,'ka'),('',NULL,7,'ko'),('import',NULL,7,'nl'),('Importowanie',NULL,7,'pl'),('Importar',NULL,7,'pt'),('Importar',NULL,7,'pt_BR'),('Importar',NULL,7,'pt-BR'),('',NULL,7,'ru'),('',NULL,7,'ru_RU'),('Uvoz',NULL,7,'sl'),('',NULL,7,'sr'),('Importera',NULL,7,'sv'),('',NULL,7,'th'),('ni dung',NULL,7,'vi'),('',NULL,7,'zh'),('Administrador',NULL,9,'ca'),('Administrador',NULL,9,'ca@valencia'),('Gweinyddiaeth',NULL,9,'cy'),('Administrator',NULL,9,'de'),('Administrator',NULL,9,'de-CH'),('',NULL,9,'el'),('Admin',NULL,9,'en'),('Administrador',NULL,9,'es'),('Administratzaiilea',NULL,9,'eu'),('',NULL,9,'fa'),('Administration',NULL,9,'fr'),('Administrador',NULL,9,'gl'),('Administrator',NULL,9,'hr'),('Admin',NULL,9,'hu'),('Admin',NULL,9,'id'),('Stjrnandi',NULL,9,'is'),('Amministrazione',NULL,9,'it'),('',NULL,9,'ja'),('',NULL,9,'ka'),('',NULL,9,'ko'),('Administrator',NULL,9,'pl'),('Administrar',NULL,9,'pt'),('Administrador',NULL,9,'pt_BR'),('Administrador',NULL,9,'pt-BR'),('',NULL,9,'ru'),('Skrbnik',NULL,9,'sl'),('',NULL,9,'sr'),('Admin',NULL,9,'sv'),('Admin',NULL,9,'uz'),('qun tr',NULL,9,'vi'),('',NULL,9,'zh'),('Administra',NULL,10,'ca'),('Administrar',NULL,10,'ca@valencia'),('Rheoli',NULL,10,'cy'),('Verwalten',NULL,10,'de'),('Verwalten',NULL,10,'de-CH'),('',NULL,10,'el'),('Manage',NULL,10,'en'),('Administrar',NULL,10,'es'),('Kudeatu',NULL,10,'eu'),('Grer',NULL,10,'fr'),('Administrar',NULL,10,'gl'),('Upravljaj',NULL,10,'hr'),('Szerkeszts',NULL,10,'hu'),('Mengelola',NULL,10,'id'),('Stjrna',NULL,10,'is'),('Gestisci',NULL,10,'it'),('',NULL,10,'ja'),('',NULL,10,'ka'),('',NULL,10,'ko'),('Beheer',NULL,10,'nl'),('Zarzdzanie',NULL,10,'pl'),('Gerir',NULL,10,'pt'),('Gerenciar',NULL,10,'pt_BR'),('Gerenciar',NULL,10,'pt-BR'),('',NULL,10,'ru'),('Uredi',NULL,10,'sl'),('',NULL,10,'sr'),('Hantera',NULL,10,'sv'),('(Manage)',NULL,10,'th'),('Boshqarish',NULL,10,'uz'),('Qun l',NULL,10,'vi'),('',NULL,10,'zh'),('Porwch ein casgliad',NULL,11,'cy'),('Sammlung durchsuchen',NULL,11,'de'),('Unsere Bestnde durchsuchen',NULL,11,'de-CH'),('Browse our collection',NULL,11,'en'),('Explore nuestra coleccin',NULL,11,'es'),('Parcourir nos collections',NULL,11,'fr'),('Pregledaj nau zbirku',NULL,11,'hr'),('Gyjtemnynk bngszse',NULL,11,'hu'),('Telusuri khazanah arsip kami',NULL,11,'id'),('Sfoglia la nostra raccolta',NULL,11,'it'),('',NULL,11,'ja'),('Navegar na coleco',NULL,11,'pt'),('Navegue pela nossa coleo',NULL,11,'pt_BR'),('Navegue nossa coleo',NULL,11,'pt-BR'),('  ',NULL,11,'sr'),('Sk i vr samling',NULL,11,'sv'),('Ingressos',NULL,12,'ca'),('Ingressos',NULL,12,'ca@valencia'),('Derbynion',NULL,12,'cy'),('Akzessionen',NULL,12,'de'),('Akzessionen',NULL,12,'de-CH'),('',NULL,12,'el'),('Accessions',NULL,12,'en'),('Ingresos',NULL,12,'es'),('Atxikimenduak',NULL,12,'eu'),('Acquisitions',NULL,12,'fr'),('Ingresos',NULL,12,'gl'),('Akcesije',NULL,12,'hr'),('Gyarapodsok',NULL,12,'hu'),('Akuisisi',NULL,12,'id'),('Afhendingar',NULL,12,'is'),('Acquisizioni',NULL,12,'it'),('',NULL,12,'ja'),('',NULL,12,'ka'),('',NULL,12,'ko'),('Aanwinsten',NULL,12,'nl'),('Dopywy',NULL,12,'pl'),('Incorporao',NULL,12,'pt'),('Incorporaes',NULL,12,'pt_BR'),('Incorporaes',NULL,12,'pt-BR'),('Prevzemi',NULL,12,'sl'),(' ',NULL,12,'sr'),('Accessioner',NULL,12,'sv'),('',NULL,12,'th'),('Ro`yxatga olingan hujjatlar',NULL,12,'uz'),('Truy cp',NULL,12,'vi'),('',NULL,12,'zh'),('Donants',NULL,13,'ca'),('Donants',NULL,13,'ca@valencia'),('Drci',NULL,13,'cs'),('Rhoddwyr',NULL,13,'cy'),('Abgebende Stellen/Personen',NULL,13,'de'),('Abgebende Stellen/Personen',NULL,13,'de-CH'),('Donors',NULL,13,'en'),('Donadores',NULL,13,'es'),('Emaileak',NULL,13,'eu'),('Donateurs/Services versants',NULL,13,'fr'),('Donantes',NULL,13,'gl'),('Donatori',NULL,13,'hr'),('Adomnyozk',NULL,13,'hu'),('Donor',NULL,13,'id'),('Gefendur',NULL,13,'is'),('Donatori',NULL,13,'it'),('',NULL,13,'ja'),('',NULL,13,'ka'),('',NULL,13,'ko'),('Schenkers',NULL,13,'nl'),('Przekazujcy (materiay archiwalne)',NULL,13,'pl'),('Doadores',NULL,13,'pt'),('Doadores',NULL,13,'pt_BR'),('Doadores',NULL,13,'pt-BR'),('',NULL,13,'ru'),('Donatorji',NULL,13,'sl'),(' ',NULL,13,'sr'),('Donatorer',NULL,13,'sv'),('',NULL,13,'th'),('Ngi tng',NULL,13,'vi'),('',NULL,13,'zh'),('Tasgau',NULL,14,'cy'),('Aufgaben',NULL,14,'de'),('Auftrge',NULL,14,'de-CH'),('',NULL,14,'el'),('Jobs',NULL,14,'en'),('Proceso',NULL,14,'es'),('Tches',NULL,14,'fr'),('Poslovi',NULL,14,'hr'),('Feladatok',NULL,14,'hu'),('Tugas',NULL,14,'id'),('Operazioni',NULL,14,'it'),('Tarefas',NULL,14,'pt'),('Trabalhos',NULL,14,'pt_BR'),('Trabalhos',NULL,14,'pt-BR'),('',NULL,14,'ru'),('Dela',NULL,14,'sl'),('',NULL,14,'sr'),('Jobb',NULL,14,'sv'),('',NULL,14,'zh'),(' ',NULL,15,'ar'),('Unitat d\'installaci',NULL,15,'ca'),('Unitat de magatzematge',NULL,15,'ca@valencia'),('Storfa ffisegol',NULL,15,'cy'),('Aufbewahrung',NULL,15,'de'),('Aufbewahrung',NULL,15,'de_AT'),('Standort',NULL,15,'de_CH'),('Aufbewahrung',NULL,15,'de-AT'),('Standort',NULL,15,'de-CH'),(' ',NULL,15,'el'),('Physical storage',NULL,15,'en'),('Unidad de almacenaje',NULL,15,'es'),('Biltegi fisikoa',NULL,15,'eu'),('Localisation physique',NULL,15,'fr'),('Almacenamento fsico',NULL,15,'gl'),('Fiziko spremite',NULL,15,'hr'),('Troleszkz',NULL,15,'hu'),('Penyimpanan Fisik',NULL,15,'id'),('Deposito',NULL,15,'it'),('',NULL,15,'ja'),(' ',NULL,15,'ka'),(' ',NULL,15,'ko'),('Fysieke opslag',NULL,15,'nl'),('Fizyczne miejsce przechowywania',NULL,15,'pl'),('Depsito fsico',NULL,15,'pt'),('Depsito fsico',NULL,15,'pt_BR'),('Depsito fsico',NULL,15,'pt-BR'),('Fizina hramba',NULL,15,'sl'),('',NULL,15,'sr'),('Fysisk frvaringsplats',NULL,15,'sv'),(' ',NULL,15,'ta'),('',NULL,15,'th'),('Fizik saqlov',NULL,15,'uz'),('vt l',NULL,15,'vi'),('',NULL,15,'zh'),('Titulars dels drets',NULL,16,'ca'),('Titulars de drets',NULL,16,'ca@valencia'),('Deiliaid yr hawliau',NULL,16,'cy'),('Rechteinhaber',NULL,16,'de'),('Rechteinhaber',NULL,16,'de-CH'),('Rights holders',NULL,16,'en'),('Titulares de derechos',NULL,16,'es'),('Eskubideen jabeak',NULL,16,'eu'),('Dtenteurs de droits',NULL,16,'fr'),('Titulares de dereitos',NULL,16,'gl'),('Nositelji prava',NULL,16,'hr'),('Jogtulajdonosok',NULL,16,'hu'),('Pemegang hak',NULL,16,'id'),('Handhafar leyfis',NULL,16,'is'),('Detentori di diritti',NULL,16,'it'),('',NULL,16,'ja'),(' ()',NULL,16,'ka'),(' ',NULL,16,'ko'),('Rechthebbenden',NULL,16,'nl'),('Posiadacze praw',NULL,16,'pl'),('Proprietrios dos direitos',NULL,16,'pt'),('Detentores de direitos',NULL,16,'pt_BR'),('Detentores dos direitos',NULL,16,'pt-BR'),('Imetniki pravic',NULL,16,'sl'),(' ',NULL,16,'sr'),('Rttighetsinnehavare',NULL,16,'sv'),('',NULL,16,'th'),('Huquq egalari',NULL,16,'uz'),('Ngi nm gi quyn',NULL,16,'vi'),('',NULL,16,'zh'),('Registres d\'ingressos',NULL,17,'ca'),('Registres d\'ingressos',NULL,17,'ca@valencia'),('Cofnodion derbyn',NULL,17,'cy'),('Akzessionsdatenstze',NULL,17,'de'),('Akzessionsdateien',NULL,17,'de-CH'),(' ',NULL,17,'el'),('Accession records',NULL,17,'en'),('Registros de ingresos',NULL,17,'es'),('Atxikimendu erregistroak',NULL,17,'eu'),('Notices d\'acquisition',NULL,17,'fr'),('Rexistros de ingresos',NULL,17,'gl'),('Zapisi akcesije',NULL,17,'hr'),('Gyarapodsi rekordok',NULL,17,'hu'),('Arsip akuisisi',NULL,17,'id'),('Afangaskr',NULL,17,'is'),('Registrazioni delle acquisizioni',NULL,17,'it'),('',NULL,17,'ja'),(' ',NULL,17,'ka'),(' ',NULL,17,'ko'),('Aanwinst documentatie',NULL,17,'nl'),('Nabytki',NULL,17,'pl'),('Registo de incorporao',NULL,17,'pt'),('Registros de incorporao',NULL,17,'pt_BR'),('Registros de incorporao',NULL,17,'pt-BR'),('Zapisi o prevzemu',NULL,17,'sl'),('  ',NULL,17,'sr'),('Accessionsposter',NULL,17,'sv'),('',NULL,17,'th'),('Ro`yxatga olish yozuvlari',NULL,17,'uz'),('K lc truy cp',NULL,17,'vi'),('',NULL,17,'zh'),('Descripcions arxivstiques',NULL,18,'ca'),('Descripcions arxivstiques',NULL,18,'ca@valencia'),('Archivn popisy',NULL,18,'cs'),('Disgrifiadau archifol',NULL,18,'cy'),('Archivische Beschreibungen',NULL,18,'de'),('Archivische Beschreibungen',NULL,18,'de-CH'),(' ',NULL,18,'el'),('Archival descriptions',NULL,18,'en'),('Descripcin archivstica',NULL,18,'es'),('Artxibo deskribapenak',NULL,18,'eu'),('Descriptions archivistiques',NULL,18,'fr'),('Descricin arquivstica',NULL,18,'gl'),('Opisi arhivskog gradiva',NULL,18,'hr'),('Iratersok',NULL,18,'hu'),('Deskripsi kearsipan',NULL,18,'id'),('Lsandi samantektir',NULL,18,'is'),('Descrizioni archivistiche',NULL,18,'it'),('',NULL,18,'ja'),(' ',NULL,18,'ko'),('archivistische beschrijving',NULL,18,'nl'),('Opis archiwalny',NULL,18,'pl'),('Descries arquivsticas',NULL,18,'pt'),('Descries arquivsticas',NULL,18,'pt_BR'),('Descries arquivsticas',NULL,18,'pt-BR'),(' ',NULL,18,'ru'),('arhivski opisi',NULL,18,'sl'),(' ',NULL,18,'sr'),('Arkivbeskrivningar',NULL,18,'sv'),('Arxiv tavsiflari',NULL,18,'uz'),('M t lu tr',NULL,18,'vi'),('',NULL,18,'zh'),('Registres d\'autoritat',NULL,19,'ca'),('Registre d\'autoritats',NULL,19,'ca@valencia'),('Cofnodion awdurdod',NULL,19,'cy'),('Normdatenstze',NULL,19,'de'),('Normdateien',NULL,19,'de-CH'),(' ',NULL,19,'el'),('Authority records',NULL,19,'en'),('Registro de autoridad',NULL,19,'es'),('Autoretza erregistroak',NULL,19,'eu'),('Notices d\'autorit',NULL,19,'fr'),('Rexistros de autoridade',NULL,19,'gl'),('Normirani zapisi',NULL,19,'hr'),('Iratkpzk',NULL,19,'hu'),('Informasi pencipta arsip',NULL,19,'id'),('Nafnspjld',NULL,19,'is'),('Record d\'autorit',NULL,19,'it'),('',NULL,19,'ja'),('',NULL,19,'ko'),('geautoriseerd bestand',NULL,19,'nl'),('Haso wzorcowe',NULL,19,'pl'),('Registos de autoridade',NULL,19,'pt'),('Registros de autoridade',NULL,19,'pt_BR'),('Registros de autoridade',NULL,19,'pt-BR'),('normativni zapisi',NULL,19,'sl'),(' ',NULL,19,'sr'),('Auktoritetsposter',NULL,19,'sv'),('Avtoritet yozuvlar',NULL,19,'uz'),('Biu ghi tiu',NULL,19,'vi'),('',NULL,19,'zh'),('Institucions arxivstiques',NULL,20,'ca'),('Institucions arxivstiques',NULL,20,'ca@valencia'),('Sefydladau archifol',NULL,20,'cy'),('Archive',NULL,20,'de'),('Archive',NULL,20,'de-CH'),(' ',NULL,20,'el'),('Archival institutions',NULL,20,'en'),('Instituciones archivsticas',NULL,20,'es'),('Artxibo erakundeak',NULL,20,'eu'),('Services d\'archives',NULL,20,'fr'),('Repositorios',NULL,20,'gl'),('Arhivske ustanove',NULL,20,'hr'),('Levltrak',NULL,20,'hu'),('Repositori',NULL,20,'id'),('Vrslustofnanir',NULL,20,'is'),('Istituzione archivistica',NULL,20,'it'),('',NULL,20,'ja'),('',NULL,20,'ka'),('',NULL,20,'ko'),('archiefinstelling',NULL,20,'nl'),('Instytucja archiwalna',NULL,20,'pl'),('Instituio arquivstica',NULL,20,'pt'),('Instituies arquivsticas',NULL,20,'pt_BR'),('Entidades custodiadoras',NULL,20,'pt-BR'),(' ',NULL,20,'ru'),('arhivske ustanove',NULL,20,'sl'),(' ',NULL,20,'sr'),('Arkivinstitutioner',NULL,20,'sv'),('',NULL,20,'th'),('Arxiv muassasalari',NULL,20,'uz'),('T chc lu tr',NULL,20,'vi'),('',NULL,20,'zh'),('Termes',NULL,21,'ca'),('Termes',NULL,21,'ca@valencia'),('Termau',NULL,21,'cy'),('Begriffe',NULL,21,'de'),('Begriffe',NULL,21,'de-CH'),('',NULL,21,'el'),('Terms',NULL,21,'en'),('Trminos',NULL,21,'es'),('Terminoak',NULL,21,'eu'),('Termes',NULL,21,'fr'),('Termos',NULL,21,'gl'),('Pojmovi',NULL,21,'hr'),('Kifejezsek/Felttelek',NULL,21,'hu'),('Istilah',NULL,21,'id'),('kvi',NULL,21,'is'),('Termini',NULL,21,'it'),('',NULL,21,'ja'),('',NULL,21,'ka'),('',NULL,21,'ko'),('Termen',NULL,21,'nl'),('Terminy',NULL,21,'pl'),('Termo',NULL,21,'pt'),('Termos',NULL,21,'pt_BR'),('Termos',NULL,21,'pt-BR'),('Izrazi',NULL,21,'sl'),('',NULL,21,'sr'),('Termer',NULL,21,'sv'),('',NULL,21,'th'),('Atamalar',NULL,21,'uz'),('Han',NULL,21,'vi'),('',NULL,21,'zh'),('Funci',NULL,22,'ca'),('Funci',NULL,22,'ca@valencia'),('Ffwythiant',NULL,22,'cy'),('Funktion',NULL,22,'de'),('Funktion',NULL,22,'de-CH'),('',NULL,22,'el'),('Function',NULL,22,'en'),('Funcin',NULL,22,'es'),('Funtzioa',NULL,22,'eu'),('Fonction',NULL,22,'fr'),('Funcin',NULL,22,'gl'),('Funkcija',NULL,22,'hr'),('Funkci',NULL,22,'hu'),('Fungsi',NULL,22,'id'),('Virkni',NULL,22,'is'),('Funzione',NULL,22,'it'),('',NULL,22,'ja'),('',NULL,22,'ka'),('',NULL,22,'ko'),('Functie',NULL,22,'nl'),('Funkcja',NULL,22,'pl'),('Funo',NULL,22,'pt'),('Funo',NULL,22,'pt_BR'),('Funo',NULL,22,'pt-BR'),('Functia',NULL,22,'ro'),('Funkcija',NULL,22,'sl'),('',NULL,22,'sr'),('Funktion',NULL,22,'sv'),('',NULL,22,'th'),('Cc chc nng',NULL,22,'vi'),('',NULL,22,'zh'),('XML',NULL,23,'ar'),('XML',NULL,23,'ca'),('XML',NULL,23,'ca@valencia'),('XML',NULL,23,'cy'),('XML',NULL,23,'de'),('XML',NULL,23,'de_AT'),('XML',NULL,23,'de_CH'),('XML',NULL,23,'de-AT'),('XML',NULL,23,'de-CH'),('XML',NULL,23,'el'),('XML',NULL,23,'en'),('XML',NULL,23,'es'),('XML',NULL,23,'eu'),('XML',NULL,23,'fr'),('XML',NULL,23,'gl'),('XML',NULL,23,'hr'),('XML',NULL,23,'hu'),('XML',NULL,23,'id'),('XML',NULL,23,'is'),('XML',NULL,23,'it'),('XML',NULL,23,'ka'),('XML',NULL,23,'ko'),('XML',NULL,23,'pl'),('XML',NULL,23,'pt'),('XML',NULL,23,'pt_BR'),('XML',NULL,23,'pt-BR'),('XML',NULL,23,'sl'),('XML',NULL,23,'sr'),('XML',NULL,23,'sv'),('XML',NULL,23,'uz'),('XML',NULL,23,'vi'),('XML',NULL,23,'zh'),('CSV',NULL,24,'ar'),('CSV',NULL,24,'ca'),('CSV',NULL,24,'ca@valencia'),('CSV',NULL,24,'cy'),('CSV',NULL,24,'de'),('CSV',NULL,24,'de_AT'),('CSV',NULL,24,'de_CH'),('CSV',NULL,24,'de-AT'),('CSV',NULL,24,'de-CH'),('CSV',NULL,24,'el'),('CSV',NULL,24,'en'),('CSV',NULL,24,'es'),('CSV',NULL,24,'eu'),('CSV',NULL,24,'fr'),('CSV',NULL,24,'gl'),('CSV',NULL,24,'hr'),('CSV',NULL,24,'hu'),('CSV',NULL,24,'id'),('CSV',NULL,24,'is'),('CSV',NULL,24,'it'),('CSV',NULL,24,'ja'),('CSV',NULL,24,'ka'),('CSV',NULL,24,'ko'),('CSV',NULL,24,'pl'),('CSV',NULL,24,'pt'),('CSV',NULL,24,'pt_BR'),('CSV',NULL,24,'pt-BR'),('CSV',NULL,24,'sl'),('CSV',NULL,24,'sr'),('CSV',NULL,24,'sv'),('CSV',NULL,24,'vi'),('(CSV)',NULL,24,'zh'),('SKOS',NULL,25,'ar'),('SKOS',NULL,25,'ca'),('SKOS',NULL,25,'ca@valencia'),('SKOS',NULL,25,'cy'),('SKOS',NULL,25,'de'),('SKOS',NULL,25,'de_AT'),('SKOS',NULL,25,'de_CH'),('SKOS',NULL,25,'de-AT'),('SKOS',NULL,25,'de-CH'),('SKOS',NULL,25,'el'),('SKOS',NULL,25,'en'),('SKOS',NULL,25,'es'),('SKOS',NULL,25,'eu'),('SKOS',NULL,25,'fr'),('SKOS',NULL,25,'gl'),('SKOS',NULL,25,'hr'),('SKOS',NULL,25,'hu'),('SKOS',NULL,25,'id'),('SKOS',NULL,25,'is'),('SKOS',NULL,25,'it'),('SKOS',NULL,25,'ka'),('SKOS',NULL,25,'ko'),('SKOS',NULL,25,'pl'),('SKOS',NULL,25,'pt'),('SKOS',NULL,25,'pt_BR'),('SKOS',NULL,25,'pt-BR'),('SKOS',NULL,25,'ro'),('SKOS',NULL,25,'sl'),('SKOS',NULL,25,'sr'),('SKOS',NULL,25,'sv'),('SKOS',NULL,25,'uz'),('SKOS',NULL,25,'vi'),('',NULL,25,'zh'),('Usuaris',NULL,26,'ca'),('Usuaris',NULL,26,'ca@valencia'),('Uivatel',NULL,26,'cs'),('Defnyddwyr',NULL,26,'cy'),('Benutzer',NULL,26,'de'),('Benutzer',NULL,26,'de-CH'),('',NULL,26,'el'),('Users',NULL,26,'en'),('Usuarios',NULL,26,'es'),('Erabiltzaileak',NULL,26,'eu'),('',NULL,26,'fa'),('Utilisateurs',NULL,26,'fr'),('Usuarios',NULL,26,'gl'),('Korisnici',NULL,26,'hr'),('Felhasznlk',NULL,26,'hu'),('Pengguna',NULL,26,'id'),('Notendur',NULL,26,'is'),('Utenti',NULL,26,'it'),('',NULL,26,'ja'),('',NULL,26,'ka'),('',NULL,26,'ko'),('Gebruikers',NULL,26,'nl'),('Uytkownicy',NULL,26,'pl'),('Utilizadores',NULL,26,'pt'),('Usurios',NULL,26,'pt_BR'),('Usurios',NULL,26,'pt-BR'),('',NULL,26,'ru'),('Uporabniki',NULL,26,'sl'),('',NULL,26,'sr'),('Anvndare',NULL,26,'sv'),('',NULL,26,'th'),('Foydalanuvchilar',NULL,26,'uz'),('Ngi dng',NULL,26,'vi'),('',NULL,26,'zh'),('Perfil',NULL,27,'ca'),('Perfil',NULL,27,'ca@valencia'),('Proffil',NULL,27,'cy'),('Profil',NULL,27,'de'),('Profil',NULL,27,'de_AT'),('Profil',NULL,27,'de_CH'),('Profil',NULL,27,'de-AT'),('Profil',NULL,27,'de-CH'),('',NULL,27,'el'),('Profile',NULL,27,'en'),('Perfil',NULL,27,'es'),('Profila',NULL,27,'eu'),('Profil',NULL,27,'fr'),('Perfil',NULL,27,'gl'),('Profil',NULL,27,'hr'),('Profil',NULL,27,'hu'),('Profil',NULL,27,'id'),('Sa',NULL,27,'is'),('Profilo',NULL,27,'it'),('',NULL,27,'ja'),('',NULL,27,'ka'),('',NULL,27,'ko'),('Profiel',NULL,27,'nl'),('Profil',NULL,27,'pl'),('Perfil',NULL,27,'pt'),('Perfil',NULL,27,'pt_BR'),('Perfil',NULL,27,'pt-BR'),('Profil',NULL,27,'ro'),('',NULL,27,'ru'),('',NULL,27,'ru_RU'),('profil',NULL,27,'sl'),('',NULL,27,'sr'),('Profil',NULL,27,'sv'),('',NULL,27,'th'),('Profil',NULL,27,'uz'),('h s',NULL,27,'vi'),('',NULL,27,'zh'),('Permisos de les descripcions arxivstiques',NULL,28,'ca'),('Permisos de descripci arxivstica',NULL,28,'ca@valencia'),('Prva k archivnm popism',NULL,28,'cs'),('Hawliau disgrifiad archifol',NULL,28,'cy'),('Berechtigung fr archivische Beschreibungen',NULL,28,'de'),('Berechtigungen Archivische Beschreibung',NULL,28,'de-CH'),('Archival description permissions',NULL,28,'en'),('Information object permissions',NULL,28,'es'),('Artxibo deskribapenaren baimenak',NULL,28,'eu'),('Droits sur les descriptions archivistiques',NULL,28,'fr'),('Permisos de descricin arquivstica',NULL,28,'gl'),('Dozvole za opis arhivskog gradiva',NULL,28,'hr'),('Iratersi jogosultsgok',NULL,28,'hu'),('Ijin deskripsi kearsipan',NULL,28,'id'),('Permessi per la descrizione archivistica',NULL,28,'it'),('',NULL,28,'ja'),('  ',NULL,28,'ka'),(' ',NULL,28,'ko'),('Permisses da descrio arquivstica',NULL,28,'pt'),('Permisses para descries arquivsticas',NULL,28,'pt_BR'),('Permisses para descries arquivsticas',NULL,28,'pt-BR'),('Dovoljenja glede informacijskega objekta',NULL,28,'sl'),('  ',NULL,28,'sr'),('Arkivbeskrivningsbehrigheter',NULL,28,'sv'),('',NULL,28,'th'),('Arxiv tavsifiga huquqlar',NULL,28,'uz'),('Cho php m t lu tr',NULL,28,'vi'),('',NULL,28,'zh'),('Permisos del registre d\'autoritat',NULL,29,'ca'),('Permisos registre d\'autoritat',NULL,29,'ca@valencia'),('Hawliau cofnod awdurdod',NULL,29,'cy'),('Berechtigung fr Normdateien',NULL,29,'de'),('Authority record permissions',NULL,29,'en'),('Permisos del actor',NULL,29,'es'),('Autoretza erregistroaren baimenak',NULL,29,'eu'),('Droits sur les notices d\'autorit',NULL,29,'fr'),('Permisos de actor',NULL,29,'gl'),('Dozvole normiranog zapisa',NULL,29,'hr'),('Iratkpz lersi jogosultsgok',NULL,29,'hu'),('Izin Aktor',NULL,29,'id'),('Permessi per il record d\'autorit',NULL,29,'it'),('',NULL,29,'ja'),(' ',NULL,29,'ka'),(' ',NULL,29,'ko'),('Uprawnienia sprawcy/powoda',NULL,29,'pl'),('Permisses do registo de autoridade',NULL,29,'pt'),('Permisses de registro de autoridade',NULL,29,'pt_BR'),('Permisses de registro de autoridade',NULL,29,'pt-BR'),('Dovoljenja za delovalca',NULL,29,'sl'),('   ',NULL,29,'sr'),('Auktoritetspostbehrigheter',NULL,29,'sv'),('Avtoritet yozuv uchun huquqlar',NULL,29,'uz'),('Quyn truy Authority record',NULL,29,'vi'),('',NULL,29,'zh'),('Permisos de les institucions arxivstiques',NULL,30,'ca'),('Permisos institucions arxivstiques',NULL,30,'ca@valencia'),('Hawliau sefydliad archifol',NULL,30,'cy'),('Berechtigung fr Archive',NULL,30,'de'),('Archival institution permissions',NULL,30,'en'),('Permisos Instituciones archivsticas',NULL,30,'es'),('Erakunde artxibozainaren baimenak',NULL,30,'eu'),('Droits sur les institutions de conservation',NULL,30,'fr'),('Permisos de institucin arquivstica',NULL,30,'gl'),('Dozvole arhivske ustanove',NULL,30,'hr'),('Levltri intzmny jogosultsgok',NULL,30,'hu'),('Ijin lembaga kearsipan',NULL,30,'id'),('Heimildir vrslustofnunar',NULL,30,'is'),('Permessi dell\'istituto archivistico',NULL,30,'it'),('',NULL,30,'ja'),(' ',NULL,30,'ko'),('Permisses da instituio arquivstica',NULL,30,'pt'),('Permisses de instituies arquivsticas',NULL,30,'pt_BR'),('Permisses de entidades custodiadoras',NULL,30,'pt-BR'),('Dovoljenja glede arhivske ustanove',NULL,30,'sl'),('  ',NULL,30,'sr'),('Behrigheter fr arkivinstitutionen',NULL,30,'sv'),('Arxiv muassasasiga huquqlar',NULL,30,'uz'),('Cho php t chc lu tr',NULL,30,'vi'),('',NULL,30,'zh'),('Permisos per a les taxonomies',NULL,31,'ca'),('Permisos per a taxonomies',NULL,31,'ca@valencia'),('Hawliau tacsonomeg',NULL,31,'cy'),(' ',NULL,31,'el'),('Taxonomy permissions',NULL,31,'en'),('Permisos para taxonomas',NULL,31,'es'),('Taxonomiaren baimenak',NULL,31,'eu'),('Droits sur les rfrentiels',NULL,31,'fr'),('Permisos de taxonomas',NULL,31,'gl'),('Dozvole taksonomije',NULL,31,'hr'),('Taxonmiai jogosultsgok',NULL,31,'hu'),('Perijinan Taksonomi',NULL,31,'id'),('Permessi relativi alla tassonomia',NULL,31,'it'),('',NULL,31,'ja'),('  ',NULL,31,'ka'),(' ',NULL,31,'ko'),('Taxonomie permissies',NULL,31,'nl'),('Uprawnienia w zakresie taksonomii',NULL,31,'pl'),('Permisses da taxonomia',NULL,31,'pt'),('Permisses para taxonomia',NULL,31,'pt_BR'),('Permisses para taxonomia',NULL,31,'pt-BR'),('Dovoljenja za taksonomijo',NULL,31,'sl'),('  ',NULL,31,'sr'),('Taxonomibehrigheter',NULL,31,'sv'),('',NULL,31,'th'),('Ma\'lumotnoma huquqlari',NULL,31,'uz'),('Cho php phn loi',NULL,31,'vi'),('',NULL,31,'zh'),('Grups',NULL,32,'ca'),('Grups',NULL,32,'ca@valencia'),('Grwpiau',NULL,32,'cy'),('Gruppen',NULL,32,'de'),('Gruppen',NULL,32,'de-CH'),('',NULL,32,'el'),('Groups',NULL,32,'en'),('Grupos',NULL,32,'es'),('Taldeak',NULL,32,'eu'),('Groupes',NULL,32,'fr'),('Grupos',NULL,32,'gl'),('Grupe',NULL,32,'hr'),('Csoportok',NULL,32,'hu'),('Kelompok',NULL,32,'id'),('Hpar',NULL,32,'is'),('Gruppi',NULL,32,'it'),('',NULL,32,'ja'),('',NULL,32,'ka'),('',NULL,32,'ko'),('Groepen',NULL,32,'nl'),('Grupy',NULL,32,'pl'),('Grupos',NULL,32,'pt'),('Grupos',NULL,32,'pt_BR'),('Grupos',NULL,32,'pt-BR'),('',NULL,32,'ru'),('Skupine',NULL,32,'sl'),('',NULL,32,'sr'),('Grupper',NULL,32,'sv'),('',NULL,32,'th'),('Gruplar',NULL,32,'tr'),('Nhm',NULL,32,'vi'),('',NULL,32,'zh'),('Perfil',NULL,33,'ca'),('Perfil',NULL,33,'ca@valencia'),('Proffil',NULL,33,'cy'),('Profil',NULL,33,'de'),('Profil',NULL,33,'de_AT'),('Profil',NULL,33,'de_CH'),('Profil',NULL,33,'de-AT'),('Profil',NULL,33,'de-CH'),('',NULL,33,'el'),('Profile',NULL,33,'en'),('Perfil',NULL,33,'es'),('Profila',NULL,33,'eu'),('Profil',NULL,33,'fr'),('Perfil',NULL,33,'gl'),('Profil',NULL,33,'hr'),('Profil',NULL,33,'hu'),('Profil',NULL,33,'id'),('Sa',NULL,33,'is'),('Profilo',NULL,33,'it'),('',NULL,33,'ja'),('',NULL,33,'ka'),('',NULL,33,'ko'),('Profiel',NULL,33,'nl'),('Profil',NULL,33,'pl'),('Perfil',NULL,33,'pt'),('Perfil',NULL,33,'pt_BR'),('Perfil',NULL,33,'pt-BR'),('Profil',NULL,33,'ro'),('',NULL,33,'ru'),('',NULL,33,'ru_RU'),('profil',NULL,33,'sl'),('',NULL,33,'sr'),('Profil',NULL,33,'sv'),('',NULL,33,'th'),('Profil',NULL,33,'uz'),('h s',NULL,33,'vi'),('',NULL,33,'zh'),('Permisos de les descripcions arxivstiques',NULL,34,'ca'),('Permisos de descripci arxivstica',NULL,34,'ca@valencia'),('Prva k archivnm popism',NULL,34,'cs'),('Hawliau disgrifiad archifol',NULL,34,'cy'),('Berechtigung fr archivische Beschreibungen',NULL,34,'de'),('Berechtigungen Archivische Beschreibung',NULL,34,'de-CH'),('Archival description permissions',NULL,34,'en'),('Information object permissions',NULL,34,'es'),('Artxibo deskribapenaren baimenak',NULL,34,'eu'),('Droits sur les descriptions archivistiques',NULL,34,'fr'),('Permisos de descricin arquivstica',NULL,34,'gl'),('Dozvole za opis arhivskog gradiva',NULL,34,'hr'),('Iratersi jogosultsgok',NULL,34,'hu'),('Ijin deskripsi kearsipan',NULL,34,'id'),('Permessi per la descrizione archivistica',NULL,34,'it'),('',NULL,34,'ja'),('  ',NULL,34,'ka'),(' ',NULL,34,'ko'),('Permisses da descrio arquivstica',NULL,34,'pt'),('Permisses para descries arquivsticas',NULL,34,'pt_BR'),('Permisses para descries arquivsticas',NULL,34,'pt-BR'),('Dovoljenja glede informacijskega objekta',NULL,34,'sl'),('  ',NULL,34,'sr'),('Arkivbeskrivningsbehrigheter',NULL,34,'sv'),('',NULL,34,'th'),('Arxiv tavsifiga huquqlar',NULL,34,'uz'),('Cho php m t lu tr',NULL,34,'vi'),('',NULL,34,'zh'),('Permisos del registre d\'autoritat',NULL,35,'ca'),('Permisos registre d\'autoritat',NULL,35,'ca@valencia'),('Hawliau cofnod awdurdod',NULL,35,'cy'),('Berechtigung fr Normdateien',NULL,35,'de'),('Authority record permissions',NULL,35,'en'),('Permisos del actor',NULL,35,'es'),('Autoretza erregistroaren baimenak',NULL,35,'eu'),('Droits sur les notices d\'autorit',NULL,35,'fr'),('Permisos de actor',NULL,35,'gl'),('Dozvole normiranog zapisa',NULL,35,'hr'),('Iratkpz lersi jogosultsgok',NULL,35,'hu'),('Izin Aktor',NULL,35,'id'),('Permessi per il record d\'autorit',NULL,35,'it'),('',NULL,35,'ja'),(' ',NULL,35,'ka'),(' ',NULL,35,'ko'),('Uprawnienia sprawcy/powoda',NULL,35,'pl'),('Permisses do registo de autoridade',NULL,35,'pt'),('Permisses de registro de autoridade',NULL,35,'pt_BR'),('Permisses de registro de autoridade',NULL,35,'pt-BR'),('Dovoljenja za delovalca',NULL,35,'sl'),('   ',NULL,35,'sr'),('Auktoritetspostbehrigheter',NULL,35,'sv'),('Avtoritet yozuv uchun huquqlar',NULL,35,'uz'),('Quyn truy Authority record',NULL,35,'vi'),('',NULL,35,'zh'),('Permisos de les institucions arxivstiques',NULL,36,'ca'),('Permisos institucions arxivstiques',NULL,36,'ca@valencia'),('Hawliau sefydliad archifol',NULL,36,'cy'),('Berechtigung fr Archive',NULL,36,'de'),('Archival institution permissions',NULL,36,'en'),('Permisos Instituciones archivsticas',NULL,36,'es'),('Erakunde artxibozainaren baimenak',NULL,36,'eu'),('Droits sur les institutions de conservation',NULL,36,'fr'),('Permisos de institucin arquivstica',NULL,36,'gl'),('Dozvole arhivske ustanove',NULL,36,'hr'),('Levltri intzmny jogosultsgok',NULL,36,'hu'),('Ijin lembaga kearsipan',NULL,36,'id'),('Heimildir vrslustofnunar',NULL,36,'is'),('Permessi dell\'istituto archivistico',NULL,36,'it'),('',NULL,36,'ja'),(' ',NULL,36,'ko'),('Permisses da instituio arquivstica',NULL,36,'pt'),('Permisses de instituies arquivsticas',NULL,36,'pt_BR'),('Permisses de entidades custodiadoras',NULL,36,'pt-BR'),('Dovoljenja glede arhivske ustanove',NULL,36,'sl'),('  ',NULL,36,'sr'),('Behrigheter fr arkivinstitutionen',NULL,36,'sv'),('Arxiv muassasasiga huquqlar',NULL,36,'uz'),('Cho php t chc lu tr',NULL,36,'vi'),('',NULL,36,'zh'),('Permisos per a les taxonomies',NULL,37,'ca'),('Permisos per a taxonomies',NULL,37,'ca@valencia'),('Hawliau tacsonomeg',NULL,37,'cy'),(' ',NULL,37,'el'),('Taxonomy permissions',NULL,37,'en'),('Permisos para taxonomas',NULL,37,'es'),('Taxonomiaren baimenak',NULL,37,'eu'),('Droits sur les rfrentiels',NULL,37,'fr'),('Permisos de taxonomas',NULL,37,'gl'),('Dozvole taksonomije',NULL,37,'hr'),('Taxonmiai jogosultsgok',NULL,37,'hu'),('Perijinan Taksonomi',NULL,37,'id'),('Permessi relativi alla tassonomia',NULL,37,'it'),('',NULL,37,'ja'),('  ',NULL,37,'ka'),(' ',NULL,37,'ko'),('Taxonomie permissies',NULL,37,'nl'),('Uprawnienia w zakresie taksonomii',NULL,37,'pl'),('Permisses da taxonomia',NULL,37,'pt'),('Permisses para taxonomia',NULL,37,'pt_BR'),('Permisses para taxonomia',NULL,37,'pt-BR'),('Dovoljenja za taksonomijo',NULL,37,'sl'),('  ',NULL,37,'sr'),('Taxonomibehrigheter',NULL,37,'sv'),('',NULL,37,'th'),('Ma\'lumotnoma huquqlari',NULL,37,'uz'),('Cho php phn loi',NULL,37,'vi'),('',NULL,37,'zh'),('Pgines esttiques',NULL,38,'ca'),('Pgines esttiques',NULL,38,'ca@valencia'),('Tudalennau statig',NULL,38,'cy'),('Statische Seiten',NULL,38,'de'),('Statische Seiten',NULL,38,'de-CH'),(' ',NULL,38,'el'),('Static pages',NULL,38,'en'),('Pginas estticas',NULL,38,'es'),('Orrialde estatikoak',NULL,38,'eu'),(' ',NULL,38,'fa'),('Pages statiques',NULL,38,'fr'),('Pxinas estticas',NULL,38,'gl'),('Statika stranica',NULL,38,'hr'),('Statikus oldalak',NULL,38,'hu'),('Halaman statik',NULL,38,'id'),('Pagine statiche',NULL,38,'it'),('',NULL,38,'ja'),('- ',NULL,38,'ka'),(' ',NULL,38,'ko'),('statische pagina\'s',NULL,38,'nl'),('Strony statyczne',NULL,38,'pl'),('Pginas estticas',NULL,38,'pt'),('Pginas estticas',NULL,38,'pt_BR'),('Pginas estticas',NULL,38,'pt-BR'),('Statine strani',NULL,38,'sl'),('e e',NULL,38,'sr'),('Statiska sidor',NULL,38,'sv'),('',NULL,38,'th'),('Sahifalar',NULL,38,'uz'),('Trang tnh',NULL,38,'vi'),('',NULL,38,'zh'),('Mens',NULL,39,'ca'),('Mens',NULL,39,'ca@valencia'),('Arlwyon',NULL,39,'cy'),('Mens',NULL,39,'de'),('Mens',NULL,39,'de-CH'),('',NULL,39,'el'),('Menus',NULL,39,'en'),('Mens',NULL,39,'es'),('Menuak',NULL,39,'eu'),('Menus',NULL,39,'fr'),('Mens',NULL,39,'gl'),('Izbornici',NULL,39,'hr'),('Menk',NULL,39,'hu'),('Menu',NULL,39,'id'),('Valmyndir',NULL,39,'is'),('Menu',NULL,39,'it'),('',NULL,39,'ja'),('',NULL,39,'ka'),('',NULL,39,'ko'),('Listy menu',NULL,39,'pl'),('Menus',NULL,39,'pt'),('Menus',NULL,39,'pt_BR'),('Menus',NULL,39,'pt-BR'),('',NULL,39,'ru'),('Meniji',NULL,39,'sl'),('',NULL,39,'sr'),('Menyer',NULL,39,'sv'),('Menyular',NULL,39,'uz'),('Menus',NULL,39,'vi'),('',NULL,39,'zh'),('Connectors',NULL,40,'ca'),('Plugins',NULL,40,'ca@valencia'),('Plugins',NULL,40,'cy'),('Plugins',NULL,40,'de'),('Plugins',NULL,40,'de-CH'),('',NULL,40,'el'),('Plugins',NULL,40,'en'),('Plugins',NULL,40,'es'),('Pluginak',NULL,40,'eu'),('Extensions',NULL,40,'fr'),('Dodaci',NULL,40,'hr'),('Bvtmnyek',NULL,40,'hu'),('Plugin',NULL,40,'id'),('Vibtur',NULL,40,'is'),('Plugin',NULL,40,'it'),('',NULL,40,'ja'),('',NULL,40,'ka'),('',NULL,40,'ko'),('Wtyczki/pluginy',NULL,40,'pl'),('Componentes',NULL,40,'pt'),('Plugins',NULL,40,'pt_BR'),('Plugins',NULL,40,'pt-BR'),('',NULL,40,'ru'),('Vtiniki',NULL,40,'sl'),(' ',NULL,40,'sr'),('Plugins',NULL,40,'sv'),('',NULL,40,'th'),('Plaginlar',NULL,40,'uz'),('Plugins',NULL,40,'vi'),('',NULL,40,'zh'),('Plantilles',NULL,41,'ca'),('Temes',NULL,41,'ca@valencia'),('Themu',NULL,41,'cy'),('Themen',NULL,41,'de'),('Themen',NULL,41,'de-CH'),('Themes',NULL,41,'en'),('Temas',NULL,41,'es'),('Itxura-azala',NULL,41,'eu'),('Thmes',NULL,41,'fr'),('Temas',NULL,41,'gl'),('Teme',NULL,41,'hr'),('Sminkek',NULL,41,'hu'),('Tema',NULL,41,'id'),('emu',NULL,41,'is'),('Temi',NULL,41,'it'),('',NULL,41,'ja'),('',NULL,41,'ka'),('',NULL,41,'ko'),('Thema\'s',NULL,41,'nl'),('Motywy',NULL,41,'pl'),('Temas',NULL,41,'pt'),('Temas',NULL,41,'pt_BR'),('Temas',NULL,41,'pt-BR'),('',NULL,41,'ru'),('Teme',NULL,41,'sl'),('',NULL,41,'sr'),('Teman',NULL,41,'sv'),('Shablonlar',NULL,41,'uz'),('Chu ',NULL,41,'vi'),('',NULL,41,'zh'),('Parmetres',NULL,42,'ca'),('Configuraci',NULL,42,'ca@valencia'),('Gosodiadau',NULL,42,'cy'),('Einstellungen',NULL,42,'de'),('Einstellungen',NULL,42,'de-CH'),('',NULL,42,'el'),('Settings',NULL,42,'en'),('Configuraciones',NULL,42,'es'),('Ezarpenak',NULL,42,'eu'),('',NULL,42,'fa'),('Paramtrages',NULL,42,'fr'),('Configuraciones',NULL,42,'gl'),('Postavke',NULL,42,'hr'),('Belltsok',NULL,42,'hu'),('Pengaturan',NULL,42,'id'),('Stillingar',NULL,42,'is'),('Impostazioni',NULL,42,'it'),('',NULL,42,'ja'),(', .',NULL,42,'ka'),('',NULL,42,'ko'),('Instellingen',NULL,42,'nl'),('Ustawienia',NULL,42,'pl'),('Configuraes',NULL,42,'pt'),('Configuraes',NULL,42,'pt_BR'),('Configuraes',NULL,42,'pt-BR'),('Nastavitve',NULL,42,'sl'),('',NULL,42,'sr'),('Instllningar',NULL,42,'sv'),('',NULL,42,'th'),('Sozlamalar',NULL,42,'uz'),('Ci t',NULL,42,'vi'),('',NULL,42,'zh'),('Actualitzacions de descripci',NULL,43,'ca'),('Actualitzacions de descripci',NULL,43,'ca@valencia'),('Diweddariadau disgrifiad',NULL,43,'cy'),('Aktualisierung der Beschreibung',NULL,43,'de'),('Aktualisierung der Beschreibung',NULL,43,'de-CH'),(' ',NULL,43,'el'),('Description updates',NULL,43,'en'),('Actualizaciones de descripcin',NULL,43,'es'),('Eguneraketen deskribapena',NULL,43,'eu'),('Mises  jour de la description',NULL,43,'fr'),('Actualizacins da descricin',NULL,43,'gl'),('Aktualiziranja opisa',NULL,43,'hr'),('Lersi frisstsek',NULL,43,'hu'),('Update Dekripsi',NULL,43,'id'),('Aggiornamenti della descrizione',NULL,43,'it'),('',NULL,43,'ja'),(' ,   ',NULL,43,'ka'),(' ',NULL,43,'ko'),('Wijzigingen van de beschrijving',NULL,43,'nl'),('Uaktualnienia opisu',NULL,43,'pl'),('Atualizaes da descrio',NULL,43,'pt'),('Atualizaes da descrio',NULL,43,'pt_BR'),('Atualizaes da descrio',NULL,43,'pt-BR'),('Posodobitve popisa',NULL,43,'sl'),('e ',NULL,43,'sr'),('Beskrivningsuppdateringar',NULL,43,'sv'),('',NULL,43,'th'),('Cp nht m t',NULL,43,'vi'),('',NULL,43,'zh'),('  / ',NULL,44,'ar'),('Cerca/reemplaa a nivell global',NULL,44,'ca'),('Cercar/reemplaar global',NULL,44,'ca@valencia'),('Chwilio/amnewid traws-systemol',NULL,44,'cy'),('Allgemeines Suchen/Ersetzen',NULL,44,'de'),('Allgemeines Suchen/Ersetzen',NULL,44,'de_AT'),('Allgemeines Suchen/Ersetzen',NULL,44,'de_CH'),('Allgemeines Suchen/Ersetzen',NULL,44,'de-AT'),('Allgemeines Suchen/Ersetzen',NULL,44,'de-CH'),(' /',NULL,44,'el'),('Global search/replace',NULL,44,'en'),('Buscar/reemplazar global',NULL,44,'es'),('Bilaketa/ordezkatze globala',NULL,44,'eu'),('Recherche et remplacement gnraux',NULL,44,'fr'),('Bsqueda global/Reemprazar',NULL,44,'gl'),('Globalna pretraga/zamjena',NULL,44,'hr'),('Keress/csere a teljes adatbzisban',NULL,44,'hu'),('Pencarian/penggantian menyeluruh',NULL,44,'id'),('Vvr leit/skipti',NULL,44,'is'),('Ricerca/Sostituisci (globale)',NULL,44,'it'),(' /',NULL,44,'ja'),('  /',NULL,44,'ka'),(' /',NULL,44,'ko'),('Pesquisa/substituio global',NULL,44,'pt'),('Pesquisa/substituio global',NULL,44,'pt_BR'),('Pesquisa/substituio global',NULL,44,'pt-BR'),('Ii/zamenjaj v celotnem programu',NULL,44,'sl'),(' /',NULL,44,'sr'),('Global sk/erstt',NULL,44,'sv'),(' / ',NULL,44,'ta'),(' /  ',NULL,44,'th'),('Tm hiu phm vi quc t/ thay th',NULL,44,'vi'),('/',NULL,44,'zh'),(' ',NULL,45,'ar'),('Inici',NULL,45,'ca'),('Inici',NULL,45,'ca@valencia'),('Hafan',NULL,45,'cy'),('Startseite',NULL,45,'de'),('Startseite',NULL,45,'de_AT'),('Startseite',NULL,45,'de_CH'),('Startseite',NULL,45,'de-AT'),('Startseite',NULL,45,'de-CH'),('',NULL,45,'el'),('Home',NULL,45,'en'),('Inicio',NULL,45,'es'),('Orrialde nagusia',NULL,45,'eu'),(' ',NULL,45,'fa'),('Accueil',NULL,45,'fr'),('Inicio',NULL,45,'gl'),('Poetna stranica',NULL,45,'hr'),('Kezdlap',NULL,45,'hu'),('Beranda',NULL,45,'id'),('Heim',NULL,45,'is'),('Pagina iniziale',NULL,45,'it'),('',NULL,45,'ja'),('',NULL,45,'ka'),('',NULL,45,'ko'),('home',NULL,45,'nl'),('Strona Domowa',NULL,45,'pl'),('Incio',NULL,45,'pt'),('Incio',NULL,45,'pt_BR'),('Incio',NULL,45,'pt-BR'),('Domov',NULL,45,'sl'),(' ',NULL,45,'sr'),('Hem',NULL,45,'sv'),('',NULL,45,'ta'),('Bosh sahifa',NULL,45,'uz'),('Trang ch',NULL,45,'vi'),('',NULL,45,'zh'),('Quant a',NULL,46,'ca'),('Sobre',NULL,46,'ca@valencia'),('Ynghylch',NULL,46,'cy'),('ber',NULL,46,'de'),('ber',NULL,46,'de-CH'),('',NULL,46,'el'),('About',NULL,46,'en'),('Acerca',NULL,46,'es'),('Buruz',NULL,46,'eu'),(' ',NULL,46,'fa'),(' propos',NULL,46,'fr'),('Acerca',NULL,46,'gl'),('Informacije',NULL,46,'hr'),('Info',NULL,46,'hu'),('Tentang Kami',NULL,46,'id'),('Um',NULL,46,'is'),('Riguardo',NULL,46,'it'),('',NULL,46,'ja'),('',NULL,46,'ka'),('About',NULL,46,'ko'),('Over',NULL,46,'nl'),('O...',NULL,46,'pl'),('Sobre',NULL,46,'pt'),('Sobre',NULL,46,'pt_BR'),('Sobre',NULL,46,'pt-BR'),('O programu',NULL,46,'sl'),('',NULL,46,'sr'),('Om',NULL,46,'sv'),('Ma\'lumot',NULL,46,'uz'),('V',NULL,46,'vi'),('',NULL,46,'zh'),('Polisi Preifatrwydd',NULL,47,'cy'),('Privacy Policy',NULL,47,'en'),('Politique de confidentialit',NULL,47,'fr'),('Politika privatnosti',NULL,47,'hr'),('Kebijakan Privasi',NULL,47,'id'),('',NULL,47,'ja'),('Poltica de privacidade',NULL,47,'pt'),('Poltica de Privacidade',NULL,47,'pt_BR'),('Sekretesspolicy',NULL,47,'sv'),('Ajuda',NULL,48,'ca'),('Ajuda',NULL,48,'ca@valencia'),('Cymorth',NULL,48,'cy'),('Hilfe',NULL,48,'de'),('Hilfe',NULL,48,'de-CH'),('',NULL,48,'el'),('Help',NULL,48,'en'),('Ayuda',NULL,48,'es'),('Laguntza',NULL,48,'eu'),('',NULL,48,'fa'),('Aide',NULL,48,'fr'),('Axuda',NULL,48,'gl'),('Pomo',NULL,48,'hr'),('Sg',NULL,48,'hu'),('Bantuan',NULL,48,'id'),('Hjlp',NULL,48,'is'),('Aiuto',NULL,48,'it'),('',NULL,48,'ja'),('',NULL,48,'ka'),('',NULL,48,'ko'),('Help',NULL,48,'nl'),('Pomoc',NULL,48,'pl'),('Ajuda',NULL,48,'pt'),('Ajuda',NULL,48,'pt_BR'),('Ajuda',NULL,48,'pt-BR'),('',NULL,48,'ru'),('Pomo',NULL,48,'sl'),('',NULL,48,'sr'),('Hjlp',NULL,48,'sv'),('Yardm',NULL,48,'tr'),('Help',NULL,48,'vi'),('',NULL,48,'zh'),('El meu perfil',NULL,49,'ca'),('El meu perfil',NULL,49,'ca@valencia'),('Fy mhroffil',NULL,49,'cy'),('Mein Profil',NULL,49,'de'),('Mein Profil',NULL,49,'de-CH'),('  ',NULL,49,'el'),('My profile',NULL,49,'en'),('Mi perfil',NULL,49,'es'),('Nire profila',NULL,49,'eu'),('Mon profil',NULL,49,'fr'),('O meu perfil',NULL,49,'gl'),('Moj profil',NULL,49,'hr'),('Sajt profilom',NULL,49,'hu'),('Profil saya',NULL,49,'id'),('San mn',NULL,49,'is'),('Il mio profilo',NULL,49,'it'),('',NULL,49,'ja'),(' ',NULL,49,'ka'),(' ',NULL,49,'ko'),('Mijn profiel',NULL,49,'nl'),('Mj profil',NULL,49,'pl'),('O meu perfil',NULL,49,'pt'),('Meu perfil',NULL,49,'pt_BR'),('Meu perfil',NULL,49,'pt-BR'),(' ',NULL,49,'ru'),('Moj profil',NULL,49,'sl'),(' ',NULL,49,'sr'),('Min profil',NULL,49,'sv'),('',NULL,49,'th'),('Mening profilim',NULL,49,'uz'),('H s ca ti',NULL,49,'vi'),('',NULL,49,'zh'),(' ',NULL,50,'ar'),('Inicieu sessi',NULL,50,'ca'),('Entrar',NULL,50,'ca@valencia'),('Pihlsit se',NULL,50,'cs'),('Mewngofnodi',NULL,50,'cy'),('Anmelden',NULL,50,'de'),('Anmelden',NULL,50,'de_AT'),('Anmelden',NULL,50,'de_CH'),('Anmelden',NULL,50,'de-AT'),('Anmelden',NULL,50,'de-CH'),('',NULL,50,'el'),('Log in',NULL,50,'en'),('Iniciar sesin',NULL,50,'es'),('Saioa hasi',NULL,50,'eu'),('  ',NULL,50,'fa'),('Ouverture de session',NULL,50,'fr'),('Iniciar sesin',NULL,50,'gl'),('Prijava',NULL,50,'hr'),('Bejelentkezs',NULL,50,'hu'),('Log in',NULL,50,'id'),('Innskrning',NULL,50,'is'),('Accedi',NULL,50,'it'),('',NULL,50,'ja'),('',NULL,50,'ka'),('',NULL,50,'ko'),('Inloggen',NULL,50,'nl'),('Logowanie',NULL,50,'pl'),('Entrar',NULL,50,'pt'),('Entrar',NULL,50,'pt_BR'),('Entrar',NULL,50,'pt-BR'),('',NULL,50,'ru'),('',NULL,50,'ru_RU'),('Prijava',NULL,50,'sl'),(' ',NULL,50,'sr'),('Logga in',NULL,50,'sv'),('',NULL,50,'ta'),('',NULL,50,'th'),('Kirish',NULL,50,'uz'),('ng nhp',NULL,50,'vi'),('',NULL,50,'zh'),('Tanca la sessi',NULL,51,'ca'),('Tancar sessi',NULL,51,'ca@valencia'),('Odhlsit se',NULL,51,'cs'),('Allgofnodi',NULL,51,'cy'),('Abmelden',NULL,51,'de'),('Abmelden',NULL,51,'de_AT'),('Abmelden',NULL,51,'de_CH'),('Abmelden',NULL,51,'de-AT'),('Abmelden',NULL,51,'de-CH'),('',NULL,51,'el'),('Log out',NULL,51,'en'),('cerrar sesin',NULL,51,'es'),('Saioa amaitu',NULL,51,'eu'),('',NULL,51,'fa'),('Fermeture de session',NULL,51,'fr'),('Pechar sesin',NULL,51,'gl'),('Odjava',NULL,51,'hr'),('Kijelentkezs',NULL,51,'hu'),('Log out',NULL,51,'id'),('tskrning',NULL,51,'is'),('Esci',NULL,51,'it'),('',NULL,51,'ja'),('',NULL,51,'ka'),('',NULL,51,'ko'),('uitloggen',NULL,51,'nl'),('Sair',NULL,51,'pt'),('Sair',NULL,51,'pt_BR'),('Sair',NULL,51,'pt-BR'),('Iesiti',NULL,51,'ro'),('',NULL,51,'ru'),('',NULL,51,'ru_RU'),('odjava',NULL,51,'sl'),(' ',NULL,51,'sr'),('Logga ut',NULL,51,'sv'),('Chiqish',NULL,51,'uz'),('ng xut',NULL,51,'vi'),('',NULL,51,'zh'),('Descripcions arxivstiques',NULL,52,'ca'),('Descripcions arxivstiques',NULL,52,'ca@valencia'),('Archivn popisy',NULL,52,'cs'),('Disgrifiadau archifol',NULL,52,'cy'),('Archivische Beschreibungen',NULL,52,'de'),('Archivische Beschreibungen',NULL,52,'de-CH'),(' ',NULL,52,'el'),('Archival descriptions',NULL,52,'en'),('Descripcin archivstica',NULL,52,'es'),('Artxibo deskribapenak',NULL,52,'eu'),('Descriptions archivistiques',NULL,52,'fr'),('Descricin arquivstica',NULL,52,'gl'),('Opisi arhivskog gradiva',NULL,52,'hr'),('Iratersok',NULL,52,'hu'),('Deskripsi kearsipan',NULL,52,'id'),('Lsandi samantektir',NULL,52,'is'),('Descrizioni archivistiche',NULL,52,'it'),('',NULL,52,'ja'),(' ',NULL,52,'ko'),('archivistische beschrijving',NULL,52,'nl'),('Descries arquivsticas',NULL,52,'pt'),('Descries arquivsticas',NULL,52,'pt_BR'),('Descries arquivsticas',NULL,52,'pt-BR'),(' ',NULL,52,'ru'),('arhivski opisi',NULL,52,'sl'),(' ',NULL,52,'sr'),('Arkivbeskrivningar',NULL,52,'sv'),('Arxiv tavsiflari',NULL,52,'uz'),('M t lu tr',NULL,52,'vi'),('',NULL,52,'zh'),('Registres d\'autoritat',NULL,53,'ca'),('Registre d\'autoritats',NULL,53,'ca@valencia'),('Cofnodion awdurdod',NULL,53,'cy'),('Normdatenstze',NULL,53,'de'),('Normdateien',NULL,53,'de-CH'),(' ',NULL,53,'el'),('Authority records',NULL,53,'en'),('Registro de autoridad',NULL,53,'es'),('Autoretza erregistroak',NULL,53,'eu'),('Notices d\'autorit',NULL,53,'fr'),('Rexistros de autoridade',NULL,53,'gl'),('Normirani zapisi',NULL,53,'hr'),('Iratkpzk',NULL,53,'hu'),('Informasi pencipta arsip',NULL,53,'id'),('Nafnspjld',NULL,53,'is'),('Record d\'autorit',NULL,53,'it'),('',NULL,53,'ja'),('',NULL,53,'ko'),('geautoriseerd bestand',NULL,53,'nl'),('Registos de autoridade',NULL,53,'pt'),('Registros de autoridade',NULL,53,'pt_BR'),('Registros de autoridade',NULL,53,'pt-BR'),('normativni zapisi',NULL,53,'sl'),(' ',NULL,53,'sr'),('Auktoritetsposter',NULL,53,'sv'),('Avtoritet yozuvlar',NULL,53,'uz'),('Biu ghi tiu',NULL,53,'vi'),('',NULL,53,'zh'),('Institucions arxivstiques',NULL,54,'ca'),('Institucions arxivstiques',NULL,54,'ca@valencia'),('Sefydladau archifol',NULL,54,'cy'),('Archive',NULL,54,'de'),('Archive',NULL,54,'de-CH'),(' ',NULL,54,'el'),('Archival institutions',NULL,54,'en'),('Instituciones archivsticas',NULL,54,'es'),('Artxibo erakundeak',NULL,54,'eu'),('Services d\'archives',NULL,54,'fr'),('Repositorios',NULL,54,'gl'),('Arhivske ustanove',NULL,54,'hr'),('Levltrak',NULL,54,'hu'),('Repositori',NULL,54,'id'),('Vrslustofnanir',NULL,54,'is'),('Istituzione archivistica',NULL,54,'it'),('',NULL,54,'ja'),('',NULL,54,'ka'),('',NULL,54,'ko'),('archiefinstelling',NULL,54,'nl'),('Instituio arquivstica',NULL,54,'pt'),('Instituies arquivsticas',NULL,54,'pt_BR'),('Entidades custodiadoras',NULL,54,'pt-BR'),(' ',NULL,54,'ru'),('arhivske ustanove',NULL,54,'sl'),(' ',NULL,54,'sr'),('Arkivinstitutioner',NULL,54,'sv'),('',NULL,54,'th'),('Arxiv muassasalari',NULL,54,'uz'),('T chc lu tr',NULL,54,'vi'),('',NULL,54,'zh'),('Funcions',NULL,55,'ca'),('Funcions',NULL,55,'ca@valencia'),('Ffwythiannau',NULL,55,'cy'),('Funktionen',NULL,55,'de'),('Funktionen',NULL,55,'de-CH'),('',NULL,55,'el'),('Functions',NULL,55,'en'),('Funciones',NULL,55,'es'),('Funtzioak',NULL,55,'eu'),('Fonctions',NULL,55,'fr'),('Funcins',NULL,55,'gl'),('Funkcije',NULL,55,'hr'),('Funkcik',NULL,55,'hu'),('Fungsi',NULL,55,'id'),('Starfssvi',NULL,55,'is'),('Funzioni',NULL,55,'it'),('',NULL,55,'ja'),('',NULL,55,'ka'),('',NULL,55,'ko'),('Functies',NULL,55,'nl'),('Funkcja',NULL,55,'pl'),('Funes',NULL,55,'pt'),('Funes',NULL,55,'pt_BR'),('Funes',NULL,55,'pt-BR'),('Funkcije',NULL,55,'sl'),('',NULL,55,'sr'),('Funktioner',NULL,55,'sv'),('',NULL,55,'th'),('Cc chc nng',NULL,55,'vi'),('',NULL,55,'zh'),('',NULL,56,'ar'),('Matries',NULL,56,'ca'),('Matries',NULL,56,'ca@valencia'),('Pynciau',NULL,56,'cy'),('Themen',NULL,56,'de'),('Themen',NULL,56,'de_AT'),('Themen',NULL,56,'de_CH'),('Themen',NULL,56,'de-AT'),('Themen',NULL,56,'de-CH'),('',NULL,56,'el'),('Subjects',NULL,56,'en'),('Materias',NULL,56,'es'),('Gaiak',NULL,56,'eu'),('Sujets',NULL,56,'fr'),('Materias',NULL,56,'gl'),('Predmeti',NULL,56,'hr'),('Tmk',NULL,56,'hu'),('Subjek',NULL,56,'id'),('Vifangsefni',NULL,56,'is'),('Soggetti',NULL,56,'it'),('',NULL,56,'ja'),('',NULL,56,'ka'),('',NULL,56,'ko'),('Onderwerpen',NULL,56,'nl'),('Assuntos',NULL,56,'pt'),('Assuntos',NULL,56,'pt_BR'),('Assuntos',NULL,56,'pt-BR'),('',NULL,56,'ru'),('',NULL,56,'ru_RU'),('Osebe',NULL,56,'sl'),('',NULL,56,'sr'),('mnen',NULL,56,'sv'),('',NULL,56,'ta'),('',NULL,56,'th'),('Mavzular',NULL,56,'uz'),('Ch ',NULL,56,'vi'),('',NULL,56,'zh'),('',NULL,57,'ar'),('Llocs',NULL,57,'ca'),('Llocs',NULL,57,'ca@valencia'),('Lleoedd',NULL,57,'cy'),('Orte',NULL,57,'de'),('Orte',NULL,57,'de_AT'),('Orte',NULL,57,'de_CH'),('Orte',NULL,57,'de-AT'),('Orte',NULL,57,'de-CH'),('',NULL,57,'el'),('Places',NULL,57,'en'),('Lugares',NULL,57,'es'),('Lekuak',NULL,57,'eu'),(' ',NULL,57,'fa'),('Lieux',NULL,57,'fr'),('Lugares',NULL,57,'gl'),('Mjesta',NULL,57,'hr'),('Helyek',NULL,57,'hu'),('Tempat',NULL,57,'id'),('Stair',NULL,57,'is'),('Luoghi',NULL,57,'it'),('',NULL,57,'ja'),('',NULL,57,'ka'),('',NULL,57,'ko'),('Plaatsen',NULL,57,'nl'),('Miejsca',NULL,57,'pl'),('Locais',NULL,57,'pt'),('Locais',NULL,57,'pt_BR'),('Locais',NULL,57,'pt-BR'),('',NULL,57,'ru'),('',NULL,57,'ru_RU'),('Kraji',NULL,57,'sl'),('',NULL,57,'sr'),('Platser',NULL,57,'sv'),('',NULL,57,'ta'),('',NULL,57,'th'),('Mekanlar',NULL,57,'tr'),('Joylar',NULL,57,'uz'),('a im',NULL,57,'vi'),('',NULL,57,'zh'),(' ',NULL,58,'ar'),('Objectes digitals',NULL,58,'ca'),('Objectes digitals',NULL,58,'ca@valencia'),('Gwrthrychau digidol',NULL,58,'cy'),('Digitales Objekt',NULL,58,'de'),('Digitales Objekt',NULL,58,'de_AT'),('Digitale Objekte',NULL,58,'de_CH'),('Digitales Objekt',NULL,58,'de-AT'),('Digitale Objekte',NULL,58,'de-CH'),(' ',NULL,58,'el'),('Digital objects',NULL,58,'en'),('Objetos digitales',NULL,58,'es'),('Objektu digitalak',NULL,58,'eu'),('Documents numriques',NULL,58,'fr'),('Obxectos dixitais',NULL,58,'gl'),('Digitalni objekti',NULL,58,'hr'),('Digitlis obkektumok',NULL,58,'hu'),('Objek Digital',NULL,58,'id'),('Stafrnar einingar',NULL,58,'is'),('Oggetti digitali',NULL,58,'it'),('',NULL,58,'ja'),(' ',NULL,58,'ka'),(' ',NULL,58,'ko'),('Digitale objecten',NULL,58,'nl'),('Obiekty cyfrowe',NULL,58,'pl'),('Objeto digital',NULL,58,'pt'),('Objetos digitais',NULL,58,'pt_BR'),('Objetos digitais',NULL,58,'pt-BR'),(' ',NULL,58,'ru'),(' ',NULL,58,'ru_RU'),('Digitalni predmeti',NULL,58,'sl'),(' ',NULL,58,'sr'),('Digitala objekt',NULL,58,'sv'),(' / ?',NULL,58,'ta'),('',NULL,58,'th'),('Raqamli resurslar',NULL,58,'uz'),('Tng k thut s',NULL,58,'vi'),('',NULL,58,'zh'),(' ',NULL,59,'ar'),('Elements pblics',NULL,59,'ca'),('Elements visibles',NULL,59,'ca@valencia'),('Elfennau gweladwy',NULL,59,'cy'),('Sichtbare Elemente',NULL,59,'de'),('Sichtbare Elemente',NULL,59,'de_AT'),('Sichtbare Elemente',NULL,59,'de_CH'),('Sichtbare Elemente',NULL,59,'de-AT'),('Sichtbare Elemente',NULL,59,'de-CH'),(' ',NULL,59,'el'),('Visible elements',NULL,59,'en'),('Elementos visibles',NULL,59,'es'),('Ikusgai dauden elementuak',NULL,59,'eu'),('lments visibles',NULL,59,'fr'),('Elementos visbeis',NULL,59,'gl'),('Vidljivi elementi',NULL,59,'hr'),('Lthat elemek',NULL,59,'hu'),('Elemen terlihat',NULL,59,'id'),('Snileg hylki',NULL,59,'is'),('Elementi visibili',NULL,59,'it'),('',NULL,59,'ja'),(' ',NULL,59,'ka'),(' ',NULL,59,'ko'),('Elementos visveis',NULL,59,'pt'),('Elementos visiveis',NULL,59,'pt_BR'),('Elementos visiveis',NULL,59,'pt-BR'),(' ',NULL,59,'ru'),(' ',NULL,59,'ru_RU'),('Vidni elementi',NULL,59,'sl'),(' ',NULL,59,'sr'),('Synliga element',NULL,59,'sv'),('elements,',NULL,59,'th'),('Ko\'rinuvchan elementlar',NULL,59,'uz'),('Yu t co th thy',NULL,59,'vi'),('',NULL,59,'zh'),('Pgines esttiques',NULL,60,'ca'),('Pgines esttiques',NULL,60,'ca@valencia'),('Tudalennau statig',NULL,60,'cy'),('Statische Seiten',NULL,60,'de'),('Statische Seiten',NULL,60,'de-CH'),(' ',NULL,60,'el'),('Static pages',NULL,60,'en'),('Pginas estticas',NULL,60,'es'),('Orrialde estatikoak',NULL,60,'eu'),(' ',NULL,60,'fa'),('Pages statiques',NULL,60,'fr'),('Pxinas estticas',NULL,60,'gl'),('Statika stranica',NULL,60,'hr'),('Statikus oldalak',NULL,60,'hu'),('Halaman statik',NULL,60,'id'),('Pagine statiche',NULL,60,'it'),('',NULL,60,'ja'),('- ',NULL,60,'ka'),(' ',NULL,60,'ko'),('statische pagina\'s',NULL,60,'nl'),('Strony statyczne',NULL,60,'pl'),('Pginas estticas',NULL,60,'pt'),('Pginas estticas',NULL,60,'pt_BR'),('Pginas estticas',NULL,60,'pt-BR'),('Statine strani',NULL,60,'sl'),('e e',NULL,60,'sr'),('Statiska sidor',NULL,60,'sv'),('',NULL,60,'th'),('Sahifalar',NULL,60,'uz'),('Trang tnh',NULL,60,'vi'),('',NULL,60,'zh'),('',NULL,61,'ar'),('Portaretalls',NULL,61,'ca'),('Clipfwrdd',NULL,61,'cy'),('Zwischenablage',NULL,61,'de'),('Zwischenablage',NULL,61,'de_AT'),('Zwischenablage',NULL,61,'de_CH'),('Zwischenablage',NULL,61,'de-AT'),('Zwischenablage',NULL,61,'de-CH'),('Clipboard',NULL,61,'en'),('Portapapeles',NULL,61,'es'),('Presse-papier',NULL,61,'fr'),('Meuspremnik',NULL,61,'hr'),('Vglap',NULL,61,'hu'),('Clipboard',NULL,61,'id'),('Area di lavoro',NULL,61,'it'),('',NULL,61,'ja'),('rea de transferncia',NULL,61,'pt'),('rea de Transferncia',NULL,61,'pt_BR'),('rea de Transferncia',NULL,61,'pt-BR'),('',NULL,61,'sr'),('Urklipp',NULL,61,'sv'),('',NULL,61,'ta'),('Clirio\'r holl ddewisiadau',NULL,62,'cy'),('Alle Einschrnkungen lschen',NULL,62,'de'),('Auswahl lschen',NULL,62,'de-CH'),('Clear all selections',NULL,62,'en'),('Borrar seleccin',NULL,62,'es'),('Effacer toutes les slections',NULL,62,'fr'),('Izbrii sve odabire',NULL,62,'hr'),('Minden kivlaszts trlse',NULL,62,'hu'),('Kosongkan semua yang dipilih',NULL,62,'id'),('Annullare tutte le selezioni',NULL,62,'it'),('Limpar todas as seleces',NULL,62,'pt'),('Limpar todas as selees',NULL,62,'pt_BR'),('Limpar todas as selees',NULL,62,'pt-BR'),('  ',NULL,62,'sr'),('Rensa val',NULL,62,'sv'),('Ewch i\'r clipfwrdd',NULL,63,'cy'),('Zur Zwischenablage gehen',NULL,63,'de'),('Gehen Sie zur Zwischenablage',NULL,63,'de-CH'),('Go to clipboard',NULL,63,'en'),('Ir al portapapeles',NULL,63,'es'),('Aller au presse-papier',NULL,63,'fr'),('Idi na meuspremnik',NULL,63,'hr'),('Menj a vglapra',NULL,63,'hu'),('Menuju clipboard',NULL,63,'id'),('Vai all\'area di lavoro',NULL,63,'it'),('',NULL,63,'ja'),('Ir para a rea de transferncia',NULL,63,'pt'),('Ir para a rea de transferncia',NULL,63,'pt_BR'),('Ir para a rea de transferncia',NULL,63,'pt-BR'),('  ',NULL,63,'sr'),('G till urklipp',NULL,63,'sv'),(' ',NULL,64,'ar'),('Carregar portaretalls',NULL,64,'ca'),('Llwytho\'r clipfwrdd',NULL,64,'cy'),('Load clipboard',NULL,64,'en'),('Charge le presse-papier',NULL,64,'fr'),('Uitaj meuspremnik',NULL,64,'hr'),('Vglap betltse',NULL,64,'hu'),('Muat clipboard',NULL,64,'id'),('Carica l\'area di lavoro',NULL,64,'it'),('',NULL,64,'ja'),('Carregar rea de Transferncia',NULL,64,'pt'),('Carregar rea de Transferncia',NULL,64,'pt_BR'),('Carregar rea de Transferncia',NULL,64,'pt-BR'),(' ',NULL,64,'sr'),('Ladda urklipp',NULL,64,'sv'),(' ',NULL,64,'ta'),('Cadw\'r clipfwrdd',NULL,65,'cy'),('Save clipboard',NULL,65,'en'),('Sauvegarder le presse-papier',NULL,65,'fr'),('Spremi meuspremnik',NULL,65,'hr'),('Vglap mentse',NULL,65,'hu'),('Simpan clipboard',NULL,65,'id'),('',NULL,65,'ja'),('Guardar rea de transferncia',NULL,65,'pt'),('Salvar rea de transferncia',NULL,65,'pt_BR'),('Spara urklipp',NULL,65,'sv'),('Descripcions arxivstiques',NULL,66,'ca'),('Descripcions arxivstiques',NULL,66,'ca@valencia'),('Archivn popisy',NULL,66,'cs'),('Disgrifiadau archifol',NULL,66,'cy'),('Archivische Beschreibungen',NULL,66,'de'),('Archivische Beschreibungen',NULL,66,'de-CH'),(' ',NULL,66,'el'),('Archival descriptions',NULL,66,'en'),('Descripcin archivstica',NULL,66,'es'),('Artxibo deskribapenak',NULL,66,'eu'),('Descriptions archivistiques',NULL,66,'fr'),('Descricin arquivstica',NULL,66,'gl'),('Opisi arhivskog gradiva',NULL,66,'hr'),('Iratersok',NULL,66,'hu'),('Deskripsi kearsipan',NULL,66,'id'),('Lsandi samantektir',NULL,66,'is'),('Descrizioni archivistiche',NULL,66,'it'),('',NULL,66,'ja'),(' ',NULL,66,'ko'),('archivistische beschrijving',NULL,66,'nl'),('Descries arquivsticas',NULL,66,'pt'),('Descries arquivsticas',NULL,66,'pt_BR'),('Descries arquivsticas',NULL,66,'pt-BR'),(' ',NULL,66,'ru'),('arhivski opisi',NULL,66,'sl'),(' ',NULL,66,'sr'),('Arkivbeskrivningar',NULL,66,'sv'),('Arxiv tavsiflari',NULL,66,'uz'),('M t lu tr',NULL,66,'vi'),('',NULL,66,'zh'),(' ',NULL,67,'ar'),('Objectes digitals',NULL,67,'ca'),('Objectes digitals',NULL,67,'ca@valencia'),('Gwrthrychau digidol',NULL,67,'cy'),('Digitales Objekt',NULL,67,'de'),('Digitales Objekt',NULL,67,'de_AT'),('Digitale Objekte',NULL,67,'de_CH'),('Digitales Objekt',NULL,67,'de-AT'),('Digitale Objekte',NULL,67,'de-CH'),(' ',NULL,67,'el'),('Digital objects',NULL,67,'en'),('Objetos digitales',NULL,67,'es'),('Objektu digitalak',NULL,67,'eu'),('Documents numriques',NULL,67,'fr'),('Obxectos dixitais',NULL,67,'gl'),('Digitalni objekti',NULL,67,'hr'),('Digitlis obkektumok',NULL,67,'hu'),('Objek Digital',NULL,67,'id'),('Stafrnar einingar',NULL,67,'is'),('Oggetti digitali',NULL,67,'it'),('',NULL,67,'ja'),(' ',NULL,67,'ka'),(' ',NULL,67,'ko'),('Digitale objecten',NULL,67,'nl'),('Obiekty cyfrowe',NULL,67,'pl'),('Objeto digital',NULL,67,'pt'),('Objetos digitais',NULL,67,'pt_BR'),('Objetos digitais',NULL,67,'pt-BR'),(' ',NULL,67,'ru'),(' ',NULL,67,'ru_RU'),('Digitalni predmeti',NULL,67,'sl'),(' ',NULL,67,'sr'),('Digitala objekt',NULL,67,'sv'),(' / ?',NULL,67,'ta'),('',NULL,67,'th'),('Raqamli resurslar',NULL,67,'uz'),('Tng k thut s',NULL,67,'vi'),('',NULL,67,'zh');
/*!40000 ALTER TABLE `menu_i18n` ENABLE KEYS */;
UNLOCK TABLES;

--
-- Table structure for table `note`
--

DROP TABLE IF EXISTS `note`;
/*!40101 SET @saved_cs_client     = @@character_set_client */;
/*!50503 SET character_set_client = utf8mb4 */;
CREATE TABLE `note` (
  `object_id` int NOT NULL,
  `type_id` int DEFAULT NULL,
  `scope` varchar(1024) DEFAULT NULL,
  `user_id` int DEFAULT NULL,
  `source_culture` varchar(16) NOT NULL,
  `id` int NOT NULL AUTO_INCREMENT,
  `serial_number` int NOT NULL DEFAULT '0',
  PRIMARY KEY (`id`),
  KEY `note_FI_1` (`object_id`),
  KEY `note_FI_2` (`type_id`),
  KEY `note_FI_3` (`user_id`),
  CONSTRAINT `note_FK_1` FOREIGN KEY (`object_id`) REFERENCES `object` (`id`) ON DELETE CASCADE,
  CONSTRAINT `note_FK_2` FOREIGN KEY (`type_id`) REFERENCES `term` (`id`) ON DELETE SET NULL,
  CONSTRAINT `note_FK_3` FOREIGN KEY (`user_id`) REFERENCES `user` (`id`) ON DELETE SET NULL
) ENGINE=InnoDB AUTO_INCREMENT=58 DEFAULT CHARSET=utf8mb4 COLLATE=utf8mb4_0900_ai_ci;
/*!40101 SET character_set_client = @saved_cs_client */;

--
-- Dumping data for table `note`
--

LOCK TABLES `note` WRITE;
/*!40000 ALTER TABLE `note` DISABLE KEYS */;
INSERT INTO `note` VALUES (111,123,'QubitTerm',NULL,'en',1,0),(111,121,NULL,NULL,'en',2,0),(113,123,'QubitTerm',NULL,'en',3,0),(113,121,NULL,NULL,'en',4,0),(114,123,'QubitTerm',NULL,'en',5,0),(114,121,NULL,NULL,'en',6,0),(115,123,'QubitTerm',NULL,'en',7,0),(115,121,NULL,NULL,'en',8,0),(117,123,'QubitTerm',NULL,'en',9,0),(117,121,NULL,NULL,'en',10,0),(118,123,'QubitTerm',NULL,'en',11,0),(118,121,NULL,NULL,'en',12,0),(214,123,'QubitTerm',NULL,'en',13,0),(214,121,NULL,NULL,'en',14,0),(216,123,'QubitTerm',NULL,'en',15,0),(216,121,NULL,NULL,'en',16,0),(215,123,'QubitTerm',NULL,'en',17,0),(215,121,NULL,NULL,'en',18,0),(217,123,'QubitTerm',NULL,'en',19,0),(217,121,NULL,NULL,'en',20,0),(446,NULL,NULL,NULL,'en',21,0),(517,127,NULL,NULL,'pt_BR',22,0),(518,127,NULL,NULL,'pt_BR',23,0),(524,NULL,NULL,NULL,'en',24,0),(526,NULL,NULL,NULL,'en',25,0),(530,NULL,NULL,NULL,'en',26,0),(531,127,NULL,NULL,'pt_BR',27,0),(564,NULL,NULL,NULL,'en',28,0),(568,NULL,NULL,NULL,'en',29,0),(572,NULL,NULL,NULL,'en',30,0),(585,NULL,NULL,NULL,'en',31,0),(603,NULL,NULL,NULL,'en',32,0),(939,NULL,NULL,NULL,'en',33,0),(941,NULL,NULL,NULL,'en',34,0),(943,NULL,NULL,NULL,'en',35,0),(945,NULL,NULL,NULL,'en',36,0),(946,NULL,NULL,NULL,'en',37,0),(955,NULL,NULL,NULL,'en',38,0),(989,NULL,NULL,NULL,'en',39,0),(991,NULL,NULL,NULL,'en',40,0),(993,NULL,NULL,NULL,'en',41,0),(996,NULL,NULL,NULL,'en',42,0),(998,NULL,NULL,NULL,'en',43,0),(1001,NULL,NULL,NULL,'en',44,0),(1024,NULL,NULL,NULL,'en',45,0),(1025,122,NULL,NULL,'pt_BR',46,0),(1028,127,NULL,NULL,'pt_BR',47,0),(1045,127,NULL,NULL,'pt_BR',49,0),(1052,NULL,NULL,NULL,'en',50,0),(1053,NULL,NULL,NULL,'en',51,0),(1054,NULL,NULL,NULL,'en',52,0),(1054,NULL,NULL,NULL,'en',53,0),(1056,127,NULL,NULL,'pt_BR',54,0),(1126,NULL,NULL,NULL,'en',55,0),(1140,NULL,NULL,NULL,'en',56,0),(1152,NULL,NULL,NULL,'en',57,0);
/*!40000 ALTER TABLE `note` ENABLE KEYS */;
UNLOCK TABLES;

--
-- Table structure for table `note_i18n`
--

DROP TABLE IF EXISTS `note_i18n`;
/*!40101 SET @saved_cs_client     = @@character_set_client */;
/*!50503 SET character_set_client = utf8mb4 */;
CREATE TABLE `note_i18n` (
  `content` text,
  `id` int NOT NULL,
  `culture` varchar(16) NOT NULL,
  PRIMARY KEY (`id`,`culture`),
  CONSTRAINT `note_i18n_FK_1` FOREIGN KEY (`id`) REFERENCES `note` (`id`) ON DELETE CASCADE
) ENGINE=InnoDB DEFAULT CHARSET=utf8mb4 COLLATE=utf8mb4_0900_ai_ci;
/*!40101 SET character_set_client = @saved_cs_client */;

--
-- Dumping data for table `note_i18n`
--

LOCK TABLES `note_i18n` WRITE;
/*!40000 ALTER TABLE `note_i18n` DISABLE KEYS */;
INSERT INTO `note_i18n` VALUES ('',1,'ar'),('Productor',1,'ca'),('Productor',1,'ca@valencia'),('Crwr',1,'cy'),('Urheber/Bestandsbildner',1,'de'),('Urheber/Bestandsbildner',1,'de_AT'),('Urheber/Bestandsbildner',1,'de_CH'),('Urheber/Bestandsbildner',1,'de-AT'),('Urheber/Bestandsbildner',1,'de-CH'),('',1,'el'),('Creator',1,'en'),('Creador',1,'es'),('Sortzailea',1,'eu'),('Producteur',1,'fr'),('Creador',1,'gl'),('Stvaratelj',1,'hr'),('Iratkpz',1,'hu'),('Pencipta',1,'id'),('Skjalamyndari',1,'is'),('Soggetto produttore',1,'it'),('',1,'ja'),('',1,'ka'),('',1,'ko'),('Archiefvormer',1,'nl'),('Twrca',1,'pl'),('Produtor',1,'pt'),('Produtor',1,'pt_BR'),('Produtor',1,'pt-BR'),('',1,'ru'),('',1,'ru_RU'),('Ustvaril',1,'sl'),('  ',1,'sr'),('Arkivbildare',1,'sv'),('',1,'ta'),('',1,'th'),('Yaratc',1,'tr'),('ngi sng to',1,'vi'),('',1,'zh'),('ISAD(G) 3.2.1, 3.1.3; DC 1.1 core element (Creator); Rules for Archival Description 1.4B',2,'en'),('Custodian',3,'en'),('Custodiador',3,'es'),('Dtenteur',3,'fr'),('Beheerder',3,'nl'),('Custodiador',3,'pt'),('Rules for Archival Description 1.7C',4,'en'),('Editor',5,'ca'),('Editorial',5,'ca@valencia'),('Cyhoeddwr',5,'cy'),('Herausgeber',5,'de'),('Herausgeber',5,'de_AT'),('Herausgeber',5,'de_CH'),('Herausgeber',5,'de-AT'),('Herausgeber',5,'de-CH'),('',5,'el'),('Publisher',5,'en'),('Editorial',5,'es'),('Argitaratzailea',5,'eu'),('Editeur',5,'fr'),('Editorial',5,'gl'),('Izdava',5,'hr'),('Kiad',5,'hu'),('Penerbit',5,'id'),('tgefandi',5,'is'),('Editore',5,'it'),('',5,'ja'),('',5,'ka'),('',5,'ko'),('Uitgever',5,'nl'),('Wydawca',5,'pl'),('Editor',5,'pt'),('Editor',5,'pt_BR'),('Editor',5,'pt-BR'),('Zalonik',5,'sl'),('',5,'sr'),('Utgivare',5,'sv'),('',5,'th'),('Nashriyot',5,'uz'),('Nh xut bn',5,'vi'),('',5,'zh'),('DC 1.1 element (Publisher); Rules for Archival Description 1.4, 1.8B8',6,'en'),('Collaborador',7,'ca'),('Contribuent',7,'ca@valencia'),('Cyfrannwr',7,'cy'),('Beitragender',7,'de'),('Beitragender',7,'de_AT'),('Beitragender',7,'de_CH'),('Beitragender',7,'de-AT'),('Beitragender',7,'de-CH'),('',7,'el'),('Contributor',7,'en'),('Contribuyente',7,'es'),('Laguntzailea',7,'eu'),('Contributeur',7,'fr'),('Contribunte',7,'gl'),('Doprinositelj',7,'hr'),('Munkatrs',7,'hu'),('Kontributor',7,'id'),('Framlagsveitandi',7,'is'),('Contributo secondario',7,'it'),('',7,'ja'),('',7,'ka'),('',7,'ko'),('Mederwerker',7,'nl'),('Wspautor',7,'pl'),('Colaborador',7,'pt'),('Colaborador',7,'pt_BR'),('Colaborador',7,'pt-BR'),('Prispeval',7,'sl'),('',7,'sr'),('Anvndare med redigeringsbehrighet',7,'sv'),('',7,'th'),('Ngi gop phn',7,'vi'),('',7,'zh'),('DC 1.1 element (Contributor)',8,'en'),('Collector',9,'en'),('Collectionneur',9,'fr'),('Verzamelaar',9,'nl'),('Coletor',9,'pt'),('Rules for Archival Description 1.4A6, 1.8B8a',10,'en'),('Accumulator',11,'en'),('ISAD(G) 3.1.3; Rules for Archival Description 1.4A6, 1.8B8a',12,'en'),('Reproducer',13,'en'),('Rules for Archival Description 1.4A5',14,'en'),('Broadcaster',15,'en'),('Rules for Archival Description 8.4F',16,'en'),('Distributor',17,'en'),('Rules for Archival Description 1.4, 1.8B8',18,'en'),('Manufacturer',19,'en'),('Rules for Archival Description 1.4G',20,'en'),('Exception: File/directory does not exist or is not readable: /tmp/teste01-f1a2cf67-bf9a-42f7-9630-b28785c6c0fd.',21,'en'),(NULL,22,'pt_BR'),(NULL,23,'pt_BR'),('Updating descendants of 1 description(s).',24,'en'),('Updating descendants of 1 description(s).',25,'en'),('Updating descendants of 1 description(s).',26,'en'),(NULL,27,'pt_BR'),('Updating descendants of 1 description(s).',28,'en'),('Updating descendants of 1 description(s).',29,'en'),('Updating descendants of 1 description(s).',30,'en'),('Updating descendants of 1 description(s).',31,'en'),('Updating descendants of 1 description(s).',32,'en'),('Updating descendants of 1 description(s).',33,'en'),('Updating descendants of 1 description(s).',34,'en'),('Updating descendants of 1 description(s).',35,'en'),('Updating descendants of 1 description(s).',36,'en'),('Updating descendants of 1 description(s).',37,'en'),('Updating descendants of 1 description(s).',38,'en'),('Updating descendants of 1 description(s).',39,'en'),('Updating descendants of 1 description(s).',40,'en'),('Updating descendants of 1 description(s).',41,'en'),('Updating descendants of 1 description(s).',42,'en'),('Updating descendants of 1 description(s).',43,'en'),('Updating descendants of 1 description(s).',44,'en'),('Updating descendants of 1 description(s).',45,'en'),('Amanda',46,'pt_BR'),(NULL,47,'pt_BR'),(NULL,49,'pt_BR'),('Updating the relationships of 2 actor(s).',50,'en'),('Updating descendants of 1 description(s).',51,'en'),('Updating publication status for the descendants of \"Graduao AVMB\" to \"Published\".',52,'en'),('7 descriptions updated.',53,'en'),(NULL,54,'pt_BR'),('Updating descendants of 1 description(s).',55,'en'),('Updating descendants of 1 description(s).',56,'en'),('Updating descendants of 1 description(s).',57,'en');
/*!40000 ALTER TABLE `note_i18n` ENABLE KEYS */;
UNLOCK TABLES;

--
-- Table structure for table `oai_harvest`
--

DROP TABLE IF EXISTS `oai_harvest`;
/*!40101 SET @saved_cs_client     = @@character_set_client */;
/*!50503 SET character_set_client = utf8mb4 */;
CREATE TABLE `oai_harvest` (
  `id` int NOT NULL AUTO_INCREMENT,
  `oai_repository_id` int NOT NULL,
  `start_timestamp` datetime DEFAULT NULL,
  `end_timestamp` datetime DEFAULT NULL,
  `last_harvest` datetime DEFAULT NULL,
  `last_harvest_attempt` datetime DEFAULT NULL,
  `metadataPrefix` varchar(255) DEFAULT NULL,
  `set` varchar(1024) DEFAULT NULL,
  `created_at` datetime NOT NULL,
  `serial_number` int NOT NULL DEFAULT '0',
  PRIMARY KEY (`id`),
  KEY `oai_harvest_FI_1` (`oai_repository_id`),
  CONSTRAINT `oai_harvest_FK_1` FOREIGN KEY (`oai_repository_id`) REFERENCES `oai_repository` (`id`) ON DELETE CASCADE
) ENGINE=InnoDB DEFAULT CHARSET=utf8mb4 COLLATE=utf8mb4_0900_ai_ci;
/*!40101 SET character_set_client = @saved_cs_client */;

--
-- Dumping data for table `oai_harvest`
--

LOCK TABLES `oai_harvest` WRITE;
/*!40000 ALTER TABLE `oai_harvest` DISABLE KEYS */;
/*!40000 ALTER TABLE `oai_harvest` ENABLE KEYS */;
UNLOCK TABLES;

--
-- Table structure for table `oai_repository`
--

DROP TABLE IF EXISTS `oai_repository`;
/*!40101 SET @saved_cs_client     = @@character_set_client */;
/*!50503 SET character_set_client = utf8mb4 */;
CREATE TABLE `oai_repository` (
  `id` int NOT NULL AUTO_INCREMENT,
  `name` varchar(1024) DEFAULT NULL,
  `uri` varchar(1024) DEFAULT NULL,
  `admin_email` varchar(255) DEFAULT NULL,
  `earliest_timestamp` datetime DEFAULT NULL,
  `created_at` datetime NOT NULL,
  `updated_at` datetime NOT NULL,
  `serial_number` int NOT NULL DEFAULT '0',
  PRIMARY KEY (`id`)
) ENGINE=InnoDB DEFAULT CHARSET=utf8mb4 COLLATE=utf8mb4_0900_ai_ci;
/*!40101 SET character_set_client = @saved_cs_client */;

--
-- Dumping data for table `oai_repository`
--

LOCK TABLES `oai_repository` WRITE;
/*!40000 ALTER TABLE `oai_repository` DISABLE KEYS */;
/*!40000 ALTER TABLE `oai_repository` ENABLE KEYS */;
UNLOCK TABLES;

--
-- Table structure for table `object`
--

DROP TABLE IF EXISTS `object`;
/*!40101 SET @saved_cs_client     = @@character_set_client */;
/*!50503 SET character_set_client = utf8mb4 */;
CREATE TABLE `object` (
  `class_name` varchar(255) DEFAULT NULL,
  `created_at` datetime NOT NULL,
  `updated_at` datetime NOT NULL,
  `id` int NOT NULL AUTO_INCREMENT,
  `serial_number` int NOT NULL DEFAULT '0',
  PRIMARY KEY (`id`)
) ENGINE=InnoDB AUTO_INCREMENT=1423 DEFAULT CHARSET=utf8mb4 COLLATE=utf8mb4_0900_ai_ci;
/*!40101 SET character_set_client = @saved_cs_client */;

--
-- Dumping data for table `object`
--

LOCK TABLES `object` WRITE;
/*!40000 ALTER TABLE `object` DISABLE KEYS */;
INSERT INTO `object` VALUES ('QubitInformationObject','2022-09-28 13:04:55','2022-09-28 13:04:55',1,0),('QubitActor','2022-09-28 13:04:55','2022-09-28 13:04:55',3,0),('QubitRepository','2022-09-28 13:04:55','2022-09-28 13:04:55',6,0),('QubitStaticPage','2022-09-28 13:04:56','2023-10-05 12:38:02',7,0),('QubitStaticPage','2022-09-28 13:04:56','2022-09-28 13:04:56',8,0),('QubitStaticPage','2022-09-28 13:04:56','2022-09-28 13:04:56',9,0),('QubitTaxonomy','2022-09-28 13:04:56','2022-09-28 13:04:56',30,0),('QubitTaxonomy','2022-09-28 13:04:56','2022-09-28 13:04:56',31,0),('QubitTaxonomy','2022-09-28 13:04:56','2022-09-28 13:04:56',32,0),('QubitTaxonomy','2022-09-28 13:04:56','2022-09-28 13:04:56',33,0),('QubitTaxonomy','2022-09-28 13:04:56','2022-09-28 13:04:56',34,0),('QubitTaxonomy','2022-09-28 13:04:56','2022-09-28 13:04:56',35,0),('QubitTaxonomy','2022-09-28 13:04:56','2022-09-28 13:04:56',36,0),('QubitTaxonomy','2022-09-28 13:04:56','2022-09-28 13:04:56',37,0),('QubitTaxonomy','2022-09-28 13:04:56','2022-09-28 13:04:56',38,0),('QubitTaxonomy','2022-09-28 13:04:56','2022-09-28 13:04:56',40,0),('QubitTaxonomy','2022-09-28 13:04:56','2022-09-28 13:04:56',41,0),('QubitTaxonomy','2022-09-28 13:04:56','2022-09-28 13:04:56',42,0),('QubitTaxonomy','2022-09-28 13:04:56','2022-09-28 13:04:56',43,0),('QubitTaxonomy','2022-09-28 13:04:56','2022-09-28 13:04:56',44,0),('QubitTaxonomy','2022-09-28 13:04:56','2022-09-28 13:04:56',45,0),('QubitTaxonomy','2022-09-28 13:04:56','2022-09-28 13:04:56',46,0),('QubitTaxonomy','2022-09-28 13:04:56','2022-09-28 13:04:56',47,0),('QubitTaxonomy','2022-09-28 13:04:56','2022-09-28 13:04:56',48,0),('QubitTaxonomy','2022-09-28 13:04:56','2022-09-28 13:04:56',49,0),('QubitTaxonomy','2022-09-28 13:04:56','2022-09-28 13:04:56',50,0),('QubitTaxonomy','2022-09-28 13:04:56','2022-09-28 13:04:56',51,0),('QubitTaxonomy','2022-09-28 13:04:56','2022-09-28 13:04:56',52,0),('QubitTaxonomy','2022-09-28 13:04:56','2022-09-28 13:04:56',53,0),('QubitTaxonomy','2022-09-28 13:04:56','2022-09-28 13:04:56',54,0),('QubitTaxonomy','2022-09-28 13:04:56','2022-09-28 13:04:56',55,0),('QubitTaxonomy','2022-09-28 13:04:56','2022-09-28 13:04:56',56,0),('QubitTaxonomy','2022-09-28 13:04:56','2022-09-28 13:04:56',57,0),('QubitTaxonomy','2022-09-28 13:04:56','2022-09-28 13:04:56',59,0),('QubitTaxonomy','2022-09-28 13:04:56','2022-09-28 13:04:56',60,0),('QubitTaxonomy','2022-09-28 13:04:56','2022-09-28 13:04:56',61,0),('QubitTaxonomy','2022-09-28 13:04:56','2022-09-28 13:04:56',62,0),('QubitTaxonomy','2022-09-28 13:04:56','2022-09-28 13:04:56',63,0),('QubitTaxonomy','2022-09-28 13:04:56','2022-09-28 13:04:56',64,0),('QubitTaxonomy','2022-09-28 13:04:56','2022-09-28 13:04:56',65,0),('QubitTaxonomy','2022-09-28 13:04:56','2022-09-28 13:04:56',66,0),('QubitTaxonomy','2022-09-28 13:04:56','2022-09-28 13:04:56',67,0),('QubitTaxonomy','2022-09-28 13:04:56','2022-09-28 13:04:56',68,0),('QubitTaxonomy','2022-09-28 13:04:56','2022-09-28 13:04:56',69,0),('QubitTaxonomy','2022-09-28 13:04:56','2022-09-28 13:04:56',70,0),('QubitTaxonomy','2022-09-28 13:04:56','2022-09-28 13:04:56',71,0),('QubitTaxonomy','2022-09-28 13:04:56','2022-09-28 13:04:56',72,0),('QubitTaxonomy','2022-09-28 13:04:56','2022-09-28 13:04:56',73,0),('QubitTaxonomy','2022-09-28 13:04:56','2022-09-28 13:04:56',74,0),('QubitTaxonomy','2022-09-28 13:04:56','2022-09-28 13:04:56',75,0),('QubitTaxonomy','2022-09-28 13:04:56','2022-09-28 13:04:56',78,0),('QubitTaxonomy','2022-09-28 13:04:56','2022-09-28 13:04:56',79,0),('QubitTaxonomy','2022-09-28 13:04:56','2022-09-28 13:04:56',80,0),('QubitTaxonomy','2022-09-28 13:04:56','2022-09-28 13:04:56',81,0),('QubitTaxonomy','2022-09-28 13:04:56','2022-09-28 13:04:56',82,0),('QubitTerm','2022-09-28 13:04:56','2022-09-28 13:04:56',110,0),('QubitTerm','2022-09-28 13:04:56','2022-09-28 13:04:56',111,0),('QubitTerm','2022-09-28 13:04:56','2022-09-28 13:04:56',113,0),('QubitTerm','2022-09-28 13:04:56','2022-09-28 13:04:56',114,0),('QubitTerm','2022-09-28 13:04:56','2022-09-28 13:04:56',115,0),('QubitTerm','2022-09-28 13:04:56','2022-09-28 13:04:56',117,0),('QubitTerm','2022-09-28 13:04:56','2022-09-28 13:04:56',118,0),('QubitTerm','2022-09-28 13:04:56','2022-09-28 13:04:56',119,0),('QubitTerm','2022-09-28 13:04:56','2022-09-28 13:04:56',120,0),('QubitTerm','2022-09-28 13:04:56','2022-09-28 13:04:56',121,0),('QubitTerm','2022-09-28 13:04:57','2022-09-28 13:04:57',122,0),('QubitTerm','2022-09-28 13:04:57','2022-09-28 13:04:57',123,0),('QubitTerm','2022-09-28 13:04:57','2022-09-28 13:04:57',124,0),('QubitTerm','2022-09-28 13:04:57','2022-09-28 13:04:57',125,0),('QubitTerm','2022-09-28 13:04:57','2022-09-28 13:04:57',126,0),('QubitTerm','2022-09-28 13:04:57','2022-09-28 13:04:57',127,0),('QubitTerm','2022-09-28 13:04:57','2022-09-28 13:04:57',128,0),('QubitTerm','2022-09-28 13:04:57','2022-09-28 13:04:57',129,0),('QubitTerm','2022-09-28 13:04:57','2022-09-28 13:04:57',130,0),('QubitTerm','2022-09-28 13:04:57','2022-09-28 13:04:57',131,0),('QubitTerm','2022-09-28 13:04:57','2022-09-28 13:04:57',132,0),('QubitTerm','2022-09-28 13:04:57','2022-09-28 13:04:57',133,0),('QubitTerm','2022-09-28 13:04:57','2022-09-28 13:04:57',135,0),('QubitTerm','2022-09-28 13:04:57','2022-09-28 13:04:57',136,0),('QubitTerm','2022-09-28 13:04:57','2022-09-28 13:04:57',137,0),('QubitTerm','2022-09-28 13:04:57','2022-09-28 13:04:57',138,0),('QubitTerm','2022-09-28 13:04:57','2022-09-28 13:04:57',139,0),('QubitTerm','2022-09-28 13:04:57','2022-09-28 13:04:57',140,0),('QubitTerm','2022-09-28 13:04:57','2022-09-28 13:04:57',141,0),('QubitTerm','2022-09-28 13:04:57','2022-09-28 13:04:57',142,0),('QubitTerm','2022-09-28 13:04:57','2022-09-28 13:04:57',143,0),('QubitTerm','2022-09-28 13:04:57','2022-09-28 13:04:57',144,0),('QubitTerm','2022-09-28 13:04:57','2022-09-28 13:04:57',145,0),('QubitTerm','2022-09-28 13:04:57','2022-09-28 13:04:57',146,0),('QubitTerm','2022-09-28 13:04:57','2022-09-28 13:04:57',147,0),('QubitTerm','2022-09-28 13:04:57','2022-09-28 13:04:57',148,0),('QubitTerm','2022-09-28 13:04:57','2022-09-28 13:04:57',149,0),('QubitTerm','2022-09-28 13:04:57','2022-09-28 13:04:57',150,0),('QubitTerm','2022-09-28 13:04:57','2022-09-28 13:04:57',151,0),('QubitTerm','2022-09-28 13:04:57','2022-09-28 13:04:57',152,0),('QubitTerm','2022-09-28 13:04:57','2022-09-28 13:04:57',153,0),('QubitTerm','2022-09-28 13:04:57','2022-09-28 13:04:57',154,0),('QubitTerm','2022-09-28 13:04:57','2022-09-28 13:04:57',155,0),('QubitTerm','2022-09-28 13:04:57','2022-09-28 13:04:57',156,0),('QubitTerm','2022-09-28 13:04:57','2022-09-28 13:04:57',157,0),('QubitTerm','2022-09-28 13:04:57','2022-09-28 13:04:57',158,0),('QubitTerm','2022-09-28 13:04:57','2022-09-28 13:04:57',159,0),('QubitTerm','2022-09-28 13:04:57','2022-09-28 13:04:57',160,0),('QubitTerm','2022-09-28 13:04:57','2022-09-28 13:04:57',161,0),('QubitTerm','2022-09-28 13:04:57','2022-09-28 13:04:57',162,0),('QubitTerm','2022-09-28 13:04:57','2022-09-28 13:04:57',163,0),('QubitTerm','2022-09-28 13:04:57','2022-09-28 13:04:57',164,0),('QubitTerm','2022-09-28 13:04:57','2022-09-28 13:04:57',165,0),('QubitTerm','2022-09-28 13:04:57','2022-09-28 13:04:57',166,0),('QubitTerm','2022-09-28 13:04:57','2022-09-28 13:04:57',167,0),('QubitTerm','2022-09-28 13:04:57','2022-09-28 13:04:57',168,0),('QubitTerm','2022-09-28 13:04:57','2022-09-28 13:04:57',169,0),('QubitTerm','2022-09-28 13:04:57','2022-09-28 13:04:57',170,0),('QubitTerm','2022-09-28 13:04:57','2022-09-28 13:04:57',171,0),('QubitTerm','2022-09-28 13:04:57','2022-09-28 13:04:57',172,0),('QubitTerm','2022-09-28 13:04:57','2022-09-28 13:04:57',173,0),('QubitTerm','2022-09-28 13:04:56','2022-09-28 13:04:56',174,0),('QubitTerm','2022-09-28 13:04:57','2022-09-28 13:04:57',175,0),('QubitTerm','2022-09-28 13:04:57','2022-09-28 13:04:57',176,0),('QubitTerm','2022-09-28 13:04:57','2022-09-28 13:04:57',177,0),('QubitTerm','2022-09-28 13:04:57','2022-09-28 13:04:57',178,0),('QubitTerm','2022-09-28 13:04:57','2022-09-28 13:04:57',179,0),('QubitTerm','2022-09-28 13:04:57','2022-09-28 13:04:57',180,0),('QubitTerm','2022-09-28 13:04:57','2022-09-28 13:04:57',181,0),('QubitTerm','2022-09-28 13:04:57','2022-09-28 13:04:57',182,0),('QubitTerm','2022-09-28 13:04:57','2022-09-28 13:04:57',183,0),('QubitTerm','2022-09-28 13:04:57','2022-09-28 13:04:57',184,0),('QubitTerm','2022-09-28 13:04:57','2022-09-28 13:04:57',185,0),('QubitTerm','2022-09-28 13:04:57','2022-09-28 13:04:57',186,0),('QubitTerm','2022-09-28 13:04:57','2022-09-28 13:04:57',187,0),('QubitTerm','2022-09-28 13:04:57','2022-09-28 13:04:57',188,0),('QubitTerm','2022-09-28 13:04:57','2022-09-28 13:04:57',189,0),('QubitTerm','2022-09-28 13:04:57','2022-09-28 13:04:57',190,0),('QubitTerm','2022-09-28 13:04:57','2022-09-28 13:04:57',191,0),('QubitTerm','2022-09-28 13:04:57','2022-09-28 13:04:57',192,0),('QubitTerm','2022-09-28 13:04:57','2022-09-28 13:04:57',193,0),('QubitTerm','2022-09-28 13:04:57','2022-09-28 13:04:57',194,0),('QubitTerm','2022-09-28 13:04:57','2022-09-28 13:04:57',195,0),('QubitTerm','2022-09-28 13:04:57','2022-09-28 13:04:57',196,0),('QubitTerm','2022-09-28 13:04:57','2022-09-28 13:04:57',197,0),('QubitTerm','2022-09-28 13:04:57','2022-09-28 13:04:57',198,0),('QubitTerm','2022-09-28 13:04:57','2022-09-28 13:04:57',199,0),('QubitTerm','2022-09-28 13:04:57','2022-09-28 13:04:57',200,0),('QubitTerm','2022-09-28 13:04:57','2022-09-28 13:04:57',201,0),('QubitTerm','2022-09-28 13:04:57','2022-09-28 13:04:57',202,0),('QubitTerm','2022-09-28 13:04:57','2022-09-28 13:04:57',203,0),('QubitTerm','2022-09-28 13:04:57','2022-09-28 13:04:57',204,0),('QubitTerm','2022-09-28 13:04:57','2022-09-28 13:04:57',205,0),('QubitTerm','2022-09-28 13:04:57','2022-09-28 13:04:57',206,0),('QubitTerm','2022-09-28 13:04:57','2022-09-28 13:04:57',207,0),('QubitTerm','2022-09-28 13:04:57','2022-09-28 13:04:57',208,0),('QubitTerm','2022-09-28 13:04:57','2022-09-28 13:04:57',209,0),('QubitTerm','2022-09-28 13:04:57','2022-09-28 13:04:57',210,0),('QubitTerm','2022-09-28 13:04:57','2022-09-28 13:04:57',211,0),('QubitTerm','2022-09-28 13:04:57','2022-09-28 13:04:57',212,0),('QubitTerm','2022-09-28 13:04:57','2022-09-28 13:04:57',213,0),('QubitTerm','2022-09-28 13:04:57','2022-09-28 13:04:57',214,0),('QubitTerm','2022-09-28 13:04:57','2022-09-28 13:04:57',215,0),('QubitTerm','2022-09-28 13:04:57','2022-09-28 13:04:57',216,0),('QubitTerm','2022-09-28 13:04:57','2022-09-28 13:04:57',217,0),('QubitTerm','2022-09-28 13:04:57','2022-09-28 13:04:57',218,0),('QubitTerm','2022-09-28 13:04:57','2022-09-28 13:04:57',219,0),('QubitTerm','2022-09-28 13:04:57','2022-09-28 13:04:57',220,0),('QubitTerm','2022-09-28 13:04:57','2022-09-28 13:04:57',221,0),('QubitTerm','2022-09-28 13:04:57','2022-09-28 13:04:57',222,0),('QubitTerm','2022-09-28 13:04:57','2022-09-28 13:04:57',223,0),('QubitTerm','2022-09-28 13:04:57','2022-09-28 13:04:57',224,0),('QubitTerm','2022-09-28 13:04:57','2022-09-28 13:04:57',225,0),('QubitTerm','2022-09-28 13:04:57','2022-09-28 13:04:57',226,0),('QubitTerm','2022-09-28 13:04:57','2022-09-28 13:04:57',227,0),('QubitTerm','2022-09-28 13:04:57','2022-09-28 13:04:57',228,0),('QubitTerm','2022-09-28 13:04:58','2022-09-28 13:04:58',229,0),('QubitTerm','2022-09-28 13:04:58','2022-09-28 13:04:58',230,0),('QubitTerm','2022-09-28 13:04:58','2022-09-28 13:04:58',231,0),('QubitTerm','2022-09-28 13:04:58','2022-09-28 13:04:58',232,0),('QubitTerm','2022-09-28 13:04:58','2022-09-28 13:04:58',233,0),('QubitTerm','2022-09-28 13:04:58','2022-09-28 13:04:58',234,0),('QubitTerm','2022-09-28 13:04:58','2022-09-28 13:04:58',235,0),('QubitTerm','2022-09-28 13:04:58','2022-09-28 13:04:58',236,0),('QubitTerm','2022-09-28 13:04:58','2022-09-28 13:04:58',237,0),('QubitTerm','2022-09-28 13:04:58','2022-09-28 13:04:58',238,0),('QubitTerm','2022-09-28 13:04:58','2022-09-28 13:04:58',239,0),('QubitTerm','2022-09-28 13:04:58','2022-09-28 13:04:58',240,0),('QubitTerm','2022-09-28 13:04:58','2022-09-28 13:04:58',241,0),('QubitTerm','2022-09-28 13:04:58','2022-09-28 13:04:58',242,0),('QubitTerm','2022-09-28 13:04:58','2022-09-28 13:04:58',243,0),('QubitTerm','2022-09-28 13:04:58','2022-09-28 13:04:58',244,0),('QubitTerm','2022-09-28 13:04:58','2022-09-28 13:04:58',245,0),('QubitTerm','2022-09-28 13:04:58','2022-09-28 13:04:58',246,0),('QubitTerm','2022-09-28 13:04:58','2022-09-28 13:04:58',247,0),('QubitTerm','2022-09-28 13:04:58','2022-09-28 13:04:58',248,0),('QubitTerm','2022-09-28 13:04:58','2022-09-28 13:04:58',249,0),('QubitTerm','2022-09-28 13:04:58','2022-09-28 13:04:58',250,0),('QubitTerm','2022-09-28 13:04:58','2022-09-28 13:04:58',251,0),('QubitTerm','2022-09-28 13:04:58','2022-09-28 13:04:58',252,0),('QubitTerm','2022-09-28 13:04:58','2022-09-28 13:04:58',253,0),('QubitTerm','2022-09-28 13:04:58','2022-09-28 13:04:58',254,0),('QubitTerm','2022-09-28 13:04:58','2022-09-28 13:04:58',255,0),('QubitTerm','2022-09-28 13:04:58','2022-09-28 13:04:58',256,0),('QubitTerm','2022-09-28 13:04:58','2022-09-28 13:04:58',257,0),('QubitTerm','2022-09-28 13:04:58','2022-09-28 13:04:58',258,0),('QubitTerm','2022-09-28 13:04:58','2022-09-28 13:04:58',259,0),('QubitTerm','2022-09-28 13:04:58','2022-09-28 13:04:58',260,0),('QubitTerm','2022-09-28 13:04:58','2022-09-28 13:04:58',261,0),('QubitTerm','2022-09-28 13:04:58','2022-09-28 13:04:58',262,0),('QubitTerm','2022-09-28 13:04:58','2022-09-28 13:04:58',263,0),('QubitTerm','2022-09-28 13:04:58','2022-09-28 13:04:58',264,0),('QubitTerm','2022-09-28 13:04:58','2022-09-28 13:04:58',265,0),('QubitTerm','2022-09-28 13:04:58','2022-09-28 13:04:58',266,0),('QubitTerm','2022-09-28 13:04:58','2022-09-28 13:04:58',267,0),('QubitTerm','2022-09-28 13:04:58','2022-09-28 13:04:58',268,0),('QubitTerm','2022-09-28 13:04:58','2022-09-28 13:04:58',269,0),('QubitTerm','2022-09-28 13:04:58','2022-09-28 13:04:58',270,0),('QubitTerm','2022-09-28 13:04:58','2022-09-28 13:04:58',271,0),('QubitTerm','2022-09-28 13:04:58','2022-09-28 13:04:58',272,0),('QubitTerm','2022-09-28 13:04:58','2022-09-28 13:04:58',273,0),('QubitTerm','2022-09-28 13:04:58','2022-09-28 13:04:58',274,0),('QubitTerm','2022-09-28 13:04:58','2022-09-28 13:04:58',275,0),('QubitTerm','2022-09-28 13:04:58','2022-09-28 13:04:58',276,0),('QubitTerm','2022-09-28 13:04:58','2022-09-28 13:04:58',277,0),('QubitTerm','2022-09-28 13:04:58','2022-09-28 13:04:58',278,0),('QubitTerm','2022-09-28 13:04:58','2022-09-28 13:04:58',279,0),('QubitTerm','2022-09-28 13:04:58','2022-09-28 13:04:58',280,0),('QubitTerm','2022-09-28 13:04:58','2022-09-28 13:04:58',281,0),('QubitTerm','2022-09-28 13:04:58','2022-09-28 13:04:58',282,0),('QubitTerm','2022-09-28 13:04:58','2022-09-28 13:04:58',283,0),('QubitTerm','2022-09-28 13:04:58','2022-09-28 13:04:58',284,0),('QubitTerm','2022-09-28 13:04:58','2022-09-28 13:04:58',285,0),('QubitTerm','2022-09-28 13:04:58','2022-09-28 13:04:58',286,0),('QubitTerm','2022-09-28 13:04:58','2022-09-28 13:04:58',287,0),('QubitTerm','2022-09-28 13:04:58','2022-09-28 13:04:58',288,0),('QubitTerm','2022-09-28 13:04:58','2022-09-28 13:04:58',289,0),('QubitTerm','2022-09-28 13:04:58','2022-09-28 13:04:58',290,0),('QubitTerm','2022-09-28 13:04:58','2022-09-28 13:04:58',291,0),('QubitTerm','2022-09-28 13:04:58','2022-09-28 13:04:58',292,0),('QubitTerm','2022-09-28 13:04:58','2022-09-28 13:04:58',293,0),('QubitTerm','2022-09-28 13:04:58','2022-09-28 13:04:58',294,0),('QubitTerm','2022-09-28 13:04:58','2022-09-28 13:04:58',295,0),('QubitTerm','2022-09-28 13:04:58','2022-09-28 13:04:58',296,0),('QubitTerm','2022-09-28 13:04:58','2022-09-28 13:04:58',297,0),('QubitTerm','2022-09-28 13:04:58','2022-09-28 13:04:58',298,0),('QubitTerm','2022-09-28 13:04:58','2022-09-28 13:04:58',299,0),('QubitTerm','2022-09-28 13:04:58','2022-09-28 13:04:58',300,0),('QubitTerm','2022-09-28 13:04:58','2022-09-28 13:04:58',301,0),('QubitTerm','2022-09-28 13:04:58','2022-09-28 13:04:58',302,0),('QubitTerm','2022-09-28 13:04:58','2022-09-28 13:04:58',303,0),('QubitTerm','2022-09-28 13:04:58','2022-09-28 13:04:58',304,0),('QubitTerm','2022-09-28 13:04:58','2022-09-28 13:04:58',305,0),('QubitTerm','2022-09-28 13:04:58','2022-09-28 13:04:58',306,0),('QubitTerm','2022-09-28 13:04:58','2022-09-28 13:04:58',307,0),('QubitTerm','2022-09-28 13:04:58','2022-09-28 13:04:58',308,0),('QubitTerm','2022-09-28 13:04:58','2022-09-28 13:04:58',309,0),('QubitTerm','2022-09-28 13:04:58','2022-09-28 13:04:58',310,0),('QubitTerm','2022-09-28 13:04:58','2022-09-28 13:04:58',311,0),('QubitTerm','2022-09-28 13:04:58','2022-09-28 13:04:58',312,0),('QubitTerm','2022-09-28 13:04:58','2022-09-28 13:04:58',313,0),('QubitTerm','2022-09-28 13:04:58','2022-09-28 13:04:58',314,0),('QubitTerm','2022-09-28 13:04:58','2022-09-28 13:04:58',315,0),('QubitTerm','2022-09-28 13:04:58','2022-09-28 13:04:58',316,0),('QubitTerm','2022-09-28 13:04:58','2022-09-28 13:04:58',317,0),('QubitTerm','2022-09-28 13:04:58','2022-09-28 13:04:58',318,0),('QubitTerm','2022-09-28 13:04:58','2022-09-28 13:04:58',319,0),('QubitTerm','2022-09-28 13:04:58','2022-09-28 13:04:58',320,0),('QubitTerm','2022-09-28 13:04:58','2022-09-28 13:04:58',321,0),('QubitTerm','2022-09-28 13:04:58','2022-09-28 13:04:58',322,0),('QubitTerm','2022-09-28 13:04:58','2022-09-28 13:04:58',323,0),('QubitTerm','2022-09-28 13:04:58','2022-09-28 13:04:58',324,0),('QubitTerm','2022-09-28 13:04:58','2022-09-28 13:04:58',325,0),('QubitTerm','2022-09-28 13:04:58','2022-09-28 13:04:58',326,0),('QubitTerm','2022-09-28 13:04:58','2022-09-28 13:04:58',327,0),('QubitTerm','2022-09-28 13:04:58','2022-09-28 13:04:58',328,0),('QubitTerm','2022-09-28 13:04:58','2022-09-28 13:04:58',329,0),('QubitTerm','2022-09-28 13:04:58','2022-09-28 13:04:58',330,0),('QubitTerm','2022-09-28 13:04:59','2022-09-28 13:04:59',331,0),('QubitTerm','2022-09-28 13:04:59','2022-09-28 13:04:59',332,0),('QubitTerm','2022-09-28 13:04:59','2022-09-28 13:04:59',333,0),('QubitTerm','2022-09-28 13:04:59','2022-09-28 13:04:59',334,0),('QubitTerm','2022-09-28 13:04:59','2022-09-28 13:04:59',335,0),('QubitTerm','2022-09-28 13:04:59','2022-09-28 13:04:59',336,0),('QubitTerm','2022-09-28 13:04:59','2022-09-28 13:04:59',337,0),('QubitTerm','2022-09-28 13:04:59','2022-09-28 13:04:59',338,0),('QubitTerm','2022-09-28 13:04:59','2022-09-28 13:04:59',339,0),('QubitTerm','2022-09-28 13:04:59','2022-09-28 13:04:59',340,0),('QubitTerm','2022-09-28 13:04:59','2022-09-28 13:04:59',341,0),('QubitTerm','2022-09-28 13:04:59','2022-09-28 13:04:59',342,0),('QubitTerm','2022-09-28 13:04:59','2022-09-28 13:04:59',343,0),('QubitTerm','2022-09-28 13:04:59','2022-09-28 13:04:59',344,0),('QubitTerm','2022-09-28 13:04:59','2022-09-28 13:04:59',345,0),('QubitTerm','2022-09-28 13:04:59','2022-09-28 13:04:59',346,0),('QubitTerm','2022-09-28 13:04:59','2022-09-28 13:04:59',347,0),('QubitTerm','2022-09-28 13:04:59','2022-09-28 13:04:59',348,0),('QubitTerm','2022-09-28 13:04:59','2022-09-28 13:04:59',349,0),('QubitTerm','2022-09-28 13:04:59','2022-09-28 13:04:59',350,0),('QubitTerm','2022-09-28 13:04:59','2022-09-28 13:04:59',351,0),('QubitTerm','2022-09-28 13:04:59','2022-09-28 13:04:59',352,0),('QubitTerm','2022-09-28 13:04:59','2022-09-28 13:04:59',353,0),('QubitTerm','2022-09-28 13:04:59','2022-09-28 13:04:59',354,0),('QubitTerm','2022-09-28 13:04:59','2022-09-28 13:04:59',355,0),('QubitTerm','2022-09-28 13:04:59','2022-09-28 13:04:59',356,0),('QubitTerm','2022-09-28 13:04:59','2022-09-28 13:04:59',357,0),('QubitTerm','2022-09-28 13:04:59','2022-09-28 13:04:59',358,0),('QubitTerm','2022-09-28 13:04:59','2022-09-28 13:04:59',359,0),('QubitTerm','2022-09-28 13:04:59','2022-09-28 13:04:59',360,0),('QubitTerm','2022-09-28 13:04:59','2022-09-28 13:04:59',361,0),('QubitTerm','2022-09-28 13:04:59','2022-09-28 13:04:59',362,0),('QubitTerm','2022-09-28 13:04:59','2022-09-28 13:04:59',363,0),('QubitTerm','2022-09-28 13:04:59','2022-09-28 13:04:59',364,0),('QubitTerm','2022-09-28 13:04:59','2022-09-28 13:04:59',365,0),('QubitTerm','2022-09-28 13:04:59','2022-09-28 13:04:59',366,0),('QubitTerm','2022-09-28 13:04:59','2022-09-28 13:04:59',367,0),('QubitTerm','2022-09-28 13:04:59','2022-09-28 13:04:59',368,0),('QubitTerm','2022-09-28 13:04:59','2022-09-28 13:04:59',369,0),('QubitTerm','2022-09-28 13:04:59','2022-09-28 13:04:59',370,0),('QubitTerm','2022-09-28 13:04:59','2022-09-28 13:04:59',371,0),('QubitTerm','2022-09-28 13:04:59','2022-09-28 13:04:59',372,0),('QubitTerm','2022-09-28 13:04:59','2022-09-28 13:04:59',373,0),('QubitTerm','2022-09-28 13:04:59','2022-09-28 13:04:59',374,0),('QubitTerm','2022-09-28 13:04:59','2022-09-28 13:04:59',375,0),('QubitTerm','2022-09-28 13:04:59','2022-09-28 13:04:59',376,0),('QubitTerm','2022-09-28 13:04:59','2022-09-28 13:04:59',377,0),('QubitTerm','2022-09-28 13:04:59','2022-09-28 13:04:59',378,0),('QubitTerm','2022-09-28 13:04:59','2022-09-28 13:04:59',379,0),('QubitTerm','2022-09-28 13:04:59','2022-09-28 13:04:59',380,0),('QubitTerm','2022-09-28 13:04:59','2022-09-28 13:04:59',381,0),('QubitTerm','2022-09-28 13:04:59','2022-09-28 13:04:59',382,0),('QubitTerm','2022-09-28 13:04:59','2022-09-28 13:04:59',383,0),('QubitTerm','2022-09-28 13:04:59','2022-09-28 13:04:59',384,0),('QubitTerm','2022-09-28 13:04:59','2022-09-28 13:04:59',385,0),('QubitTerm','2022-09-28 13:04:59','2022-09-28 13:04:59',386,0),('QubitTerm','2022-09-28 13:04:59','2022-09-28 13:04:59',387,0),('QubitTerm','2022-09-28 13:04:59','2022-09-28 13:04:59',388,0),('QubitTerm','2022-09-28 13:04:59','2022-09-28 13:04:59',389,0),('QubitTerm','2022-09-28 13:04:59','2022-09-28 13:04:59',390,0),('QubitTerm','2022-09-28 13:04:59','2022-09-28 13:04:59',391,0),('QubitTerm','2022-09-28 13:04:59','2022-09-28 13:04:59',392,0),('QubitTerm','2022-09-28 13:04:59','2022-09-28 13:04:59',393,0),('QubitTerm','2022-09-28 13:04:59','2022-09-28 13:04:59',394,0),('QubitTerm','2022-09-28 13:04:59','2022-09-28 13:04:59',395,0),('QubitTerm','2022-09-28 13:04:59','2022-09-28 13:04:59',396,0),('QubitTerm','2022-09-28 13:04:59','2022-09-28 13:04:59',397,0),('QubitTerm','2022-09-28 13:04:59','2022-09-28 13:04:59',398,0),('QubitTerm','2022-09-28 13:04:59','2022-09-28 13:04:59',399,0),('QubitTerm','2022-09-28 13:04:59','2022-09-28 13:04:59',400,0),('QubitTerm','2022-09-28 13:04:59','2022-09-28 13:04:59',401,0),('QubitTerm','2022-09-28 13:04:59','2022-09-28 13:04:59',402,0),('QubitTerm','2022-09-28 13:04:59','2022-09-28 13:04:59',403,0),('QubitTerm','2022-09-28 13:04:59','2022-09-28 13:04:59',404,0),('QubitTerm','2022-09-28 13:04:59','2022-09-28 13:04:59',405,0),('QubitTerm','2022-09-28 13:04:59','2022-09-28 13:04:59',406,0),('QubitTerm','2022-09-28 13:04:59','2022-09-28 13:04:59',407,0),('QubitTerm','2022-09-28 13:04:59','2022-09-28 13:04:59',408,0),('QubitTerm','2022-09-28 13:04:59','2022-09-28 13:04:59',409,0),('QubitTerm','2022-09-28 13:04:59','2022-09-28 13:04:59',410,0),('QubitTerm','2022-09-28 13:04:59','2022-09-28 13:04:59',411,0),('QubitTerm','2022-09-28 13:04:59','2022-09-28 13:04:59',412,0),('QubitTerm','2022-09-28 13:04:59','2022-09-28 13:04:59',413,0),('QubitTerm','2022-09-28 13:04:59','2022-09-28 13:04:59',414,0),('QubitTerm','2022-09-28 13:04:59','2022-09-28 13:04:59',415,0),('QubitTerm','2022-09-28 13:04:59','2022-09-28 13:04:59',416,0),('QubitTerm','2022-09-28 13:04:59','2022-09-28 13:04:59',417,0),('QubitTerm','2022-09-28 13:04:59','2022-09-28 13:04:59',418,0),('QubitTerm','2022-09-28 13:04:59','2022-09-28 13:04:59',419,0),('QubitTerm','2022-09-28 13:04:59','2022-09-28 13:04:59',420,0),('QubitTerm','2022-09-28 13:04:59','2022-09-28 13:04:59',421,0),('QubitTerm','2022-09-28 13:04:59','2022-09-28 13:04:59',422,0),('QubitTerm','2022-09-28 13:04:59','2022-09-28 13:04:59',423,0),('QubitTerm','2022-09-28 13:04:59','2022-09-28 13:04:59',424,0),('QubitTerm','2022-09-28 13:04:59','2022-09-28 13:04:59',425,0),('QubitTerm','2022-09-28 13:04:59','2022-09-28 13:04:59',426,0),('QubitTerm','2022-09-28 13:04:59','2022-09-28 13:04:59',427,0),('QubitTerm','2022-09-28 13:04:59','2022-09-28 13:04:59',428,0),('QubitTerm','2022-09-28 13:04:59','2022-09-28 13:04:59',429,0),('QubitRelation','2022-09-28 13:04:59','2022-09-28 13:04:59',430,0),('QubitRelation','2022-09-28 13:04:59','2022-09-28 13:04:59',431,0),('QubitRelation','2022-09-28 13:04:59','2022-09-28 13:04:59',432,0),('QubitRelation','2022-09-28 13:04:59','2022-09-28 13:04:59',433,0),('QubitRelation','2022-09-28 13:04:59','2022-09-28 13:04:59',434,0),('QubitRelation','2022-09-28 13:04:59','2022-09-28 13:04:59',435,0),('QubitRelation','2022-09-28 13:04:59','2022-09-28 13:04:59',436,0),('QubitRelation','2022-09-28 13:04:59','2022-09-28 13:04:59',437,0),('QubitRelation','2022-09-28 13:04:59','2022-09-28 13:04:59',438,0),('QubitRelation','2022-09-28 13:04:59','2022-09-28 13:04:59',439,0),('QubitRelation','2022-09-28 13:04:59','2022-09-28 13:04:59',440,0),('QubitRelation','2022-09-28 13:04:59','2022-09-28 13:04:59',441,0),('QubitRelation','2022-09-28 13:04:59','2022-09-28 13:04:59',442,0),('QubitUser','2022-09-28 13:06:14','2022-09-28 13:17:07',443,0),('QubitInformationObject','2022-09-28 13:38:25','2022-09-28 13:38:25',444,0),('QubitJob','2022-09-28 13:42:45','2022-09-28 13:42:45',446,0),('QubitJob','2022-09-28 13:47:38','2022-09-28 13:47:43',447,0),('QubitAip','2022-09-28 20:47:36','2022-09-28 13:47:38',448,0),('QubitJob','2022-09-28 13:56:48','2022-09-28 13:56:52',455,0),('QubitAip','2022-09-28 20:56:47','2022-09-28 13:56:49',456,0),('QubitJob','2022-09-28 14:00:30','2022-09-28 14:00:33',473,0),('QubitAip','2022-09-28 21:00:28','2022-09-28 14:00:30',474,0),('QubitJob','2022-09-28 14:05:12','2022-09-28 14:05:16',491,0),('QubitAip','2022-09-28 21:05:10','2022-09-28 14:05:12',492,0),('QubitTerm','2022-09-28 14:05:12','2022-09-28 14:05:12',501,0),('QubitTerm','2022-09-28 14:05:12','2022-09-28 14:05:12',502,0),('QubitTerm','2022-09-28 14:05:13','2022-09-28 14:05:13',503,0),('QubitActor','2022-09-28 14:05:13','2022-09-28 14:05:13',504,0),('QubitObjectTermRelation','2022-09-28 14:05:13','2022-09-28 14:05:14',506,0),('QubitObjectTermRelation','2022-09-28 14:05:13','2022-09-28 14:05:14',507,0),('QubitObjectTermRelation','2022-09-28 14:05:13','2022-09-28 14:05:14',508,0),('QubitEvent','2022-09-28 14:05:13','2022-09-28 14:05:14',510,0),('QubitRepository','2022-09-29 05:15:22','2022-09-29 05:16:13',517,0),('QubitActor','2022-09-29 05:22:04','2022-09-29 05:22:04',518,0),('QubitInformationObject','2022-09-29 05:22:05','2022-09-29 05:34:55',519,4),('QubitEvent','2022-09-29 05:22:05','2022-09-29 05:34:55',520,0),('QubitEvent','2022-09-29 05:22:05','2022-09-29 05:34:55',521,0),('QubitInformationObject','2022-09-29 05:27:29','2022-09-29 05:31:35',522,4),('QubitTerm','2022-09-29 05:28:29','2022-09-29 05:28:29',523,0),('QubitJob','2022-09-29 05:29:05','2022-09-29 05:29:05',524,0),('QubitEvent','2022-09-29 05:30:06','2022-09-29 05:31:35',525,0),('QubitJob','2022-09-29 05:31:10','2022-09-29 05:31:10',526,0),('QubitInformationObject','2022-09-29 05:33:31','2022-09-29 05:36:24',527,1),('QubitTerm','2022-09-29 05:33:54','2022-09-29 05:33:54',528,0),('QubitTerm','2022-09-29 05:34:17','2022-09-29 05:34:17',529,0),('QubitJob','2022-09-29 05:34:55','2022-09-29 05:34:55',530,0),('QubitActor','2022-09-29 05:36:23','2022-09-29 05:36:23',531,0),('QubitEvent','2022-09-29 05:36:24','2022-09-29 05:36:24',532,0),('QubitInformationObject','2022-09-29 05:37:14','2022-09-29 05:37:40',533,1),('QubitInformationObject','2022-09-29 05:38:40','2022-09-29 05:38:40',534,0),('QubitTerm','2022-09-29 05:39:57','2022-09-29 05:39:57',535,0),('QubitInformationObject','2022-09-29 05:41:01','2022-09-29 05:41:01',536,0),('QubitInformationObject','2022-09-29 05:42:34','2022-09-29 05:43:23',537,0),('QubitDigitalObject','2022-09-29 05:42:34','2022-09-29 05:43:23',538,0),('QubitDigitalObject','2022-09-29 05:42:34','2022-09-29 05:42:34',539,0),('QubitDigitalObject','2022-09-29 05:42:35','2022-09-29 05:42:35',540,0),('QubitInformationObject','2022-09-29 05:42:35','2022-09-29 05:43:23',541,0),('QubitDigitalObject','2022-09-29 05:42:35','2022-09-29 05:43:23',542,0),('QubitDigitalObject','2022-09-29 05:42:35','2022-09-29 05:42:35',543,0),('QubitDigitalObject','2022-09-29 05:42:36','2022-09-29 05:42:36',544,0),('QubitInformationObject','2022-09-29 05:42:36','2022-09-29 05:43:23',545,0),('QubitDigitalObject','2022-09-29 05:42:36','2022-09-29 05:43:23',546,0),('QubitDigitalObject','2022-09-29 05:42:37','2022-09-29 05:42:37',547,0),('QubitDigitalObject','2022-09-29 05:42:37','2022-09-29 05:42:37',548,0),('QubitInformationObject','2022-09-29 05:42:37','2022-09-29 05:43:23',549,0),('QubitDigitalObject','2022-09-29 05:42:37','2022-09-29 05:43:23',550,0),('QubitDigitalObject','2022-09-29 05:42:38','2022-09-29 05:42:38',551,0),('QubitDigitalObject','2022-09-29 05:42:38','2022-09-29 05:42:38',552,0),('QubitInformationObject','2022-09-29 05:42:38','2022-09-29 05:43:23',553,0),('QubitDigitalObject','2022-09-29 05:42:38','2022-09-29 05:43:23',554,0),('QubitDigitalObject','2022-09-29 05:42:39','2022-09-29 05:42:39',555,0),('QubitDigitalObject','2022-09-29 05:42:39','2022-09-29 05:42:39',556,0),('QubitInformationObject','2022-09-29 05:49:36','2022-09-29 06:09:07',557,1),('QubitEvent','2022-09-29 05:49:36','2022-09-29 06:09:08',558,0),('QubitInformationObject','2022-09-29 05:50:24','2022-09-29 05:50:24',559,0),('QubitInformationObject','2022-09-29 05:51:11','2022-09-29 05:51:11',560,0),('QubitInformationObject','2022-09-29 05:51:38','2022-09-29 05:54:22',561,1),('QubitJob','2022-09-29 05:54:22','2022-09-29 05:54:22',564,0),('QubitJob','2022-09-29 05:55:54','2022-09-29 05:55:54',568,0),('QubitJob','2022-09-29 05:59:32','2022-09-29 05:59:32',572,0),('QubitJob','2022-09-29 06:09:08','2022-09-29 06:09:08',585,0),('QubitInformationObject','2022-09-30 04:43:19','2023-05-19 06:39:35',586,4),('QubitJob','2022-09-30 04:43:32','2022-09-30 04:43:32',587,0),('QubitInformationObject','2022-09-30 04:51:34','2022-09-30 04:51:34',602,0),('QubitJob','2022-09-30 04:53:38','2022-09-30 04:53:38',603,0),('QubitJob','2022-09-30 04:54:33','2022-09-30 04:54:36',604,0),('QubitAip','2022-09-30 11:53:47','2022-09-30 04:54:33',605,0),('QubitTerm','2022-09-30 04:54:33','2022-09-30 04:54:33',606,0),('QubitObjectTermRelation','2022-09-30 04:54:33','2022-09-30 04:54:33',608,0),('QubitEvent','2022-09-30 04:54:33','2022-09-30 04:54:33',610,0),('QubitObjectTermRelation','2022-09-30 04:54:34','2022-09-30 04:54:35',618,0),('QubitEvent','2022-09-30 04:54:34','2022-09-30 04:54:35',620,0),('QubitJob','2022-09-30 05:00:57','2022-09-30 05:00:59',627,0),('QubitAip','2022-09-30 12:00:55','2022-09-30 05:00:57',628,0),('QubitObjectTermRelation','2022-09-30 05:00:57','2022-09-30 05:00:57',630,0),('QubitEvent','2022-09-30 05:00:57','2022-09-30 05:00:57',632,0),('QubitObjectTermRelation','2022-09-30 05:00:57','2022-09-30 05:00:58',640,0),('QubitEvent','2022-09-30 05:00:57','2022-09-30 05:00:58',642,0),('QubitJob','2022-09-30 05:10:57','2022-09-30 05:11:00',649,0),('QubitAip','2022-09-30 12:09:49','2022-09-30 05:10:57',650,0),('QubitObjectTermRelation','2022-09-30 05:10:57','2022-09-30 05:10:57',652,0),('QubitEvent','2022-09-30 05:10:57','2022-09-30 05:10:57',654,0),('QubitObjectTermRelation','2022-09-30 05:10:58','2022-09-30 05:10:59',662,0),('QubitEvent','2022-09-30 05:10:58','2022-09-30 05:10:59',664,0),('QubitJob','2022-10-03 10:51:37','2022-10-03 10:51:39',671,0),('QubitAip','2022-10-03 17:50:50','2022-10-03 10:51:37',672,0),('QubitObjectTermRelation','2022-10-03 10:51:37','2022-10-03 10:51:37',674,0),('QubitEvent','2022-10-03 10:51:37','2022-10-03 10:51:37',676,0),('QubitObjectTermRelation','2022-10-03 10:51:37','2022-10-03 10:51:38',684,0),('QubitEvent','2022-10-03 10:51:37','2022-10-03 10:51:38',686,0),('QubitJob','2022-10-04 11:15:43','2022-10-04 11:15:45',693,0),('QubitAip','2022-10-04 18:15:06','2022-10-04 11:15:43',694,0),('QubitObjectTermRelation','2022-10-04 11:15:43','2022-10-04 11:15:43',696,0),('QubitEvent','2022-10-04 11:15:43','2022-10-04 11:15:43',698,0),('QubitObjectTermRelation','2022-10-04 11:15:43','2022-10-04 11:15:44',706,0),('QubitEvent','2022-10-04 11:15:43','2022-10-04 11:15:44',708,0),('QubitJob','2022-10-06 12:30:20','2022-10-06 12:30:22',715,0),('QubitAip','2022-10-06 19:29:37','2022-10-06 12:30:20',716,0),('QubitObjectTermRelation','2022-10-06 12:30:20','2022-10-06 12:30:20',718,0),('QubitEvent','2022-10-06 12:30:20','2022-10-06 12:30:20',720,0),('QubitObjectTermRelation','2022-10-06 12:30:20','2022-10-06 12:30:21',728,0),('QubitEvent','2022-10-06 12:30:20','2022-10-06 12:30:21',730,0),('QubitJob','2022-10-11 06:17:48','2022-10-11 06:17:50',737,0),('QubitAip','2022-10-11 13:17:09','2022-10-11 06:17:48',738,0),('QubitObjectTermRelation','2022-10-11 06:17:48','2022-10-11 06:17:48',740,0),('QubitEvent','2022-10-11 06:17:48','2022-10-11 06:17:48',742,0),('QubitObjectTermRelation','2022-10-11 06:17:48','2022-10-11 06:17:49',750,0),('QubitEvent','2022-10-11 06:17:48','2022-10-11 06:17:49',752,0),('QubitStaticPage','2022-10-25 13:32:02','2022-10-25 13:34:31',759,0),('QubitJob','2022-11-03 11:21:43','2022-11-03 11:21:46',760,0),('QubitAip','2022-11-03 18:21:06','2022-11-03 11:21:43',761,0),('QubitObjectTermRelation','2022-11-03 11:21:43','2022-11-03 11:21:44',763,0),('QubitEvent','2022-11-03 11:21:43','2022-11-03 11:21:44',765,0),('QubitObjectTermRelation','2022-11-03 11:21:44','2022-11-03 11:21:45',773,0),('QubitEvent','2022-11-03 11:21:44','2022-11-03 11:21:45',775,0),('QubitJob','2022-11-16 04:43:13','2022-11-16 04:43:15',782,0),('QubitAip','2022-11-16 12:41:04','2022-11-16 04:43:13',783,0),('QubitObjectTermRelation','2022-11-16 04:43:13','2022-11-16 04:43:13',785,0),('QubitEvent','2022-11-16 04:43:13','2022-11-16 04:43:13',787,0),('QubitObjectTermRelation','2022-11-16 04:43:13','2022-11-16 04:43:14',795,0),('QubitEvent','2022-11-16 04:43:13','2022-11-16 04:43:14',797,0),('QubitJob','2022-11-17 09:46:20','2022-11-17 09:46:22',804,0),('QubitAip','2022-11-17 17:44:59','2022-11-17 09:46:20',805,0),('QubitObjectTermRelation','2022-11-17 09:46:20','2022-11-17 09:46:20',807,0),('QubitEvent','2022-11-17 09:46:20','2022-11-17 09:46:20',809,0),('QubitObjectTermRelation','2022-11-17 09:46:20','2022-11-17 09:46:21',817,0),('QubitEvent','2022-11-17 09:46:20','2022-11-17 09:46:21',819,0),('QubitJob','2023-01-11 10:58:54','2023-01-11 10:58:56',826,0),('QubitAip','2023-01-11 18:58:45','2023-01-11 10:58:54',827,0),('QubitObjectTermRelation','2023-01-11 10:58:54','2023-01-11 10:58:54',829,0),('QubitEvent','2023-01-11 10:58:54','2023-01-11 10:58:54',831,0),('QubitObjectTermRelation','2023-01-11 10:58:54','2023-01-11 10:58:55',839,0),('QubitEvent','2023-01-11 10:58:54','2023-01-11 10:58:55',841,0),('QubitJob','2023-01-11 16:43:46','2023-01-11 16:43:48',848,0),('QubitAip','2023-01-12 00:42:45','2023-01-11 16:43:46',849,0),('QubitObjectTermRelation','2023-01-11 16:43:46','2023-01-11 16:43:46',851,0),('QubitEvent','2023-01-11 16:43:46','2023-01-11 16:43:46',853,0),('QubitObjectTermRelation','2023-01-11 16:43:46','2023-01-11 16:43:47',861,0),('QubitEvent','2023-01-11 16:43:46','2023-01-11 16:43:47',863,0),('QubitJob','2023-01-12 09:45:58','2023-01-12 09:46:01',870,0),('QubitAip','2023-01-12 17:45:16','2023-01-12 09:45:59',871,0),('QubitObjectTermRelation','2023-01-12 09:45:59','2023-01-12 09:45:59',873,0),('QubitEvent','2023-01-12 09:45:59','2023-01-12 09:45:59',875,0),('QubitObjectTermRelation','2023-01-12 09:45:59','2023-01-12 09:46:00',883,0),('QubitEvent','2023-01-12 09:45:59','2023-01-12 09:46:00',885,0),('QubitJob','2023-01-12 10:18:07','2023-01-12 10:18:10',892,0),('QubitAip','2023-01-12 18:17:33','2023-01-12 10:18:07',893,0),('QubitObjectTermRelation','2023-01-12 10:18:07','2023-01-12 10:18:08',895,0),('QubitEvent','2023-01-12 10:18:07','2023-01-12 10:18:08',897,0),('QubitObjectTermRelation','2023-01-12 10:18:08','2023-01-12 10:18:09',905,0),('QubitEvent','2023-01-12 10:18:08','2023-01-12 10:18:09',907,0),('QubitUser','2023-01-16 08:57:48','2023-01-16 08:57:48',914,0),('QubitJob','2023-02-07 10:20:33','2023-02-07 10:20:36',915,0),('QubitAip','2023-02-07 18:19:42','2023-02-07 10:20:33',916,0),('QubitObjectTermRelation','2023-02-07 10:20:34','2023-02-07 10:20:34',918,0),('QubitEvent','2023-02-07 10:20:34','2023-02-07 10:20:34',920,0),('QubitObjectTermRelation','2023-02-07 10:20:34','2023-02-07 10:20:35',928,0),('QubitEvent','2023-02-07 10:20:34','2023-02-07 10:20:35',930,0),('QubitInformationObject','2023-03-02 06:39:13','2023-06-06 12:52:32',937,6),('QubitInformationObject','2023-03-07 05:57:18','2023-06-06 12:52:32',938,4),('QubitJob','2023-03-07 05:57:18','2023-03-07 05:57:18',939,0),('QubitInformationObject','2023-03-07 05:57:54','2023-06-06 12:52:32',940,2),('QubitJob','2023-03-07 05:57:54','2023-03-07 05:57:54',941,0),('QubitInformationObject','2023-03-07 05:59:25','2023-06-06 12:52:32',942,1),('QubitJob','2023-03-07 05:59:25','2023-03-07 05:59:25',943,0),('QubitInformationObject','2023-03-07 06:00:14','2023-06-06 12:52:33',944,2),('QubitJob','2023-03-07 06:00:14','2023-03-07 06:00:14',945,0),('QubitJob','2023-03-07 06:00:51','2023-03-07 06:00:51',946,0),('QubitInformationObject','2023-03-07 06:02:34','2023-06-06 12:52:33',947,4),('QubitDigitalObject','2023-03-07 06:02:34','2023-06-06 12:52:33',948,0),('QubitDigitalObject','2023-03-07 06:02:34','2023-03-07 06:02:34',949,0),('QubitDigitalObject','2023-03-07 06:02:34','2023-03-07 06:02:34',950,0),('QubitInformationObject','2023-03-07 06:05:13','2023-06-06 12:52:33',951,3),('QubitDigitalObject','2023-03-07 06:05:14','2023-06-06 12:52:33',952,0),('QubitDigitalObject','2023-03-07 06:05:14','2023-03-07 06:05:14',953,0),('QubitDigitalObject','2023-03-07 06:05:14','2023-03-07 06:05:14',954,0),('QubitJob','2023-03-07 06:05:36','2023-03-07 06:05:36',955,0),('QubitInformationObject','2023-03-07 06:07:19','2023-07-20 12:50:14',956,3),('QubitDigitalObject','2023-03-07 06:07:19','2023-07-20 12:50:14',957,0),('QubitDigitalObject','2023-03-07 06:07:19','2023-03-07 06:07:19',958,0),('QubitDigitalObject','2023-03-07 06:07:20','2023-03-07 06:07:20',959,0),('QubitJob','2023-03-07 06:11:55','2023-03-07 06:11:58',960,0),('QubitAip','2023-03-07 14:11:11','2023-03-07 06:11:55',961,0),('QubitObjectTermRelation','2023-03-07 06:11:55','2023-03-07 06:11:55',963,0),('QubitEvent','2023-03-07 06:11:55','2023-03-07 06:11:55',965,0),('QubitObjectTermRelation','2023-03-07 06:11:56','2023-03-07 06:11:57',973,0),('QubitEvent','2023-03-07 06:11:56','2023-03-07 06:11:57',975,0),('QubitEvent','2023-03-07 09:27:16','2023-06-06 12:52:33',982,0),('QubitEvent','2023-03-07 09:28:06','2023-06-06 12:52:33',983,0),('QubitEvent','2023-03-07 09:28:49','2023-06-06 12:52:33',984,0),('QubitEvent','2023-03-07 09:29:08','2023-06-06 12:52:33',985,0),('QubitEvent','2023-03-07 09:30:08','2023-07-20 12:50:14',986,0),('QubitEvent','2023-03-07 09:30:08','2023-07-20 12:50:14',987,0),('QubitEvent','2023-03-07 09:32:54','2023-06-06 12:52:33',988,0),('QubitJob','2023-03-07 09:32:54','2023-03-07 09:32:54',989,0),('QubitEvent','2023-03-07 09:33:42','2023-06-06 12:52:32',990,0),('QubitJob','2023-03-07 09:33:42','2023-03-07 09:33:42',991,0),('QubitEvent','2023-03-07 09:33:57','2023-06-06 12:52:32',992,0),('QubitJob','2023-03-07 09:33:57','2023-03-07 09:33:57',993,0),('QubitEvent','2023-03-07 09:35:34','2023-06-06 12:52:32',995,0),('QubitJob','2023-03-07 09:35:34','2023-03-07 09:35:34',996,0),('QubitEvent','2023-03-07 09:35:49','2023-06-06 12:52:32',997,0),('QubitJob','2023-03-07 09:35:49','2023-03-07 09:35:50',998,0),('QubitEvent','2023-03-07 09:37:08','2023-06-06 12:52:32',999,0),('QubitEvent','2023-03-07 09:37:08','2023-06-06 12:52:32',1000,0),('QubitJob','2023-03-07 09:37:08','2023-03-07 09:37:08',1001,0),('QubitJob','2023-03-07 09:55:30','2023-03-07 09:55:33',1002,0),('QubitAip','2023-03-07 17:54:46','2023-03-07 09:55:30',1003,0),('QubitObjectTermRelation','2023-03-07 09:55:30','2023-03-07 09:55:31',1005,0),('QubitEvent','2023-03-07 09:55:30','2023-03-07 09:55:31',1007,0),('QubitObjectTermRelation','2023-03-07 09:55:31','2023-03-07 09:55:32',1015,0),('QubitEvent','2023-03-07 09:55:31','2023-03-07 09:55:32',1017,0),('QubitJob','2023-03-08 05:57:19','2023-03-08 05:57:20',1024,0),('QubitTerm','2023-05-19 06:27:17','2023-05-19 06:27:17',1025,0),('QubitTerm','2023-05-19 06:28:01','2023-05-19 06:28:01',1026,0),('QubitTerm','2023-05-19 06:28:23','2023-05-19 06:28:23',1027,0),('QubitActor','2023-05-19 06:30:42','2023-05-19 06:37:09',1028,2),('QubitObjectTermRelation','2023-05-19 06:30:42','2023-05-19 06:37:09',1029,0),('QubitTerm','2023-05-19 06:32:34','2023-05-19 06:33:46',1030,1),('QubitTerm','2023-05-19 06:33:10','2023-05-19 06:33:10',1031,0),('QubitObjectTermRelation','2023-05-19 06:35:09','2023-05-19 06:37:09',1032,0),('QubitObjectTermRelation','2023-05-19 06:35:09','2023-05-19 06:37:09',1033,0),('QubitDigitalObject','2023-05-19 06:37:08','2023-05-19 06:37:08',1034,0),('QubitDigitalObject','2023-05-19 06:37:09','2023-05-19 06:37:09',1035,0),('QubitDigitalObject','2023-05-19 06:37:09','2023-05-19 06:37:09',1036,0),('QubitObjectTermRelation','2023-05-19 06:39:14','2023-05-19 06:39:35',1037,0),('QubitObjectTermRelation','2023-05-19 06:39:14','2023-05-19 06:39:35',1038,0),('QubitRelation','2023-05-19 06:39:14','2023-05-19 06:39:14',1039,0),('QubitEvent','2023-05-19 06:39:35','2023-05-19 06:39:35',1040,0),('QubitActor','2023-05-19 06:57:30','2023-05-19 06:58:57',1045,2),('QubitObjectTermRelation','2023-05-19 06:58:06','2023-05-19 06:58:57',1046,0),('QubitObjectTermRelation','2023-05-19 06:58:06','2023-05-19 06:58:57',1047,0),('QubitDigitalObject','2023-05-19 06:58:18','2023-05-19 06:58:57',1048,0),('QubitDigitalObject','2023-05-19 06:58:18','2023-05-19 06:58:18',1049,0),('QubitDigitalObject','2023-05-19 06:58:18','2023-05-19 06:58:18',1050,0),('QubitRelation','2023-05-19 06:58:57','2023-05-19 06:58:57',1051,0),('QubitJob','2023-05-19 06:58:57','2023-05-19 06:58:57',1052,0),('QubitJob','2023-06-06 12:52:32','2023-06-06 12:52:32',1053,0),('QubitJob','2023-06-06 12:52:32','2023-06-06 12:52:33',1054,0),('QubitUser','2023-06-22 11:06:01','2023-06-22 11:06:01',1055,0),('QubitFunctionObject','2023-07-20 12:22:07','2023-07-20 12:45:23',1056,1),('QubitJob','2023-07-31 15:45:49','2023-07-31 15:45:52',1057,0),('QubitAip','2023-07-31 22:45:14','2023-07-31 15:45:49',1058,0),('QubitObjectTermRelation','2023-07-31 15:45:49','2023-07-31 15:45:51',1068,0),('QubitObjectTermRelation','2023-07-31 15:45:49','2023-07-31 15:45:51',1069,0),('QubitObjectTermRelation','2023-07-31 15:45:49','2023-07-31 15:45:51',1070,0),('QubitEvent','2023-07-31 15:45:49','2023-07-31 15:45:51',1072,0),('QubitJob','2023-07-31 16:05:00','2023-07-31 16:05:03',1079,0),('QubitAip','2023-07-31 23:04:17','2023-07-31 16:05:00',1080,0),('QubitObjectTermRelation','2023-07-31 16:05:00','2023-07-31 16:05:02',1090,0),('QubitObjectTermRelation','2023-07-31 16:05:00','2023-07-31 16:05:02',1091,0),('QubitObjectTermRelation','2023-07-31 16:05:00','2023-07-31 16:05:02',1092,0),('QubitEvent','2023-07-31 16:05:00','2023-07-31 16:05:02',1094,0),('QubitJob','2023-07-31 16:24:23','2023-07-31 16:24:27',1101,0),('QubitAip','2023-07-31 23:23:54','2023-07-31 16:24:23',1102,0),('QubitInformationObject','2023-07-31 16:24:24','2023-07-31 16:24:24',1103,0),('QubitRelation','2023-07-31 16:24:24','2023-07-31 16:24:24',1104,0),('QubitDigitalObject','2023-07-31 16:24:24','2023-07-31 16:24:24',1105,0),('QubitDigitalObject','2023-07-31 16:24:24','2023-07-31 16:24:24',1106,0),('QubitDigitalObject','2023-07-31 16:24:24','2023-07-31 16:24:24',1107,0),('QubitDigitalObject','2023-07-31 16:24:24','2023-07-31 16:24:24',1108,0),('QubitDigitalObject','2023-07-31 16:24:24','2023-07-31 16:24:24',1109,0),('QubitPremisObject','2023-07-31 16:24:24','2023-07-31 16:24:24',1110,0),('QubitInformationObject','2023-07-31 16:24:24','2023-07-31 16:24:25',1111,0),('QubitObjectTermRelation','2023-07-31 16:24:24','2023-07-31 16:24:25',1112,0),('QubitObjectTermRelation','2023-07-31 16:24:24','2023-07-31 16:24:25',1113,0),('QubitObjectTermRelation','2023-07-31 16:24:24','2023-07-31 16:24:25',1114,0),('QubitRelation','2023-07-31 16:24:24','2023-07-31 16:24:25',1115,0),('QubitEvent','2023-07-31 16:24:24','2023-07-31 16:24:25',1116,0),('QubitDigitalObject','2023-07-31 16:24:24','2023-07-31 16:24:25',1117,0),('QubitDigitalObject','2023-07-31 16:24:25','2023-07-31 16:24:25',1118,0),('QubitDigitalObject','2023-07-31 16:24:25','2023-07-31 16:24:25',1119,0),('QubitDigitalObject','2023-07-31 16:24:26','2023-07-31 16:24:26',1120,0),('QubitDigitalObject','2023-07-31 16:24:27','2023-07-31 16:24:27',1121,0),('QubitPremisObject','2023-07-31 16:24:27','2023-07-31 16:24:27',1122,0),('QubitInformationObject','2023-10-11 12:41:58','2023-10-11 12:46:50',1123,1),('QubitInformationObject','2023-10-11 12:44:12','2023-10-16 03:12:07',1124,1),('QubitInformationObject','2023-10-11 12:46:17','2023-10-11 12:46:17',1125,0),('QubitJob','2023-10-11 12:46:50','2023-10-11 12:46:50',1126,0),('QubitJob','2023-10-11 13:05:57','2023-10-11 13:05:59',1127,0),('QubitAip','2023-10-11 20:05:22','2023-10-11 13:05:57',1128,0),('QubitEvent','2023-10-11 13:05:57','2023-10-11 13:05:58',1131,0),('QubitInformationObject','2023-10-13 03:43:18','2023-10-13 03:44:08',1138,1),('QubitInformationObject','2023-10-13 03:43:39','2023-10-13 03:43:39',1139,0),('QubitJob','2023-10-13 03:44:08','2023-10-13 03:44:08',1140,0),('QubitJob','2023-10-16 03:10:26','2023-10-16 03:10:28',1141,0),('QubitAip','2023-10-16 10:09:53','2023-10-16 03:10:26',1142,0),('QubitInformationObject','2023-10-16 03:10:26','2023-10-16 03:13:10',1143,1),('QubitRelation','2023-10-16 03:10:26','2023-10-16 03:10:27',1144,0),('QubitEvent','2023-10-16 03:10:26','2023-10-16 03:13:10',1145,0),('QubitDigitalObject','2023-10-16 03:10:26','2023-10-16 03:13:10',1146,0),('QubitDigitalObject','2023-10-16 03:10:27','2023-10-16 03:10:27',1147,0),('QubitDigitalObject','2023-10-16 03:10:27','2023-10-16 03:10:27',1148,0),('QubitDigitalObject','2023-10-16 03:10:27','2023-10-16 03:10:27',1149,0),('QubitDigitalObject','2023-10-16 03:10:28','2023-10-16 03:10:28',1150,0),('QubitPremisObject','2023-10-16 03:10:28','2023-10-16 03:13:10',1151,0),('QubitJob','2023-10-16 03:12:07','2023-10-16 03:12:07',1152,0),('QubitJob','2023-10-16 11:32:00','2023-10-16 11:32:15',1153,0),('QubitAip','2023-10-16 18:31:57','2023-10-16 11:32:00',1154,0),('QubitInformationObject','2023-10-16 11:32:00','2023-10-16 11:32:02',1155,0),('QubitRelation','2023-10-16 11:32:00','2023-10-16 11:32:02',1156,0),('QubitDigitalObject','2023-10-16 11:32:00','2023-10-16 11:32:02',1157,0),('QubitDigitalObject','2023-10-16 11:32:01','2023-10-16 11:32:01',1158,0),('QubitDigitalObject','2023-10-16 11:32:02','2023-10-16 11:32:02',1159,0),('QubitDigitalObject','2023-10-16 11:32:03','2023-10-16 11:32:03',1160,0),('QubitDigitalObject','2023-10-16 11:32:03','2023-10-16 11:32:03',1161,0),('QubitPremisObject','2023-10-16 11:32:03','2023-10-16 11:32:03',1162,0),('QubitInformationObject','2023-10-16 11:32:03','2023-10-16 11:32:04',1163,0),('QubitRelation','2023-10-16 11:32:03','2023-10-16 11:32:04',1164,0),('QubitEvent','2023-10-16 11:32:04','2023-10-16 11:32:04',1165,0),('QubitDigitalObject','2023-10-16 11:32:04','2023-10-16 11:32:04',1166,0),('QubitDigitalObject','2023-10-16 11:32:04','2023-10-16 11:32:04',1167,0),('QubitDigitalObject','2023-10-16 11:32:04','2023-10-16 11:32:04',1168,0),('QubitDigitalObject','2023-10-16 11:32:05','2023-10-16 11:32:05',1169,0),('QubitDigitalObject','2023-10-16 11:32:05','2023-10-16 11:32:05',1170,0),('QubitPremisObject','2023-10-16 11:32:05','2023-10-16 11:32:05',1171,0),('QubitInformationObject','2023-10-16 11:32:05','2023-10-16 11:32:06',1172,0),('QubitRelation','2023-10-16 11:32:05','2023-10-16 11:32:06',1173,0),('QubitEvent','2023-10-16 11:32:05','2023-10-16 11:32:06',1174,0),('QubitDigitalObject','2023-10-16 11:32:05','2023-10-16 11:32:06',1175,0),('QubitDigitalObject','2023-10-16 11:32:06','2023-10-16 11:32:06',1176,0),('QubitDigitalObject','2023-10-16 11:32:06','2023-10-16 11:32:06',1177,0),('QubitDigitalObject','2023-10-16 11:32:07','2023-10-16 11:32:07',1178,0),('QubitDigitalObject','2023-10-16 11:32:07','2023-10-16 11:32:07',1179,0),('QubitPremisObject','2023-10-16 11:32:07','2023-10-16 11:32:07',1180,0),('QubitInformationObject','2023-10-16 11:32:07','2023-10-16 11:32:09',1181,0),('QubitRelation','2023-10-16 11:32:07','2023-10-16 11:32:09',1182,0),('QubitEvent','2023-10-16 11:32:07','2023-10-16 11:32:09',1183,0),('QubitDigitalObject','2023-10-16 11:32:08','2023-10-16 11:32:09',1184,0),('QubitDigitalObject','2023-10-16 11:32:08','2023-10-16 11:32:08',1185,0),('QubitDigitalObject','2023-10-16 11:32:08','2023-10-16 11:32:08',1186,0),('QubitDigitalObject','2023-10-16 11:32:09','2023-10-16 11:32:09',1187,0),('QubitDigitalObject','2023-10-16 11:32:09','2023-10-16 11:32:09',1188,0),('QubitPremisObject','2023-10-16 11:32:10','2023-10-16 11:32:10',1189,0),('QubitInformationObject','2023-10-16 11:32:10','2023-10-16 11:32:12',1190,0),('QubitRelation','2023-10-16 11:32:10','2023-10-16 11:32:12',1191,0),('QubitEvent','2023-10-16 11:32:10','2023-10-16 11:32:12',1192,0),('QubitDigitalObject','2023-10-16 11:32:10','2023-10-16 11:32:12',1193,0),('QubitDigitalObject','2023-10-16 11:32:11','2023-10-16 11:32:11',1194,0),('QubitDigitalObject','2023-10-16 11:32:11','2023-10-16 11:32:11',1195,0),('QubitDigitalObject','2023-10-16 11:32:13','2023-10-16 11:32:13',1196,0),('QubitDigitalObject','2023-10-16 11:32:14','2023-10-16 11:32:14',1197,0),('QubitPremisObject','2023-10-16 11:32:15','2023-10-16 11:32:15',1198,0),('QubitJob','2023-10-17 10:25:55','2023-10-17 10:25:58',1199,0),('QubitAip','2023-10-17 17:25:53','2023-10-17 10:25:55',1200,0),('QubitObjectTermRelation','2023-10-17 10:25:55','2023-10-17 10:25:55',1202,0),('QubitEvent','2023-10-17 10:25:55','2023-10-17 10:25:55',1204,0),('QubitObjectTermRelation','2023-10-17 10:25:56','2023-10-17 10:25:57',1212,0),('QubitEvent','2023-10-17 10:25:56','2023-10-17 10:25:57',1214,0),('QubitJob','2023-10-17 10:32:46','2023-10-17 10:32:49',1221,0),('QubitAip','2023-10-17 17:32:05','2023-10-17 10:32:46',1222,0),('QubitInformationObject','2023-10-17 10:32:46','2023-10-17 10:32:46',1223,0),('QubitRelation','2023-10-17 10:32:46','2023-10-17 10:32:46',1224,0),('QubitDigitalObject','2023-10-17 10:32:46','2023-10-17 10:32:46',1225,0),('QubitDigitalObject','2023-10-17 10:32:46','2023-10-17 10:32:46',1226,0),('QubitDigitalObject','2023-10-17 10:32:46','2023-10-17 10:32:46',1227,0),('QubitDigitalObject','2023-10-17 10:32:46','2023-10-17 10:32:46',1228,0),('QubitDigitalObject','2023-10-17 10:32:46','2023-10-17 10:32:46',1229,0),('QubitPremisObject','2023-10-17 10:32:46','2023-10-17 10:32:46',1230,0),('QubitInformationObject','2023-10-17 10:32:46','2023-10-17 10:32:48',1231,0),('QubitObjectTermRelation','2023-10-17 10:32:46','2023-10-17 10:32:48',1232,0),('QubitObjectTermRelation','2023-10-17 10:32:46','2023-10-17 10:32:48',1233,0),('QubitObjectTermRelation','2023-10-17 10:32:46','2023-10-17 10:32:48',1234,0),('QubitRelation','2023-10-17 10:32:46','2023-10-17 10:32:48',1235,0),('QubitEvent','2023-10-17 10:32:46','2023-10-17 10:32:48',1236,0),('QubitDigitalObject','2023-10-17 10:32:46','2023-10-17 10:32:48',1237,0),('QubitDigitalObject','2023-10-17 10:32:47','2023-10-17 10:32:47',1238,0),('QubitDigitalObject','2023-10-17 10:32:48','2023-10-17 10:32:48',1239,0),('QubitDigitalObject','2023-10-17 10:32:49','2023-10-17 10:32:49',1240,0),('QubitDigitalObject','2023-10-17 10:32:49','2023-10-17 10:32:49',1241,0),('QubitPremisObject','2023-10-17 10:32:49','2023-10-17 10:32:49',1242,0),('QubitJob','2023-10-18 10:48:34','2023-10-18 10:48:48',1243,0),('QubitAip','2023-10-18 17:48:31','2023-10-18 10:48:34',1244,0),('QubitEvent','2023-10-18 10:48:37','2023-10-18 10:48:38',1255,0),('QubitEvent','2023-10-18 10:48:39','2023-10-18 10:48:40',1264,0),('QubitEvent','2023-10-18 10:48:41','2023-10-18 10:48:42',1273,0),('QubitEvent','2023-10-18 10:48:44','2023-10-18 10:48:46',1282,0),('QubitJob','2023-10-18 11:13:49','2023-10-18 11:14:02',1289,0),('QubitAip','2023-10-18 18:12:53','2023-10-18 11:13:49',1290,0),('QubitInformationObject','2023-10-18 11:13:49','2023-10-18 11:13:50',1291,0),('QubitRelation','2023-10-18 11:13:49','2023-10-18 11:13:50',1292,0),('QubitDigitalObject','2023-10-18 11:13:49','2023-10-18 11:13:50',1293,0),('QubitDigitalObject','2023-10-18 11:13:50','2023-10-18 11:13:50',1294,0),('QubitDigitalObject','2023-10-18 11:13:50','2023-10-18 11:13:50',1295,0),('QubitDigitalObject','2023-10-18 11:13:51','2023-10-18 11:13:51',1296,0),('QubitDigitalObject','2023-10-18 11:13:51','2023-10-18 11:13:51',1297,0),('QubitPremisObject','2023-10-18 11:13:51','2023-10-18 11:13:51',1298,0),('QubitInformationObject','2023-10-18 11:13:51','2023-10-18 11:13:52',1299,0),('QubitRelation','2023-10-18 11:13:51','2023-10-18 11:13:52',1300,0),('QubitEvent','2023-10-18 11:13:51','2023-10-18 11:13:52',1301,0),('QubitDigitalObject','2023-10-18 11:13:51','2023-10-18 11:13:52',1302,0),('QubitDigitalObject','2023-10-18 11:13:51','2023-10-18 11:13:51',1303,0),('QubitDigitalObject','2023-10-18 11:13:52','2023-10-18 11:13:52',1304,0),('QubitDigitalObject','2023-10-18 11:13:52','2023-10-18 11:13:52',1305,0),('QubitDigitalObject','2023-10-18 11:13:52','2023-10-18 11:13:52',1306,0),('QubitPremisObject','2023-10-18 11:13:53','2023-10-18 11:13:53',1307,0),('QubitInformationObject','2023-10-18 11:13:53','2023-10-18 11:13:54',1308,0),('QubitRelation','2023-10-18 11:13:53','2023-10-18 11:13:54',1309,0),('QubitEvent','2023-10-18 11:13:53','2023-10-18 11:13:54',1310,0),('QubitDigitalObject','2023-10-18 11:13:53','2023-10-18 11:13:54',1311,0),('QubitDigitalObject','2023-10-18 11:13:53','2023-10-18 11:13:53',1312,0),('QubitDigitalObject','2023-10-18 11:13:53','2023-10-18 11:13:53',1313,0),('QubitDigitalObject','2023-10-18 11:13:54','2023-10-18 11:13:54',1314,0),('QubitDigitalObject','2023-10-18 11:13:54','2023-10-18 11:13:54',1315,0),('QubitPremisObject','2023-10-18 11:13:55','2023-10-18 11:13:55',1316,0),('QubitInformationObject','2023-10-18 11:13:55','2023-10-18 11:13:56',1317,0),('QubitRelation','2023-10-18 11:13:55','2023-10-18 11:13:56',1318,0),('QubitEvent','2023-10-18 11:13:55','2023-10-18 11:13:56',1319,0),('QubitDigitalObject','2023-10-18 11:13:55','2023-10-18 11:13:56',1320,0),('QubitDigitalObject','2023-10-18 11:13:55','2023-10-18 11:13:55',1321,0),('QubitDigitalObject','2023-10-18 11:13:55','2023-10-18 11:13:55',1322,0),('QubitDigitalObject','2023-10-18 11:13:56','2023-10-18 11:13:56',1323,0),('QubitDigitalObject','2023-10-18 11:13:56','2023-10-18 11:13:56',1324,0),('QubitPremisObject','2023-10-18 11:13:57','2023-10-18 11:13:57',1325,0),('QubitInformationObject','2023-10-18 11:13:57','2023-10-18 11:13:59',1326,0),('QubitRelation','2023-10-18 11:13:57','2023-10-18 11:13:59',1327,0),('QubitEvent','2023-10-18 11:13:57','2023-10-18 11:13:59',1328,0),('QubitDigitalObject','2023-10-18 11:13:57','2023-10-18 11:13:59',1329,0),('QubitDigitalObject','2023-10-18 11:13:58','2023-10-18 11:13:58',1330,0),('QubitDigitalObject','2023-10-18 11:13:58','2023-10-18 11:13:58',1331,0),('QubitDigitalObject','2023-10-18 11:14:00','2023-10-18 11:14:00',1332,0),('QubitDigitalObject','2023-10-18 11:14:01','2023-10-18 11:14:01',1333,0),('QubitPremisObject','2023-10-18 11:14:02','2023-10-18 11:14:02',1334,0),('QubitJob','2023-11-22 05:18:18','2023-11-22 05:18:21',1335,0),('QubitAip','2023-11-22 13:18:16','2023-11-22 05:18:18',1336,0),('QubitObjectTermRelation','2023-11-22 05:18:18','2023-11-22 05:18:18',1338,0),('QubitEvent','2023-11-22 05:18:18','2023-11-22 05:18:18',1340,0),('QubitObjectTermRelation','2023-11-22 05:18:18','2023-11-22 05:18:20',1348,0),('QubitEvent','2023-11-22 05:18:19','2023-11-22 05:18:20',1350,0),('QubitJob','2023-12-21 03:59:54','2023-12-21 03:59:57',1357,0),('QubitAip','2023-12-21 11:59:53','2023-12-21 03:59:54',1358,0),('QubitObjectTermRelation','2023-12-21 03:59:54','2023-12-21 03:59:54',1360,0),('QubitEvent','2023-12-21 03:59:54','2023-12-21 03:59:54',1362,0),('QubitObjectTermRelation','2023-12-21 03:59:55','2023-12-21 03:59:56',1370,0),('QubitEvent','2023-12-21 03:59:55','2023-12-21 03:59:56',1372,0),('QubitJob','2023-12-21 05:37:55','2023-12-21 05:37:58',1379,0),('QubitAip','2023-12-21 13:37:53','2023-12-21 05:37:55',1380,0),('QubitObjectTermRelation','2023-12-21 05:37:55','2023-12-21 05:37:55',1382,0),('QubitEvent','2023-12-21 05:37:55','2023-12-21 05:37:55',1384,0),('QubitObjectTermRelation','2023-12-21 05:37:56','2023-12-21 05:37:57',1392,0),('QubitEvent','2023-12-21 05:37:56','2023-12-21 05:37:57',1394,0),('QubitJob','2024-01-04 05:28:38','2024-01-04 05:28:41',1401,0),('QubitAip','2024-01-04 13:28:36','2024-01-04 05:28:39',1402,0),('QubitInformationObject','2024-01-04 05:28:39','2024-01-04 05:28:39',1403,0),('QubitObjectTermRelation','2024-01-04 05:28:39','2024-01-04 05:28:39',1404,0),('QubitRelation','2024-01-04 05:28:39','2024-01-04 05:28:39',1405,0),('QubitEvent','2024-01-04 05:28:39','2024-01-04 05:28:39',1406,0),('QubitDigitalObject','2024-01-04 05:28:39','2024-01-04 05:28:39',1407,0),('QubitDigitalObject','2024-01-04 05:28:39','2024-01-04 05:28:39',1408,0),('QubitDigitalObject','2024-01-04 05:28:39','2024-01-04 05:28:39',1409,0),('QubitDigitalObject','2024-01-04 05:28:39','2024-01-04 05:28:39',1410,0),('QubitDigitalObject','2024-01-04 05:28:39','2024-01-04 05:28:39',1411,0),('QubitPremisObject','2024-01-04 05:28:39','2024-01-04 05:28:39',1412,0),('QubitInformationObject','2024-01-04 05:28:39','2024-01-04 05:28:40',1413,0),('QubitObjectTermRelation','2024-01-04 05:28:39','2024-01-04 05:28:40',1414,0),('QubitRelation','2024-01-04 05:28:39','2024-01-04 05:28:40',1415,0),('QubitEvent','2024-01-04 05:28:39','2024-01-04 05:28:40',1416,0),('QubitDigitalObject','2024-01-04 05:28:39','2024-01-04 05:28:40',1417,0),('QubitDigitalObject','2024-01-04 05:28:40','2024-01-04 05:28:40',1418,0),('QubitDigitalObject','2024-01-04 05:28:40','2024-01-04 05:28:40',1419,0),('QubitDigitalObject','2024-01-04 05:28:41','2024-01-04 05:28:41',1420,0),('QubitDigitalObject','2024-01-04 05:28:41','2024-01-04 05:28:41',1421,0),('QubitPremisObject','2024-01-04 05:28:41','2024-01-04 05:28:41',1422,0);
/*!40000 ALTER TABLE `object` ENABLE KEYS */;
UNLOCK TABLES;

--
-- Table structure for table `object_term_relation`
--

DROP TABLE IF EXISTS `object_term_relation`;
/*!40101 SET @saved_cs_client     = @@character_set_client */;
/*!50503 SET character_set_client = utf8mb4 */;
CREATE TABLE `object_term_relation` (
  `id` int NOT NULL,
  `object_id` int NOT NULL,
  `term_id` int NOT NULL,
  `start_date` date DEFAULT NULL,
  `end_date` date DEFAULT NULL,
  PRIMARY KEY (`id`),
  KEY `object_term_relation_FI_2` (`object_id`),
  KEY `object_term_relation_FI_3` (`term_id`),
  CONSTRAINT `object_term_relation_FK_1` FOREIGN KEY (`id`) REFERENCES `object` (`id`) ON DELETE CASCADE,
  CONSTRAINT `object_term_relation_FK_2` FOREIGN KEY (`object_id`) REFERENCES `object` (`id`) ON DELETE CASCADE,
  CONSTRAINT `object_term_relation_FK_3` FOREIGN KEY (`term_id`) REFERENCES `term` (`id`) ON DELETE CASCADE
) ENGINE=InnoDB DEFAULT CHARSET=utf8mb4 COLLATE=utf8mb4_0900_ai_ci;
/*!40101 SET character_set_client = @saved_cs_client */;

--
-- Dumping data for table `object_term_relation`
--

LOCK TABLES `object_term_relation` WRITE;
/*!40000 ALTER TABLE `object_term_relation` DISABLE KEYS */;
INSERT INTO `object_term_relation` VALUES (1029,1028,1025,NULL,NULL),(1032,1028,1030,NULL,NULL),(1033,1028,1031,NULL,NULL),(1037,586,1030,NULL,NULL),(1038,586,1025,NULL,NULL),(1046,1045,1030,NULL,NULL),(1047,1045,1025,NULL,NULL),(1112,1111,501,NULL,NULL),(1113,1111,502,NULL,NULL),(1114,1111,503,NULL,NULL),(1232,1231,501,NULL,NULL),(1233,1231,502,NULL,NULL),(1234,1231,503,NULL,NULL),(1404,1403,606,NULL,NULL),(1414,1413,606,NULL,NULL);
/*!40000 ALTER TABLE `object_term_relation` ENABLE KEYS */;
UNLOCK TABLES;

--
-- Table structure for table `other_name`
--

DROP TABLE IF EXISTS `other_name`;
/*!40101 SET @saved_cs_client     = @@character_set_client */;
/*!50503 SET character_set_client = utf8mb4 */;
CREATE TABLE `other_name` (
  `object_id` int NOT NULL,
  `type_id` int DEFAULT NULL,
  `start_date` date DEFAULT NULL,
  `end_date` date DEFAULT NULL,
  `source_culture` varchar(16) NOT NULL,
  `id` int NOT NULL AUTO_INCREMENT,
  `serial_number` int NOT NULL DEFAULT '0',
  PRIMARY KEY (`id`),
  KEY `other_name_FI_1` (`object_id`),
  KEY `other_name_FI_2` (`type_id`),
  CONSTRAINT `other_name_FK_1` FOREIGN KEY (`object_id`) REFERENCES `object` (`id`) ON DELETE CASCADE,
  CONSTRAINT `other_name_FK_2` FOREIGN KEY (`type_id`) REFERENCES `term` (`id`) ON DELETE SET NULL
) ENGINE=InnoDB AUTO_INCREMENT=7 DEFAULT CHARSET=utf8mb4 COLLATE=utf8mb4_0900_ai_ci;
/*!40101 SET character_set_client = @saved_cs_client */;

--
-- Dumping data for table `other_name`
--

LOCK TABLES `other_name` WRITE;
/*!40000 ALTER TABLE `other_name` DISABLE KEYS */;
INSERT INTO `other_name` VALUES (1025,156,NULL,NULL,'pt_BR',1,0),(1025,156,NULL,NULL,'pt_BR',2,0),(1028,149,NULL,NULL,'pt_BR',3,0),(1031,156,NULL,NULL,'pt_BR',4,0),(1030,156,NULL,NULL,'pt_BR',5,0),(1045,148,NULL,NULL,'pt_BR',6,0);
/*!40000 ALTER TABLE `other_name` ENABLE KEYS */;
UNLOCK TABLES;

--
-- Table structure for table `other_name_i18n`
--

DROP TABLE IF EXISTS `other_name_i18n`;
/*!40101 SET @saved_cs_client     = @@character_set_client */;
/*!50503 SET character_set_client = utf8mb4 */;
CREATE TABLE `other_name_i18n` (
  `name` varchar(1024) DEFAULT NULL,
  `note` varchar(1024) DEFAULT NULL,
  `dates` text,
  `id` int NOT NULL,
  `culture` varchar(16) NOT NULL,
  PRIMARY KEY (`id`,`culture`),
  CONSTRAINT `other_name_i18n_FK_1` FOREIGN KEY (`id`) REFERENCES `other_name` (`id`) ON DELETE CASCADE
) ENGINE=InnoDB DEFAULT CHARSET=utf8mb4 COLLATE=utf8mb4_0900_ai_ci;
/*!40101 SET character_set_client = @saved_cs_client */;

--
-- Dumping data for table `other_name_i18n`
--

LOCK TABLES `other_name_i18n` WRITE;
/*!40000 ALTER TABLE `other_name_i18n` DISABLE KEYS */;
INSERT INTO `other_name_i18n` VALUES ('Filhos',NULL,NULL,1,'pt_BR'),('Ovos de drago',NULL,NULL,2,'pt_BR'),('Dany',NULL,NULL,3,'pt_BR'),('Kingslanding',NULL,NULL,4,'pt_BR'),('Dragonstone',NULL,NULL,5,'pt_BR'),('House Targaryen',NULL,NULL,6,'pt_BR');
/*!40000 ALTER TABLE `other_name_i18n` ENABLE KEYS */;
UNLOCK TABLES;

--
-- Table structure for table `physical_object`
--

DROP TABLE IF EXISTS `physical_object`;
/*!40101 SET @saved_cs_client     = @@character_set_client */;
/*!50503 SET character_set_client = utf8mb4 */;
CREATE TABLE `physical_object` (
  `id` int NOT NULL,
  `type_id` int DEFAULT NULL,
  `source_culture` varchar(16) NOT NULL,
  PRIMARY KEY (`id`),
  KEY `physical_object_FI_2` (`type_id`),
  CONSTRAINT `physical_object_FK_1` FOREIGN KEY (`id`) REFERENCES `object` (`id`) ON DELETE CASCADE,
  CONSTRAINT `physical_object_FK_2` FOREIGN KEY (`type_id`) REFERENCES `term` (`id`) ON DELETE SET NULL
) ENGINE=InnoDB DEFAULT CHARSET=utf8mb4 COLLATE=utf8mb4_0900_ai_ci;
/*!40101 SET character_set_client = @saved_cs_client */;

--
-- Dumping data for table `physical_object`
--

LOCK TABLES `physical_object` WRITE;
/*!40000 ALTER TABLE `physical_object` DISABLE KEYS */;
/*!40000 ALTER TABLE `physical_object` ENABLE KEYS */;
UNLOCK TABLES;

--
-- Table structure for table `physical_object_i18n`
--

DROP TABLE IF EXISTS `physical_object_i18n`;
/*!40101 SET @saved_cs_client     = @@character_set_client */;
/*!50503 SET character_set_client = utf8mb4 */;
CREATE TABLE `physical_object_i18n` (
  `name` varchar(1024) DEFAULT NULL,
  `description` text,
  `location` text,
  `id` int NOT NULL,
  `culture` varchar(16) NOT NULL,
  PRIMARY KEY (`id`,`culture`),
  CONSTRAINT `physical_object_i18n_FK_1` FOREIGN KEY (`id`) REFERENCES `physical_object` (`id`) ON DELETE CASCADE
) ENGINE=InnoDB DEFAULT CHARSET=utf8mb4 COLLATE=utf8mb4_0900_ai_ci;
/*!40101 SET character_set_client = @saved_cs_client */;

--
-- Dumping data for table `physical_object_i18n`
--

LOCK TABLES `physical_object_i18n` WRITE;
/*!40000 ALTER TABLE `physical_object_i18n` DISABLE KEYS */;
/*!40000 ALTER TABLE `physical_object_i18n` ENABLE KEYS */;
UNLOCK TABLES;

--
-- Table structure for table `premis_object`
--

DROP TABLE IF EXISTS `premis_object`;
/*!40101 SET @saved_cs_client     = @@character_set_client */;
/*!50503 SET character_set_client = utf8mb4 */;
CREATE TABLE `premis_object` (
  `id` int NOT NULL,
  `information_object_id` int DEFAULT NULL,
  `puid` varchar(255) DEFAULT NULL,
  `filename` varchar(1024) DEFAULT NULL,
  `last_modified` datetime DEFAULT NULL,
  `date_ingested` date DEFAULT NULL,
  `size` bigint DEFAULT NULL,
  `mime_type` varchar(255) DEFAULT NULL,
  PRIMARY KEY (`id`),
  KEY `premis_object_FI_2` (`information_object_id`),
  CONSTRAINT `premis_object_FK_1` FOREIGN KEY (`id`) REFERENCES `object` (`id`) ON DELETE CASCADE,
  CONSTRAINT `premis_object_FK_2` FOREIGN KEY (`information_object_id`) REFERENCES `information_object` (`id`) ON DELETE CASCADE
) ENGINE=InnoDB DEFAULT CHARSET=utf8mb4 COLLATE=utf8mb4_0900_ai_ci;
/*!40101 SET character_set_client = @saved_cs_client */;

--
-- Dumping data for table `premis_object`
--

LOCK TABLES `premis_object` WRITE;
/*!40000 ALTER TABLE `premis_object` DISABLE KEYS */;
INSERT INTO `premis_object` VALUES (1110,1103,'fmt/43','Princesa_Isabel_foto.jpg',NULL,'2023-07-31',26895,NULL),(1122,1111,'fmt/354','Projeto_de_Lei_da_extino_da_escravido_no_Brasil.pdf',NULL,'2023-07-31',889391,'application/pdf'),(1151,1143,'fmt/20','Ordem de pagamento_assinado.pdf',NULL,'2023-10-16',4254492,'application/pdf'),(1162,1155,'fmt/18','Processo 2010008091 - Vol VI.pdf',NULL,'2023-10-16',4227844,'application/pdf'),(1171,1163,'fmt/18','Processo 2010008091 - Vol VI_assinado.pdf',NULL,'2023-10-16',4247958,'application/pdf'),(1180,1172,'fmt/18','Processo 2010008091 - Vol VI_ocred.pdf',NULL,'2023-10-16',4568888,'application/pdf'),(1189,1181,'fmt/18','Processo 2010008091 - Vol VI_ocred_assinado.pdf',NULL,'2023-10-16',4584228,'application/pdf'),(1198,1190,'fmt/20','Processo 2010228091 -  Vol V_ocred.pdf',NULL,'2023-10-16',21357701,'application/pdf'),(1230,1223,'fmt/43','Princesa_Isabel_foto.jpg',NULL,'2023-10-17',26895,NULL),(1242,1231,'fmt/354','Projeto_de_Lei_da_extino_da_escravido_no_Brasil.pdf',NULL,'2023-10-17',889391,'application/pdf'),(1298,1291,'fmt/18','Processo 2010008091 - Vol VI.pdf',NULL,'2023-10-18',4227844,'application/pdf'),(1307,1299,'fmt/18','Processo 2010008091 - Vol VI_assinado.pdf',NULL,'2023-10-18',4247958,'application/pdf'),(1316,1308,'fmt/18','Processo 2010008091 - Vol VI_ocred.pdf',NULL,'2023-10-18',4568888,'application/pdf'),(1325,1317,'fmt/18','Processo 2010008091 - Vol VI_ocred_assinado.pdf',NULL,'2023-10-18',4584228,'application/pdf'),(1334,1326,'fmt/20','Processo 2010228091 -  Vol V_ocred.pdf',NULL,'2023-10-18',21357701,'application/pdf'),(1412,1403,'fmt/11','Diploma Isadora.png',NULL,'2024-01-04',222369,NULL),(1422,1413,'fmt/18','Historico Isadora.pdf',NULL,'2024-01-04',108206,'application/pdf');
/*!40000 ALTER TABLE `premis_object` ENABLE KEYS */;
UNLOCK TABLES;

--
-- Table structure for table `property`
--

DROP TABLE IF EXISTS `property`;
/*!40101 SET @saved_cs_client     = @@character_set_client */;
/*!50503 SET character_set_client = utf8mb4 */;
CREATE TABLE `property` (
  `object_id` int NOT NULL,
  `scope` varchar(1024) DEFAULT NULL,
  `name` varchar(1024) DEFAULT NULL,
  `source_culture` varchar(16) NOT NULL,
  `id` int NOT NULL AUTO_INCREMENT,
  `serial_number` int NOT NULL DEFAULT '0',
  PRIMARY KEY (`id`),
  KEY `property_FI_1` (`object_id`),
  CONSTRAINT `property_FK_1` FOREIGN KEY (`object_id`) REFERENCES `object` (`id`) ON DELETE CASCADE
) ENGINE=InnoDB AUTO_INCREMENT=974 DEFAULT CHARSET=utf8mb4 COLLATE=utf8mb4_0900_ai_ci;
/*!40101 SET character_set_client = @saved_cs_client */;

--
-- Dumping data for table `property`
--

LOCK TABLES `property` WRITE;
/*!40000 ALTER TABLE `property` DISABLE KEYS */;
INSERT INTO `property` VALUES (443,NULL,'RestApiKey','en',1,0),(444,NULL,'language','en',2,0),(444,NULL,'languageOfDescription','en',3,0),(444,NULL,'scriptOfDescription','en',4,0),(444,NULL,'script','en',5,0),(517,NULL,'language','pt_BR',83,0),(517,NULL,'script','pt_BR',84,0),(517,NULL,'backgroundColor','pt_BR',85,0),(517,NULL,'htmlSnippet','pt_BR',86,0),(518,NULL,'language','pt_BR',87,0),(518,NULL,'script','pt_BR',88,0),(519,NULL,'language','pt_BR',89,0),(519,NULL,'languageOfDescription','pt_BR',90,0),(519,NULL,'scriptOfDescription','pt_BR',91,0),(519,NULL,'script','pt_BR',92,0),(522,NULL,'language','pt_BR',93,0),(522,NULL,'languageOfDescription','pt_BR',94,0),(522,NULL,'scriptOfDescription','pt_BR',95,0),(522,NULL,'script','pt_BR',96,0),(527,NULL,'language','pt_BR',97,0),(527,NULL,'languageOfDescription','pt_BR',98,0),(527,NULL,'scriptOfDescription','pt_BR',99,0),(527,NULL,'script','pt_BR',100,0),(531,NULL,'language','pt_BR',101,0),(531,NULL,'script','pt_BR',102,0),(533,NULL,'language','pt_BR',103,0),(533,NULL,'languageOfDescription','pt_BR',104,0),(533,NULL,'scriptOfDescription','pt_BR',105,0),(533,NULL,'script','pt_BR',106,0),(534,NULL,'language','pt_BR',107,0),(534,NULL,'languageOfDescription','pt_BR',108,0),(534,NULL,'scriptOfDescription','pt_BR',109,0),(534,NULL,'script','pt_BR',110,0),(536,NULL,'language','pt_BR',111,0),(536,NULL,'languageOfDescription','pt_BR',112,0),(536,NULL,'scriptOfDescription','pt_BR',113,0),(536,NULL,'script','pt_BR',114,0),(538,'Text extracted from source PDF file\'s text layer using pdftotext','transcript','pt_BR',115,0),(542,'Text extracted from source PDF file\'s text layer using pdftotext','transcript','pt_BR',116,0),(546,'Text extracted from source PDF file\'s text layer using pdftotext','transcript','pt_BR',117,0),(550,'Text extracted from source PDF file\'s text layer using pdftotext','transcript','pt_BR',118,0),(554,'Text extracted from source PDF file\'s text layer using pdftotext','transcript','pt_BR',119,0),(557,NULL,'language','pt_BR',120,0),(557,NULL,'languageOfDescription','pt_BR',121,0),(557,NULL,'scriptOfDescription','pt_BR',122,0),(557,NULL,'script','pt_BR',123,0),(559,NULL,'language','pt_BR',124,0),(559,NULL,'languageOfDescription','pt_BR',125,0),(559,NULL,'scriptOfDescription','pt_BR',126,0),(559,NULL,'script','pt_BR',127,0),(560,NULL,'language','pt_BR',128,0),(560,NULL,'languageOfDescription','pt_BR',129,0),(560,NULL,'scriptOfDescription','pt_BR',130,0),(560,NULL,'script','pt_BR',131,0),(561,NULL,'language','pt_BR',132,0),(561,NULL,'languageOfDescription','pt_BR',133,0),(561,NULL,'scriptOfDescription','pt_BR',134,0),(561,NULL,'script','pt_BR',135,0),(586,NULL,'language','pt_BR',147,0),(586,NULL,'languageOfDescription','pt_BR',148,0),(586,NULL,'scriptOfDescription','pt_BR',149,0),(586,NULL,'script','pt_BR',150,0),(602,NULL,'language','en',161,0),(602,NULL,'languageOfDescription','en',162,0),(602,NULL,'scriptOfDescription','en',163,0),(602,NULL,'script','en',164,0),(914,NULL,'RestApiKey','en',454,0),(914,NULL,'OaiApiKey','en',455,0),(937,NULL,'language','pt_BR',477,0),(937,NULL,'languageOfDescription','pt_BR',478,0),(937,NULL,'scriptOfDescription','pt_BR',479,0),(937,NULL,'script','pt_BR',480,0),(938,NULL,'language','pt_BR',481,0),(938,NULL,'languageOfDescription','pt_BR',482,0),(938,NULL,'scriptOfDescription','pt_BR',483,0),(938,NULL,'script','pt_BR',484,0),(940,NULL,'language','pt_BR',485,0),(940,NULL,'languageOfDescription','pt_BR',486,0),(940,NULL,'scriptOfDescription','pt_BR',487,0),(940,NULL,'script','pt_BR',488,0),(942,NULL,'language','pt_BR',489,0),(942,NULL,'languageOfDescription','pt_BR',490,0),(942,NULL,'scriptOfDescription','pt_BR',491,0),(942,NULL,'script','pt_BR',492,0),(944,NULL,'language','pt_BR',493,0),(944,NULL,'languageOfDescription','pt_BR',494,0),(944,NULL,'scriptOfDescription','pt_BR',495,0),(944,NULL,'script','pt_BR',496,0),(957,'Text extracted from source PDF file\'s text layer using pdftotext','transcript','pt_BR',497,0),(947,NULL,'language','pt_BR',498,0),(947,NULL,'languageOfDescription','pt_BR',499,0),(947,NULL,'scriptOfDescription','pt_BR',500,0),(947,NULL,'script','pt_BR',501,0),(951,NULL,'language','pt_BR',502,0),(951,NULL,'languageOfDescription','pt_BR',503,0),(951,NULL,'scriptOfDescription','pt_BR',504,0),(951,NULL,'script','pt_BR',505,0),(956,NULL,'language','pt_BR',527,0),(956,NULL,'languageOfDescription','pt_BR',528,0),(956,NULL,'scriptOfDescription','pt_BR',529,0),(956,NULL,'script','pt_BR',530,0),(1028,NULL,'language','pt_BR',552,0),(1028,NULL,'script','pt_BR',553,0),(1045,NULL,'language','pt_BR',556,0),(1045,NULL,'script','pt_BR',557,0),(1055,NULL,'RestApiKey','en',558,0),(1056,NULL,'language','pt_BR',559,0),(1056,NULL,'script','pt_BR',560,0),(1103,NULL,'objectUUID','en',601,0),(1103,NULL,'aipUUID','en',602,0),(1103,'premisData','format','en',603,0),(1103,'premisData','otherEvent','en',604,0),(1103,'premisData','otherEvent','en',605,0),(1103,'premisData','otherEvent','en',606,0),(1103,'premisData','formatIdentificationEvent','en',607,0),(1103,'premisData','otherEvent','en',608,0),(1103,'premisData','otherEvent','en',609,0),(1111,NULL,'objectUUID','en',610,0),(1111,NULL,'aipUUID','en',611,0),(1117,'Text extracted from source PDF file\'s text layer using pdftotext','transcript','en',612,0),(1111,'premisData','fitsDocument','en',613,0),(1111,'premisData','format','en',614,0),(1111,'premisData','otherEvent','en',615,0),(1111,'premisData','otherEvent','en',616,0),(1111,'premisData','otherEvent','en',617,0),(1111,'premisData','otherEvent','en',618,0),(1111,'premisData','formatIdentificationEvent','en',619,0),(1111,'premisData','otherEvent','en',620,0),(1123,NULL,'language','pt_BR',621,0),(1123,NULL,'languageOfDescription','pt_BR',622,0),(1123,NULL,'scriptOfDescription','pt_BR',623,0),(1123,NULL,'script','pt_BR',624,0),(1124,NULL,'language','pt_BR',625,0),(1124,NULL,'languageOfDescription','pt_BR',626,0),(1124,NULL,'scriptOfDescription','pt_BR',627,0),(1124,NULL,'script','pt_BR',628,0),(1125,NULL,'language','pt_BR',629,0),(1125,NULL,'languageOfDescription','pt_BR',630,0),(1125,NULL,'scriptOfDescription','pt_BR',631,0),(1125,NULL,'script','pt_BR',632,0),(1138,NULL,'language','pt_BR',645,0),(1138,NULL,'languageOfDescription','pt_BR',646,0),(1138,NULL,'scriptOfDescription','pt_BR',647,0),(1138,NULL,'script','pt_BR',648,0),(1139,NULL,'language','pt_BR',649,0),(1139,NULL,'languageOfDescription','pt_BR',650,0),(1139,NULL,'scriptOfDescription','pt_BR',651,0),(1139,NULL,'script','pt_BR',652,0),(1143,NULL,'objectUUID','en',653,0),(1143,NULL,'aipUUID','en',654,0),(1146,'Text extracted from source PDF file\'s text layer using pdftotext','transcript','en',655,0),(1143,'premisData','fitsDocument','en',656,0),(1143,'premisData','format','en',657,0),(1143,'premisData','otherEvent','en',658,0),(1143,'premisData','otherEvent','en',659,0),(1143,'premisData','otherEvent','en',660,0),(1143,'premisData','otherEvent','en',661,0),(1143,'premisData','formatIdentificationEvent','en',662,0),(1143,'premisData','otherEvent','en',663,0),(1143,'premisData','otherEvent','en',664,0),(1143,NULL,'language','pt_BR',665,0),(1143,NULL,'languageOfDescription','pt_BR',666,0),(1143,NULL,'scriptOfDescription','pt_BR',667,0),(1143,NULL,'script','pt_BR',668,0),(1155,NULL,'objectUUID','en',669,0),(1155,NULL,'aipUUID','en',670,0),(1157,'Text extracted from source PDF file\'s text layer using pdftotext','transcript','en',671,0),(1155,'premisData','fitsDocument','en',672,0),(1155,'premisData','format','en',673,0),(1155,'premisData','otherEvent','en',674,0),(1155,'premisData','otherEvent','en',675,0),(1155,'premisData','otherEvent','en',676,0),(1155,'premisData','otherEvent','en',677,0),(1155,'premisData','formatIdentificationEvent','en',678,0),(1155,'premisData','otherEvent','en',679,0),(1155,'premisData','otherEvent','en',680,0),(1163,NULL,'objectUUID','en',681,0),(1163,NULL,'aipUUID','en',682,0),(1166,'Text extracted from source PDF file\'s text layer using pdftotext','transcript','en',683,0),(1163,'premisData','fitsDocument','en',684,0),(1163,'premisData','format','en',685,0),(1163,'premisData','otherEvent','en',686,0),(1163,'premisData','otherEvent','en',687,0),(1163,'premisData','otherEvent','en',688,0),(1163,'premisData','otherEvent','en',689,0),(1163,'premisData','formatIdentificationEvent','en',690,0),(1163,'premisData','otherEvent','en',691,0),(1163,'premisData','otherEvent','en',692,0),(1172,NULL,'objectUUID','en',693,0),(1172,NULL,'aipUUID','en',694,0),(1175,'Text extracted from source PDF file\'s text layer using pdftotext','transcript','en',695,0),(1172,'premisData','fitsDocument','en',696,0),(1172,'premisData','format','en',697,0),(1172,'premisData','otherEvent','en',698,0),(1172,'premisData','otherEvent','en',699,0),(1172,'premisData','otherEvent','en',700,0),(1172,'premisData','otherEvent','en',701,0),(1172,'premisData','formatIdentificationEvent','en',702,0),(1172,'premisData','otherEvent','en',703,0),(1172,'premisData','otherEvent','en',704,0),(1181,NULL,'objectUUID','en',705,0),(1181,NULL,'aipUUID','en',706,0),(1184,'Text extracted from source PDF file\'s text layer using pdftotext','transcript','en',707,0),(1181,'premisData','fitsDocument','en',708,0),(1181,'premisData','format','en',709,0),(1181,'premisData','otherEvent','en',710,0),(1181,'premisData','otherEvent','en',711,0),(1181,'premisData','otherEvent','en',712,0),(1181,'premisData','otherEvent','en',713,0),(1181,'premisData','formatIdentificationEvent','en',714,0),(1181,'premisData','otherEvent','en',715,0),(1181,'premisData','otherEvent','en',716,0),(1190,NULL,'objectUUID','en',717,0),(1190,NULL,'aipUUID','en',718,0),(1193,'Text extracted from source PDF file\'s text layer using pdftotext','transcript','en',719,0),(1190,'premisData','fitsDocument','en',720,0),(1190,'premisData','format','en',721,0),(1190,'premisData','otherEvent','en',722,0),(1190,'premisData','otherEvent','en',723,0),(1190,'premisData','otherEvent','en',724,0),(1190,'premisData','otherEvent','en',725,0),(1190,'premisData','formatIdentificationEvent','en',726,0),(1190,'premisData','otherEvent','en',727,0),(1190,'premisData','otherEvent','en',728,0),(1223,NULL,'objectUUID','en',750,0),(1223,NULL,'aipUUID','en',751,0),(1223,'premisData','format','en',752,0),(1223,'premisData','otherEvent','en',753,0),(1223,'premisData','otherEvent','en',754,0),(1223,'premisData','otherEvent','en',755,0),(1223,'premisData','formatIdentificationEvent','en',756,0),(1223,'premisData','otherEvent','en',757,0),(1223,'premisData','otherEvent','en',758,0),(1231,NULL,'objectUUID','en',759,0),(1231,NULL,'aipUUID','en',760,0),(1237,'Text extracted from source PDF file\'s text layer using pdftotext','transcript','en',761,0),(1231,'premisData','fitsDocument','en',762,0),(1231,'premisData','format','en',763,0),(1231,'premisData','otherEvent','en',764,0),(1231,'premisData','otherEvent','en',765,0),(1231,'premisData','otherEvent','en',766,0),(1231,'premisData','otherEvent','en',767,0),(1231,'premisData','formatIdentificationEvent','en',768,0),(1231,'premisData','otherEvent','en',769,0),(1291,NULL,'objectUUID','en',830,0),(1291,NULL,'aipUUID','en',831,0),(1293,'Text extracted from source PDF file\'s text layer using pdftotext','transcript','en',832,0),(1291,'premisData','fitsDocument','en',833,0),(1291,'premisData','format','en',834,0),(1291,'premisData','otherEvent','en',835,0),(1291,'premisData','otherEvent','en',836,0),(1291,'premisData','otherEvent','en',837,0),(1291,'premisData','otherEvent','en',838,0),(1291,'premisData','formatIdentificationEvent','en',839,0),(1291,'premisData','otherEvent','en',840,0),(1291,'premisData','otherEvent','en',841,0),(1299,NULL,'objectUUID','en',842,0),(1299,NULL,'aipUUID','en',843,0),(1302,'Text extracted from source PDF file\'s text layer using pdftotext','transcript','en',844,0),(1299,'premisData','fitsDocument','en',845,0),(1299,'premisData','format','en',846,0),(1299,'premisData','otherEvent','en',847,0),(1299,'premisData','otherEvent','en',848,0),(1299,'premisData','otherEvent','en',849,0),(1299,'premisData','otherEvent','en',850,0),(1299,'premisData','formatIdentificationEvent','en',851,0),(1299,'premisData','otherEvent','en',852,0),(1299,'premisData','otherEvent','en',853,0),(1308,NULL,'objectUUID','en',854,0),(1308,NULL,'aipUUID','en',855,0),(1311,'Text extracted from source PDF file\'s text layer using pdftotext','transcript','en',856,0),(1308,'premisData','fitsDocument','en',857,0),(1308,'premisData','format','en',858,0),(1308,'premisData','otherEvent','en',859,0),(1308,'premisData','otherEvent','en',860,0),(1308,'premisData','otherEvent','en',861,0),(1308,'premisData','otherEvent','en',862,0),(1308,'premisData','formatIdentificationEvent','en',863,0),(1308,'premisData','otherEvent','en',864,0),(1308,'premisData','otherEvent','en',865,0),(1317,NULL,'objectUUID','en',866,0),(1317,NULL,'aipUUID','en',867,0),(1320,'Text extracted from source PDF file\'s text layer using pdftotext','transcript','en',868,0),(1317,'premisData','fitsDocument','en',869,0),(1317,'premisData','format','en',870,0),(1317,'premisData','otherEvent','en',871,0),(1317,'premisData','otherEvent','en',872,0),(1317,'premisData','otherEvent','en',873,0),(1317,'premisData','otherEvent','en',874,0),(1317,'premisData','formatIdentificationEvent','en',875,0),(1317,'premisData','otherEvent','en',876,0),(1317,'premisData','otherEvent','en',877,0),(1326,NULL,'objectUUID','en',878,0),(1326,NULL,'aipUUID','en',879,0),(1329,'Text extracted from source PDF file\'s text layer using pdftotext','transcript','en',880,0),(1326,'premisData','fitsDocument','en',881,0),(1326,'premisData','format','en',882,0),(1326,'premisData','otherEvent','en',883,0),(1326,'premisData','otherEvent','en',884,0),(1326,'premisData','otherEvent','en',885,0),(1326,'premisData','otherEvent','en',886,0),(1326,'premisData','formatIdentificationEvent','en',887,0),(1326,'premisData','otherEvent','en',888,0),(1326,'premisData','otherEvent','en',889,0),(1403,NULL,'objectUUID','en',953,0),(1403,NULL,'aipUUID','en',954,0),(1403,'premisData','format','en',955,0),(1403,'premisData','otherEvent','en',956,0),(1403,'premisData','otherEvent','en',957,0),(1403,'premisData','otherEvent','en',958,0),(1403,'premisData','otherEvent','en',959,0),(1403,'premisData','formatIdentificationEvent','en',960,0),(1403,'premisData','otherEvent','en',961,0),(1413,NULL,'objectUUID','en',962,0),(1413,NULL,'aipUUID','en',963,0),(1417,'Text extracted from source PDF file\'s text layer using pdftotext','transcript','en',964,0),(1413,'premisData','fitsDocument','en',965,0),(1413,'premisData','format','en',966,0),(1413,'premisData','otherEvent','en',967,0),(1413,'premisData','otherEvent','en',968,0),(1413,'premisData','otherEvent','en',969,0),(1413,'premisData','otherEvent','en',970,0),(1413,'premisData','formatIdentificationEvent','en',971,0),(1413,'premisData','otherEvent','en',972,0),(1413,'premisData','otherEvent','en',973,0);
/*!40000 ALTER TABLE `property` ENABLE KEYS */;
UNLOCK TABLES;

--
-- Table structure for table `property_i18n`
--

DROP TABLE IF EXISTS `property_i18n`;
/*!40101 SET @saved_cs_client     = @@character_set_client */;
/*!50503 SET character_set_client = utf8mb4 */;
CREATE TABLE `property_i18n` (
  `value` text,
  `id` int NOT NULL,
  `culture` varchar(16) NOT NULL,
  PRIMARY KEY (`id`,`culture`),
  CONSTRAINT `property_i18n_FK_1` FOREIGN KEY (`id`) REFERENCES `property` (`id`) ON DELETE CASCADE
) ENGINE=InnoDB DEFAULT CHARSET=utf8mb4 COLLATE=utf8mb4_0900_ai_ci;
/*!40101 SET character_set_client = @saved_cs_client */;

--
-- Dumping data for table `property_i18n`
--

LOCK TABLES `property_i18n` WRITE;
/*!40000 ALTER TABLE `property_i18n` DISABLE KEYS */;
INSERT INTO `property_i18n` VALUES ('4723cfd889c534ed',1,'en'),('N;',2,'en'),('N;',3,'en'),('N;',4,'en'),('N;',5,'en'),('N;',83,'pt_BR'),('N;',84,'pt_BR'),('#c2e7ff',85,'pt_BR'),(NULL,86,'pt_BR'),('N;',87,'pt_BR'),('N;',88,'pt_BR'),('N;',89,'pt_BR'),('N;',90,'pt_BR'),('N;',91,'pt_BR'),('N;',92,'pt_BR'),('N;',93,'pt_BR'),('N;',94,'pt_BR'),('N;',95,'pt_BR'),('N;',96,'pt_BR'),('N;',97,'pt_BR'),('N;',98,'pt_BR'),('N;',99,'pt_BR'),('N;',100,'pt_BR'),('N;',101,'pt_BR'),('N;',102,'pt_BR'),('N;',103,'pt_BR'),('N;',104,'pt_BR'),('N;',105,'pt_BR'),('N;',106,'pt_BR'),('N;',107,'pt_BR'),('N;',108,'pt_BR'),('N;',109,'pt_BR'),('N;',110,'pt_BR'),('N;',111,'pt_BR'),('N;',112,'pt_BR'),('N;',113,'pt_BR'),('N;',114,'pt_BR'),('UNIVERSIDADE DE BRASLIA\nGABINETE DO REITOR\n\nATO DA REITORIA N9\n\n0 5. /75\n\nO Presidente da Fundao e Reitor da Uni\nversidade de BrasTlia, no uso de suas atribuies estatutrias,\ntendo em vista proposta do Decano de Ensino de Graduao,\n\nR E S O L V E:\n\nincluir e alterar no Calendrio Universi\ntrio para 1975 as datas dos seguintes eventos:\n- julho - 15 - tera-feira - Ultimo dia para os alunos for\nmandos solicitarem sua incluso na relao\ncolao\nde\nde grau do 19 Periodo Letivo Regular\nde participantes, da solenidade de\n1975;\n- agosto- 19 - sexta-feira - Colao de Grau dos formandos\ndo 19 Periodo Letivo Regular de 1975.\n\nBrasIlia,Cde janeiro de 1975\n\nAMADEU CURY\n\nL.07Av\n\nReitor\n\n) rin)jj\'d,\n\n\nc. . VRT-SOC-DEG-DAA\nDiretores de Unidades de Ensino\nChefes de Departamentos\n/hpr.\n\n',115,'pt_BR'),('UNIVERSIDADE DE BRASLIA:\nGABINETE DO REITOR\n\nATO IA REITSIM 189POOMs\n\n\nO Presidente da Fundao e Reitor da Univer\nMede de Braslia, no uso de suas atribuies estatutrias, ten\ndo em vista o constante no Processo n9 018217/T4 e adreforendun\ndo Conselho Diretor.\n\nR E S O L Y E:\n\nCentro de Custo (01-5 - Se\nio de Orgios Co1egfirdes, 01 (hum) cargo de Escriturrio Referira\ncie 1.\nI - Extinguir no\n\nII - Criar no Centre de Cesto (01-5 - Seo\nde Orgias Colegiadas, 01 (hien) cargo de SUPERVISOR A-2.\n\nBrasil,*\n\nAMADEU CURT\nReitor\n\nc.c. GRE-IRT-S R-DAD\nSOC-7T3-SPA(2)\n~bar\n\nde Janeiro do\n\n1975.\n\n',116,'pt_BR'),('UNIVERSIDADE DE BRASLIA\nGABINETE DO REITOR\n\nATO UA REITORIA I U.\', )-- ,75\n\nO Presidente da Fundao e Reitor da Uni.\nversidade de brasIlia, no uso de suas atribuies estatutiries\ne tendo em vista o Processo n9 19512/74.\n\nRESOLV E:\n\nRASSI8\ndesignar o Professor I. REMO\nEngenha\nCNEHAB para responder pela Chefia do Departamento de\nria Eltrica durante a ausincia do titular em gozo de frias.\na partir de 6 de Janeiro de 1975.\n\n',117,'pt_BR'),('UNIVERSIDADE DE BRASLIA\nGABINETE DO REITOR\n\nATO BA REITORIA\n\nCOa 174\n\nO Presidente da Fundao e Reitor da Uni\nversidade de Bra ao uso de suas atribuies estatutrias\ne tendo em vista o Processo n9 19745/74,\n\nTE\n\ndesignar e Professor DANIEL BANBATO\npa\nra responder pela Chefia do Departamento de Medicina Complemen\ntar durante a ausincia do titular em gozo de frias. no per%\nde 26 de dezembro de 1974 a 8 de fevereiro de 1975.\nBrunia\n\nAMADEU CURY\nReitor\n\nde janeiro de 1975.\n\n',118,'pt_BR'),('ATJ rA REITORIA n4\n\n00./75\n\nO PRESIOEM 1;,4, FuNVAO E REITOR VA uNIVERSI .\n\nter  BRASIL,ruisodeatxb inase\ndo em vista o constante no PAoct440 mg 019154/14,\n\nI.\n\nV\n\nVeignan O Pno6esson UIRAJARA IM SILVA, pana\n\nmapon-\n\nde& pela Che6La do PepantoadAto de ComunZcao da Facatdade de EaXadoa Soct\nai& Apticados, danante o abastamento do Ututax em Gozo d\n\n,Snias, no perao-\n\ndo de 26.12.14 a 09.01.75.\n\n54141.444 .. C de janWto de 1915.\n\nAMAPEU CURY\nReton\n\nORE, jrr SPR, PAV,\nCOM, FAO, PES, SPA(2).\nSPRIaac\n\n',119,'pt_BR'),('N;',120,'pt_BR'),('N;',121,'pt_BR'),('N;',122,'pt_BR'),('N;',123,'pt_BR'),('N;',124,'pt_BR'),('N;',125,'pt_BR'),('N;',126,'pt_BR'),('N;',127,'pt_BR'),('N;',128,'pt_BR'),('N;',129,'pt_BR'),('N;',130,'pt_BR'),('N;',131,'pt_BR'),('N;',132,'pt_BR'),('N;',133,'pt_BR'),('N;',134,'pt_BR'),('N;',135,'pt_BR'),('N;',147,'pt_BR'),('N;',148,'pt_BR'),('N;',149,'pt_BR'),('N;',150,'pt_BR'),('N;',161,'en'),('N;',162,'en'),('N;',163,'en'),('N;',164,'en'),('b66a3f082b048490',454,'en'),('13e7eb1f0bc63fa0',455,'en'),(NULL,477,'en'),('N;',477,'pt_BR'),(NULL,478,'en'),('N;',478,'pt_BR'),(NULL,479,'en'),('N;',479,'pt_BR'),(NULL,480,'en'),('N;',480,'pt_BR'),(NULL,481,'en'),('N;',481,'pt_BR'),(NULL,482,'en'),('N;',482,'pt_BR'),(NULL,483,'en'),('N;',483,'pt_BR'),(NULL,484,'en'),('N;',484,'pt_BR'),(NULL,485,'en'),('N;',485,'pt_BR'),(NULL,486,'en'),('N;',486,'pt_BR'),(NULL,487,'en'),('N;',487,'pt_BR'),(NULL,488,'en'),('N;',488,'pt_BR'),(NULL,489,'en'),('N;',489,'pt_BR'),(NULL,490,'en'),('N;',490,'pt_BR'),(NULL,491,'en'),('N;',491,'pt_BR'),(NULL,492,'en'),('N;',492,'pt_BR'),(NULL,493,'en'),('N;',493,'pt_BR'),(NULL,494,'en'),('N;',494,'pt_BR'),(NULL,495,'en'),('N;',495,'pt_BR'),(NULL,496,'en'),('N;',496,'pt_BR'),(NULL,497,'en'),('.\n\nDISTRITO FEDERAL~-..,.,\nSECRETARIA DE ESTADO DE IE9UMNA ,lllla\nPOCIACML\nOPT - INSTITUTO DE IDENTIFICAO\n\nAMANDA RAQUEL ALVES NOGUEIRA\nAUAO\n\nCARLOS CESAR DO SANTOS NOGUEIRA\nTANIA MARIA RAQUEL ALVES NOQJEIRA\nDATA NASCIMENTO\n\nTIPO\'FATOA N4\n\n15/12/1995\n\n*****\n\nNAT~\n\nRIO DE JANEIRO/ RJ\nOBSERVJIO\n\n*****\n\nCPF\n\n124.164.427-67 DNI *****\n2 VIA\n\nRG 3.196.845\nREGISTRO CIVIL\n\nDATA DE EXPEDIO\n\nC.NASC. N. 46093, FOLHA 93, LIVRO A-2SA0039, 12 CIRC\n(18/12/1995) RIO DE JANEIRO - RJ\n\ni\n\nT ELEITOR\nNIS/PIS/PASEP\nr\n\nj\n\n*****\n\nCERT ~LIT AR\n\nl *****\ni:I CNH\n\nil *****\n\nCTPS\n\n*****\n\nSRIE\n\nIDENTIDADE PROFISSIONAL\n\n*****\nCNS\n\n*****\n\nUF\n\nPOLEGAR DIREITO\n\n',497,'pt_BR'),(NULL,498,'en'),('N;',498,'pt_BR'),(NULL,499,'en'),('N;',499,'pt_BR'),(NULL,500,'en'),('N;',500,'pt_BR'),(NULL,501,'en'),('N;',501,'pt_BR'),(NULL,502,'en'),('N;',502,'pt_BR'),(NULL,503,'en'),('N;',503,'pt_BR'),(NULL,504,'en'),('N;',504,'pt_BR'),(NULL,505,'en'),('N;',505,'pt_BR'),(NULL,527,'en'),('N;',527,'pt_BR'),(NULL,528,'en'),('N;',528,'pt_BR'),(NULL,529,'en'),('N;',529,'pt_BR'),(NULL,530,'en'),('N;',530,'pt_BR'),('a:1:{i:0;s:5:\"pt_BR\";}',552,'pt_BR'),('N;',553,'pt_BR'),('N;',556,'pt_BR'),('N;',557,'pt_BR'),('305608d05e96c2e0',558,'en'),('N;',559,'pt_BR'),('N;',560,'pt_BR'),('bfe2b032-9734-4961-8d4b-6ac4a156c588',601,'en'),('1c8660b6-1805-4b16-a161-c4fa979eb726',602,'en'),('a:4:{s:4:\"name\";s:4:\"JPEG\";s:7:\"version\";s:4:\"1.01\";s:12:\"registryName\";s:6:\"PRONOM\";s:11:\"registryKey\";s:6:\"fmt/43\";}',603,'en'),('a:3:{s:4:\"type\";s:9:\"ingestion\";s:8:\"dateTime\";s:20:\"2023-07-31T16:22:27Z\";s:22:\"linkingAgentIdentifier\";a:3:{i:0;a:2:{s:4:\"type\";s:19:\"preservation system\";s:5:\"value\";s:20:\"Archivematica-1.12.2\";}i:1;a:2:{s:4:\"type\";s:15:\"repository code\";s:5:\"value\";s:3:\"ORG\";}i:2;a:2:{s:4:\"type\";s:21:\"Archivematica user pk\";s:5:\"value\";s:1:\"1\";}}}',604,'en'),('a:4:{s:4:\"type\";s:26:\"message digest calculation\";s:8:\"dateTime\";s:20:\"2023-07-31T16:22:27Z\";s:17:\"outcomeDetailNote\";s:64:\"9d470fd4b6f9afef12cbac96fc01c337799052a28494f4d5f400ffc682ea88e2\";s:22:\"linkingAgentIdentifier\";a:3:{i:0;a:2:{s:4:\"type\";s:19:\"preservation system\";s:5:\"value\";s:20:\"Archivematica-1.12.2\";}i:1;a:2:{s:4:\"type\";s:15:\"repository code\";s:5:\"value\";s:3:\"ORG\";}i:2;a:2:{s:4:\"type\";s:21:\"Archivematica user pk\";s:5:\"value\";s:1:\"1\";}}}',605,'en'),('a:4:{s:4:\"type\";s:11:\"virus check\";s:8:\"dateTime\";s:20:\"2023-07-31T16:22:28Z\";s:7:\"outcome\";s:4:\"Pass\";s:22:\"linkingAgentIdentifier\";a:3:{i:0;a:2:{s:4:\"type\";s:19:\"preservation system\";s:5:\"value\";s:20:\"Archivematica-1.12.2\";}i:1;a:2:{s:4:\"type\";s:15:\"repository code\";s:5:\"value\";s:3:\"ORG\";}i:2;a:2:{s:4:\"type\";s:21:\"Archivematica user pk\";s:5:\"value\";s:1:\"1\";}}}',606,'en'),('a:5:{s:4:\"type\";s:21:\"format identification\";s:8:\"dateTime\";s:20:\"2023-07-31T16:22:35Z\";s:7:\"outcome\";s:8:\"Positive\";s:17:\"outcomeDetailNote\";s:6:\"fmt/43\";s:22:\"linkingAgentIdentifier\";a:3:{i:0;a:2:{s:4:\"type\";s:19:\"preservation system\";s:5:\"value\";s:20:\"Archivematica-1.12.2\";}i:1;a:2:{s:4:\"type\";s:15:\"repository code\";s:5:\"value\";s:3:\"ORG\";}i:2;a:2:{s:4:\"type\";s:21:\"Archivematica user pk\";s:5:\"value\";s:1:\"1\";}}}',607,'en'),('a:5:{s:4:\"type\";s:10:\"validation\";s:8:\"dateTime\";s:20:\"2023-07-31T16:22:39Z\";s:7:\"outcome\";s:4:\"pass\";s:17:\"outcomeDetailNote\";s:61:\"format=\"JPEG\"; version=\"1.01\"; result=\"Well-Formed and valid\"\";s:22:\"linkingAgentIdentifier\";a:3:{i:0;a:2:{s:4:\"type\";s:19:\"preservation system\";s:5:\"value\";s:20:\"Archivematica-1.12.2\";}i:1;a:2:{s:4:\"type\";s:15:\"repository code\";s:5:\"value\";s:3:\"ORG\";}i:2;a:2:{s:4:\"type\";s:21:\"Archivematica user pk\";s:5:\"value\";s:1:\"1\";}}}',608,'en'),('a:5:{s:4:\"type\";s:13:\"transcription\";s:8:\"dateTime\";s:20:\"2023-07-31T16:23:45Z\";s:7:\"outcome\";s:11:\"transcribed\";s:17:\"outcomeDetailNote\";s:101:\"%SIPDirectory%objects/metadata/OCRfiles/Princesa_Isabel_foto-bfe2b032-9734-4961-8d4b-6ac4a156c588.txt\";s:22:\"linkingAgentIdentifier\";a:3:{i:0;a:2:{s:4:\"type\";s:19:\"preservation system\";s:5:\"value\";s:20:\"Archivematica-1.12.2\";}i:1;a:2:{s:4:\"type\";s:15:\"repository code\";s:5:\"value\";s:3:\"ORG\";}i:2;a:2:{s:4:\"type\";s:21:\"Archivematica user pk\";s:5:\"value\";s:1:\"1\";}}}',609,'en'),('62df3f8d-6f69-4dcc-81fa-d39c66616305',610,'en'),('1c8660b6-1805-4b16-a161-c4fa979eb726',611,'en'),('',612,'en'),('a:1:{s:9:\"pageCount\";s:1:\"4\";}',613,'en'),('a:4:{s:4:\"name\";s:40:\"Acrobat PDF/A - Portable Document Format\";s:7:\"version\";s:2:\"1b\";s:12:\"registryName\";s:6:\"PRONOM\";s:11:\"registryKey\";s:7:\"fmt/354\";}',614,'en'),('a:3:{s:4:\"type\";s:9:\"ingestion\";s:8:\"dateTime\";s:20:\"2023-07-31T16:22:27Z\";s:22:\"linkingAgentIdentifier\";a:3:{i:0;a:2:{s:4:\"type\";s:19:\"preservation system\";s:5:\"value\";s:20:\"Archivematica-1.12.2\";}i:1;a:2:{s:4:\"type\";s:15:\"repository code\";s:5:\"value\";s:3:\"ORG\";}i:2;a:2:{s:4:\"type\";s:21:\"Archivematica user pk\";s:5:\"value\";s:1:\"1\";}}}',615,'en'),('a:4:{s:4:\"type\";s:26:\"message digest calculation\";s:8:\"dateTime\";s:20:\"2023-07-31T16:22:27Z\";s:17:\"outcomeDetailNote\";s:64:\"ec575c0c84b392046da63dfbd83a2ba8b74dd0da16b2bef2bc5665868c946ebf\";s:22:\"linkingAgentIdentifier\";a:3:{i:0;a:2:{s:4:\"type\";s:19:\"preservation system\";s:5:\"value\";s:20:\"Archivematica-1.12.2\";}i:1;a:2:{s:4:\"type\";s:15:\"repository code\";s:5:\"value\";s:3:\"ORG\";}i:2;a:2:{s:4:\"type\";s:21:\"Archivematica user pk\";s:5:\"value\";s:1:\"1\";}}}',616,'en'),('a:4:{s:4:\"type\";s:11:\"virus check\";s:8:\"dateTime\";s:20:\"2023-07-31T16:22:28Z\";s:7:\"outcome\";s:4:\"Pass\";s:22:\"linkingAgentIdentifier\";a:3:{i:0;a:2:{s:4:\"type\";s:19:\"preservation system\";s:5:\"value\";s:20:\"Archivematica-1.12.2\";}i:1;a:2:{s:4:\"type\";s:15:\"repository code\";s:5:\"value\";s:3:\"ORG\";}i:2;a:2:{s:4:\"type\";s:21:\"Archivematica user pk\";s:5:\"value\";s:1:\"1\";}}}',617,'en'),('a:4:{s:4:\"type\";s:12:\"name cleanup\";s:8:\"dateTime\";s:20:\"2023-07-31T16:22:30Z\";s:17:\"outcomeDetailNote\";s:201:\"Original name=\"%transferDirectory%objects/Projeto_de_Lei_da_extino_da_escravido_no_Brasil.pdf\"; cleaned up name=\"%transferDirectory%objects/Projeto_de_Lei_da_extincao_da_escravidao_no_Brasil.pdf\"\";s:22:\"linkingAgentIdentifier\";a:3:{i:0;a:2:{s:4:\"type\";s:19:\"preservation system\";s:5:\"value\";s:20:\"Archivematica-1.12.2\";}i:1;a:2:{s:4:\"type\";s:15:\"repository code\";s:5:\"value\";s:3:\"ORG\";}i:2;a:2:{s:4:\"type\";s:21:\"Archivematica user pk\";s:5:\"value\";s:1:\"1\";}}}',618,'en'),('a:5:{s:4:\"type\";s:21:\"format identification\";s:8:\"dateTime\";s:20:\"2023-07-31T16:22:35Z\";s:7:\"outcome\";s:8:\"Positive\";s:17:\"outcomeDetailNote\";s:7:\"fmt/354\";s:22:\"linkingAgentIdentifier\";a:3:{i:0;a:2:{s:4:\"type\";s:19:\"preservation system\";s:5:\"value\";s:20:\"Archivematica-1.12.2\";}i:1;a:2:{s:4:\"type\";s:15:\"repository code\";s:5:\"value\";s:3:\"ORG\";}i:2;a:2:{s:4:\"type\";s:21:\"Archivematica user pk\";s:5:\"value\";s:1:\"1\";}}}',619,'en'),('a:5:{s:4:\"type\";s:10:\"validation\";s:8:\"dateTime\";s:20:\"2023-07-31T16:22:39Z\";s:7:\"outcome\";s:4:\"pass\";s:17:\"outcomeDetailNote\";s:59:\"format=\"PDF\"; version=\"1.5\"; result=\"Well-Formed and valid\"\";s:22:\"linkingAgentIdentifier\";a:3:{i:0;a:2:{s:4:\"type\";s:19:\"preservation system\";s:5:\"value\";s:20:\"Archivematica-1.12.2\";}i:1;a:2:{s:4:\"type\";s:15:\"repository code\";s:5:\"value\";s:3:\"ORG\";}i:2;a:2:{s:4:\"type\";s:21:\"Archivematica user pk\";s:5:\"value\";s:1:\"1\";}}}',620,'en'),('N;',621,'pt_BR'),('N;',622,'pt_BR'),('N;',623,'pt_BR'),('N;',624,'pt_BR'),('N;',625,'pt_BR'),('N;',626,'pt_BR'),('N;',627,'pt_BR'),('N;',628,'pt_BR'),('N;',629,'pt_BR'),('N;',630,'pt_BR'),('N;',631,'pt_BR'),('N;',632,'pt_BR'),('N;',645,'pt_BR'),('N;',646,'pt_BR'),('N;',647,'pt_BR'),('N;',648,'pt_BR'),('N;',649,'pt_BR'),('N;',650,'pt_BR'),('N;',651,'pt_BR'),('N;',652,'pt_BR'),('d18ce342-e7b9-42e0-ba81-c11dbb61f9c6',653,'en'),('c32ceaee-2bb0-4292-b3b8-b8b1597eb14d',654,'en'),('ELENILSOM SILVA\nDO\nNASCIMENTO:05327\n637425\n\nAssinado digitalmente por ELENILSOM SILVA DO\nNASCIMENTO:05327637425\nND: C=BR, O=ICP-Brasil, OU=Presencial, OU=\n01554285000175, OU=Secretaria da Receita Federal do\nBrasil - RFB, OU=RFB e-CPF A3, OU=(em branco), CN=\nELENILSOM SILVA DO NASCIMENTO:05327637425\nRazo: Eu atesto a preciso e a integridade deste documento\nLocalizao:\nData: 2023.09.27 10:04:11-03\'00\'\nFoxit PDF Reader Verso: 12.1.1\n\n',655,'en'),(NULL,655,'pt_BR'),('a:5:{s:5:\"title\";s:26:\"Kodak Capture Pro Software\";s:6:\"author\";s:26:\"Kodak Capture Pro Software\";s:9:\"pageCount\";s:2:\"76\";s:10:\"hasOutline\";b:1;s:8:\"hasForms\";b:1;}',656,'en'),('a:4:{s:4:\"name\";s:42:\"Acrobat PDF 1.6 - Portable Document Format\";s:7:\"version\";s:3:\"1.6\";s:12:\"registryName\";s:6:\"PRONOM\";s:11:\"registryKey\";s:6:\"fmt/20\";}',657,'en'),('a:3:{s:4:\"type\";s:9:\"ingestion\";s:8:\"dateTime\";s:20:\"2023-10-16T03:07:57Z\";s:22:\"linkingAgentIdentifier\";a:3:{i:0;a:2:{s:4:\"type\";s:19:\"preservation system\";s:5:\"value\";s:20:\"Archivematica-1.12.2\";}i:1;a:2:{s:4:\"type\";s:15:\"repository code\";s:5:\"value\";s:3:\"ORG\";}i:2;a:2:{s:4:\"type\";s:21:\"Archivematica user pk\";s:5:\"value\";s:1:\"1\";}}}',658,'en'),('a:4:{s:4:\"type\";s:26:\"message digest calculation\";s:8:\"dateTime\";s:20:\"2023-10-16T03:07:57Z\";s:17:\"outcomeDetailNote\";s:64:\"8988ab2ecea0f36742f3436690c474bb5ce124d154110817492348ac99fd17ff\";s:22:\"linkingAgentIdentifier\";a:3:{i:0;a:2:{s:4:\"type\";s:19:\"preservation system\";s:5:\"value\";s:20:\"Archivematica-1.12.2\";}i:1;a:2:{s:4:\"type\";s:15:\"repository code\";s:5:\"value\";s:3:\"ORG\";}i:2;a:2:{s:4:\"type\";s:21:\"Archivematica user pk\";s:5:\"value\";s:1:\"1\";}}}',659,'en'),('a:4:{s:4:\"type\";s:11:\"virus check\";s:8:\"dateTime\";s:20:\"2023-10-16T03:08:00Z\";s:7:\"outcome\";s:4:\"Pass\";s:22:\"linkingAgentIdentifier\";a:3:{i:0;a:2:{s:4:\"type\";s:19:\"preservation system\";s:5:\"value\";s:20:\"Archivematica-1.12.2\";}i:1;a:2:{s:4:\"type\";s:15:\"repository code\";s:5:\"value\";s:3:\"ORG\";}i:2;a:2:{s:4:\"type\";s:21:\"Archivematica user pk\";s:5:\"value\";s:1:\"1\";}}}',660,'en'),('a:4:{s:4:\"type\";s:12:\"name cleanup\";s:8:\"dateTime\";s:20:\"2023-10-16T03:08:01Z\";s:17:\"outcomeDetailNote\";s:152:\"Original name=\"%transferDirectory%objects/Ordem de pagamento_assinado.pdf\"; cleaned up name=\"%transferDirectory%objects/Ordem_de_pagamento_assinado.pdf\"\";s:22:\"linkingAgentIdentifier\";a:3:{i:0;a:2:{s:4:\"type\";s:19:\"preservation system\";s:5:\"value\";s:20:\"Archivematica-1.12.2\";}i:1;a:2:{s:4:\"type\";s:15:\"repository code\";s:5:\"value\";s:3:\"ORG\";}i:2;a:2:{s:4:\"type\";s:21:\"Archivematica user pk\";s:5:\"value\";s:1:\"1\";}}}',661,'en'),('a:5:{s:4:\"type\";s:21:\"format identification\";s:8:\"dateTime\";s:20:\"2023-10-16T03:08:18Z\";s:7:\"outcome\";s:8:\"Positive\";s:17:\"outcomeDetailNote\";s:6:\"fmt/20\";s:22:\"linkingAgentIdentifier\";a:3:{i:0;a:2:{s:4:\"type\";s:19:\"preservation system\";s:5:\"value\";s:20:\"Archivematica-1.12.2\";}i:1;a:2:{s:4:\"type\";s:15:\"repository code\";s:5:\"value\";s:3:\"ORG\";}i:2;a:2:{s:4:\"type\";s:21:\"Archivematica user pk\";s:5:\"value\";s:1:\"1\";}}}',662,'en'),('a:5:{s:4:\"type\";s:10:\"validation\";s:8:\"dateTime\";s:20:\"2023-10-16T03:08:22Z\";s:7:\"outcome\";s:12:\"partial pass\";s:17:\"outcomeDetailNote\";s:51:\"format=\"bytestream\"; result=\"Well-Formed and valid\"\";s:22:\"linkingAgentIdentifier\";a:3:{i:0;a:2:{s:4:\"type\";s:19:\"preservation system\";s:5:\"value\";s:20:\"Archivematica-1.12.2\";}i:1;a:2:{s:4:\"type\";s:15:\"repository code\";s:5:\"value\";s:3:\"ORG\";}i:2;a:2:{s:4:\"type\";s:21:\"Archivematica user pk\";s:5:\"value\";s:1:\"1\";}}}',663,'en'),('a:4:{s:4:\"type\";s:13:\"normalization\";s:8:\"dateTime\";s:20:\"2023-10-16T03:08:58Z\";s:17:\"outcomeDetailNote\";s:90:\"%SIPDirectory%objects/Ordem_de_pagamento_assinado-90c99e9d-06d1-4d44-aac8-3f9d3a995bbc.pdf\";s:22:\"linkingAgentIdentifier\";a:3:{i:0;a:2:{s:4:\"type\";s:19:\"preservation system\";s:5:\"value\";s:20:\"Archivematica-1.12.2\";}i:1;a:2:{s:4:\"type\";s:15:\"repository code\";s:5:\"value\";s:3:\"ORG\";}i:2;a:2:{s:4:\"type\";s:21:\"Archivematica user pk\";s:5:\"value\";s:1:\"1\";}}}',664,'en'),('N;',665,'pt_BR'),('N;',666,'pt_BR'),('N;',667,'pt_BR'),('N;',668,'pt_BR'),('f19e782d-77c4-4135-a864-04b3e1585ff7',669,'en'),('f9336958-96b3-4670-9c41-c4098daca9b1',670,'en'),('',671,'en'),('a:4:{s:5:\"title\";s:26:\"Kodak Capture Pro Software\";s:6:\"author\";s:26:\"Kodak Capture Pro Software\";s:9:\"pageCount\";s:2:\"62\";s:10:\"hasOutline\";b:1;}',672,'en'),('a:4:{s:4:\"name\";s:42:\"Acrobat PDF 1.4 - Portable Document Format\";s:7:\"version\";s:3:\"1.4\";s:12:\"registryName\";s:6:\"PRONOM\";s:11:\"registryKey\";s:6:\"fmt/18\";}',673,'en'),('a:3:{s:4:\"type\";s:9:\"ingestion\";s:8:\"dateTime\";s:20:\"2023-10-16T11:29:53Z\";s:22:\"linkingAgentIdentifier\";a:3:{i:0;a:2:{s:4:\"type\";s:19:\"preservation system\";s:5:\"value\";s:20:\"Archivematica-1.12.2\";}i:1;a:2:{s:4:\"type\";s:15:\"repository code\";s:5:\"value\";s:3:\"ORG\";}i:2;a:2:{s:4:\"type\";s:21:\"Archivematica user pk\";s:5:\"value\";s:1:\"1\";}}}',674,'en'),('a:4:{s:4:\"type\";s:26:\"message digest calculation\";s:8:\"dateTime\";s:20:\"2023-10-16T11:29:53Z\";s:17:\"outcomeDetailNote\";s:64:\"3c334cd84901a282c7239d2368ea0d18b604bd3c25642a65da35491f4e90765f\";s:22:\"linkingAgentIdentifier\";a:3:{i:0;a:2:{s:4:\"type\";s:19:\"preservation system\";s:5:\"value\";s:20:\"Archivematica-1.12.2\";}i:1;a:2:{s:4:\"type\";s:15:\"repository code\";s:5:\"value\";s:3:\"ORG\";}i:2;a:2:{s:4:\"type\";s:21:\"Archivematica user pk\";s:5:\"value\";s:1:\"1\";}}}',675,'en'),('a:4:{s:4:\"type\";s:11:\"virus check\";s:8:\"dateTime\";s:20:\"2023-10-16T11:30:01Z\";s:7:\"outcome\";s:4:\"Pass\";s:22:\"linkingAgentIdentifier\";a:3:{i:0;a:2:{s:4:\"type\";s:19:\"preservation system\";s:5:\"value\";s:20:\"Archivematica-1.12.2\";}i:1;a:2:{s:4:\"type\";s:15:\"repository code\";s:5:\"value\";s:3:\"ORG\";}i:2;a:2:{s:4:\"type\";s:21:\"Archivematica user pk\";s:5:\"value\";s:1:\"1\";}}}',676,'en'),('a:4:{s:4:\"type\";s:12:\"name cleanup\";s:8:\"dateTime\";s:20:\"2023-10-16T11:30:02Z\";s:17:\"outcomeDetailNote\";s:154:\"Original name=\"%transferDirectory%objects/Processo 2010008091 - Vol VI.pdf\"; cleaned up name=\"%transferDirectory%objects/Processo_2010008091_-_Vol_VI.pdf\"\";s:22:\"linkingAgentIdentifier\";a:3:{i:0;a:2:{s:4:\"type\";s:19:\"preservation system\";s:5:\"value\";s:20:\"Archivematica-1.12.2\";}i:1;a:2:{s:4:\"type\";s:15:\"repository code\";s:5:\"value\";s:3:\"ORG\";}i:2;a:2:{s:4:\"type\";s:21:\"Archivematica user pk\";s:5:\"value\";s:1:\"1\";}}}',677,'en'),('a:5:{s:4:\"type\";s:21:\"format identification\";s:8:\"dateTime\";s:20:\"2023-10-16T11:30:05Z\";s:7:\"outcome\";s:8:\"Positive\";s:17:\"outcomeDetailNote\";s:6:\"fmt/18\";s:22:\"linkingAgentIdentifier\";a:3:{i:0;a:2:{s:4:\"type\";s:19:\"preservation system\";s:5:\"value\";s:20:\"Archivematica-1.12.2\";}i:1;a:2:{s:4:\"type\";s:15:\"repository code\";s:5:\"value\";s:3:\"ORG\";}i:2;a:2:{s:4:\"type\";s:21:\"Archivematica user pk\";s:5:\"value\";s:1:\"1\";}}}',678,'en'),('a:5:{s:4:\"type\";s:10:\"validation\";s:8:\"dateTime\";s:20:\"2023-10-16T11:30:16Z\";s:7:\"outcome\";s:12:\"partial pass\";s:17:\"outcomeDetailNote\";s:51:\"format=\"bytestream\"; result=\"Well-Formed and valid\"\";s:22:\"linkingAgentIdentifier\";a:3:{i:0;a:2:{s:4:\"type\";s:19:\"preservation system\";s:5:\"value\";s:20:\"Archivematica-1.12.2\";}i:1;a:2:{s:4:\"type\";s:15:\"repository code\";s:5:\"value\";s:3:\"ORG\";}i:2;a:2:{s:4:\"type\";s:21:\"Archivematica user pk\";s:5:\"value\";s:1:\"1\";}}}',679,'en'),('a:4:{s:4:\"type\";s:13:\"normalization\";s:8:\"dateTime\";s:20:\"2023-10-16T11:30:46Z\";s:17:\"outcomeDetailNote\";s:91:\"%SIPDirectory%objects/Processo_2010008091_-_Vol_VI-b5dbbe37-1a9f-497c-8e32-f77115d1d504.pdf\";s:22:\"linkingAgentIdentifier\";a:3:{i:0;a:2:{s:4:\"type\";s:19:\"preservation system\";s:5:\"value\";s:20:\"Archivematica-1.12.2\";}i:1;a:2:{s:4:\"type\";s:15:\"repository code\";s:5:\"value\";s:3:\"ORG\";}i:2;a:2:{s:4:\"type\";s:21:\"Archivematica user pk\";s:5:\"value\";s:1:\"1\";}}}',680,'en'),('f12b4d41-3198-406e-8e6c-544c78aa338a',681,'en'),('f9336958-96b3-4670-9c41-c4098daca9b1',682,'en'),('ELENILSOM SILVA\nDO\nNASCIMENTO:05327\n637425\n\nAssinado digitalmente por ELENILSOM SILVA DO\nNASCIMENTO:05327637425\nND: C=BR, O=ICP-Brasil, OU=Presencial, OU=\n01554285000175, OU=Secretaria da Receita Federal do\nBrasil - RFB, OU=RFB e-CPF A3, OU=(em branco), CN=\nELENILSOM SILVA DO NASCIMENTO:05327637425\nRazo: Eu atesto a preciso e a integridade deste documento\nLocalizao:\nData: 2023.09.27 10:07:42-03\'00\'\nFoxit PDF Reader Verso: 12.1.1\n\n',683,'en'),('a:5:{s:5:\"title\";s:26:\"Kodak Capture Pro Software\";s:6:\"author\";s:26:\"Kodak Capture Pro Software\";s:9:\"pageCount\";s:2:\"62\";s:10:\"hasOutline\";b:1;s:8:\"hasForms\";b:1;}',684,'en'),('a:4:{s:4:\"name\";s:42:\"Acrobat PDF 1.4 - Portable Document Format\";s:7:\"version\";s:3:\"1.4\";s:12:\"registryName\";s:6:\"PRONOM\";s:11:\"registryKey\";s:6:\"fmt/18\";}',685,'en'),('a:3:{s:4:\"type\";s:9:\"ingestion\";s:8:\"dateTime\";s:20:\"2023-10-16T11:29:53Z\";s:22:\"linkingAgentIdentifier\";a:3:{i:0;a:2:{s:4:\"type\";s:19:\"preservation system\";s:5:\"value\";s:20:\"Archivematica-1.12.2\";}i:1;a:2:{s:4:\"type\";s:15:\"repository code\";s:5:\"value\";s:3:\"ORG\";}i:2;a:2:{s:4:\"type\";s:21:\"Archivematica user pk\";s:5:\"value\";s:1:\"1\";}}}',686,'en'),('a:4:{s:4:\"type\";s:26:\"message digest calculation\";s:8:\"dateTime\";s:20:\"2023-10-16T11:29:53Z\";s:17:\"outcomeDetailNote\";s:64:\"a990f465fb0c67ac5ff5e2f743a9b81dce7389d5d5596bc8cc41b2b39660d464\";s:22:\"linkingAgentIdentifier\";a:3:{i:0;a:2:{s:4:\"type\";s:19:\"preservation system\";s:5:\"value\";s:20:\"Archivematica-1.12.2\";}i:1;a:2:{s:4:\"type\";s:15:\"repository code\";s:5:\"value\";s:3:\"ORG\";}i:2;a:2:{s:4:\"type\";s:21:\"Archivematica user pk\";s:5:\"value\";s:1:\"1\";}}}',687,'en'),('a:4:{s:4:\"type\";s:11:\"virus check\";s:8:\"dateTime\";s:20:\"2023-10-16T11:30:01Z\";s:7:\"outcome\";s:4:\"Pass\";s:22:\"linkingAgentIdentifier\";a:3:{i:0;a:2:{s:4:\"type\";s:19:\"preservation system\";s:5:\"value\";s:20:\"Archivematica-1.12.2\";}i:1;a:2:{s:4:\"type\";s:15:\"repository code\";s:5:\"value\";s:3:\"ORG\";}i:2;a:2:{s:4:\"type\";s:21:\"Archivematica user pk\";s:5:\"value\";s:1:\"1\";}}}',688,'en'),('a:4:{s:4:\"type\";s:12:\"name cleanup\";s:8:\"dateTime\";s:20:\"2023-10-16T11:30:02Z\";s:17:\"outcomeDetailNote\";s:172:\"Original name=\"%transferDirectory%objects/Processo 2010008091 - Vol VI_assinado.pdf\"; cleaned up name=\"%transferDirectory%objects/Processo_2010008091_-_Vol_VI_assinado.pdf\"\";s:22:\"linkingAgentIdentifier\";a:3:{i:0;a:2:{s:4:\"type\";s:19:\"preservation system\";s:5:\"value\";s:20:\"Archivematica-1.12.2\";}i:1;a:2:{s:4:\"type\";s:15:\"repository code\";s:5:\"value\";s:3:\"ORG\";}i:2;a:2:{s:4:\"type\";s:21:\"Archivematica user pk\";s:5:\"value\";s:1:\"1\";}}}',689,'en'),('a:5:{s:4:\"type\";s:21:\"format identification\";s:8:\"dateTime\";s:20:\"2023-10-16T11:30:05Z\";s:7:\"outcome\";s:8:\"Positive\";s:17:\"outcomeDetailNote\";s:6:\"fmt/18\";s:22:\"linkingAgentIdentifier\";a:3:{i:0;a:2:{s:4:\"type\";s:19:\"preservation system\";s:5:\"value\";s:20:\"Archivematica-1.12.2\";}i:1;a:2:{s:4:\"type\";s:15:\"repository code\";s:5:\"value\";s:3:\"ORG\";}i:2;a:2:{s:4:\"type\";s:21:\"Archivematica user pk\";s:5:\"value\";s:1:\"1\";}}}',690,'en'),('a:5:{s:4:\"type\";s:10:\"validation\";s:8:\"dateTime\";s:20:\"2023-10-16T11:30:15Z\";s:7:\"outcome\";s:12:\"partial pass\";s:17:\"outcomeDetailNote\";s:51:\"format=\"bytestream\"; result=\"Well-Formed and valid\"\";s:22:\"linkingAgentIdentifier\";a:3:{i:0;a:2:{s:4:\"type\";s:19:\"preservation system\";s:5:\"value\";s:20:\"Archivematica-1.12.2\";}i:1;a:2:{s:4:\"type\";s:15:\"repository code\";s:5:\"value\";s:3:\"ORG\";}i:2;a:2:{s:4:\"type\";s:21:\"Archivematica user pk\";s:5:\"value\";s:1:\"1\";}}}',691,'en'),('a:4:{s:4:\"type\";s:13:\"normalization\";s:8:\"dateTime\";s:20:\"2023-10-16T11:30:42Z\";s:17:\"outcomeDetailNote\";s:100:\"%SIPDirectory%objects/Processo_2010008091_-_Vol_VI_assinado-65bc1fe4-9704-474c-9013-0f9bcc615091.pdf\";s:22:\"linkingAgentIdentifier\";a:3:{i:0;a:2:{s:4:\"type\";s:19:\"preservation system\";s:5:\"value\";s:20:\"Archivematica-1.12.2\";}i:1;a:2:{s:4:\"type\";s:15:\"repository code\";s:5:\"value\";s:3:\"ORG\";}i:2;a:2:{s:4:\"type\";s:21:\"Archivematica user pk\";s:5:\"value\";s:1:\"1\";}}}',692,'en'),('be22351b-fcfd-4109-8346-f55e8786947b',693,'en'),('f9336958-96b3-4670-9c41-c4098daca9b1',694,'en'),('o\nESTADO DO RIO DE JANEIRO\nPREFEITURA MUNICIPAL DE ANGRA DOS REIS\n\n201008}\nf\n\nNumero do\nProcesso:\n\nData de Entrada:\n\n[\n| Unidade de Orizem:\n\n8091/2010\n\n:\n\n13/05/2010\n\n567-SOH-SECRETARIA MUNICIPAL DE OBRAS,\n2 g1TACAO E SERVICOS PUBLICOS\n\nTipo de Processo:\n\n227 - DESPESA.\n\nTipo de Assunto;\n\n429 - DESPESA\n\n\"INTERESSADO:\n\n\"\n\n\n\nLICITAGAO\n\nCPF/CINPJ:\n\nEnderego:\n\nTelefone:\n\nDescricao:\n\n, Bairro: - CEP:- - Cidade:\n\n() Ramal:\n\n~\n\nMM 0282/2010/SOH REFERENTE A\nCONTRATAGAO DE EMPRESA PARA EXECUCAO\nDA OBRA DE REFORMA DA ESCOLA MUNICIPAL\nPEDRO SOARES - PROVETA - ILHA GRANDE ANGRA DOS REIS. R$\n\nS v\n\ni)\n\nNFS-e - Nota Fiscal de Servigo Eletrnica Prefeiltura de Angra dos Reis\n\nPgina 1 de 1\n\nPREFEITURA DE ANGRA DOS REIS\nSECRETARIA MUNICIPAL\n\nv\n\n;\n\nPRESTADOR DE SERVICOS\n CPF/CNPJ:\n\n09.426.728/0001-54\n\nNumegggg%%g 4\n\nDE FAZENDA\nA\n\n201203090947672800015\n\nInscrigdo Municipal: 0024591\n\nNome/Razo Social: ACLIVE CONSTRUCGES LTDA\nL\nEnderego: RUA C 164, BLOCO-01 -APTO-306 - PRAIA DO JARDIM - CEP: 23800-000\nMunicipio: Angra dos Reis\n\nData e Hora de Emisso\n09/03/2012 10:20:42\n\nLMR3-ZAND\n\n|\n\nInscrigo Estadual:\n\nPROC\n\n8094 /4 O\nyy439,\n\nRO~\n\nUF: RJ\n\nASe\n\nf\nDE SERVICOS\n\nTOMADOR\n\n78490349\n\no\n\na8\n\nbttt\n\n%\n\nv\n\nNome/Raz&o Social:\n\nPREFEITURA MUNICIPAL DE ANGRA DOS REIS\nCPF/CNPJ:29.172.467/0001-09\nEnderego:\nMunicipio:\n\nDISCRIMINA(}AO\nREFORMA\nPROVETA\nMM.:\n\nDA E.M. PEDRO\n- ILHA GRANDE\n\n282/2010\n\n14 MEDIGAO\n\nRETENGAO\n\nInscrigado Municipal: 0000001\n\nPRC NILO PECANHA 186 - CENTRO - CEP: 23900\n1000\nAngra dos Rels\nUF:RJ\n| E-mail; e-e-\n\n- FINAL\n\nINSS\n\n(( %\n\n} f\n\nDOS SERVICOS\n\nN\n\n[\n\nv\n\nSOARES\n\n05.:130/2010\n\nPERIODO:\n\nS/ MAO\n\n\\\n\nN3.:0276/201|U\n\n07/01/2012\n\nA 05/02/2012\n\nDE OBRA = R53127,13\n\n : 400/%01@\nWLP 343\n\nCCl/ SOP\n| LANCADO MO SIG FIS\nA3 107 | 12\n\nlbrditpe L947\n\nVALOR TOTAL DA|NOTA = R$ 127.139,22\n\nCdigo do Servigo\n\n2609134 - CONSTRUCAO\nValor Total das Dedugbes (R$)\n\nCIVIL\nBase de Ciculo (R$)\n\n60.956,68\n\nAlfquotg (%)\n\n76.283,54\n\nValor do ISS (R$)\n\n6,00%\n\nCrdito p/ Abatimento do IPTU\n\n3.814,17\n\n0,00\n\nOUTRAS INFORMACOES\n\n- Esta NFS-e foi emitida com respaldo na Lei n 1.445/2\n003 e ng Decreto n 7.359/2010\n- O ISS desta NFS-e sera RETIDO pelo Tomador de\nServigo qus devera recolher alravs da Guia de NFS-e\n- (*) Documento emitido por ME ou EPP optante pelo SIMPLE\nS|NACICNAL .\n- Esta NFS-e ndo gera crdito.\n.\n\nCerttifico a exscucdo\n\ndo(s) servigo$\n\nprestados coniomqe Giurimninado acima,\n\nAngres B\n\nRuis]\n\nQ9.7\n\n6 jw/__.f_z__\n\nN\n\nN\n15\n\nhttps://www.spe.angra.rj.gov.br/NF SE/contribuinte/ncta\nprint.aspx?ccm=24591&nf=9. .\n\noeifd\n\ns\n\nga4\n\n09/03/2012\n\nPR\n[\n1\n\nf]\n\nvy\n\n.\n\n[\n\no~\n\nAsE\nL\n\nALLIVE CONSTRUGYES\nL TOA\n\nDATA:\n\n|\n[\n\nDEMONSTRATIVO\n142 MEDICAO - FINAL\nOBRA: REFORMA DA ESCOLA MUNICIPAL PEDRO SOARES\n\nel\n\n13/02/2012\n\n|\nMM.: 282/2010\n0S.: 130/2010\n\nPeriodo: 07/01/2012 A 05/02/2012\n| QUANT. | UNID.\n[ 4763,25|\nm2\n0,00\nm2\n609,04\nm2\n609,04\nm2\n[3.321,00]\nkg\n[3.321,00]\nkg\n33,21\nm3\n10,00\nm2\n49,15\nm\n7,56\nm2\n2,00\nun\n0,00\nm2\n1,00\npar\n1,00\nun\n2,00\nun\n4,00\nun\n4,00\nun\n4,00\nun\n| 24,00\nm2\n| 171,21\nm2\n| 343,00\nun\n17,12\nm3\n| 147,00\nvj\n40,00\nvj\n[4.752,00\nrf\n40,00\nvj\n14,00\nun\n1,00\nun\n4,00\nun\n| 117,00\nm2\n4,00\nun\n| 21,00\nun\n| 16,00\nun\n6,00\nun\n1,00\nun\n2,00\nun\n2,00\nun\n7,00\nun\n4,00\nun\n1,00\nun\n[1.677,80]\nm2\n100,00\nun\n1,00\nun\n1,00\nun\n1,00\nun\n| 25,00\nun\n\nY\n\n|\n\nLOCAL: PROVETA\n\nITEM\n2.12\n2.14\n4.1\n4,2\n4.3\n4.4\n4.6\n8.1\n12.7\n16.6\n16.7\n16.8\n16.17\n16.18\n16.22\n16.23\n16.24\n16.25\n16.38\n17.1\n17.2\n17.3\n18.1\n18.3\n18.4\n18.5\n19.1\n19.6\n19.7\n19.10\n19.14\n19.20\n19.27\n20.5\n20.25\n21.1\n21.2\n23.8\n23.10\n24.3\n25\n26\n27.1\n27.2\n27.3\n27.10\n\nM 809 M0\nAB19) ...\n\nNE.: 0276/2011\nR$ UNIT.\n4,00\n10,00\n25,00\n12,00\n5,00\n3,00\n350,00\n200,00\n75,00\n150,00\n300,00\n3,50\n70,00\n250,00\n500,00\n20,00\n25,00\n40,00\n500,00\n3,00\n6,00\n120,00\n1.370,00\n700,00\n25,00\n1.000,00\n230,00\n100,00\n200,00\n50,00\n80,00\n320,00\n25,00\n50,00\n450,00\n200,00\n370,00\n650,00\n850,00\n8.500,00\n0,75\n1.260,00\n989,09\n2.636,83\n236,61\n9,79\n\nQ. MEDIDA [Q. ACUMUL.|\n-96,00\n4763,25\n-178,75\n0,00\n102,44\n09,04\n102,44\n609,04\n1.294,60 | 3321,00\n1.294,60 | 3321,00\n7,88\n33,21\n10,00\n10,00\n-18,26\n49,15\n7,56\n7,56\n2,00\n2,00\n-1.161,95\n0,00\n1,00\n1,00\n1,00\n1,00\n2,00\n2,00\n4,00\n4,00\n4,00\n4,00\n4,00\n4,00\n7,70\n24,00\n171,21\n171,21\n343,00\n343,00\n17,12\n17,12\n5,00\n147,00\n2,00\n40,00\n190,00\n4752,00\n6,00\n40,00\n14,00\n14,00\n1,00\n1,00\n4,00\n4,00\n70,20\n117,00\n4,00\n4,00\n21,00\n21,00\n16,00\n16,00\n6,00\n6,00\n1,00\n1,00\n2,00\n2,00\n2,00\n2,00\n3,00\n7,00\n1,00\n4,00\n1,00\n1,00\n1.677,80 | 1677,80\n5,00\n100,00\n1,00\n1,00\n1,00\n1,00\n1,00\n1,00\n25,00\n25,00\n\nTi7+ SCATUfTI0 UG OU0Za\n\nggg da kroids dz B4 oooEs\n1at 2843\n\nR$ MEDIDO\n-384.00\n-1787,50\n2561,00\n1229,28\n6473,00\n3883,80\n2758,00\n2000,00\n-13639,46\n1134,00\n600,00\n-4066,83\n70,00\n250,00\n1003,00\n80,00\n100,00\n160,00\n3850,00\n513,63\n2058,00\n2054,40\n6850,00\n1400,00\n4750,00\n60C0,00\n3220,00\n100,00\n800,00\n3510,00\n320,00\n6720,00\n400,00\n300,00\n450,00\n460,00\n740,00\n1650,00\n850,00\n8500,00\n1258,35\n6300,00\n989,09\n2636,83\n236,61\n244,75\n\nR$ ACUMUL.\n19053,00\n0,00\n15226,00\n7308,48\n16605,00\n9963,00\n11623,50\n2000,00\n3686,25\n1134,00\n600,00\n0,00\n70,00\n250,00\n1000,00\n80,00\n100,00\n160,00\n12000,00\n513,63\n2058,00\n2054,40\n201390,00\n28060,00\n118800,00\n40000,00\n3220,00\n100,00\n800,00\n5850,00\n320,00\n6720,00\n400,00\n309,00\n450,00\n400,00\n740,00\n4550,00\n3400,00\n8500,00\n1258,35\n126000,00\n989,09\n2636,83\n236,61\n244,75\n\nPROC. K403\nLM O\ni:;:_;\n\ne\n- 27:11\n\n27.12\n27.13\n\nAssio\n\n.439%\n\n.. &um\n\n25,00\n\nun\n\n12,39\n\n| 320,00\n2,00\n\n25,00\n\nm\nun\n\n25,00\n\n2,52\n288,61\n\n309,75\n\n320,00\n2,00\n\n320,00\n2,00\n\n309,75\n\n806,40\n577,22\n\n806,40\n577,22\n\n27.14\n\n26,00\n\nm\n\n44,78\n\n27.15\n\n26,00\n\n26,00\n\nm\n\n26,00\n\n20,57\n\n1164,28\n\n1164,28\n\n27.16\n27.17\n27.18\n27.19\n27.20\n27.21\n27.25\n27.26\n27.29\n\n26,00\n\n18,00\n4,00\n4,00\n2,00\n2,00\n39,00\n| 432,00\n20,00\n2,00\n\nun\nun\nun\nrolo\nun\nun\nm?2\nun\nun\n\n26,00\n\n20,82\n\n18,00\n\n18,00\n\n5,78\n5,53\n4,23\n699,25\n136,06\n\n534,82\n374,76\n\n9,62\n80,46\n1.514,50\n\n4,00\n4,00\n2,00\n2,00\n13,00\n432,00\n20,00\n\n534,82\n374,76\n\n4,00\n4,00\n2,00\n2,00\n36,00\n432,00\n20,00\n\n2,00\n\nun\n\n143,03\n\n2,00\n12,00\n\n23,12\n22,12\n8,46\n1398,50\n1768,78\n4155,84\n1609,20\n3029,00\n1716,36\n\n23,12\n22,12\n8,46\n1398,50\n5306,34\n4155,84\n1609,20\n3029,00\n1716,36\n\n27.42\n\n12,00\n\n12,00\n\n27.45\n\n6,00\n\nun\n\n95,85\n\n27.46\n\n6,00\n\n17,00\n\n6,00\n\nun\n\n575,10\n\n271,66\n\n575,10\n\n27.47\n28.1\n\n2,00\n1,00\n\n17,00\n\nun\nun\n\n17,00\n\n373,84\n863,25\n\n4618,22\n\n2,00\n1,00\n\n4618,22\n\n2,00\n1,00\n\n747,69\n863,25\n\n747,69\n863,25\n\n515,84\n17964,24\n\n515,84\n17964,24\n\n1131,66\n1131,66\n\n1131,66\n1131,66\n\n28.2\n\n2,00\n\nun\n\n257,92\n\n28.3\n\n2,00\n\n855,44\n\nm?2\n\n855,44\n\n28.4\n28.5\n\n1,00\n1,00\n\n2,00\n855,44\n\nun\nun\n\n21,00\n1.131,66\n1.131,66\n\n1,00\n1,00\n\n1,00\n1,00\n\nTOTAL\n\nR$ 127.139,22 | R$ 2.475.776,40\n\nVALOR CONTRATADO:\n\nR$ 2.472.266,40\n\nVALOR DA MEDIGAO ATUAL:\nSALDO A FATURAR:\n\nR$ 127.139,22\nR$ 0,00\n\n426 7/2 l0001-_54\n\n{ano Sodres Jorddo\nCREA/R\n\n.\n\n2007 108747\n\nS\n\n\nPrefeitura Municipal de Angra dos Roix\n\nProc.m\n\n130\n\n m_\n\n) Secretaria Municipal de Obras, Habitagao e Servigos Publicos\n;\n\nOrde}da_erg:p No\nACLIVE CONSTRUGOES\n\nS\n\n~s\n\nGerncia de Procedimentos e Gestao Administrativa\n\nFavorecido:\n\n\n\nPMR\n\nEstado do Rio de Janeirc\n\nN\n\n130/2010/S.0.H\n\n\n7\n\nLTDA\n\nOBRA DE REFORMA DA ESCOLA MUNICIPAL PEDRO SOARES,\n\n| Servigo:\n\ni\n\nMemorando:\n\nContrato:\nPrazo:\n\n.\n\ng\n\n089/2010 DE-17/11/10\n\n-\n\nValor:\n\n\n\n282/2010\n\nR$\n\n540 dias\n\n2.223.\n$2223.500,00\n\nEmpenho:\n\nLicitagdo/Modalidade:\n[\n\n.\n\n,\n\nBairro: PROVETA\n\n\'\n\n3699/2010\n\nJ08/2010/SAD.SSLC\n\nCONCORRENCIA\n\nPela presente Ordem de Servigo, fica afirma acime, autorizada a Iniciar os servigos acima\ndescritos os quais serdo executados de acordo com o engentisiro desta secretaria , abaixo\nfirmado, que exercera a fiscalizagao dos mesmos.\n\nA\n\n.\n\nAngra dos Reis,\n.\n\n7 3 de\n\n.\n\nL J\n\nAdriana Soares de Ofiveiza\n( /\nSubgecretsria de Ediicaghes\n\n.\nare\n\n-\n\n4\"7\'/0\n\nDe@orrdLo\n\net\n\nSubsecmtaro Competente\n\nsH E\nSS\n\nAN\n\nw\n\nSp@&\nSecretaria Mumc\' al de Obras\nSefficos Publicos\n\nMatr. 20844\n\no\na\\)a@o\n\noP@\\\\cos\n\ns\n\n007 108747\n/ REAIRJ 2\n\nQNSTRUGOES LTDA\nCNPJ 09426 728/0001-54\nCasstano Soafes Jordda\n\nCREA/RJ 2007 108747\n\n-\n\n:\n\n\'\n\n\n\ng\n\n.\n\n.\n\n.\n\n-\n\n.\n\npres\n\n8091/tO\n\nr..\n\n1322\n\n-\n\n.\n.\n\ni\n\n/\n\n\\\n\n.\n\n.\n\n.\n\nf\n\n)\n\nf\n\n.\n\n.\n.\n\n)\n\n\n\nAE\'\"\n. Bromenss ctsessimses r2\n\nA\n\n\n\n\n\nA\n\n-\n\n\n\n:\n\nt\n\n[l\n\n.\n\n[N\n\ne\nerumsseresy\nat D pweare\n\nv\n\n$o~,4_//zo\n\npPRCT\n\n:\n\n:\n\n.\n\no\nESTADO DO RIO DE JANEIRO\n\'PREFEI\'TURA MUNICIPAL DE ANGRA DOS REIS\n\n.\n\nCNPJ: 29. 172. 467/0001-09\n\n)\n((H e\n) /u\n?G ,\n\nL\n:\n\nIAss\n\n\\{\\,\n\n:\n\n_\n\nSECRETARIA MUNICIPAL DE OBRAS, HABITACAO E SERVIGOS PUBLICOS\nP\n\n000276 /2011\n\nN.\n\nEMPENHO\n\nDE\n\nNOTA\n\n/\nP\n\n .\n\nCLASSE: CONSTRUCAO E REFORMA DE PROPRIOS MUNICIPAIS\n\n-\n\n\" Data de Elaboragdo....:\nNiimero da Conta........ :\n\n~\n\n\n\n\n\n- CNPJ/CPF 09.426.728/0001-54\n\n.\n\nCREDOR : 26271 ,-ACLIVE CONSTRU(;C)ES LTDA\n.\nATUAGAO : PRESTACAO DE SERVICOS\nRECURSO : ORCAMENTARIO\nCLASSIFICAGAO : ESTIMATIVO\n\n1.485.115,00\n\n\"+ VALOR:\n\n-\n\n.\n\n03/01/2011\nN\n\nESPECIFICAGAO DA DESPESA 842\'-20.07.339039.12.361.0166.2.339.05.00\n20 -PODER EXECUTIVO\n:\n7 -SECRETARIA MUNICIPAL DE OBRAS HABITAGAO E SERVICGS PUBLICOS\n.\n339039 -OUTROS SERVICOS DE TERCEIROS - PESSOA JURIDlCA\n12. EDUCACAO\n361 -ENSINO FUNDAMENTAL 166 - IMPLANTAGAO E AMPLIACAO DE NOVAS UNIDADES EDUCA(,IONAIS\n\n.\n\n2339~ MANUTENCAO E CONSERVAGCAO DE UNIDADES ESCOLARES\'\n\' 5 SALARIO EDUCAGAO\n\n1.822.000,00\n\n-\n\nVALOR ORCADO\n\n.\nSALDO ANTERIORDAVERBA\n:\n\" VALOR DO EMPENHO .\nSALDO ATUAL DA DOTACAO\n\n\n\nPROCESSO:\n\n809172010\n\no\n\n.\n\n\n\nL4\n\nAN\n\n.\n\n,\n\n-\n\n1.485.115,00\n148511500 .\nY I\nI\n\n.\n\n:\nR\n\n\'\nHISTORICO DO EMPENHO:\nMIM 0024/2010/SOH REFERENTE A REEMPENHO DOSALDC DA NE; 3699/2010 E COMPL EMETO AO\' CONTRATO\n\n\'\n\n- N 089/2010 DA OBRA DE REFORMA DA ESCOLA MUNICIPAL PEDRO SOARES NO PROV:TA lLHA GRANDE ANGRA DOS REIS. PROC. 809|/2010\n\nFUNDO::\n\n\n\nPROCESSO\n\nLICITATORIO:\n\nCONTRATO\nMODALIDADE\nN/ \\\'05 _\n\nra de Controke Interng\n\nRESPONSAVEL\n\n\" Matr. 20452\nDv/ 634\n\n\n-\n\nREC\n\n:\n\n.j@\n\nOR\n\nris DESPESA\n\nELENIZE CAMBEIRO SANTANA\n\' &0\nS\"o.asae.ed Q,OW \'\nol\n\nReoeb(n)(emos) da PREFEITURA MUNICIPAL DE ANGRA\'L & REIS a importanciaacima especificada.\n-9\n/\n\nPagoem_\n\nN\n\n\'\n\ne\n\n)\n\n_\n\nv\n\n.\n\n.\n\n.\n\nN\n\n\'\n\nCredor\n\nte\n\n/\n\nSOH.\no\n\n.\n&\\ L\n\n6&\n\nG\n\nv\n\n\'\n\n.\n: : CONCORRENCIA PARA COMPRAS E SERVICOS\nJULGAMENTO: 2 - MENOR PRECO GLOBAL\n/2010\n008\n\nWsafegw%agmespegwdo desta\"Nota de EmPenho\n\nP/\n\n.\n\n)\n\n\\\n\n_\n\n!\n\nsaanlea |,\n\nPROC. W?\n\nA324 -\n\nFoL\n\nRELATORIO DIARIO DE OBRA\n\n~\n\nJoa\n\nCLIENTE: Q\\T\\\\\\AR\n\nMOTIVO:\n\nTEMPO\n\nlCJ\n\n\n\n.B\"Qx\\_m so\n\nAL\nS | som+\n\nDIA DA SEMANA\n\n\'\n\nPRAZO CONTRATUIAL\n\nDIAS DECORRIDOS\n\nPRORROGAGAO\n\nDIAS RESTANTES\n\nSy\n\nS\\\nFISCALlZAGi\\O\n\nCONTRATADA\n\n%\'&bmbo\n\ne,\n-\n\n.\n\nS\n\n|\n\n0N\n\n\\ -\n\nE {9% VACOY\n: :)2 (mm@\np\\km;&u\n\ne\n\n\\f&b\n\nN\n:LQ QR\n\n(RQ\n\n\\Y:D\'DJ\\ZQ#AZSL\n.:\n\n\n\\r(\\i(\\@\n\nws\\g@&\'\n\nSthense\n\nQ@(&;%\n\n\'\n\n- \\ Onlo;\nQ-&mb\\f}@ | (\\\\K ;j\\ji\\&!\\f\\t)\n\nR\n\nA\n\nl\\\n\nQ L SN\n\n\n\nDIAS D!\'EATRASO\n\nPRAZO EFETIVO\n\nDURAGAO\n\n\n\nRS\n\n\'\n\n\'\n\n-\n\nS\n\nQ4F\n\nQoo lq\n\ne Sooms\n\nCl/ CHUVA\n\n\n\n. .\n\nj\n\nW\n\n-\n\n7\n\n4\n\n/A\n:\nGOESHFOA\nT!\nACLIVE CONS\n0001-54\no 1 g 426 728/ [} L20\n) Kwsim\n_crEHR1 2007 10\n\nCONTRATADA\n..//\'\\\n\n\'\n\n\'\n\nL=\n\ney Iy\n\nPROC. N S0IL/Q....]\nFOLIA b N30\n\nRELATORIO DIARIO DE OBRA\n\n- | pata\n\n| cLiente: Pf(\\g\n\nNeLIVEAT\nT\n\'2\n\nIE:(E)I\\:\"PO\n\n(&3\n\n\n[ / cHuvA\n\nBRA @M\n\n,;.% Ql\' am@-\n\nDIA DA SEMANA\n\nM.\n\n&\n\nG QM&CQQD@&.\n\n&L\\%\n\nDIAS DECORRIDOS\n\nNEATUAL\n\n)\nPRORROGACAO\n\nDIAS RESTANTES\n\ni\n\n.\n\n<E | puragAo\n\n\n9y\n\nD\\Vg\\\n\nPRAZOS\n\nMOTIVO:\n\n. .\n\nVO\nPRAZOFET\n\nT\n\n.\n\nDIASDE ATRASO\n\nFISCAL|ZAC,AO o\n\nCONTRATADA\n\nST\n@@Qf@@&\n\n&QM\\MO\\\n\nA&\\@m )\\f\\\\(\\(z S\n\n._\n\n(C\\xm\\\\mm\n\nAN\n\n)\n\ne,\n\nA\n,\\-\":/\nNG\n\n\'y QUL\"\n,\"..\n\nT\'agm?{ % 7 R\ng@!n\ne (-r\n\nCONTRATADA\n\nFMIZAQAO\n\nT\n\n_\n\nRELATORIO DIARIO DE OBRA\n| cuente: PW\\R\n\nASHYE [ R\n.O\n\n\" TEMPO\n\ne  0 Beyio S\n\nMOTIVO\n\n< |\n<\n\nDIAS DECORRIDOS\n\n.\n\n=\n\nPRAZO (EjETI\'VO\n\nDIAS DE\'ATRASO\n\nQU\n\nCONTRATADA\nA\n\n|\n\nDIAS RESTANTES\n.\n\nT\n\n/QO-L&\n\n[S0dE | 99\nPRORROGAGAO -\n\nDURAGAO\n\no\n\n1 Q\n\n4o\n\n[ / cHuva\n\n\n\nI\nDIA DA SEMANA\n\nPRAZO,CONTR\'ATUAL\n\nS | X som\n\n\nDATA\n\nFISCALIZAGAO\n\nQ.\n\nPROG. 4 8094 110..._\n\n-\n\nFOLIe: \'\nRt\n\n_a\n\n43486\n>\n-\n\n\\(\\i\\\\k\\\'\\ AN\n\n|\n\n:\n\n-\n\nAcuvl./ON\nGogs LTOA\n09 aml\n=54\n\nC\n\nAIRJ 206108125\n\nCONTRATADA\n\n-\n\nF|SCAL|ZA!;7\\0\n\n:\n\nRELATRIO DIARIO DE OBRA\nCL\'ENTE\n\nACLIVE\n\nREiE\n\n\np(g\\g&\n\n=AY @z,c\\v\\@ C@g&x\n\nMOTIVO:\n\nQl &@j\n-\n\n[J / cHuva\n\nAN\n\nST\n\n&1@3\n\nPRORROGAGAO -\n\nDIAS RESTANTES\n.\n\nDURAGAO\n\nPRAZO EFETIVO\n\no\n\n\n\nL\\Q\n\nB\n\n.\n\nCONTRATADA\n\n-\n\nFISCALIZAGAO\n\nQmiklmo_\n\nPROGC\n\nDugs_px:s ATRASO\n\n|\n\n8.055_4 7.//0._. i\n\n13 C: o\n\n.\'/)3,2,4....\"\".-\n\n~\n\n\\\nQ&@:g %g@\n\nQe\n\ndno\n\n)\n\n.\'xc\\\\i\\(\\acccix{Qn\n\nACLI\n\n\'\n\nc\n-\n\nCONSI\n\npJ. 09\n\no\n\n\n\n\'\n\nES LTDA\n728/ 001\n\nSpares ]\n\nCRE\n\n. cul\nR\nT e g 0. A O\nCONTRATADA\n\n\";\"\'FlSCp(ZAgAO\n\n|\n\'\n\nPRAZO SL\\Q\nCONTRATUAL | | DIAS DECORRIDOS |\n\n-\n\n\n\n16\n\nDIADASEMANA\n\n[osma @mmg\n\n<o\' || & Tempo\nsom\n\n- | para\n\noo\n\n\'/\n\nRELATORIO DIARIO DE OBRA\n\n#\n\nCLIENTE PW\\QR\n\nZALA EEM\\ND\n\nSt\nlo\' |\n\n\'S\n\n93 Q)@am\': M, Q@);\\@ C)@m, T%\n\n\nMOTIVO\n\nTEMPO\n\n:\n\n|Isom\n\n\n\ne\n\nQ.L\n\nL 351\n\n|PrAZO SonTRATUAL | S1AS 222CRR DoS\n\nSio\n\nXl / cHuva\n\na\n\nPURAGAO\n\nPRCRICGAGAD -\n\nDIS REZTANTES\n\nPRAZCEFETVG\n\nDIAZ CE ATRASD\n\nH\n\n-\n\nS\n\nCONTRATADA\n\nPR\n\nO\n\nNa&Rla\nQ@&@:m@ Y\n.\n\n\\dq @/\\Q}\\\n\n~\n\n\\\n\n.\n\n-\n\nRn2 4 1\"{{\"\n\n439y\n\n.\n\nl\n\n\n\n7:\n\n/|\n\nA\n\nOy\n09478\nNP8\nares T2ZBIORTSJoeo\n\n\n\nU;;{AIRJW\'?\n.\n\n-\n\n. CONTRATADA\n\n;\n]\n\nA\n\n=~\n\n|\n\nF|SCALIIZAQ AO\n\nd WN;MR\\Q\n\n-~\n\n\n\n.-\n\nFisEuzAgo\n\n1\n\n|}\n\nJ\n\n |\n\n76t\nO_EQ\n\nR\n\n-\n\n|\n\nN/\n\n|RELATGRIO DIARIO DE OBRA\nCLIENTE\n\n@mg\n\n\"\n\ng\n\nMOTIVO:\n\nA5, O/ Sald\n\nJla SA SEMANA\n\nACLIVE\n\no)\n\n\' DATA\n\nQ\n\ncowerivear: | OBRA Qo\\(m\\m%\nTEMPO\nX\n.\nO | ] BOM\n[J crcHuva\n5N\n\n-\n\n,j\n\nT\n\nfw\n\n-\n\n|FL\n\nShaaale, | 959\n\nQo_gg RS AR\n\n.\n\nPRAZO COR MTRATUSL\n\nDURAGAO\n\n_\n\nDieS RESTANTES\n\"\n\nFRAZO ZFETWVS\n5\\! t:, .\n\no\n\nCONTRATADA\n\n|\n\nPR \':.\n\ngn%/#?\n\nN\n\n- >\n\nALY\n\n@&@,gigb\n\nacios\n\ne\nCONTRATADA\n\nCIaS DE ATRASC\n\nFISCALIZAGAO\n\n\\\\\\@\\@\nPxml\n\n| DASDECGAR DOS\n\nLoy\nPRCRROZAGAC\n/\n\n-\n\n\\/u\n\nFnsc\\AtliA(;AO\n\n,\n\nBN\n\nI\n.2\n\nS\n\nN\n\nDrm AR\n\nBm@lm L A\nTEMPO\n\np@/\\m S oover,\n\nMOTIVO.\n\nJBom\n\nN\n\nDIAS CESCRFIZOS\n\n A\n\n3 A3RIZIANTES n\n1\n\nDURACAO\n\ns\n\n&q&\nF20ZRCGATAC\n\n.\n\n\n<\n\n\"D\n\nFREZC :J;DiNTI?QTLI_}\\L\n\n7] / cHuva\n\n-\n\ng\n\nDid D4 ST AAA\n\n_O\'\n\n| cuene:\n\nDaTa:\n\n.gc\n\nRELATORIO DIARIO DE OBRA\n\nFRAZO EFETIVD\nR\n\n!:; D STRASC\nTR\n\n249\n\nCONTRATADA\n\n.\n\nFISCALIZAGAO\n\n\n\nY\n\n7RO\n\nA\n\n)\nONSIROGOES\n\nACQVEC\nmm\nN\n(i_\n\nSoares\nonl\n\n1082\n\nLTDA\n54\nrddo\n\n-CREAIKJLN\n\n1\n\n\'\n\n\n\n:l\n\nB\n\ni l wg S0\n\nCONTRATADA\n\nTHRAD FC\n\n_;\n\nff\\q\'\n\n5 J:-\"\n\nA\nol\n\ni \'3 7Y\nFlsc,&LLZAcAo\n\n-\n\n|\n]\n\nLE;\n\n33\n\nl\n\nY\n\'2.\n\nT\n\nNy\n\n\\.:1.\n\n1 fig gl\no\n\nANEN;\n\nn\n\nP\\\\N\\SI\n\nRELATORIO DIARIO DE OBRA__\n| cuiente: @m\n\nACLIVE\nIO\' \'\n\nQR\n\noBrA; L% \\m\\m =\n\nCONSTRUGCOES\n\n- | bATA8,0 Ql @Q@\nDIA DA SEMANA\n\nQ@AQ\n\n|Senste,\n\nC\\@QM\n\nYO\n\n.\n\n-1\n\nDURAGAO\n\n\n\n&\n\nCONTRATADA\n\n|\n\nSHO\n\n\n\nFISCALIZAGAO\nPROL. ! Bo 0.\nP\n\n_f,\\.(._.._...\n\n@&(@J[},&Q\n\n&)\n\n/]\n\nViovelena\n\nQi\n\nG\n\nS\n\n~\n\n7\n.\n\n.| DIAS DI:EATRASO\n\nPRAZOEFETIVO\n\nLislune (orods\n\nN\n\nDIAS RESTANTES\n\nPRORROGAGAO -\n\n] c/ cHuvAa\n\n\n\nS5\n\nPRAZO CONTRATUAL | DIAS DECORRIDOS\n\nMOTIVO\n\n TEMPO\n\nS | i1 som\n\nN\n\nl\n\nGR\n\n/\n\n!\n\nP\n.\n\nCONTRATADA\n\n-,\n\ntnrtl)\n\nM.\n\nSC(J-\n\nke\np\n\n {\"\n\n.\'3\"\"3\"7\n\n\'FISCALIZAGAO\n\ne\n\n:\n\n|\n\nRELATORIO DIARIO DE OBRA\nCLIENTE\n\nACLIVE\n\nCoNsTRUGOES\no|\n\nDATA\n\n__B_/Ol\nM\n\n@X&\\R&\n\nm\n\nDIA DA SEMANA\n\nE\n\n\\\'\\[\\ QQQ\\\\))\\@\n\n\' M\n\nTtEMPO\n\nPRAZ\n\nS|geom\n\n\n% C/ CHUVA\n\n5\n\nDURAGAO\n\n=5\n2\n\n|\n\no\n\n.\n\n&&\n\nNTRATUAL | DIAS DECORRIDOS\n\n0L\\Q |\n\nPRORROGAGAO\n\nCONTRATADA\n\nDIAS RESTANTES\n\n_\nPRAZQEFETNVO\n\n|\n\n.\n\n| DiAS DE ATRASO\n\ns\n\nFISCALIZAGAO\n\nSRR\n\nPROC\n\nv goaslte|\n\nFOLbee o B8\nol\n\nDo\n\nM\n\nAss.\n\nPy\n\nB\nA ae sy\n\n\n\ni EQ\'J\n~ CONTRATADA\n\n\'\n\no\n\npeyertsU\nR\n\nHMZAQAO\n\n\'-\n\net\nCamird\nsunirme\nst\n\nRELATORIO ARIODEOBRA\nDIARIO DEOBRA\n@Q&\\Q&m\nOBRAMOTIVO:\nST\n\' TE_MPO\n12\'_\ng_\n\n< |\n\n[\n\nPy\n\n|\n\n|\nCONTRATADA\n\n\'\n\nL\n\n@f@wa%g@\n\nSUQ \'\n\nke8034//70 T\n\noo\n\nS\n\nR\n\n\\Q\" Qe\n\nACLIVE\n\n.\n\n.\n\n.\n\n\n\n-\n\n(assigho Soares ] rddo\nArerR\nCRERRY12007 108747\n\n.\n\n.\n\n-\n\nCONSJRUGOFSTTDR\n\nondd_0a 458 728/0001-54\n\n7\n\n/\n\nTt1;9{39 ek \' s\nu.\n\n~ CONTRATADA\n\n.\n\n,...\'}};i...:i (_%} ;,...:::;z:*:..:.i\n\n-\n\nQo\n\n,\n\nD|AS DEATRASO\n\nEFETIVO\n\nB u\n\nrggm@wam\n\n.\n\n\nF ISCALIZACIT\\O\n\n,\n\nNAO\n\nM(RXQ&\n\nDIAS RESTANTES\n\ns\n\nPRAZO\n\ni\n\no\n\nPim\\\n\nSHo-\n\npuragAo\n\'\n\nDIAS DECORRIDOS\n\nPRORROGAGAO\n\no\n\nv\n\ngs\n\nOb{@\\\nPRAZO CONTRATUAL\n\n:\n\n;\n.\n\nB\n\ncicHuva\n\ne\n\nXAVpa&\\f\\@ Emm,\n\nP\n\n\n\nX BOM\n\n0w @ ,bl @m& i\n\'\n\nD\n\n_\nACLIVE |ouar PINRR\n\'O\'|\n\n]\n\nE\n\n-\n\n.\n\n\'\n\nqL\n\n,\n\nLo\n\n/\n\nFlsc\\AZ?\\c;Ao :\n\nRELATRIO DIARIO DE OBRA\nCLIENTE\n\nP\\;\\R\n\n.\n\n.\n\n\\\n\ng\n\n& TEMPO\nBom\n[\n\n5\n\nOBRA\n\nmm\n\nMOTIVO:\n\n_\n\nl cHuva\n\n\n\n|\n\n@\n\ne\n\n\\\\T&\n\n&5$\n.\n\nPRAZO CONTRATUAL\n| DIAS DECORRIDOS\nSUO\n\n\n\n\'\n\n.\n\n&M&\nT-\n\n|\n.\n\n.\n\n|\n\n\\\\,\\\n\n.\n\n.\n\nDURAGAO\n\no\n\nE\n\n\'\n\nDIADASEMANA\n\nACLIVE\nCONSTRUGCOES\n\n2Ol\n\n| oA\n\n4\n\n|\n\n:\n\nPRORROGAGAO\n\nDIAS RESTANTES\n\nPRAZO EFETIVOe DIAS DE\'ATRASO\n\n|\n\nYO\n\nCONTRATADA\n\n|\n\nFISCALIZACAO\n\nT\n\n-\n\nPROC, MO gow//o\n\n\'&WQQ\n\nQAo\n\num\\:;\\}g\\\\@&\n\nc\n\'\n\n\n\nJ 09 42\n\n\n\n.\n\nQo\n\nl_,\nStengod\n\n\" G-\n\n--7m<_.-\n\n:\n\nES LTDA\n23/1 54\n\n:\n\n\n\no\n\nnnf(\n\n:\n\n.\n\n-\n\n]\n/\n\n\n\n~\n.\n\n-\n\nM.\n\n.\nv\n\nC))00/1{\"\\7\nA\n\nThizon !1 e PRl\net\n\nCONTRATADA\n\n- -\n\n-\n\n\'\n\n/\n\nFIS(SA_ IZAGAO\n\n-\n\nR\n\n-\n\nRELATORIO DIARIO DE OBRA\n\n|\n\nDATA\n\n@& @m@f\n&&/\n\n| cuente: @\\%R\n\nA\n\n[R\n\nACLIVE\nTEMPO\nBOM\n\n\n\n[J / cHuvA\n\n| DIAS DECORRIDOS|\nPRAZO.CONTRATUAL\n.\n(5&\\0\n\nMOTIVO:\n\nDIAS RESTANTES\n\nPRORROGAGAO\n\nd\n\n.\n\ng\n\nDURACA_O\n\nRAZO\n\n.\'\n\n\n\nPROC, M 8034/4Q-m-\n\n,\n\n2y Baco.\n\nA\n\nMY RO,\n\n/)23:7..\n\';\nH\n3)\n:H\n\ni\n@\n\n.\n\nDIAS DE\'ATRASO\n\nFISCALIZAGAO\n\nCONTRATADA\n\n\n.\n\nOWO\n\n~\n\n|\n\na\n\nEFFTIVO\n\nAM@%LAQ_@@\\&\n\n/\n\nR\n\nsTon\nAGLIVEPJ coy(2%01UM\n((:Nasil\n\n0\n\nQafFJJOT\n\n0\n\n!\n;\n]\n\nCratO3o\nA f-fg f\n\nU\\ uuv.._.\n\nARG\n\nPk\n\nel\n_\n\nr_\',:\n(h( \'\\\n\nCONTRATADA\n\n,\'{\n\nFtsbA(UZA(;Ao\n\n|\n\n-....\n\nm\n\nEw Gdis Seows [Padle\n\n9%Q,%\n\nf\n\no\n\n,5\n\nDIA DA SEMANA\n\na\n\nr\n\n\n\n\'\n\nRELATORIO DIARIO DE OBRA\n| CLIENTE\n\nM\\AR\n\n-\n\nACLIVE\n\no\n\n4 o\n|0BoM\n\n\n\n._ C/ CHUVA\n\n|\ng\n\n\'\n\n.\n\nPRAZQC??\\.ITRATUALVDIAS DECORRIDOS\n\nSlo\nPRORROGAGAO\n\nv\n\n_\n\no\n\nDIAS RESTANTES\n\n*\n\n:\n\'\n\'\nDIAS DE\'ATRASO\n\nPRAZO EFETIVO\n\nDURACAO\n\nSYUo\n\n.\n\no\n\nCONTRATADA\n\nFISCALIZAGI\\O\n\n,\n\nL\n\n\n\n\'\n\nPROC 1o $094 D\n\nCulTing\n\nM\n\n&m\\@\'f\\?\n\nR\n\n\'\n\nI=e\n\ni\n\n-\n\nM\n\n. -\n\net 50\n\n-\n\n_\n\no\n\n33_/QH\n\nDIADASEMANA\n\n\n\n:\n\ns\n\nMOTIVO\n\n\' TEMPO\n\no\n\nE. N\\ Q}\\@ %?)%\n\nAGLRLE | oona %mm\ng\n\n| pATA\n\nI\n\no, Ohna\n\naogs\\_\\\'Di\\\n\nRCEH\n\n;ONZG 77BI0po o4\n\n__CNRJ\n\n7 SoareSL}Yfmo\n\nR\n\n\n\nL\n\n\'\n.\n\n\n\n.\n\no\n\n\'\n\n\n\n46%_\n\n| \\\n\n:\n\n.\n\'\n\n:\n\n.\n.\n\n/\n\n/\n\nr:.\':.L\n\nCONTRATADA\n\nS\n\nkd_seAUZA(;Ao\n\n\\\n\n\n\nD|ADASEMANA\n\n\'CLIENTE: \'\\DW\\% R\n\nACLIVE\ne\n\nOBRA km,\\mm\\@{ F N\\\n\n| \'&6_0\nPRAZO CONTRATUAL | DIAS DECORRIDOS\n\nSHo\n\nS IR som\nD\n\ng\n\nL\n\n%&M\n\nMOTIVO\n\n\" TEMPO\n\ne\n\n3090 @ma\'\n\nDATA\n\nRELATORIO DIARIO DE OBRA\n\nDIAS RESTANTES\n\nPRORROGAGAO\n\nC/ CHUVA\n\n\n\n-\n\n<% | ouragho.\n\n.\n\nPRAZO EFETIVO\n\nS\n\nDIAS DE ATRASO\n\nSE\\Q\n\na\n\nFlSCALlZA(;Ao\n\nCONTRATADA\nQ@\\&\\)@%x\n\nQAo\n\n|\n\nPRI, M 8094/40\n\nG\\N\\o\\\n\nAlone\n;\n\nAN\n\ns\n\n\\ -\n\ng\n\n.\n\nI\n\nN\n|\n\n/\n\nB\n~\n\n\n\nACLIVE S\n\nCNP)\n\n/\n\nES LTDA\n-54\n0001\n728\\\n942\n\nCasshangSonres\n\ni w\n\n- CREH\n\n\'\n\nT;;mr JiE c\\ Siling pie e\nLx\n\nL\\\n\ntCH (\"(\n\nCONTRATADA\n\nTR\n\ne\n\n3\n\n.\n\nTRELATORIO DIARIO DE OBRA\ng\nCLIENTE:\n\nOBRA\n\ncoNsTRUGOES\n\n\n=\n\ng\n\nR\n\nPO\nTEM\nBOM\n[] c/ CHUVA\n\n@\n\n(m_gf\\/\\\n\n%)\\Q\n\n\'\n\nMOTIVO\n\n\'\n\n.\n\n.\n\n\n\no\n\n-\n\n.\n\n-\n\nACLIVE\no]\n,g\n\nR0\n\n@\n\nEE\n\n-\n\n/\nm\nDIA DA SEMANA\n\n,\n\no\n\no\n\n)\n\n.\n\n%QYQ\n\nMQ@\n\nQu\\S\\e\n\n%l\n\nRATUAL | DIAS DECORRIDOS\nCONTO\nJPrRAZO SL|\nPRORROGAGAO\n\nDIAS RESTANTES\n\nPRAZO EFETIVO\n\nDIAS DE ATRASO\n\n\n\ni\n\ni\n\nQYo\n\nDURAGAO\n\n=\n\n\'\n\n\"\n\n\\\n\nCONTRATADA\n\n.\n\nEISCALIZA(}AO\n\nPROC + 8094100 - |\n\nAo_Swa\n\n|\n\n\'\n\nFOLeA .\n\nJ9RY\n\n)\nNreyeo (B\n\n.\n\n.\n\nT\'ro e\n\nT\n\nCONTRATADA\n\nHsCAUZAQAo\n\n\':l-\n\n\"\n\n~\n\ng\n\nS\n\ne\n\nR\n\nS | & BOM\n\ng\n\n1M\n\nM. QQQ\\/\\QM\nA\n\nPRORROGAGAO\n\nDIAS RESTANTES\n\nEFETIVO\n\nDIAS DE ATRASO\n\n-\n\n|\n\nPRAZO\ng\n\nDURAGAO\n\nQ.mi\\a_lg\n\n.+\n\noo\n\nda\n\n\'\n\nFlSCALlZAQAO\n\nCONTRATADA\n\nP\n\n.\n\ngeags\n\nkAN\n\nLT\n\nT\n\n| 99\n\n4339\n\nAss.: ___Q)\n\ni \"%m*as.a-._-ew E\n\n9\\\\7\\\\;\\ ANO,\n\n\\\n\n|\n\nYRR R\n\n|\n\noSecorae o Tolon\n\n|\n|\n\n,\n\nSUo\n\n-\n\nA\n\n-\n\nDIAS DECORRIDOS\n\nCONTRATUAL\n\nS40\n\n:\n\n:\n\n/ chuva\n\n@6@/\n\n_ M@\\\nPRAZO\n\n| motivo:\n\n_TEMPO\n\nQ|\n\n\n\nOBM:@mwm\n\nAR\n\n. |FL\n\nDIADASEMANA\n\nv\n\npg\'\\ QR\n\nCLIENTE:\n\no) /m|\n\n . | oama ol\n\n\' O DIARIOoy DE i OBRA\nTor\nRELATORI\n\n=\n\n\n\n|\n\nT4\nACM COMQOEW\nnnnnnnnnn\nCrssidho Soares\nCREAIRT\n\nI/\n\n,\n\n\'\n\nJordd\n\n2007 ToaTes\n\n\n\nCONTRATADA\n\n\'FISCALIZAGAO\n\n|l\n:\n\nK]\nt\n\nCt\n\n*,\n\n.\n\nACLIVE\n\nL\n\nCLIENTE:\n\npata\n\n03/_&@_1&\n\n@m&(l\n\nDIA DA SEMANA\n\ng\n\no\n\n[\n\n.\n\nPRAZO CONTRATUAL\n\nMOTlVO\n\nDIAS DECORRIDOS\n\nJolXla\n\n\'S |som\ng\n\n.\n\nBRA &;@QXny(xs;;E EE W <E;SM\\5 EE5>n%g; \'QLAXNE\n\nTEMPO\n\nRO\n\n|\n\nRELATORIO DIARIO DE OBRA\n\n/ cHuvA\nDURAGAO\n\nPRORROGAGAC\n\nDIAS RESTANTES\n\nPRAZO EFETIVO\n\nDIAS D:E\'ATRASO\n\n|\n\nSUo\n\n1\n\nFISCALIZAQI\\O\n\nCONTRATADA\n\n\'\n\n\'F\"f-\'zo . .. ,?!51./\'_1\")\n\nQ&m\\-\\\n\nISESSNeht=teY\n\nQ\n\n1240\n\nFOL\n\n.\n\nAo\n\nS,\n\nJEET Y\n\n-\n\nN\n\n//; _\nACTIVE\n\nCNP\n\nf ucOES\nLTDA\n\n6726\n\n/\n|\n\n1000454\n\n/\n\n_\'0(,aSsunw 56 \':\nTAl\nsna\nT\nIR\nCREA\n\n4;\n\n[tiaa\nt\n\nCONTRATADA\n\nL\n\nv\'.\n\n[0 ( A\np-\'-\\;\n\n)\n\n]\n\n:\n\'FISCALIZAGAO\n\n.\n\n-\n\nv\n\n!\n\nRELATORIO DIARIO DE OBRA\nCLIENTE\n\nACLIVE\nCONSTRUGCOES\n\n(@]\n\n>\n\n.\n\nCADASIMANG\n\nN\n\nQ&QA@Ty\n\nFRZC\ns\n\no\n\n\n\nDURAGAC\n\n|FL\n\n|\n\nCONTRATUSL\n\n\n\n[  cHuva\n\n-\n\n.\n\n_Sola\n\nMoTIVO:\n\n- o | X] BOM\n\n\nW\\Q\\Q\n\noBRA: @MC\n\nTEMPO\n\no874\n\n-~\n\n)\n\n| D aS DECORE 003\n<\n\nPROFRGEACAD\n\n2ASRESTARTES\n\n.\nPRAZZ EFETIVC\n\no\n\n| 14S CE ATR&SD\n\nSLOY\n\nCONTRATADA\n\nFISCALIZAGAO\n\n\\\n\nQ;;@Sm\n.\n\n,\n\n-\n\noo,\n\nQo\n\nN\n\n\\\n2o\n\n\'\nSo.\n\n/\nLEA A\n\nFAC(L-B,:?\n\n.\n\n;if:\"\\lw\'z. 7\n\nRN\n\n\",:\"\"\"--?,_\n\n.\n\n.\n\ne\n\n=L,\n\ni\n\nFCq!\"ic\n\ni 2\n\n\\\n\n]\n\n)\n\n\\\n:\n\nI\n\nR:\n\n.i\n\ne\n\n\\\n\\\nlt\n\ni\n\nB\ni\ni\n\n-\n\ne\nikDA\nACLIVE\\ congx@gj\'\nCNPJ\n\n|\n\n\n\'\n\n09 4%\\;,\n\n{ assiano\n\nJoraa\n\n,\n\nTUOTH\nCREA/RS 2007\n\n|\n\no\n-}\n\n[\n\n/\n-/\n\nCONTRATADA\n\n3\n\nFISCAIZ&CAD\n\ne\n\no\n\ne\n\n)\n\nL\n\n.\n\n[\n\n)\n\nPRI\n\n:\n\nENRURA MURICDY,IANG\nALTOS\n, Covtontzd\nagioGrss) da Hunisipi RIA\n\n]\n\nRt\n\nFolbaw?\n\n41343 .%\n\n\n,\nNovme da Ewpresas\n\nKipro da Yicsposs\n\nU\n\nEOABULARIO 72 AT\nX\n\nIInlthida Adminisimiivas\n\nJsorvige\n\n{\n\nJcimpsa () convEnia\n\nSOT\n\n(\n\n) silvengiio 4) abrad/senyighs da cogeahes)\n\nEnpecho: A0 /:@M.\n\n]\nSim_\n\n______\n\ncom hase nas condisties ponfmiydas?\n\naain figen] rofeenicg compr\n\n-\n\nt\n\ns\n\nT Dramte\n.\n1) Consta o Jocummento Soprabasdia 1 despesanotas\nseals, 2ncibos o dempustatives?\nA\n)\n:\n) A docunientaggo (falue, Tolhe do medlpHo, notg fizcal)\n=6 neestada, por Teelo menos dois\nstaryi fores, quo pfia b ordensthordg despesa, mypansfvei\ns pole resshimeaio/fisealizaghe do\n3} A\n\n.\n\nDA LIQUIBACAD 4, DESPESA.\nIS\n\n{/ll}(J\n\n\n\n4\n\nProcesso i ML/Q\n\nN\n| HEe aplicaiel\n\n1%\n\n)\n\n.\n\n_\n\ndarnsicdsl de consume ou malogal perminenic\nToi\n\n.\n\nAloslada pelo setor esporsivel (almaxedt do\non palsimiindo)?\n\nL]\n\n.\n4) B favocosido danois, do empenho 6 0 mesmn e 0 efhitenic da\ndeewrionto comprobalftio?\n\nsonbalial estdio jufbomacos?\nB} O (us) crpenho (08) posset {em) saldo o progremasAs fnanccim no mes\nog Ak o mes de\n| JTquidacha da despesa?\nL\n:\n\n.\n\nX\n\n*\n\nX\n\n) A nnfureeadz despesa  campaifvel com n desei\ngio.dhy servigd oy meatonn] dosmits no\n| cotpo 9o doctmento?\n* \"\n.\n&) Vonds =orvisly quo & despesa & aproprnda pelo\nrogme de Corpettntin, u perfodo a gue s\nrefere A deapesa evid, correlo?\n\'\n_\n7) Q B0, 0 wiintexo  o ano Ao instumicto\n\nreconhesimconto dy divida?\n\n\n\n4\n\n\'\n\n3) Yo cusa de despess,da excrcicgo Bptedor DR Tosor\nile\n2w roslos mpagar, houve\n\nS\n\nX\nX\n\nY\n&\n:\n\n.\n\n\")(\n\n-\n\n-\n\n16) Ma entcep\ndn mlevi\nn.al, presiago de servige, setvigo do engenbesh\nou glias pn dosacordo\ncon. o mfrzsl\'asiu, forenms tomadas B:mtflidas\nedminisiativas moyistasoo cotitein/Tepislagia?\n\n_\n\n11} Os dados cadashmis esifio atuahzados no SIOWT\n\ni\n\n)/\n\n-\n\n12y Nos cor de smvigos Eresiados por 2uBromos o3 ROGCOTT\nemUYes, Tol cfejundo o edicrilo\n 0.conitale fo valor para o renolifiomcio des obzlgnges\npaltorals?\n3742 Cnonos\nstz\nsubos do processo 2 Ordeado Servigo & 5 Noin de Reccbi\nmenio do Sevigo?\n14 Mo casy dcmmr.alnnumzag o coatra\npem tad\ndescorleo 12 pagsmento O Tatugy?\n15) Oz reajustz de pregos Tormm caleuiados copfonve previsgn\ncontpiual, espeoialments\n,\nwania an ndics de egjuste?\n\n-\n\n16) Forarn coifidos os-empenfos parm, 05 Teajusles coptmiuals?\n17} Nas aliempiics das quantidaes fos fons coastanics do orgrmen\nto Ay nbrs ou servigo g\n\n|capenbasin fii observado o Bmite contmial?\n.\n18) O fnturmcoio das olwigagies pa~chaluicilc crmpndas, 17 tasd (o Tostiais nastgivel do\nconleAto] estispaldado por laude da Comissio Especial desigeade paraver\nificagia?\n\nb\n\n9) Tedes us campasdo documento Reqisigae e Didoa enconlraurse devidamed\niin\nTrecnchidey?\n_\n20) & chlonlo da didriso] clithuzdy doacoxk com o nomwsg coneessio?\n\n\'\n\n21) Rara JikemeHo doparcele da conyoHisubvencae, ApCSIRCES fn coniasda (5) purboin ()\nanteir (g8) o spreseniasda & aprovada coxfiome 3 tibslestitne Tema do\nConyEuio/Subyengiol?\n\'\n\n223 5. ibzmgin dapareela do convnfo/sobvengTo estdo Bpwdo comLo Cronogramade\n\nDosembolso pra compdmentn das ctapas ou fse provisis?\n.\nCONTBOLE\n\n.\nINTERNG\n\nX\n.\n\nA\n\n]\n\n\n\n-\n\n:\n\nDECLARNIAG DE CONFORRMIDARE,\n\nB Fice: da andlise procedide, DECLARAMOS\n\ngue sstabeleco s legislagEp perbnents & em cspecial 1 Lo\n10122009, s0b yrena do resporsabilidads solid4dn, o\n\nMEQRMIDADE dla pressule tespesa, do apordo COm D\nU 4320764, 2 Tei o B.6A693 e 2 L] Compldneniar i\nestebeleditla no arilpa 74 da Copstifnigge(d Frdeal.\n\nmspnnsTWnwlc e\n\n(F\n\nV b/\n\nu;\n\n.\n\n.\n\n]\n\n-\n\n.\n\n\'\n\nESTADO DO RIO DE JANEIRO\n\nPMAR\n\noroe N 8097/ Goto\n\nPREFEITURA MUNICIPAL DE ANGRA DOS REIS [ ..~ .~\nPAPELETA DE ACOMPANHAMENTO\n\n;23\n\nDespacha e Encaminhamento\n\n0l dx \n\n4G m\n\nbugue NEew 074 (K% 123 735 23), pdid /Z@,wmm.\n%{df :Hlo L\n\nObs.: Utilizar novo formulario somente quando este estiver :otsimente preenchido\n\n-\n\n<\n\nPREFEITURA MUNICIPAL DE ANGRA DOS REIS\nData:\n\n22/03/2012\n\nBanco:\n\n1\n\nConta:\n\nAutorizagaode Dbito - CREDITOEM CONTA . = ..~\nNume-o:\n\nBANCO DO BRASIL SA.\n28047\n\nx\n\n12277\n\nNumero Pagto:\n\n1579\n\n.\n\nB. BRASIL-FNDE\nSALARIO\nEDUCAGAO\n\nTipo\n\nVINCULADA\nBANCO OFICIAL\nA ser creditado\n\nNome Credor\n\nCNPJ/ CPF\n\nACLIVE CONSTRUGOES LTDA\n\n09.426.728/0001-54\n\nNF\n\n94\n\nitem\n\n1\n\nDocumento\n\nOP:2055\n\nBanco/Agncla/Conta Bancaria\n\nNProc.\n\n8091/2010\n\n399/ 1508/0110574\nVirBruto\n\nValor\n\n127.139,22\n\n123.197,92\n\nSub-Total..........\n\nR$\n\n123.197,92\n\nTotal...ovueeeerreenns\n\nR$\n\n123.197,92\n\ne\n\nGIAP\n\n/OF74131 - 22/03/2012 - 09:52:17\n\ns A\n\nA rasa AR\n\nAlterado 27/06/2007 15:34 .\n\n137\n\n%4 0F49300\n- Cadastro de Pessoas\n\n. Cadastro de Pessoas\nAtivo\n\n- T\n{ Tipo de Servigo:\n\nDocumento\n\n\"Pegso0a\n; (jFisica\n\nT\n\nT\n\ne\n\nSG R R\n\n}\nT\n\nreyd\n\nIO}\n\n_JCNPy [p3.42 726000184\n\ne\n\n4 Banco\n\nNome\n\n399}\n_][Hbc\nI\'E5\nBANK BRASIL\n5.4, - BANCO MULTIPLO\no\no\ne\n\nDigito Tipo da Corta\n\n0110_5_]L7_f_J[,..,\n; Situagdo de Conta\n\ni| {atve\n\n[;j\n\nYT\n\ns,\n\nL\n\n\n.\n\nN\n\n)\n\n)\n\n9\n\nESTADO DO RIO DE JANEIRO\n\nA\n\n.\n\n?3 %q\n\n] Q_QK)\n\nPREFEITURA MUNICIPAL DE ANGRA DO4 Reas #\nCONTROLADORIA GERAL DO MUNICIPIO\n woina\n\nORDEMDE\n\nPAGAMENTO\n\nNGMero...........oovveeeee D N\n\nORCAMENTARIA\n\n\"\n\ni\n\ne\n\nRZOSETIO2\n\nData de Emissao....... :\n\n16/03/2012\n\nData de Vericimento.\n\n20/03/2012\n\n:\n\nValor......ccouviiveenrunnnns :\n\nT\n\n127.139,22\n\nCREDOR\nCNPJ /| CPF\n\n:026271 - ACLIVE CONSTRUGOES LTDA\n:09.426.728/0001-54\n\nDESCRIGAO\n\n: REFORMA DA ESCOLA MUNICIPAL PEDRO SOARES ~ PROVETA - ILHA GRANDE - ANGRA DOS REIS.\nmed 142 per 07/01/2012 a 05/02/2012 NFE 94/2012 PROC. 8091/2010\n\nDOTAGAO\n\nEMPENHO / ANO\n\nPROCESSO\n\n10072012\n\n8091/2910\n\n20.07.339039.12.361.0166.2.339.05.00\n\nFONTE\nRubrica\n75\n\nValor Empenhado\n\nVALOR EM O.P.\n\n328.779,00\n\nSALDO\n\nATUAL\n\n328.779,00\n\n0,00\n\n: SALARIO EDUCAGAO\nEspecificagdo\nIss\n\n602\n\n.\n\nValor\n3.814,17\n\n-\n\nI.N.S.S. Retidos De-Empresas\n\n-\n\n127,13\n\nNird)\nr@e@(arques\nISTRATWO\n\nANGRA DOS REIS, 16\n\nLir\n\nARCO/\n\n-t\n\n:\n\nDE 2012\n\n{? %EROZ\n\n.\n\nRESPONSAVEL : PREFEITURA MUNICIPAL DE ANGRA DOS\nREIS\n\nRECIBO\n\nRECEBI(EMOS) DA PFFEi /u RIUNICIPAL DE ANGRA DOS REIS, A IMPORTANCIA ESPECIFICADA ABAIXO:\nOP e\n\n. Re>\n\nDESCONTO........... . RS\nLiQuipo................\n\nR$\n\n127.139,22\n3.941,30\n\n/\n\n123.197,92\n\n)\n}\n\nDOC IDENTIDADE :\nASSINATURA :\n\n. CPF:\n\n:\n\n<}\n\n:\n\n,i\n:3]\n\n/\n\n9\\!\n\nPAGO EMjg_/__Qf_._&_/_fg._i -\n\nL TN\n\nD\n\ney\n\nFALALS\nM\n\n.\n\no\ns\n\ng\n\nN\n\nre\n\ne\n\nESTADO DO RIO DE JANEIRO\n\nPREFEITURA MUNICIPAL DE ANGRA DOS\nCONTROLADORIA GERAL DO MUNiICIPIO\n\nEXTRA-ORCAMENTARIA\n\n02057 /2012\n\nNUMEIO.....ccoerrrrrereene :\nData de Emisso....... :\n\nPAGAMENTO\n\nORDEMDE\n\nRbrica\n16/03/2012\n\nData de Vencimento. :\n\n20/03/2012\n127,13\n\nValor.....ccovnvimniieinnnnns :\nCREDOR\nCNPJ /| CPF\n\n:001662 - INSTITUTO NACIONAL DO SEGURO SOCIAL\n:29.979.036/0001-40\n\nDESCRIGAO\n\n: RTENCAO DE INSS DA FIRMA ACLIVE CONSTRUZOES LTDA\n\nNFE 94/2012\n\nRubrica Especificagao\n602\n1.N.S.S. Retidos De Empresas\nELABORADA POR :CR\nPAGUE - SE AQ\"CREDGR\n\nPROC 8091/2010\n\nCmtlrhN\n\nalofeq\n\nEMITIDA POR MIAR\n\nO VALOR ACIMA ESPECIFICADO NESTA ORDEM :\n\nRESPONSAVEL : PREFEITURA MUNICIPAL DE ANGRA DOS REIS\n\na5l\n\nRECIBO\n\nRECEBHEMS) PA PREFEITURA MUNICIPAL DE ANGRA DOS REIS, A IMPORTANCIA ESPECIFICADA ABAIXO:\n\nOPveece\n\nMo, : R$\n\nDESCONTO............ \nLiQuipo..................\n\n127,13\n\nRS\nR$\n\n0,00\n127,13\n\nDOC IREATINARE  Jg?,\"ipa-\' \' S%?T\"auzgga\n\noW\ne X g R\n;,,;,megguspg\'quanua de\n\"\n\n\" Pagus por este\n\nOV\n\nCl\n\n(CENTO\n\nPF \"\n2\n\nE VINTE\n\nE SETE REAIS\n\nE TREZE\n\np 0\n&~\n\n3 psznase\n\nSie * ChequeNd\n\n/ g\\\nI\n\n\'a\n&\n\nCENTAVOS ) ######\n\n)\n\n###########################################################\n\'\n###################################.#### HHHFEHRERPHEBL\nBB B34\n\n~,i\n\nVe\n\nINSTITUTO\n\n:\n\nNACIONAL\n\nDO SEGURO\n\n+ ANGRA DOS REIS\n& 00.000.000/0460-00\n25-RUA\n\n: CENTRO\n\nDO\n\nCOMERCIO\n\n\'\n\no\n\n\n\n2012\n\ni,\n\nR\n-\n\n239\n\nDESDE\n\n09/2001 \'\n\n+\n\nFERNANDO ARGOLO PIMENTA\n\n\n\n_\n\nSegretrio Municipal de Fazdnda\n\nPMAR\n\niSESSTe\n\nN.186-CENTRO A.DOS REIS\n,\n\nRald\n\nTENGAO: E vedada a uliizago de GPS para recolhimento de receita s valor\nnferior\nao estipulado em Resolugao publicada pelo INSS. A receita\n.\n.\nque resultar valor\ninferior devera ser adicionada & contribuic&o ou importancia correspondente\nnos\nImeses subsegiientes, at que o total seja iqual ou superior a0 valor\nminimo fixado.\n\n\n\nT\n\n<=\nD\n\nNy S~\n2o\n93\n=\n\n| <o 3\n=3\n\n<\n\n25\n\nSw\nTS\n\nn\n\nPAGAMENTO DA NOTA FISCAL E.0094\n\n\"! Q.\n\nH\n\n2z\nS%\n\n&2\n\n[~\n\n5\nO\n\nb\n\nS\n32\n\nt\n\n(2,2\n\n- VENCIMENTO\n\nUso exclusivo INSS)\n\ni E%\n\no~\n\nI\n\n-\n\n4\n\nLo PR3\nB2\n\nNy\nACLIVE CONSTRUCOES LTDA-SITUADA NA PRAGA NILO =&- 82\nPECANHA N.16-SALA-02-CENTRO ANGRA GOS REIS- |8 3&\nCEP.23900-000-CONTRATANTE PREFEITURAMUNICIPAl\n& =%\nDE ANGRA DOS REIS-SITUADA\n\nNA PRACA NILO\n\nLT\n\nI s SO\nB\nSN\n13\nIS8\nH\n\n|\n\n1 - NOME OU RAZAQ SOCIAL/FONE/ENDERECO\n\nMatr 17598\n\ne\n\n=R\n\nGUIA DA PREVIDENCIA SOCIAL\n\nAntonielaBarbosa\n2\nLope\n\ni\n\n:y\n\nS\n\nCoord. de Recursos Financeiros\n\nMINISTERIO DA PREVIDENCIA E ASSISTENCIA SOCIAL - MPAS| 53\no\nINSTITUTO NACIONAL DO SEGURO SOCIAL - ISS\n9\n\n.\n\n5\'\n\nocudsuaortem\n\n\'\n\nPECANHA\n\n)\n\nSOCIAL\n\n7 5 BANCODOBRASIL\n;\n\nE\n{z\nP\"occ;a(\')\' MIZ\n\ng ol ol\n\nConta\n\n.\n\n/\n\ni\n\n|\n\nb\n\ni\n\n182\n\ni)\n\nN\n\n|\n\nYOEL\n\n|\n\nI\n\n1]\n\n1o\n\no\n\n2\n\n\no=x\n\n@\no=\n\n2\n\nWe\n\nL\n\no\n\nW\n\n2640\n04/2012\n\n=\n\nY\n\n|\n\n-\n\nPo.\n\n0042672810015\n127,13\n\ni 24 f\n\ni\n\n5\n\nIl\n\n1\n\n88\n\nS\n\no\n\n_Sd\n2CE\n\n1ExE\n\nISoT\n1388<2_158\n\n1S\nTSRS 58\n\nnao\n\ngk e\ni: 3\n\n=\n\n(==\n\niSE3\n\ng\n5IEFE\n\n& 2 3\n\nE u%J % \nS3=\n\n2- AUTENTICAGAO BANCARIA\n\nB\n\n=\n\n,;:! 2\nManl\nE\n\n\n&\n\nj\n\n_\'|\n\nN\n\n127; 13\n\nM\nIl\n\n&\n\nw0\n\nNFS-e - Nota Fis;/cal de Servigo Eletronica - Prefeitura de Angra dos Reis\n\n|\n\nM\n\n4?24\n\nPREFEITURA DE ANGRADOS REIS =\n\n1\n\nPage 1 of 1\n\n| (0000095\n\nSECRETARIA MUNICIPAL DE FAZENDA\n\nData e Hora de Emisso\n\nNOTA FISCAL DE SERVICOS ELETRONICA -NFS-e\n\n[cant 2012 19:98:34\n\n\\\n\ni,\n\n~\n\n20120402009426728000154]\n\nHQYG-XQNQ\n\nPRESTADOR DE SERVICOS\nCPF/CNPJ:\n\n09.426.728/0001-54\n\nNome/Razo Social:\nEnderego:\n\nInscrigao Municipal: 0024591\n\nACLIVE CONSTRUGOES\n\nRUA C 164, BLOCQ-01\n\nInscrigo Estadual:\n\nLTDA\n\nP\n\n-APTO-306 - PRAIA DO JARDIM - CEF: 23900-000\n\nTOMADOR\nNome/Razo Social:\n\n800\"\n\nR,\n\n]\n\n@)\n\n22014\n\nFolha:\n\nDE SERVICOS\n\nyA\n\nPREFEITURA MUNICIPAL DE ANGRA DOS REIS\n\ng_,@\n\nCPF/CNPJ:29.172.467/0001-09\nEnderego:\n\nA-\n\n*\n\nProc. n2\n\nUF: RJ\n\nMunicipio: Angra dos Reis\n\n78490349\nM.\n\no\n\nInscrigo Municipal: 0000001\n\nPRC NILO PECANHA 186 - CENTRO - CEP: 23900-000\n\nMunicipio: Angra dos Reis\n\nCUFIRJ\n\nE-mail e\n\nDISCRIMINACAO DOS SERVICOS\nREFORMA\n\nDA E.M.\n\nPROVETA\n\nILHA\n\nPEDRO\n\nSOARES\n\nGRANDE\n\nMM.: 282/2010\n05.: 130/2010\n1 MEDIGAO DE RERJUSTE (FINAL)\nPERIODO= 07/10/2011 A 05/02/2012\nRETENGAO\n\nINSS\n\nSOBRE\n\nMAO\n\nDE OBRA\n\n= RS\n\n173,48\n\nNE: 4287 |12\no e\n7{@;41;}90 \"2645\" | LANGADO NO SIG FIS\n4 o4 49\n\nVALOR TOTAL DA NOTA = R$ 173.484,29\nCadigo do Servigo\n2609134 - CONSTRUCAOQ\n\nCIVIL\n\nValor Total das Deduces (R$)\n\n69.393,71\n\nBase de Clculo (R$)\n\nAliguota (%)\n\n104.090,58(\n\n.\n\nValor do 1SS (R$)\n\n5,00%\n\nCrdito p/ Abatimento do IPTU\n\n6.204,52\n\n0,00\n\nOUTRAS INFORMAGOES\n\nS\n\n- Esta NFS- foi emitida com respaldo na Lai n 1.445/2003  no Decretz r 7.359/2010\n- O ISS desta NFS- serd RETIDO pelo Tomador de Senvigo que deverd recolher atravs da Guia de NFS-e\n- (*) Documento emitido por ME ou EPP ogtante pelo SIMPLES NACIOMaL.\n\n- Esta NFS-e no gera crdito.\n\n\'\n_\n:\n\n-bao\ndO{T)\n(52N A VPP\n prestados oo\nnforme Uiscrin\nHnRco acima\n-\n\nCan\n\nAr e\n\ndos RSES\n,_ @/\\\nQ\n\n/\n\n=\n\ng YVQ\n\n72\n\nhttps://www.spe.angra.ri.eov.br/nfse/contribuinte/natanring asnx M nf=05& inserican=245918 rn\n\nn2/04/7017\n\nj\n\nPy\n\n|\n\n=\n\n= P, M. AR,\n\nProc. n2\n\n\n\n\"\n\nFoher___\n\n8044\n\n1o\n\n2399\n[\n\n!\n\nData:05/04/2012\n\nComunicaccdo\nDe:\n\nN021/2012\n\nInterna\n\nSOH.SIU\n\nPara:\n\nSOH.CCI\n\nAssunto\n\n. Estorno de R$\n\n5.411,07 do Contrato 089/2010  Processo 8091/2010\n\n[ Para Conhecimento\n\nD\n\n\'Para Comentario\n\nOJ Conforme Solicitago\n\nFavor Devolver\n\nO Para Aprovagio\n\nSolicito\n\no estorno\n\n:\n\nde R$\n\n5.411,07\n\nPara Providncias\n\n(cinco\n\nmil,\n\nquatrocentos\n\ne onze\n\nreais\n\ne sete\n\ncentavos), devido a redugdo de itens nfo necessarios para conclusdo da obra. Conforme\nplanilha de supressdo e/ou acrscimo encaminhada pelo memorando 030/2012/SOH. Obra\nde Reforma da Escola Municipal Pedro Soares  Proveta.\n\nAtenciosamente,\n\nP M. AR,\n\' Broc,ne _80A14|10\n\n,\n\n|\n\nFolha\n\n\'\nPREFEITURA MUNICIPAL DE ANGRA DOS REIS\n\ndo Dia : 14/03/2012\n\ns\n\nReferente ao Empenho N 1289/12\n\n|CREDOR :\n\nDpata:\nValor:\n\ni\n\n00113/ 2012\n\nN.\n\n(==\n\n11/04/2012\n5.411,07\n\n=1 -\n\nDE ESTORNO\n\ne\n\nNOTA\n\n!.\n\nb\n\nT8\n\n350\n\n26271 - ACLIVE CONSTRUGCOES LTDA\n\nCLASSIFICAGAO : ESTIMATIVO\nNumero da Conta........ : 0842\n\nORGAMENTARIO\n20.07.339039.12.361.0166.2\n.339.05.00\n\nRECURSO :\nDOTAGAO :\n\n20 - PODER EXECUTIVO\n\nESPECIFICAGAO DA DESPESA:\n\n007 - SECRETARIA MUNICIPAL DE OBRAS, HABITAGAO E SERVIGO\n339039 - OUTROS SERVIGOS DE TERCEIROS - PESSOA JURIDICA\n12361 166 2339 -\n\nVALORORGADO:\nSALDO ANTERIOR DAVERBA :\n\nEDUCAGAO\nENSINO FUNDAMENTAL\nIMPLANTAGAO E AMPLIAGAO DE NOVAS UNIDADES EDUCAC\nMANUTENGAO E CONSERVAGAO DE UNIDADES ESCOLARES\n\n800.000.00\n06\n\nVALOR DO ESTORNO :\n\n|\n\nSALDO ATUAL DAVERBA:\n\n5.411}07\n541171\n\nHISTORICO DO ESTORNO:\n\nESTORNO EFETUADO DEVIDO A JUSTIFICATIVA DADA PELO FISCAL THIAGO M. SCATULINO DE\nSOUZA ATRAVES DA C.I. N021/2012.\n\nPROCESSO\n\nLICITATORIO:\n\nCONTRATO :\nMODALY LAD :\n\nCONCORRENGIA PARA OBRAS E SERVIGOS DE ENGENHARIA\nLS\n\nEMITE!Y@A AND18634\n\n\\\n\nGIAP\n\nW A\n\nA\n\nWA\n\nl}#SWN%AVEL AND18634\n\nAN\n\n[0F72212 -11/04/2012 - 14:59:27\n\n008 / 2010\n\nORDENADOR DA DESPESA -\n\nIt\n\n-\n\nAT TRIRREE ST\n&\',\n\n.\n\nv\n\n.\n\n.\n\n.\n\nn\n\n.\n\nN\n\no\n\nREAJUSTE\n;\n\n{LOCAL: PROVETA\n\nA\n\n:\n\n~\n\nN\n\nP\n\nCod\n\nL4\n\n- MEDICAO\n\nUNICA\nIMM.: 282/2010\n\n.\n\n.\n\nPerfodo:\n07/10/2011 A) 05/02/2012A\n;\n\n)\n\n]\nDISCRIMINACAO\n\n.\n\nP\nToial\n\ny\n\n___L____\n\ne,\n\n\'\n\nP\n\n supovtes de madeira Fomecamento  calocagnn\n\n-\n\n\"\n\nM_\n\nAl\n\nIe) Oq\n\n4\n\nL&\n\nFroc. n=\n\n,\n\'\n\nr\n\nR\n\n-\n\n Lo\n\nA2E\n\nL} O\"\'u?\n\nVAR iR\n\nCalpiio sberto ara ofizings  depstios de cantewro de.obras,\n\ni\n\nestruturado em maderra de Jel, cobertura de refhas de cimente-\n\n)\n\ni\n\namganta onduladas, de Smm de espessura, piso ementade  pre-\n\n.\n\nparn o Lerrenio\n\n|\n\n20,000\n\nacvoziie\n\n.\n\nm2 | . 72,001\n\n3.539,00[\n\n:\n\n1\n\n.\n\ny\n\n.\nB\n\nB\n\nde alt v e ate 0,80m de largura\n\nLd\n\n)\n\n-\n\nN\n\n)\n\nI\nH\n\n\\\n\nbam avamento de aput 1405 sanitaros\nIR\n\n.\n\n)I\':e\';(.nl 1384\n\n.\n\nIRengdo de Forro on Jambr de frisos de madeira ou piacas\n\n\\\n\nA uplomes Ade prengado ou semelliantes, exclusive o snpradewrerie\n\n)\n\nEMLPGE o0t 7\n\n\n\n<y\n\n\'\n\n\n\n.\n\n*\n\nfAmacamento de 1Ortes, panelas  emsithios de ar condi-\n\nLMD\n\nN\n\n-\n\nit ado cu aittroy\n\n.\n\n)\n\n.-\n\n14 ,OO\n\nun\n\n.\n\n1 5,00\n\n21 0,,00\n\n1.\n\n3.970,00\n\n-4, 77(),00\n\n1,52,(13\n\nOT 068 .\"3-1-.\'\n\n3\n2.0\n\n.\n\n|aurancamendo de bancada de pia ou banca seca de er\n\nBMUP (5,008 Y )\n\\\n\n2.3\n\n]\n\nientro Jo cauteso s servico\n\\-\n\n2.4\n\n)\n\n)\n\nA S i (R13-0\n\n2.3\n\n1.714,63\n\n{uemohigio mamel de alvenara de tijolos furados, inclusive\nempillim. i\n\n2 2\n\n-\n\n\'\n\n.\n\nDemolighes  retirudas\n\nil\n\n4.214,00.\n\ni\n2\n\n@/\ne\n\n1.440,00f\n\n-\n\n!\n2\n\nS\n\n~\n\nERLOF 02000 06410\n1.2\n\n[~\n10S.1130/2010W\n\nFAMILIA EMOP\nREALOUT2011\n\n\'\n\n{Placa de identificugio de obra Padido PMAR, inclusive\n(et\n\no\n\n\n\n,\nP.Unit. .|Preco Total\n\nN\n\n$Servigos Proliminares\n\n1\n[.1\n\nN\n| UN |\n\n,QTD\n\n.\n\nA\n\n.\n\nj\n1TEM\n\n13/2/2012\n\n.\n\nPEDRO SOARES\n\nESCOLA MUNICIPAL\n\nREFORMADA\n\n~\n\n|~\n\nDEMONSTRATIVO\n\n:\n\nOB8RA:\n\nDATA:\n\n*\n\n\"\n\n=\n\n|\n\nRemngio e Jivisores Jdu mcing, px\';n:nldudzm. Pronsa.\ns\n\noui 4&\':2\'..))&1!5\"\n\n\\\n\nLMD I800) 076-0\n\n:\n\n\n\n\'\n\n)\n2.7\n\n\\\n\nIretieadn de aparethos esportivos, trave  basquet2 1 de cuda\n\nRef AP S T08,023-0\n2.8\n\n\n\n<\n\n[N\n\n\'\n\nAmaneaente de aperetbos de itumigio, inclusive lampesliz\n\n.\n\nEROP 03 G0 140t\n\ni\n:1\n\n1\n\n2.9\n\n{Arancemaio de grades, wadis. alambiados, cercas  portdes\nFALOT G5 00\n\n147\n\n:\n\n-\n\n.\n\n.\n\n.\n\n2.14)\n\n[Remeeiio de cobiorg s telnas aneesis, mchsive macer\n\n\n\nraanere, mediie 0 cotjunto pola uvza seal He cobientura\n\no\n21 5,99\n\n.\n2\n\n19.4(,(1\n\n4, 10381\n\n-\n\n.\n\ne\n\n3.\'970,00\n\n4,776,600\n\nMO 03 ) 30\n\n4..935,)8\n\nT\nI\n\n/\n\n\n211\n\nfoemoligio de revestimento em azuleros, cerdimicas o -\n\nP\n\n]\n\n[l\n\n;\'\n\n3\n\n]\n\nN\n\n-,\n\nThiago M.\nGerente de\n\nACLIVE CO\n\nATOR\n\nCNPJ 09426 728/0001-54\nCassidno Soares Jorddo\nCREA/RJ 2007 108747\n\n-\n\n)\n\n.\n\nAmore um parede.exclusive a camada de assentumento\n\nTO\n\nEMOP 05 001 009-0\n\n>\n\n(8\n\nl\n\n.\n\nProc. n\n\nDeynalicio de rvestinento em argamassa de eal  areia\non Glinentox saibro\n\nrolha:\n\n1Mt P OS 001 007-0\n\n2.13\n\nRetirada de quadio de aula (4.2x1,6)\n\nRef. EMOP 14.006.370-0\n\nDemoligho de piso de ladrilho com respectiva camada de\n\npemassa de assenlamento, inclusiva afastamento late tal dentro do cantewro de servigos,\nBAMOP 05,001 .015-0\n\nAtrancamento de tomadus  iuferruptores\n\n2.16\n\nb o\n\nSINAPE 22420402\nRetwada de bate carteira em madeirn 20em\nRel [IMOP 05 101.078-0\n\n2.17\n\n\"\n\n-\n\ne\n\nRetrada de hebedouro eRtrico de pressio, om ago inox para\n\nreaproveitamento\nRef EMOP\n\n\'\n\n\'\n\n15.004.255-0\n\nRetivadn cindadosa de ranque de ago nex\n\nSBr22TAY\n\nDemoligs. de 1anipue de favagem de panela medido (0,70x0,60)m\n\nCOMP PMAR\n\n)\n\nDemoliglo munal de conereto ermado compreendendo pila\nLen, Vi & Tajes, em estruturs apresentando posiclio espe-\n\nvial, inclusive empithamento lateral dentro do canteiro.\n* s\n\nEMOP 05,001 6021\n\nDemolisiio nogual de piso cimentado, exclusive a base\ne coneieto, inclusive empillamento tateral dentro do\ncanteno d@sevigo\n\n1.193,11\n\nm2\n\n576,33\n\n. m3\n\n18,00\n\n21.475,58\n\n3.970,00\n\n4.776,90\n\n 25.836,00\n\n4.023,00\n\n4.856,00\n\n15.882,79\n\n3.551,00\n\n1.623,88\n\nEULP 05 001 .016-0\nRetirada de guardn-corpo e lerio\n\nSINAPT 22426/00)\n\ns\n\nMovimento deterea\nscavagio manuz! de vala/cava em material de 1* catego- |\nviarei; argila ou pn;.nn a) entre 1,50m  3,00m de profun\ndidade\n\nexclusive escoramento  esgotamente,\n\ns\n(3\n\nTAOP 03 Q01 .062-1\n\n13.188,25\n\nP\n\n.\n\nbscatamento sitnples, sendo aberto, de vala de pouca profindidads. inclusive fomecimento dos maleriais {pegax de pintro\nde 311\nLM\n\n119,47\n\n2PN 9\" e 3 50\"\n\n1.433,04\n\nm2\n\n3.135,00\n\n05.015.002-0\n\n\nReateiro-de vila/cava compictada A mago. 4m canwdus Je\n\n10,00\n\n2.105,30\n\n4.047,00  4.886,00\n\n- ..60,00\n\n4.531,20\n\n2.488,00\n\nHEMUP 03,013 001-1\n\n3.4\n\nPO de pedra, juclusive ansporte\nSINAPT 192701106\n\nInfra estruturs\n\n2.53),76\n-+\n\n30cra de eapessira maxin.\n\n.\n\n)\n\n.\n\nCREA/RJ 2007 108747\n\n3.808,00\n\n6.935,21\n\n4.1\n\nFormas de madeira para moldagem de pegas de concreto\namado cotn tabuas de pinho de 3*, 3 reaproveitamentos\n\nG\nForficeniento, montagem  desmoldagem\n\n663,20\n\n.m2\n\n25,00\n\n16.580,00\n\n3.325,00\n\n12,00\n\n.7.958,40(\n\n3.135,00\n\n19.586,84\n\nEMOP 11 604 020-1 .\n/\n\nEscoramento simples, sendo aberto, e vala de pouca profun\n\n.\n\n.\n\n.\n\n.\n\ndidade, inclusive I\'omcclmo dos materiais (pecas de pinho\nde 3. 1.1/27x9\" 83\" x 6\")\n\ng\n\no\n\n35510\nv\n\nEMOP 05.011.002-0\n\n.\n\n4 1Ak\n1AATIN B\nTIAT]\n\n{OLLIk)\n\ns\n\n=\n\np roc, n\nButra de ago CA-5013, com sahncin ou mossa, cocflicien\n\nFolha:\n\nte de confurmagio superficial minimo(adernceia) igual a\n1,5, diametro e S a 12.5inm, destinada & ammadura de con--\n\n*\n\n1\n\nereto armado, cpmpreendendo fornecimento, 10% de perdas\n\n3.316,00\n\nde ponlus  arame 18\nEMOP 11.009.014-1\n\n7353\n\n5,00\n\n16.580,00\n\n2.146,00\n\n4.497,00\n\nLw\n17.983,66\n\ni\n7\n\n44\n\n.\n\nCorte.dobiagem, montagem  colocaglo e ferragens nas forurag. ago CA-50A vu CA-50B. em burras redondas, coi O\n\n3.316,00\n\nde 8 a125um\n\n9.948,00\n\nkg\n\n3.597,00\n\n4.292,00\n\ny - 11.870,12\n\nEMOP 11011 030-]\nConereto simples, dosado ractonalntente para uma resistncia caracleristica & compiessio de 1 0MPa.inclusive.maten-\n\nv\n\nL]\n\ns, transposte equivalente a 20000m nz horzontal  10,00m\nna vertical, produgio, langamento e adensamento na quanti-\n\ndeyle 2.00m3h\nEMOP\n\n4.0\n\n\n\n.-\n\n23,05\n\nm3 |\n\n 7283\n\nm3\n\n226,00\n\nm2\n\n8:067,50\n\n2.335,00\n\n* 2.748,00\n\nb\n\n9.494,43\n\n350,00\n\n2.740,50\n\n2.335,00\n\n2.748,00\n\n3.225.22\n\n730.00\n\n6.780,00\n\n3.325,00\n\n- 3.928,00\n\n8.009,58\n\n11 003.001-1\n\nConcicto snnples, dosado racionalmente para uma resistncia caracteristica i compressiio de 25MDPa, inclusive\nmateriass, transporte equivalenie a 20,00m na horizontal\n 10,14m na vertical, produgiio, langamento  udnsamen10 na quantidade de 2,00m3/h\nFMOP 11 003 005-1\n\nSuper estrututa\n\nT\nFormas de nusdeirn para moldagem de pegas de conereto armado com parumentos planos, em lajes, vigas. paredes, ele,\nS\n\nI\n\ninclusive tomecimnto dos maleriais  desinoldagem, servindo 1 madeiia 2 veres, tabuas de pinho de 3*,ou madeira\ncquwalente, com 2.5m de espessura, servindo tambm para\n\n_|travessas, (xclusive escoramento\n\nEMOP 11 004 0211\n\nr\n\n-\n\nBana de ago CA-50B, com salincia ou mossa, coeficien\nte de conformagdo superficial minino(aderncia) igual\n\n1,3, didmetro de 8 a 12,5mm, destinada & armadura de conerete armado, compreendendo formecimenta. 10% de perdas\np\n\n5.00\n\nde pontas o arame 18\n\n5.766,00].\n\n4.146,00\n\nEMOP 11.009.014-1\n(o7}\n2o\n\n4.497,00\n\n6.254,13\n\n\n\nCorte.dobiagesn, montagem  colocaghio  ferregens nas formas, ago CA-50A on CA-5013, em barras redonda, com O\n\n3.459,60\n\nde  al2,5mu\n\n3.597,00\n\n- 4.292,00\n\n4.128,05\n\nEMOP 11.001.030-1\nConerato simplzs, doshdo racionalmente para tima restncin camcleristica = conmpressdo de 25MPu, inclusive\nmatersais. tansporte equivalente a 20,00m na honzontal\n 10,00m na vertical, produgdo, langamento  sdensamento na quanfidade de 2,00m3/Mh\n\n2.335,00\n\n350,00\n\nm3\n\n274801 .\n\nEMOP 11,003 005-3\n\nSour\nr\n\ni\n\nW]\n\n{assiano\n\nS0\n\nCREAJRJ 2007 10874\n\na.65454\n\n.\n\n.\n\n\'\n\n_fYedusto\n\n{rarede Jivisora para sanitrios em placa de Yanito cinza endorinhe\n\n\'\n\n-\n\n\n\n.\n\nR\n\n\'\n\nto\nitens 100\" 085  14,007,200 Forecimen\n colocagdo\n\nPINI106108.3.1\n0.2\n\n)\n\nR\n\nR\n\n.\n\n4%40] m2 | 400,00] 19.360,00]\niE\n\n| Alvenaria de vedagio com tyolo cerfirnico furado 9x19x19\n\ni\n\n\n\n2.688,00]\n\n\'\n\n.\n\n\'\n\n,\n\n\n.\n\n.\n\n11,00]\n\n:\n\nm2\n\n46,00\n\n|Alvenaria de blocos de concreto 20x20x40cm, assentes com\n\n- 3.518,00]\n\n\'\n\n)\n,\n\n.\n\n,\n\n7\n\nm2\n\n50,00\n\n)\n\n.\n\n)\n\n.\n\nR;u;\\driax\n\n.\n\n.\n\n3.507,00\n\n3.909,00\n\n3.320,00\n\n814,00\n\n)\ne\n)\n\n|\n\nN\n\nY\n,\n\n-\n\n.\nun\n\n400,00\n\n.\n\n]\n\n\'\n\n-\n\n.\n-\n\nFornecimento  colacagho\n\n]\n\n,\n\n[Porta externa de madsira, almofadada de 0,60x2,10cm com marco\n\nde Tx3.5cm. exclusive ferragens.\n\n)\n\nA\n\n-\n\n.\n\n457,58\n\n3.71 1,00\n\n3.244,00\n\n400,00\n\n400,00\n\nun\n\nN\n\n\n\nEMOP 14006,043-0\n7.4\n\n1 ,00\n\nN\n\nJ\n\n.\n\n.\n)\n\n\'\n\n-\n\ni\n\n[Porta extoma de madeirn, almofidada, de 0,70x2,10m com mirco\nde 753,5cm, exclusive ferragens\nFormeeunento  colocagio\n\n.\n\n]\n\n_\n\n\'\n\nRef, EMOP 14 0060100\n7.3\n\nb\n\n!\n\nvidro com postigo com aduela  alizares, de cedro ou canela,\nexclusive terragens.\n\n3.203.08\n\n3.71 1100\n\n3.244,00\n\n2.800;00\n\n\'\n\nalmofadada, dimensdio 1,00X2,10m caixilho pua\n\n0\n\n\n\n\'\n\n7,00\n\nIRef EMOP 14.006 0100\n{rorta de madena\n\n958,4]\n\n.\n\n:\n\n.\n\n.\n\n21.906,64\n\n\'\n\n{Porta de madeisa almofadads. dimensto 1,80x2,10s0.03m &\n\nFumc\"cimu.mo  colocugdo\n\n\\\n\nSR\n\n-\n\ncanela. exclusive ferragens.\n\n7.2\n\n2.823,0)\n\n.\n\nB 00,00\n\nm2\n\n8,14\n\n:\n\n)\n\ncaizillio para vidro com postige com aduela  ahizares, de cedro ou\n\n\"\n\n17.634,00\n\nA\n\n|Paedude blocos vazados(cobogo), emplacas de concreto |\nS0aS0xSem, furos quadrados, assentes como 12.006.010\n\n7.1\n\n*\n\ni\n352,6R\n\nHMOP 12.005.080-0\n\ni\n\n\'\n\n.\n\nra  medsda pela iwea real,\n\nEMOP 12,008 0150\n\n549.44\nN\n\n0,20m d:: espcssum: de superficte corrida, at 3,00m de altu\n\n6.4\n\n4.393,00\n\n-\n\n.\n\nargnassa de cimenlo  aren, no trago 1:5, em paredes de\n\\\n\n440,00\n\n\n\n.\n*\n\n0.3\n\n\'22.43542]\n\n3.115,000 \n\nL,\n\n.\n\n.\n\ns\n\nT\n\nI\n\nmussa mista de cimento, cul hidralada  arcia .\n\ntago 128 - tipo 1.\n\n)\n\n4 \"?!\n\n{\n\ncm; cspessiea da parcda e, jnhlas de 1 2mm com arga .\n\nPINI042]1.8.2.3\n\n)\n\n:\n\n)\n\no\n\n.\n\n- | Folhas ...\n\nA\n\n[0/\n\n8017\n\nProc. n L\n\'\n\'\n\naponula no piso  na parede, exclusive fomecimento das fer-\n\nA\n\n\'Fjn-.&\n\nnaciotial com 3cm de espessura, polido nas duas faces,\n\nragens de fixagho clo marmbre, portas  suas ferragens {vide\n\n.\n\nJ\n\n-\n\n.\n\n[\n\n\'\n\n.\n\n.\n\n.\n\nR\n\ni\n\n.\n\n6\n\nL\n\nR\n\n,.\n\n0.1\n\n.\n\n-\n\nt\n\n-\n\nFomecimento  colocagio\n\n7__5\n\nPorta de ceidro alimofadada. de 120x210x3,50m, 2 folhas, exclusive\n\n\"\n\n\'\n\n:\n\n.\n\nF)\n\n|\n\n\n\nS,\n\naduela  alizar, fechadura. l\"omecunnlo  golocagiio.\n\nRef, EMOL 14.006 010-0\n7.6\n\n\n\n-\n\nTMOP 14,006 0130\n\nN\n\nhe\n\n[Parta de cedro shnotadada, de 160x210x3,5em; 2 folhas, exclusive\naduela e alizar, fechaduya. Fomecimento e colotacin.\n\nRefl FMOP 14,006 010-0\n7.7\n\n\'\n\n{Portio de ferro 1,50x2,1(em 2 fothas  rta parte superior 2ma\n\n*\n\n.\n\n.\n\n\'\n\n.\n\n. 27,72\n\n:\n\n750,()0\n\n23955,30\n\n4223,00\n\nK 3.665,00\n\n-\n\n\n\n\"Rt SCOFGY - ES 05 15,0200\n7.8\n\nn2\n\n20.7 90,()0\n\n)\n\n.\n\ni\n\n\'\n\n578\" yintack cotn | demfo de 2arcad vende, inclusive fecl adura\ncadeado, Fomecimento e hlslr;lncu\n\n.\n\n.\n\nJarade de 1,50x0.60m, confeccionado em barm chapn ou parfil de\n\nE\n.\n\nPorta de alumimo para banheiro completa, inclusive instalagic\n.\n\nN\n\nfartlica ge <\nisbietd Ediricagin.\n\nVa) 20843\n\n-\n\n/\n\n-\n\n\n\nOx200em\n\nForndeimento  instalagao.\n\n16,20\n\nm2\n\n600,00\n\n9.720,00\n\n2.915,00\n\n3.510,00]\n\n11.704,01\n\n24110\n\nm2\n\n270,00\n\n65.097,00\n\n3.665,00\n\n4.223,00\n\n75.008,08\n\n3.915.00\n\n3.510,00\n\n2.658,69\n\nSIMAPL 4914\n\n7\n\n(frade de fervo para protegio de fanela ou aparethos de ar\nconchicionado, formada de barras quadradasde 3/8\", chumDadas na alienaria Fornecunento  colacagio.\n\nTenor 119021360\n\n-\n\n-\n\nPortiio de aluminio 120x220cm duas folhas de 60cin, Inclus;ive\n\n.\n\nferiageim. Fornecimentd e instalagio\n\n3,68\n\nm2\n\n600,00\n\n2.208,00\n\net\n\nSINADL 4914\n\n. A. R,\n\n3\n\nP\n] Conjuntp de ferragens para junela de madvira, de correr, em\n2 fulhas, constando Je fornecimento sem colocagdo (esta\n\n\'\n\nPrcn\n\ngf\n\n| B ot}\n| R4\n\nLA\n\n.\n\nmcluicda no fornecinento e culocagdio das esquadrias) de.\n\n1355\n\nFchtef\n\n- 4 rodizios de latho com rolamentos (6mm), para irithos; )\n- 3,060m (e tnfho de aluminio tamanho 3,00mx1/4%x1/4\";\nv\n\n- 2 conchas simples em latio, forma retangular, sem furo\n\n16,00\n\n parte central em baxo 1eleve, acabamento cromado;,\n\nEMOP 14.007.145-0\n7.2\n\n.\n\nun\n\n210,00\n\n3.360,00\n\n.\n\n3.749,00\n\n3.991,00]\n\n3.576,89\n\n\n\nL\n\nComungo de forragens para portas de madeira, de 1 folha,\ne,\n\nsoeials ou de sevigo, constando de formegunei-\n\n1o sem colocagdo (esta inclnida no Fornecimento e coloci-\n\nao dag esuadrias), de:\n- Fechudwia tipo gorge, trinco reversivel, em Jatio, acabunento cromado\n- Entrada  roseta circulares, em latdo lamingdo, acatramenta cromado\n- Maganete tipo alavanca, em lat3o, acabamento cromado\n\n\'\n\n.\n\n- 3 dobradigas Je leiro galvanizado de 3% 2.1/2, corit\n\n\'\n\n7,00\n\n pino  holas de ferro.\nEMOP\n\nW\n\n80,00\n\n560,00\n\n1.600,00\n\n19.200,00\n\n830,00\n\n1.326,00\n\n3.749,00{ - 3.991,00\n\n596,15\n\n. 3.244,09\n\n3.711,00\n\n- 21.964,00\n\n3.244,00\n\n3.711,00\n\n\n1.516,89\n\n14.007 0400\n\nConjunto de ferragens para portas de madeira, mtermas, 2\nfoflias de abrir constando de fomecimento sem colocagio\nesta incluida no f8mecimento c calocaghio das esquadrias de.\n\nFeclulura 1ipo ponge, trwco reversivel, em latdo, acaba ~\nmenlo comado,\n- Fntrada  voseta, circulares, em latdo luninado, acaba\nmento eromady,\n- Magangia tipo alavanca, em fatdo acabamento cromado;\n- 6 6 dobra ligas de ferro galvanizado de 3\"x2.) /i\", com\n\n-\n\n-\n\npno de ferco  bolas de latdo;\n\n/7\n\n- 2 fechos de embutir, A0em, emylatdo pohdo.\n\n7.14\n\nEMOP\n\n11.0072.050-0\n\nJunela de correr de 4 folhas, de 200 x 120cw, de cedro, inclusiv e guamigio, exclusive feiragens. Fornecimento e colocagio\n\n12,00\n\nwr\n\nHEAOP 14 006.295-0\n\n3\n\nVauela basculapte em madeira, medindo (0,80 x 1,45m, con. 3\nfothas, cotn acahfmento pars pintura. Exelusive pintura, v dro \n\n1,56\n\nRrragem Fomecimento  mstalaceo.\nSCOFGY < BS 10,20,0050\n\n7.16\n\n-\n\nY\n\nPortao Jde chapa de ferro galvanizado, com efpessura de 0.5mi,\n gllura enire 2m & 3m  wea total de 6m2 a 92, excl\n\nfrchadura\n\n2,\n\nJSCCRFGY - T8 05 15 0050\n\nVidro\n\nThiaga ;..\nGerents de F\n\nmz\n\n650,00\n\n1.365,00\n\n3.665,00\n\n4.223,00\n\nT\n\n1.572.82\n\n.\n\n-\n\n8.\n\nN\n\nVidro temprerado,mcolorde Gmm de esp.,caixithe em madetra,\n\n10,00\n\nalirminio ou lerr,excl fervagens forn.e colace\n\ni\\OP\n\n8.2\n\nm2\n\n\n\n200,00\n\n2.000,007\n\n2.801,00]\n\n3.334,00\n\n80,00\n\n8.486;40{\n\n2.801,00\n\n3.334,004-\n\n10.101.27\n\n75,001\n\n18.080,25}\n\n.3:974,00\n\n4,928,001,\n\n22.420,60\n\n2.380,58\n\n1 004 1210\nA\n\n106,08\n\n\\ idrg liso, incolor, com cspessurn de 6mm Fomto  Instalacao,\n\n2\n\nSCOAGY - S 45.05 0309\n\n- |Coabectura\nCabertura em telhas coloniats, exclusive cumeeira  maderamen10, medidn pela area real de cobertura\n\n241,07\n\nFomecimento e colocaglio\n\nm2\n\nFAD)P 16 002.010-0\n\n9.2\n\na\n-\n\nMadetratnento para cobertura em duas fguas em telhas cyramicaz. constitwdo de cumeewn e tergas de 3% 4,1/2\", casbwoy\nde 31\n\n1727, nipas de 1,5 x Jem, tudo em magaranduba serrs\n\nda. sem tesourg ou pontalete, medido pela area real do wadeun\n\n241,07\n\nmento, Fomecunento  coloeagio\nEMOP 16,001 0500\n\nR\n\nm2\n\n57,00\n\n]\n\n1.5644007\n\n13.740,99\n\nWx:\n\n.\n\n:\n\nROPTH J\"_@_____\n\nHroc. n\n\n1355\n\nChmeeirs para Sobertura em tethas fiancesas ou coloniais\n\n1\n\nFomecimento  colocagao\nEMP\n\nA IR 005,50\n\n| 4\n\n\n\nHolhat\n\n16 902.015-0\n\n45,00\n\n203,30\n\nRufo de aluminio de 0,8x500mm. Fomecimento  colocagio\n\n3.297.00]\n\n7 10.411,67\n\n331800\n\n6.665,33\n\nEMOP 16,008 0110\nCordiio para wnreinate de telhado, executado com arpamassa\n\n-\n\ndv amento, areia  saibio, na tmgo 1.22\n\nJAIOP 16 0413.004-0\n9.6\n\nCulha e chupit de ago g;alvanmx-do n5\"26 com 23m dz de seivolvimento\n\nFomecumento e colocagio.\n\nEMOP 16 00%.001-0\n\n10\n10.1\n\n!\n\nForro\n\nForro de PVC em paineis lineares encaxados enise si  lixadox\nemesintura de madera, dimensbes 100x6000mun\nPINI 95008 6 1\n3\n\n11\n111\n\nRes estimento\n\nChaptsca e parede com argamissa de cimento  aicia\no nago 1.9, espessura\n\n9 mni - Fornecimento  execugaa\n\nEMOP 13.001.010-]\n\n.\n\n)\nK\n\nEmbcto nbisss tinica para parede intema com argamassa\nnfista de cimento, cal  arein, trago 1.2.9, > 20mm\n\nm2\n\nFumecimenio v exectgo\n\nT9.00]\n\n5.704,75\n\nPINLO9TGIR 214\n\n[}\n-\n\nAnilsio esmaltado hso branco ) 5x15 ou 20520cm asgentado\n\ncoin urpamassa pr-fabricada de cimento colante. juntas @\npruma. Fornecnnento e execugio\n\n.oV\n\n17,321,310\n\nm2\n\n35,00}\n\n2.85,00]\n\n3.220,00\n\nni2\n\n7,00\n\n2.855,00f\n\n3.220,60\n\n3.464,20\n\nm2\n\n85.00]\n\n4.146,00\n\n5.185,00\n\n109.277,691\n\nPINLOST06.K 1 7\n\nRejnntamento de azatlejo 15x15 ou 20x20 cni com argimasa pre\ntabricasda, para juatas ale mm\n\nN\n\nPINTU9706.5 32\nCeramica 10x10cm. modelo Arguiteto Portobello ou simular, sulocadn com arganags pr-tabricadn e rej.ntaments\n\n1.028,00\n\n87.380,60]\n\nSBC 095\n\n~\n\n/\n\n\" ACLIVE COpST\n\n\n~\n\nCNPJ\n\nTDA\n\n09426 728/000154\n\nLassipflo\n\nSoaresjorddo\n\nCREAIR_MNNT\n\n108747 @\nw\n\nK\n\nPavimeniaglio interna e externa\n\nN\n\nPso eeriunico esmallado com medidas em tofho de 30x30\n\n-\n\na oy ndem, PETIV Assentado com aypamassa pr-iabricada\n\n2.565,00\n\nde camento colante Fornecumento e exceugdo\n\n2.997,00\n\n3.045,141-\n\n- 3.558,00\n>\n\nPINLIOU6 8 2.2\n\n-\n\nL\n\n12.2\n\nRejuntamento dz piso cenimico com rgamasss pr-\n\nfabricada. dumensocs do piso-300<306x a J00x400x& mm,\n\n57,00\n\nespeanra da junta: 6 mm. Forneeimento  excougio\n\n3.558,00\n\n2.997,60\n\nm?2\n\nPINI69606.8.3 1\n\nP_M.\n\nPiso de alta resstneta, monolitico, moldado po lecal, em*\n\n-\n\nn?\n\naipamassa de cimentos agregados muerais, com evpes-\n\n0.0\n\n_OL/\n\n-d\n\nmeinicos\n\nO custo inchn base suporte emn argamassa\n\nF\n\nde eimento  arcin no trago 13  servente para ceafecgdo,\ntrunsporte da srpamassa  servicos afing  ndo corsidera\njuntas\nEMO?\n\n\n\nL4\n\n12.4\n\n)\n\n152.10\n\n.\n\n9.886,50\n\nm\n\n-\n\n13 3850010\n\n<\n\nsura de 0 8cm, na cor natinal do cimeto  3 polirrentos\n\n11.318,36\n\n3.067,00\n\n2.679,00\n.\n\n.\n\n ontrapisc, base ou cumada regnlarizacors com argantassa e curento e areia 1o trago | 4 com espessula\nde 2.5 cm - Fomecimento  execugio\nMO\n\n.\n\nn2\n\n15,0C\n\nm2\n\n20,09\n\nm\n\n- 9,00\n\n163,35\n\n193,38\n\n3.334,00\n\n3.947,00\n\n3.334,40\n\n3.947,00\n\n1.625,44\n\n2.679,00\n\n3.067,00\n\n4.465,352\n\n13 3011201\n\n2\n\n%\n\no\n\n-\n\n[Piso cuneniado, com 1,5cm de espessura, com argamassa\nde cunento  arera no rago 1.3, alisado a colher, sobre buse\nexrfente\n\nIMOP 13 301 0X%0-1\n\n12.6\n\nRoxdupdde alja registncia, er arganiassa de cLnemo  agregdihors manerans,  [0ain de alturi, na cor natural do cimeuto,\ninclusive 3 polimentos, sendo o cantos sahiertes boleados.\n\n o8 regninuites e Junto 4o Pisv o IMel cana\nMO\n\n12.7\n\n3.900,60\n\n13 385 (5.0\n\nDegran.de escada de atia resistncia, composta de capa\n< espellio. em argmassa de SUNeMo  agregacos minevaus, na cor natural de cimenfo, inclusive 3 polunettos.\n\n\'\n<\n>\n\nEAMOP 13 383.00K-0\n\nRodape cequmicn com 10 em de altury, asserte em pasta de ennea\n\n201.80\n\nto Forncaniento  colocacio.\n\n2.997.00\n\n13,00\n\n-\n\n3.558,00\n\nSCOFGY - RV 30,05 0100\n\nPetorl de grantto emza andorniha nacional\n\nde 2 x 18cm, com 2\n\npolientos, nssente com asgumassa de cimeitto, saibro  arem, 1o trego 1 33  nata e cumento comur, repsitadn cum\ncunento branco\n\nEMOP 13045.040.0\n\n40,00\n\nM\n\n\"2.004,00\n\n3.597,00\n\n3.924,00\n\n2.186,18\n\n-2.596,00\n\n3.646,60\n\n 623,58\n\n-\n\n(Ol Solera cm gramie com altura de. ] 5in e espessum de 2om ussenta\nJu\'com argrimasa pr-fabricada de simente.\n\n)\n\n11,10\n\n4,00\n\n1\n\n444,00\n\nPINIOGRS .13 1\n\nRevesiunento mitertravada com pecas (blosos) de concrete com\ncunento, cov nalural, con resislencia s ceouprssan e 35Puy, .\naltamente vitno-prensados,\n(16 fuces), holmdes (returyniba\n1, com\n|\nLl\n\nte\n\n12.8\n\nespessura <le Gem, tom lodos 0 matertais & eqpamenitos, inzlu\n.\n\n.\n\nsive compactacau com suquete vibratorin. corte dus hlocos page\nmemate, cuny maquing Je junias (serra para concreto  \"colehao!\n\nh oy\n\nde wreia part agsentamento  repugtamento., de acordo com s nor\n.\n\n728/000\\54\nord\n\n-\n\ns NBR 9780  MBR 9781, Pre-moldade UNI-STEIN. mquate\nou simlar,\n\n60,90\n\n-\n\n4.087.00\n\n21.792,00\n\nP_M\n\nSOEROY < B 10,20 6350\n.\n\nQuadra\n\n131\n\nP Frog,n=\n\nvede\n\n7\n\nnnaH\"e\n_OL7\nd\n\nCencreto simples, dosado racioualmente para uma resis-\n\nS\n\ng\n\n.\n\n.\n\ntncia caractonstica a compressdo de 25M1Pq, inclusive\nwales\n\ns, Lansporte equivalente o 20,00m na honzontal\nM\n\n 10.00m na vertical, produgdo, langamento e adensamen- .\n\n27 4\n\n10,556,007\n\n2.335,00\n\n2.748,00\n\nm\n\n2.411,40\n\n1.816,00\n\n2.084,00\n\n2,767,275\n\n200.95] m\n\nT003.75\n\n2.963,00\n\n3.407,00]\n\n1.155,31\n\n20,000\n\n6.032,00\n\n3.334,00\n\n3.947,00\n\n7.141,06\n\n30.16]\n\n1o na quantiladede 2,00m3/h\n\nby\n\nm3 |* 350,00\n\n12.423,08\n\nFAIOP 10 0033.005-1.\n~\n\nTunta de retracac, serrada com disco de diamantes, para pa-imen\ntos de placas de conereto, com Semde profundidae, somsnte o\nconte, exchusive preenchimentd e barras de ligacao  de \n\n200,951\n\ntansferencia.\n\n)\ns )\n\nSCOFGY - BP 10150050\n\nJunta } plastica 27 % 3mm,\n\npara 1 pises continuos\n\nI\'smecmento  colocagao\nFMOWP 13,38 0S1-0\n\"\n\n{3.1\n\ns\n\nementade. e\n\nde cavento  e\n\n1,5em de espessiva, com argamassa\nno trago 1:3, alisado a colher, sobre Lzse\n\nenistente\nPO\n\n13301 080-1\n\nSarcacdo e quadra de edporte, com tintara Supereril ou similer,\n\ne\n\nem 2 demaos Meduda pela area efeliva de pintura\n\nm2\n\n50,00;\n\n1.560,00\n\n2.847,00\n\n3.39%.60\n\n241.281\n\nm2\n\n45.00110.857,60\n\n2.847,00\n\n3.396,00\n\n1.789.25\n\n- T 08 45,0050\n+~\n\nSOG PG\n\n30,001\n\n13.6: Pintard de quadra de esporte em piso cimentadu, com tE1ta 4 base\nJeresua metalice \"hot line, ou sumilas, considerando-= hmpeza\n\nJda superticie  2 demdos de acabamento (1,04)m\nRef SOOI\n\n\n- PT 05450100\n\n1\n\nPintura\n\n14.1\n\nPiture inimzante fungicida\n\nSt APE- 18975\n\n\'\n\n:\n\nM\n\n12.951,32\n=\n\n.\n\n0]\n\n.\n\n14.2\n\nPiniturd com tinilg acribica semi-brithante ou acettada oua\n.\n\n.\n\n.\'\n\n.\n\nfites ot @ exterior, incolor ou colonda, sobre tijolo, e nere-\n\n+\n\nto hbo. cmento-amianto, rvestimento, madeira  terro, nclusive liximnento. tna desnao Je selador acrilico e duas\ndehiaes de acabrunento, inclusive duns demios de messa\nGO\n\n831.08]\n\naerthea\n\nm2\n\n18,001\n\n14.959,44\n\n3.067,00\n\n3.614,00\n\nIMOP 1 018 11840\n\n17.627,46\n\n.\n\nT\n\nPudura interna ou externa sobre ferro. com esmalte #\n\nttico brithante ou acetinado apos lixamento, linpezs,\ndesengorduiamento, uma demao de zaclo.de $eca -\n\npeut 1apida cor laranja e duag demdos de acabaments\nNP\n\n14.4\n\n~\n\n541,84\n\nm2\n\nC 15001\n\n8.127,60\n\n3.669,00]\n\n3.118,00\n\n9.563,88\n.\n\n17 0173200\n\n-\n\n-\n\nPintura mtema ou externa sobre madeira nova, com esmalte sintetice alto bitiho ou acetinado, inclusive | xameir1o, uma Jemdo de vermiz inumizante e impermeabil zants\nwicobor, uma demio do massa coirida u dleo, uma cemiao\nde fundo sinttico mvelador  duas demios de acal aments\n\n- 304,80\n\nm2\n\n26,001\n\n6.096,00\n\n- 3.669,00\n\n3.118,00\n\nEMOT 17,017 1690\n\n\n\nel\n\n~\n\n\\\n\nBancadas  Prateleiras\n\nard\nfhetithe\nexR S\n:\ni\n\n.\n\nv\nCREA/RJ 2007 108747\nS\n\n7.173,26\n\n-\n\nBancada em granito cinza andoninha polida com ;\\,70x0,55.\\0.03n|, A\nB\n\nP\n\n.\n\n.\n\n:\n\n.\n\nfixacla  apuiada em alvenoria chapiscada, embogada e revestida de\n.k\n\n\'\n\n.\n\nM\n\n.\n\nazulejo com 1 cube de ago indY, valvula, sifio  omeua cromardy,\n\ninclusive priteleira em compensado de cedro com wrmario de 2\nJ0ras revestla em Tormica medindn 0,60%0,50m, em venezna \n.\n.\n\ncedro,\n\n\n- Joomr PMAR\n\n_\n\n.\n\n.\n\nY\n\n.\n\n2:000,00 ! 2.()\\)0,06\n.\n\n.\n\n-~\n\n2.881.00\n-\n\nN\n\no\n\nPrg c. nf\n\nBancadk em granito cinza andorinha polida com ?,SOxO,SSXO,()Bxr,\n{ixadda  apowdaem alvenaria chapiscada, embczada  revestida de,\n\nQa.\n\narulejo com | cuba de ago mox, valvala, sifio  tomelia cromada, inclusiv,pmlelcvn em compensado de cedro com armrio de 2\nportas revestida em formica medinda 0,60x0,5Cm, em veneziany e\nP\ni\ncedro\n\nPMAR\n\n)\n=\n\nRS\n\n2.623,81\n\n3.436,00\n\n2.200,00\n\n2.200,00\n\nun\n\n.\n\n\\\n\nL\ng\n\nbe.\n\noM\n\nBacada mn granto ci;\\m andorinha polida com 2,80x0:55x0,(0m,\nfinada  apoiada em alveraia chapiscada, embogada e revestide e\nazulejo cont 3 cuba de louga, valvula, sifio e tomeira cromada,\ninclusive pratelcira em compensindo de cedra com armirio de 2\n-\n\nportasrevestida en fornica medinda 0,60x0,50m, om vencziatz: de\n\"\n\ncedro\n\n7\n\n|\n\n.\n\nCOMRPMAR\n\n-\n\n:\n\n\n\n.\n\n3.436,00\n\n4.600.00\n\n2:300,00\n\n!\n\n\\\n0\n\no\n\n\"\n\n~\n\n(]\n\nhd\n\nBancada em pransto cinza andorinha polida comn 3.70x0,55x0,Bn,\n(i e upoindis\ne ulvenana chiapiseada, erhogada g reveand: de\narulejo com 2 cuba de ago, valvula, sifdo e torheira cromadad,\n.\n\n.\n\n3t\n\n..\n\n<\n\nA\n\n03\n\ninclusive prateleira\nem coimpensado de cedrs\ncom\n\n!\n\\ armario de 2\nv\n\nR\n\nR\n\nportas revesiicla em formica medinda 0,603 50m, em-veneziais de\ntedro\n\nv\n\n1,000\n\n.\n\nv\n\nen | 3.500,00]\n\n2.881,00\n\n\"3.500,0 )\n\n3.436,00\n\n\"\n\n4.174,25\n\nCOMP PMAR\n\nW\n\n\n\nn\n\n\n\n.\n\nf\n\nT\n\n.\n\n<\n\nETui\n\nBanedida m granito cuza andorinha polida com 2,03x0,5550,03m,\n-\n\nN\n\n.\n\nfaon\n\n3\n\ns\n\n{ixada  apotaddy\ne alvenarim chapiscada, embogada e vevestida de v\nazuleio, inclusive prateleira cn compensada de cedro com amrio\n\n&\n\ne 2 portas revestida em {Grouca Medinda 0,60x0,50m em verw\n\n7ians de cedro\n\nCOMPIMAR\n\n1.000,00\n\nan\n\n\n\n100000\n\n\n\nw\n\n-\n\n2.881,00\n\n3.436,00\n\n1.192,64\nD\n\n.\n\nRl\n\n.\n\n.\n\n.\n\n\n\n.\n\noo\n\nPratelewrn em granito cinzs andonnhia apoida em grmitocum\n\nm\n\nmwdide ((,45x0,03 1cin\nCCMIY PMAR\n\n-\n\n\'\n\n.\n\n910,70\n\nT00.00\n\n\n\nT,\n\ni\n\nDiversos\n\n.\n\n2.706,00\n\n3.015.00\n\n1.013,91\n\n3.270,00{\n\n3.487,00\n\n136.36\n\n!\n.\n\nb\n\nTransporte de andaime lubuler\', consideraado-se a drea-de\n\nprojecdo vertical do andaime, exclusive carga, desoarga\n tampo de espera do caminhido.\n\nEMUP 03 020,122:0\n\nB\n\n.\n\n127878\n\nL\n\n-\n\ns\n\nm2xkm\n\n~-\n\n-\n\n.\n\n16.2\n\nNugucl de andairie tubular sobre sapatas fixas, formido\n\n-\n\npor elementos de 2,00m de largua  1,59m de altura, consdeN\n\n=\n\n.\n\nv\n\nLt\n\nrandlo-sc u,areu da projegio veitical de aadaime  pago pelo\n\n-\n\ntempa necessarid & sua utilizagdo. exclurive traisporte dos\n.\n\nclementos do andaune at a obra plataforma ou passarela ce\nK\n\n290,79\n\n]\n\npuiho montiagem  desmontagem dos andaimes.\nLEMOP 05.006:000-1\n\n.\n\n.\n\n4,\n-\n\nn2kms|\n\n>\n\n1.119,00 119900\n\nv\n\n281,05\n\'\n\n\n~\n\n16.3\n\nPlataforma ol passarela-de pinho de 1%, tansiderando-se\naproveitamento de madeia de 29 vezes. exctugive endai IS O\n\nEMUP\n\nGO\n\n.\n\n-\n\nY\n\n290,79\n\nSuporic  moviimentagio\n\n050058 012-1\n\no\n\n.\n\n)\n\ni\n\n872,37\n\n\'m2\n\n\n\nThiago 8. Sefiulina i Spiza\n\n.\n\nGerente de |\n\n{\n\nSOHGI\n.\n\nP\n\n3.680,00\n\n95487\n\n\n\nLN\n\n.\n\n.\n\n\n\n.\n\n\'\n\nv,\n\n3\n\nMovimentagio vertical ou horizontal de plataforaa ou pas\nsarcla\n\n[\n\n.\n\n261,71\n\n.\n\nEMOP 03,008 008-1\n\n.\n\'\n\n\n\n+\n\n\n\nT\n\n. )\n\n,\n261,71\n\nrando-s 4 irea vertical recoberta\n\n6.6\n\ns\n\n93,80\n\n3.687.00\n\n3\n\nMontafent\'e desmontagem de andaime tubuler, consid-\n\nEAOD 05 008.001-0\n\n~\n\nT4.760,00\n\n&\n\n10.4\n\n.\n\n\n\n,\n\nT\n5.687.00\n\n4.760,00\n\nm2\n\nB\n\n938,03\n&\n\nS\n\n\n\"\n\nHspetho de cristal, de dnun de espessura. com molduiade\n\nm2\n\nmudetra - Fomecimento  colocagio\n\nEMOP 14004 Lo0-0\n.l,.\n\n16.7\n\n.\n\n1.134,00\n\n2.801,00\n\n600,00\n\n73.445,00\n\n1.349,79\n\n..\n\n\n\nCon)unto de dugs burras de apoj hbrizontal em ago iroxidivel \n1 142\" parn sanitaros dos portadores de necegsidades especiais\n\n-\n\nA primeira com 1,10m e a scgund.l com 0,90m, fixadcs com com\nAY\n\ntaluange redonda de ago indx (3 2, espessura 3/16\" ch:uubado uy\n\n*2.00\n\nalvenaria com parafuzos auto atarraxantes de ago inoxidavel.\n\n16.8\n\n9\n\n300,00\n\nRS\n\n+\n\n-~\n\nRef SCOFGY - AP 05,10 0134\n\nao\n\nr=3\n\nb\n\n.\n\n.\n\nApicoumentd manuel de conereto, @m superficies verticais,\nmclunve comecno de fattus.\n\nSCOATGY =480 05.20.01 51\n\n-\n\n.\n\n\n\n~\nv\n\nBarra de magoranduba de 20 x 2,5cm, aparcthada ers uma face  nos 1apos, para protegio de paredes de salas de dula\n=\nFomecimentu e colocagio\n.\n~\n\n195,60\n\n35,000\n\n6.846,00\n\n3.243.00\n\n85,00\n\n43.809,00\n\n3.653,00\n\n371,001\n\nhMC){; 14,006 1(;1)4)\n\n1610\n\nAlanbrado para campo de esporte; de 3,00 x 6,00, com uin\n\nmottante a cada 3,00m. emn telagalvanizada n 12+ malha lo-\n\n-\n\nB\n\n.\n\n.\n\nB\n\nsango de Sem, fivada em tubos de ferro galvanizade de 2% coatraventamento de 1,75m; em cida moodulo, estes anmbados\n\n-\n\n\n\nemi bloeos dle concreto, inclasive escavagiio, concretd dos blo08, reateiro, transporte, carga  descarga. exclusive pintura\n\n515.40\n\n\nForiedimento  clocagio\n\n.\n\n:\n\nEMOP 09 0150070\n\nm2\n\n16.11 Tela empolititeno de alta densidade, 100% virgen, com methia\' de\n(SxS Jom. com sesialencin 1 teacao de 250K, Fom.  colocagdo\n\nN\n\n336,00\n\n.\n;\n\n~\n\\\n\n+\n\n5.040.00]\n\nm2\n\nSCOFGY - PL1S 1009060\n\n~\n\n3.680,00\n\n4.028,00\n\n* 5,516,618\n\n2. 73800\n\n02,10\n\ney\n]\n\n>\n\n16.12\n\n2.477.82)\n\nC3:542,00\n\n\n\nCabio de acd gitlvanizado, dunwewode 3/8\", com Al\n\nde fitra, 6\n\nv\n\npermag com 19 hos. Pomecmiento.\n\n378.00]\n\n7.00\n\n54.00\n\n2.572,00\n\nv\n\nSCOAGV - 191 10.05 0350\n\n-\n\nD\n\nLo\n\n.\no\n\nTrave desmontavel para futebal de ssldo, emvtubo de forvo\n-\n\n. 1,00\n\n Jgalvamizado e buchas. Forneenento\n\nEMOP18 200.004-0\n\n,\n\n.\n\n3.142.00\n\n2.936.00\n\n300,00\n\npar - 1.500,00\n\n4\n\n.\n\n1.605,25]. .\n\n.\n\nN\n\nAR\n\nHutrowira para basquete, n@tahics, fixa, cor avaico livre d21,30m,\n\\\n\ncom tabelds de compensado naval, aos e redes Fomecimento \n\n1.0\n\ncolocacao, exclustve furacao do piso!\n\npar\n\nscomay - prasasoso\n.~\n\n16.15\n\n2.300,00\n\n2,500,00\n\n\n2.936,00\n\nT3192,00\n\n2.67541\n\n2:097,00\n\n. 2.191,00\n\n8.358,61\n\nv\n\n.\n\nU\nde 4 projejanes\n\nColocacao\n\ne\n\nequupidos com Jaragida de descarga.\n\nfixadus et poste ds aco reto, inclusive ferrapess de fixacto, .\n\n.\n\n16,00\n\noxtlusive projetores. |\n\n8.000,00\n\n500,00\n\nR\n\nSCQOFGY - (P 50 35.0300\n\n\ns\n\n.\n\n10.16\n\nPosic pyra voleibal em hibo de ferro galvanizado, com cata\n-Jea  buchias\n\nL\n\npar\n\nFomecimeno\n\nEMOP TS 200.002.0\n\n)\n\n.\n\n600,00\n\n.\n\n2.936,00\n\n600,00\n\n7\n\n314200\n\n+\n\n</\n\n&\n\n\n:\n\n4\n\n\'\n\n*\n\n1lind\nAP\n\nde Sovrad\ntdificsgfes\n20843\n\n_ACLIVE CNST\nA\n58 726/0080-54\n0i\no,\nCassidf\n08747\nCREAIRS 20071\n.\n\n642,10}\n\nE.\n\n\'\n\n.\n\n-\n\ne\n\n]\n\n6. |\n\n-\n\n7{Rede deknylon para finebiol de saldo. Formecimento\n\n3\n\nB\n\n.\n.\n\n\'\n\n.\n\nR\n\n~\n\ng\n\n1 :()(j\n\n)\n\npar\n\nEMOPER.200.005-0\n\nS\n\n]\n\n. :/()_()\'()\n\n.\n\n 7(),0()\n\n250,004\n\nwn -} 250,00\n\n1,007\n\n*\n\nT\n\n:\n\n267,54\n\no\n\n3.142,00\n\n 2,936,001\n\nN\n\n\'\n\n:\n\nimpermeatntizagao de laje cop asfulto elastorhirico, a base de SBZ\n\n-\n\n4\n\n*\n\nde 40m2, exclusive preparo, protecuo trmica  mecinica\n\n-,\n\n\'\n\nM\n\nB\n\nsubcobertura em fibras continuas de policti[cno de alta densidace,\nA\n\n.\n\nve m\\\'uki.r;lmmto\'p\'ua contrs-caibros em madewrs serada de\n\n*\n\n@\n\n{\n\n/\n\n;\n\n\n\n-\n\nm2\n\n1 59,74\n\n(1,54, 05em, Tyvec o sumldr Fomecimento  m~mlacao\n\ni\n\n;\n\n25,0()\n\n\'3.993,50\n\ne\n\n.\n\nT\n\n\'\n\ne\n\n4\n\n!\n>\n\nK\n\n6.22 Tanque du alvenaria de Ljolos mucigor, revestido com azule-\n\n| \n\n-\n\npermeavel ao-vapor e com resistencis a\'passagem :lc\'agun. wehusi\n\nSCORGY - 11005 oz~o\n\n.\n\n.\n\nN\n\nEMOP 16.025.010-0\n\nN\n\no~\nSO\n\nQe\n\nFo\'\n\n\n\nI\n\nU K,%_,.:_\n\n)\n\ndenvios com refor ) o uma tela de polister de gramatura minun4\n\n_\n. \n\na\n\na\n\n4\n\no\n\nPy\n\n.\n\nprinM em wina demiio  3, Skg/m2 de asfa',695,'en'),('a:4:{s:5:\"title\";s:26:\"Kodak Capture Pro Software\";s:6:\"author\";s:26:\"Kodak Capture Pro Software\";s:9:\"pageCount\";s:2:\"62\";s:10:\"hasOutline\";b:1;}',696,'en'),('a:4:{s:4:\"name\";s:42:\"Acrobat PDF 1.4 - Portable Document Format\";s:7:\"version\";s:3:\"1.4\";s:12:\"registryName\";s:6:\"PRONOM\";s:11:\"registryKey\";s:6:\"fmt/18\";}',697,'en'),('a:3:{s:4:\"type\";s:9:\"ingestion\";s:8:\"dateTime\";s:20:\"2023-10-16T11:29:53Z\";s:22:\"linkingAgentIdentifier\";a:3:{i:0;a:2:{s:4:\"type\";s:19:\"preservation system\";s:5:\"value\";s:20:\"Archivematica-1.12.2\";}i:1;a:2:{s:4:\"type\";s:15:\"repository code\";s:5:\"value\";s:3:\"ORG\";}i:2;a:2:{s:4:\"type\";s:21:\"Archivematica user pk\";s:5:\"value\";s:1:\"1\";}}}',698,'en'),('a:4:{s:4:\"type\";s:26:\"message digest calculation\";s:8:\"dateTime\";s:20:\"2023-10-16T11:29:53Z\";s:17:\"outcomeDetailNote\";s:64:\"59a2be38541fbce4d7a66a10b3b8f37ad9f0d7d43ebdbd800d76aa26ec6c26c7\";s:22:\"linkingAgentIdentifier\";a:3:{i:0;a:2:{s:4:\"type\";s:19:\"preservation system\";s:5:\"value\";s:20:\"Archivematica-1.12.2\";}i:1;a:2:{s:4:\"type\";s:15:\"repository code\";s:5:\"value\";s:3:\"ORG\";}i:2;a:2:{s:4:\"type\";s:21:\"Archivematica user pk\";s:5:\"value\";s:1:\"1\";}}}',699,'en'),('a:4:{s:4:\"type\";s:11:\"virus check\";s:8:\"dateTime\";s:20:\"2023-10-16T11:30:01Z\";s:7:\"outcome\";s:4:\"Pass\";s:22:\"linkingAgentIdentifier\";a:3:{i:0;a:2:{s:4:\"type\";s:19:\"preservation system\";s:5:\"value\";s:20:\"Archivematica-1.12.2\";}i:1;a:2:{s:4:\"type\";s:15:\"repository code\";s:5:\"value\";s:3:\"ORG\";}i:2;a:2:{s:4:\"type\";s:21:\"Archivematica user pk\";s:5:\"value\";s:1:\"1\";}}}',700,'en'),('a:4:{s:4:\"type\";s:12:\"name cleanup\";s:8:\"dateTime\";s:20:\"2023-10-16T11:30:02Z\";s:17:\"outcomeDetailNote\";s:166:\"Original name=\"%transferDirectory%objects/Processo 2010008091 - Vol VI_ocred.pdf\"; cleaned up name=\"%transferDirectory%objects/Processo_2010008091_-_Vol_VI_ocred.pdf\"\";s:22:\"linkingAgentIdentifier\";a:3:{i:0;a:2:{s:4:\"type\";s:19:\"preservation system\";s:5:\"value\";s:20:\"Archivematica-1.12.2\";}i:1;a:2:{s:4:\"type\";s:15:\"repository code\";s:5:\"value\";s:3:\"ORG\";}i:2;a:2:{s:4:\"type\";s:21:\"Archivematica user pk\";s:5:\"value\";s:1:\"1\";}}}',701,'en'),('a:5:{s:4:\"type\";s:21:\"format identification\";s:8:\"dateTime\";s:20:\"2023-10-16T11:30:05Z\";s:7:\"outcome\";s:8:\"Positive\";s:17:\"outcomeDetailNote\";s:6:\"fmt/18\";s:22:\"linkingAgentIdentifier\";a:3:{i:0;a:2:{s:4:\"type\";s:19:\"preservation system\";s:5:\"value\";s:20:\"Archivematica-1.12.2\";}i:1;a:2:{s:4:\"type\";s:15:\"repository code\";s:5:\"value\";s:3:\"ORG\";}i:2;a:2:{s:4:\"type\";s:21:\"Archivematica user pk\";s:5:\"value\";s:1:\"1\";}}}',702,'en'),('a:5:{s:4:\"type\";s:10:\"validation\";s:8:\"dateTime\";s:20:\"2023-10-16T11:30:15Z\";s:7:\"outcome\";s:12:\"partial pass\";s:17:\"outcomeDetailNote\";s:51:\"format=\"bytestream\"; result=\"Well-Formed and valid\"\";s:22:\"linkingAgentIdentifier\";a:3:{i:0;a:2:{s:4:\"type\";s:19:\"preservation system\";s:5:\"value\";s:20:\"Archivematica-1.12.2\";}i:1;a:2:{s:4:\"type\";s:15:\"repository code\";s:5:\"value\";s:3:\"ORG\";}i:2;a:2:{s:4:\"type\";s:21:\"Archivematica user pk\";s:5:\"value\";s:1:\"1\";}}}',703,'en'),('a:4:{s:4:\"type\";s:13:\"normalization\";s:8:\"dateTime\";s:20:\"2023-10-16T11:31:38Z\";s:17:\"outcomeDetailNote\";s:97:\"%SIPDirectory%objects/Processo_2010008091_-_Vol_VI_ocred-4ffcee94-d4c2-4976-b6ad-44b1861b97a2.pdf\";s:22:\"linkingAgentIdentifier\";a:3:{i:0;a:2:{s:4:\"type\";s:19:\"preservation system\";s:5:\"value\";s:20:\"Archivematica-1.12.2\";}i:1;a:2:{s:4:\"type\";s:15:\"repository code\";s:5:\"value\";s:3:\"ORG\";}i:2;a:2:{s:4:\"type\";s:21:\"Archivematica user pk\";s:5:\"value\";s:1:\"1\";}}}',704,'en'),('3fb45772-2ff4-40a1-87a2-fa47080308fb',705,'en'),('f9336958-96b3-4670-9c41-c4098daca9b1',706,'en'),('ELENILSOM SILVA\nDO\nNASCIMENTO:05327\n637425\n\nAssinado digitalmente por ELENILSOM SILVA DO\nNASCIMENTO:05327637425\nND: C=BR, O=ICP-Brasil, OU=Presencial, OU=\n01554285000175, OU=Secretaria da Receita Federal do\nBrasil - RFB, OU=RFB e-CPF A3, OU=(em branco), CN=\nELENILSOM SILVA DO NASCIMENTO:05327637425\nRazo: Eu atesto a preciso e a integridade deste documento\nLocalizao:\nData: 2023.09.27 10:07:48-03\'00\'\nFoxit PDF Reader Verso: 12.1.1\n\no\nESTADO DO RIO DE JANEIRO\nPREFEITURA MUNICIPAL DE ANGRA DOS REIS\n\n201008}\nf\n\nNumero do\nProcesso:\n\nData de Entrada:\n\n[\n| Unidade de Orizem:\n\n8091/2010\n\n:\n\n13/05/2010\n\n567-SOH-SECRETARIA MUNICIPAL DE OBRAS,\n2 g1TACAO E SERVICOS PUBLICOS\n\nTipo de Processo:\n\n227 - DESPESA.\n\nTipo de Assunto;\n\n429 - DESPESA\n\n\"INTERESSADO:\n\n\"\n\n\n\nLICITAGAO\n\nCPF/CINPJ:\n\nEnderego:\n\nTelefone:\n\nDescricao:\n\n, Bairro: - CEP:- - Cidade:\n\n() Ramal:\n\n~\n\nMM 0282/2010/SOH REFERENTE A\nCONTRATAGAO DE EMPRESA PARA EXECUCAO\nDA OBRA DE REFORMA DA ESCOLA MUNICIPAL\nPEDRO SOARES - PROVETA - ILHA GRANDE ANGRA DOS REIS. R$\n\nS v\n\ni)\n\nNFS-e - Nota Fiscal de Servigo Eletrnica Prefeiltura de Angra dos Reis\n\nPgina 1 de 1\n\nPREFEITURA DE ANGRA DOS REIS\nSECRETARIA MUNICIPAL\n\nv\n\n;\n\nPRESTADOR DE SERVICOS\n CPF/CNPJ:\n\n09.426.728/0001-54\n\nNumegggg%%g 4\n\nDE FAZENDA\nA\n\n201203090947672800015\n\nInscrigdo Municipal: 0024591\n\nNome/Razo Social: ACLIVE CONSTRUCGES LTDA\nL\nEnderego: RUA C 164, BLOCO-01 -APTO-306 - PRAIA DO JARDIM - CEP: 23800-000\nMunicipio: Angra dos Reis\n\nData e Hora de Emisso\n09/03/2012 10:20:42\n\nLMR3-ZAND\n\n|\n\nInscrigo Estadual:\n\nPROC\n\n8094 /4 O\nyy439,\n\nRO~\n\nUF: RJ\n\nASe\n\nf\nDE SERVICOS\n\nTOMADOR\n\n78490349\n\no\n\na8\n\nbttt\n\n%\n\nv\n\nNome/Raz&o Social:\n\nPREFEITURA MUNICIPAL DE ANGRA DOS REIS\nCPF/CNPJ:29.172.467/0001-09\nEnderego:\nMunicipio:\n\nDISCRIMINA(}AO\nREFORMA\nPROVETA\nMM.:\n\nDA E.M. PEDRO\n- ILHA GRANDE\n\n282/2010\n\n14 MEDIGAO\n\nRETENGAO\n\nInscrigado Municipal: 0000001\n\nPRC NILO PECANHA 186 - CENTRO - CEP: 23900\n1000\nAngra dos Rels\nUF:RJ\n| E-mail; e-e-\n\n- FINAL\n\nINSS\n\n(( %\n\n} f\n\nDOS SERVICOS\n\nN\n\n[\n\nv\n\nSOARES\n\n05.:130/2010\n\nPERIODO:\n\nS/ MAO\n\n\\\n\nN3.:0276/201|U\n\n07/01/2012\n\nA 05/02/2012\n\nDE OBRA = R53127,13\n\n : 400/%01@\nWLP 343\n\nCCl/ SOP\n| LANCADO MO SIG FIS\nA3 107 | 12\n\nlbrditpe L947\n\nVALOR TOTAL DA|NOTA = R$ 127.139,22\n\nCdigo do Servigo\n\n2609134 - CONSTRUCAO\nValor Total das Dedugbes (R$)\n\nCIVIL\nBase de Ciculo (R$)\n\n60.956,68\n\nAlfquotg (%)\n\n76.283,54\n\nValor do ISS (R$)\n\n6,00%\n\nCrdito p/ Abatimento do IPTU\n\n3.814,17\n\n0,00\n\nOUTRAS INFORMACOES\n\n- Esta NFS-e foi emitida com respaldo na Lei n 1.445/2\n003 e ng Decreto n 7.359/2010\n- O ISS desta NFS-e sera RETIDO pelo Tomador de\nServigo qus devera recolher alravs da Guia de NFS-e\n- (*) Documento emitido por ME ou EPP optante pelo SIMPLE\nS|NACICNAL .\n- Esta NFS-e ndo gera crdito.\n.\n\nCerttifico a exscucdo\n\ndo(s) servigo$\n\nprestados coniomqe Giurimninado acima,\n\nAngres B\n\nRuis]\n\nQ9.7\n\n6 jw/__.f_z__\n\nN\n\nN\n15\n\nhttps://www.spe.angra.rj.gov.br/NF SE/contribuinte/ncta\nprint.aspx?ccm=24591&nf=9. .\n\noeifd\n\ns\n\nga4\n\n09/03/2012\n\nPR\n[\n1\n\nf]\n\nvy\n\n.\n\n[\n\no~\n\nAsE\nL\n\nALLIVE CONSTRUGYES\nL TOA\n\nDATA:\n\n|\n[\n\nDEMONSTRATIVO\n142 MEDICAO - FINAL\nOBRA: REFORMA DA ESCOLA MUNICIPAL PEDRO SOARES\n\nel\n\n13/02/2012\n\n|\nMM.: 282/2010\n0S.: 130/2010\n\nPeriodo: 07/01/2012 A 05/02/2012\n| QUANT. | UNID.\n[ 4763,25|\nm2\n0,00\nm2\n609,04\nm2\n609,04\nm2\n[3.321,00]\nkg\n[3.321,00]\nkg\n33,21\nm3\n10,00\nm2\n49,15\nm\n7,56\nm2\n2,00\nun\n0,00\nm2\n1,00\npar\n1,00\nun\n2,00\nun\n4,00\nun\n4,00\nun\n4,00\nun\n| 24,00\nm2\n| 171,21\nm2\n| 343,00\nun\n17,12\nm3\n| 147,00\nvj\n40,00\nvj\n[4.752,00\nrf\n40,00\nvj\n14,00\nun\n1,00\nun\n4,00\nun\n| 117,00\nm2\n4,00\nun\n| 21,00\nun\n| 16,00\nun\n6,00\nun\n1,00\nun\n2,00\nun\n2,00\nun\n7,00\nun\n4,00\nun\n1,00\nun\n[1.677,80]\nm2\n100,00\nun\n1,00\nun\n1,00\nun\n1,00\nun\n| 25,00\nun\n\nY\n\n|\n\nLOCAL: PROVETA\n\nITEM\n2.12\n2.14\n4.1\n4,2\n4.3\n4.4\n4.6\n8.1\n12.7\n16.6\n16.7\n16.8\n16.17\n16.18\n16.22\n16.23\n16.24\n16.25\n16.38\n17.1\n17.2\n17.3\n18.1\n18.3\n18.4\n18.5\n19.1\n19.6\n19.7\n19.10\n19.14\n19.20\n19.27\n20.5\n20.25\n21.1\n21.2\n23.8\n23.10\n24.3\n25\n26\n27.1\n27.2\n27.3\n27.10\n\nM 809 M0\nAB19) ...\n\nNE.: 0276/2011\nR$ UNIT.\n4,00\n10,00\n25,00\n12,00\n5,00\n3,00\n350,00\n200,00\n75,00\n150,00\n300,00\n3,50\n70,00\n250,00\n500,00\n20,00\n25,00\n40,00\n500,00\n3,00\n6,00\n120,00\n1.370,00\n700,00\n25,00\n1.000,00\n230,00\n100,00\n200,00\n50,00\n80,00\n320,00\n25,00\n50,00\n450,00\n200,00\n370,00\n650,00\n850,00\n8.500,00\n0,75\n1.260,00\n989,09\n2.636,83\n236,61\n9,79\n\nQ. MEDIDA [Q. ACUMUL.|\n-96,00\n4763,25\n-178,75\n0,00\n102,44\n09,04\n102,44\n609,04\n1.294,60 | 3321,00\n1.294,60 | 3321,00\n7,88\n33,21\n10,00\n10,00\n-18,26\n49,15\n7,56\n7,56\n2,00\n2,00\n-1.161,95\n0,00\n1,00\n1,00\n1,00\n1,00\n2,00\n2,00\n4,00\n4,00\n4,00\n4,00\n4,00\n4,00\n7,70\n24,00\n171,21\n171,21\n343,00\n343,00\n17,12\n17,12\n5,00\n147,00\n2,00\n40,00\n190,00\n4752,00\n6,00\n40,00\n14,00\n14,00\n1,00\n1,00\n4,00\n4,00\n70,20\n117,00\n4,00\n4,00\n21,00\n21,00\n16,00\n16,00\n6,00\n6,00\n1,00\n1,00\n2,00\n2,00\n2,00\n2,00\n3,00\n7,00\n1,00\n4,00\n1,00\n1,00\n1.677,80 | 1677,80\n5,00\n100,00\n1,00\n1,00\n1,00\n1,00\n1,00\n1,00\n25,00\n25,00\n\nTi7+ SCATUfTI0 UG OU0Za\n\nggg da kroids dz B4 oooEs\n1at 2843\n\nR$ MEDIDO\n-384.00\n-1787,50\n2561,00\n1229,28\n6473,00\n3883,80\n2758,00\n2000,00\n-13639,46\n1134,00\n600,00\n-4066,83\n70,00\n250,00\n1003,00\n80,00\n100,00\n160,00\n3850,00\n513,63\n2058,00\n2054,40\n6850,00\n1400,00\n4750,00\n60C0,00\n3220,00\n100,00\n800,00\n3510,00\n320,00\n6720,00\n400,00\n300,00\n450,00\n460,00\n740,00\n1650,00\n850,00\n8500,00\n1258,35\n6300,00\n989,09\n2636,83\n236,61\n244,75\n\nR$ ACUMUL.\n19053,00\n0,00\n15226,00\n7308,48\n16605,00\n9963,00\n11623,50\n2000,00\n3686,25\n1134,00\n600,00\n0,00\n70,00\n250,00\n1000,00\n80,00\n100,00\n160,00\n12000,00\n513,63\n2058,00\n2054,40\n201390,00\n28060,00\n118800,00\n40000,00\n3220,00\n100,00\n800,00\n5850,00\n320,00\n6720,00\n400,00\n309,00\n450,00\n400,00\n740,00\n4550,00\n3400,00\n8500,00\n1258,35\n126000,00\n989,09\n2636,83\n236,61\n244,75\n\nPROC. K403\nLM O\ni:;:_;\n\ne\n- 27:11\n\n27.12\n27.13\n\nAssio\n\n.439%\n\n.. &um\n\n25,00\n\nun\n\n12,39\n\n| 320,00\n2,00\n\n25,00\n\nm\nun\n\n25,00\n\n2,52\n288,61\n\n309,75\n\n320,00\n2,00\n\n320,00\n2,00\n\n309,75\n\n806,40\n577,22\n\n806,40\n577,22\n\n27.14\n\n26,00\n\nm\n\n44,78\n\n27.15\n\n26,00\n\n26,00\n\nm\n\n26,00\n\n20,57\n\n1164,28\n\n1164,28\n\n27.16\n27.17\n27.18\n27.19\n27.20\n27.21\n27.25\n27.26\n27.29\n\n26,00\n\n18,00\n4,00\n4,00\n2,00\n2,00\n39,00\n| 432,00\n20,00\n2,00\n\nun\nun\nun\nrolo\nun\nun\nm?2\nun\nun\n\n26,00\n\n20,82\n\n18,00\n\n18,00\n\n5,78\n5,53\n4,23\n699,25\n136,06\n\n534,82\n374,76\n\n9,62\n80,46\n1.514,50\n\n4,00\n4,00\n2,00\n2,00\n13,00\n432,00\n20,00\n\n534,82\n374,76\n\n4,00\n4,00\n2,00\n2,00\n36,00\n432,00\n20,00\n\n2,00\n\nun\n\n143,03\n\n2,00\n12,00\n\n23,12\n22,12\n8,46\n1398,50\n1768,78\n4155,84\n1609,20\n3029,00\n1716,36\n\n23,12\n22,12\n8,46\n1398,50\n5306,34\n4155,84\n1609,20\n3029,00\n1716,36\n\n27.42\n\n12,00\n\n12,00\n\n27.45\n\n6,00\n\nun\n\n95,85\n\n27.46\n\n6,00\n\n17,00\n\n6,00\n\nun\n\n575,10\n\n271,66\n\n575,10\n\n27.47\n28.1\n\n2,00\n1,00\n\n17,00\n\nun\nun\n\n17,00\n\n373,84\n863,25\n\n4618,22\n\n2,00\n1,00\n\n4618,22\n\n2,00\n1,00\n\n747,69\n863,25\n\n747,69\n863,25\n\n515,84\n17964,24\n\n515,84\n17964,24\n\n1131,66\n1131,66\n\n1131,66\n1131,66\n\n28.2\n\n2,00\n\nun\n\n257,92\n\n28.3\n\n2,00\n\n855,44\n\nm?2\n\n855,44\n\n28.4\n28.5\n\n1,00\n1,00\n\n2,00\n855,44\n\nun\nun\n\n21,00\n1.131,66\n1.131,66\n\n1,00\n1,00\n\n1,00\n1,00\n\nTOTAL\n\nR$ 127.139,22 | R$ 2.475.776,40\n\nVALOR CONTRATADO:\n\nR$ 2.472.266,40\n\nVALOR DA MEDIGAO ATUAL:\nSALDO A FATURAR:\n\nR$ 127.139,22\nR$ 0,00\n\n426 7/2 l0001-_54\n\n{ano Sodres Jorddo\nCREA/R\n\n.\n\n2007 108747\n\nS\n\n\nPrefeitura Municipal de Angra dos Roix\n\nProc.m\n\n130\n\n m_\n\n) Secretaria Municipal de Obras, Habitagao e Servigos Publicos\n;\n\nOrde}da_erg:p No\nACLIVE CONSTRUGOES\n\nS\n\n~s\n\nGerncia de Procedimentos e Gestao Administrativa\n\nFavorecido:\n\n\n\nPMR\n\nEstado do Rio de Janeirc\n\nN\n\n130/2010/S.0.H\n\n\n7\n\nLTDA\n\nOBRA DE REFORMA DA ESCOLA MUNICIPAL PEDRO SOARES,\n\n| Servigo:\n\ni\n\nMemorando:\n\nContrato:\nPrazo:\n\n.\n\ng\n\n089/2010 DE-17/11/10\n\n-\n\nValor:\n\n\n\n282/2010\n\nR$\n\n540 dias\n\n2.223.\n$2223.500,00\n\nEmpenho:\n\nLicitagdo/Modalidade:\n[\n\n.\n\n,\n\nBairro: PROVETA\n\n\'\n\n3699/2010\n\nJ08/2010/SAD.SSLC\n\nCONCORRENCIA\n\nPela presente Ordem de Servigo, fica afirma acime, autorizada a Iniciar os servigos acima\ndescritos os quais serdo executados de acordo com o engentisiro desta secretaria , abaixo\nfirmado, que exercera a fiscalizagao dos mesmos.\n\nA\n\n.\n\nAngra dos Reis,\n.\n\n7 3 de\n\n.\n\nL J\n\nAdriana Soares de Ofiveiza\n( /\nSubgecretsria de Ediicaghes\n\n.\nare\n\n-\n\n4\"7\'/0\n\nDe@orrdLo\n\net\n\nSubsecmtaro Competente\n\nsH E\nSS\n\nAN\n\nw\n\nSp@&\nSecretaria Mumc\' al de Obras\nSefficos Publicos\n\nMatr. 20844\n\no\na\\)a@o\n\noP@\\\\cos\n\ns\n\n007 108747\n/ REAIRJ 2\n\nQNSTRUGOES LTDA\nCNPJ 09426 728/0001-54\nCasstano Soafes Jordda\n\nCREA/RJ 2007 108747\n\n-\n\n:\n\n\'\n\n\n\ng\n\n.\n\n.\n\n.\n\n-\n\n.\n\npres\n\n8091/tO\n\nr..\n\n1322\n\n-\n\n.\n.\n\ni\n\n/\n\n\\\n\n.\n\n.\n\n.\n\nf\n\n)\n\nf\n\n.\n\n.\n.\n\n)\n\n\n\nAE\'\"\n. Bromenss ctsessimses r2\n\nA\n\n\n\n\n\nA\n\n-\n\n\n\n:\n\nt\n\n[l\n\n.\n\n[N\n\ne\nerumsseresy\nat D pweare\n\nv\n\n$o~,4_//zo\n\npPRCT\n\n:\n\n:\n\n.\n\no\nESTADO DO RIO DE JANEIRO\n\'PREFEI\'TURA MUNICIPAL DE ANGRA DOS REIS\n\n.\n\nCNPJ: 29. 172. 467/0001-09\n\n)\n((H e\n) /u\n?G ,\n\nL\n:\n\nIAss\n\n\\{\\,\n\n:\n\n_\n\nSECRETARIA MUNICIPAL DE OBRAS, HABITACAO E SERVIGOS PUBLICOS\nP\n\n000276 /2011\n\nN.\n\nEMPENHO\n\nDE\n\nNOTA\n\n/\nP\n\n .\n\nCLASSE: CONSTRUCAO E REFORMA DE PROPRIOS MUNICIPAIS\n\n-\n\n\" Data de Elaboragdo....:\nNiimero da Conta........ :\n\n~\n\n\n\n\n\n- CNPJ/CPF 09.426.728/0001-54\n\n.\n\nCREDOR : 26271 ,-ACLIVE CONSTRU(;C)ES LTDA\n.\nATUAGAO : PRESTACAO DE SERVICOS\nRECURSO : ORCAMENTARIO\nCLASSIFICAGAO : ESTIMATIVO\n\n1.485.115,00\n\n\"+ VALOR:\n\n-\n\n.\n\n03/01/2011\nN\n\nESPECIFICAGAO DA DESPESA 842\'-20.07.339039.12.361.0166.2.339.05.00\n20 -PODER EXECUTIVO\n:\n7 -SECRETARIA MUNICIPAL DE OBRAS HABITAGAO E SERVICGS PUBLICOS\n.\n339039 -OUTROS SERVICOS DE TERCEIROS - PESSOA JURIDlCA\n12. EDUCACAO\n361 -ENSINO FUNDAMENTAL 166 - IMPLANTAGAO E AMPLIACAO DE NOVAS UNIDADES EDUCA(,IONAIS\n\n.\n\n2339~ MANUTENCAO E CONSERVAGCAO DE UNIDADES ESCOLARES\'\n\' 5 SALARIO EDUCAGAO\n\n1.822.000,00\n\n-\n\nVALOR ORCADO\n\n.\nSALDO ANTERIORDAVERBA\n:\n\" VALOR DO EMPENHO .\nSALDO ATUAL DA DOTACAO\n\n\n\nPROCESSO:\n\n809172010\n\no\n\n.\n\n\n\nL4\n\nAN\n\n.\n\n,\n\n-\n\n1.485.115,00\n148511500 .\nY I\nI\n\n.\n\n:\nR\n\n\'\nHISTORICO DO EMPENHO:\nMIM 0024/2010/SOH REFERENTE A REEMPENHO DOSALDC DA NE; 3699/2010 E COMPL EMETO AO\' CONTRATO\n\n\'\n\n- N 089/2010 DA OBRA DE REFORMA DA ESCOLA MUNICIPAL PEDRO SOARES NO PROV:TA lLHA GRANDE ANGRA DOS REIS. PROC. 809|/2010\n\nFUNDO::\n\n\n\nPROCESSO\n\nLICITATORIO:\n\nCONTRATO\nMODALIDADE\nN/ \\\'05 _\n\nra de Controke Interng\n\nRESPONSAVEL\n\n\" Matr. 20452\nDv/ 634\n\n\n-\n\nREC\n\n:\n\n.j@\n\nOR\n\nris DESPESA\n\nELENIZE CAMBEIRO SANTANA\n\' &0\nS\"o.asae.ed Q,OW \'\nol\n\nReoeb(n)(emos) da PREFEITURA MUNICIPAL DE ANGRA\'L & REIS a importanciaacima especificada.\n-9\n/\n\nPagoem_\n\nN\n\n\'\n\ne\n\n)\n\n_\n\nv\n\n.\n\n.\n\n.\n\nN\n\n\'\n\nCredor\n\nte\n\n/\n\nSOH.\no\n\n.\n&\\ L\n\n6&\n\nG\n\nv\n\n\'\n\n.\n: : CONCORRENCIA PARA COMPRAS E SERVICOS\nJULGAMENTO: 2 - MENOR PRECO GLOBAL\n/2010\n008\n\nWsafegw%agmespegwdo desta\"Nota de EmPenho\n\nP/\n\n.\n\n)\n\n\\\n\n_\n\n!\n\nsaanlea |,\n\nPROC. W?\n\nA324 -\n\nFoL\n\nRELATORIO DIARIO DE OBRA\n\n~\n\nJoa\n\nCLIENTE: Q\\T\\\\\\AR\n\nMOTIVO:\n\nTEMPO\n\nlCJ\n\n\n\n.B\"Qx\\_m so\n\nAL\nS | som+\n\nDIA DA SEMANA\n\n\'\n\nPRAZO CONTRATUIAL\n\nDIAS DECORRIDOS\n\nPRORROGAGAO\n\nDIAS RESTANTES\n\nSy\n\nS\\\nFISCALlZAGi\\O\n\nCONTRATADA\n\n%\'&bmbo\n\ne,\n-\n\n.\n\nS\n\n|\n\n0N\n\n\\ -\n\nE {9% VACOY\n: :)2 (mm@\np\\km;&u\n\ne\n\n\\f&b\n\nN\n:LQ QR\n\n(RQ\n\n\\Y:D\'DJ\\ZQ#AZSL\n.:\n\n\n\\r(\\i(\\@\n\nws\\g@&\'\n\nSthense\n\nQ@(&;%\n\n\'\n\n- \\ Onlo;\nQ-&mb\\f}@ | (\\\\K ;j\\ji\\&!\\f\\t)\n\nR\n\nA\n\nl\\\n\nQ L SN\n\n\n\nDIAS D!\'EATRASO\n\nPRAZO EFETIVO\n\nDURAGAO\n\n\n\nRS\n\n\'\n\n\'\n\n-\n\nS\n\nQ4F\n\nQoo lq\n\ne Sooms\n\nCl/ CHUVA\n\n\n\n. .\n\nj\n\nW\n\n-\n\n7\n\n4\n\n/A\n:\nGOESHFOA\nT!\nACLIVE CONS\n0001-54\no 1 g 426 728/ [} L20\n) Kwsim\n_crEHR1 2007 10\n\nCONTRATADA\n..//\'\\\n\n\'\n\n\'\n\nL=\n\ney Iy\n\nPROC. N S0IL/Q....]\nFOLIA b N30\n\nRELATORIO DIARIO DE OBRA\n\n- | pata\n\n| cLiente: Pf(\\g\n\nNeLIVEAT\nT\n\'2\n\nIE:(E)I\\:\"PO\n\n(&3\n\n\n[ / cHuvA\n\nBRA @M\n\n,;.% Ql\' am@-\n\nDIA DA SEMANA\n\nM.\n\n&\n\nG QM&CQQD@&.\n\n&L\\%\n\nDIAS DECORRIDOS\n\nNEATUAL\n\n)\nPRORROGACAO\n\nDIAS RESTANTES\n\ni\n\n.\n\n<E | puragAo\n\n\n9y\n\nD\\Vg\\\n\nPRAZOS\n\nMOTIVO:\n\n. .\n\nVO\nPRAZOFET\n\nT\n\n.\n\nDIASDE ATRASO\n\nFISCAL|ZAC,AO o\n\nCONTRATADA\n\nST\n@@Qf@@&\n\n&QM\\MO\\\n\nA&\\@m )\\f\\\\(\\(z S\n\n._\n\n(C\\xm\\\\mm\n\nAN\n\n)\n\ne,\n\nA\n,\\-\":/\nNG\n\n\'y QUL\"\n,\"..\n\nT\'agm?{ % 7 R\ng@!n\ne (-r\n\nCONTRATADA\n\nFMIZAQAO\n\nT\n\n_\n\nRELATORIO DIARIO DE OBRA\n| cuente: PW\\R\n\nASHYE [ R\n.O\n\n\" TEMPO\n\ne  0 Beyio S\n\nMOTIVO\n\n< |\n<\n\nDIAS DECORRIDOS\n\n.\n\n=\n\nPRAZO (EjETI\'VO\n\nDIAS DE\'ATRASO\n\nQU\n\nCONTRATADA\nA\n\n|\n\nDIAS RESTANTES\n.\n\nT\n\n/QO-L&\n\n[S0dE | 99\nPRORROGAGAO -\n\nDURAGAO\n\no\n\n1 Q\n\n4o\n\n[ / cHuva\n\n\n\nI\nDIA DA SEMANA\n\nPRAZO,CONTR\'ATUAL\n\nS | X som\n\n\nDATA\n\nFISCALIZAGAO\n\nQ.\n\nPROG. 4 8094 110..._\n\n-\n\nFOLIe: \'\nRt\n\n_a\n\n43486\n>\n-\n\n\\(\\i\\\\k\\\'\\ AN\n\n|\n\n:\n\n-\n\nAcuvl./ON\nGogs LTOA\n09 aml\n=54\n\nC\n\nAIRJ 206108125\n\nCONTRATADA\n\n-\n\nF|SCAL|ZA!;7\\0\n\n:\n\nRELATRIO DIARIO DE OBRA\nCL\'ENTE\n\nACLIVE\n\nREiE\n\n\np(g\\g&\n\n=AY @z,c\\v\\@ C@g&x\n\nMOTIVO:\n\nQl &@j\n-\n\n[J / cHuva\n\nAN\n\nST\n\n&1@3\n\nPRORROGAGAO -\n\nDIAS RESTANTES\n.\n\nDURAGAO\n\nPRAZO EFETIVO\n\no\n\n\n\nL\\Q\n\nB\n\n.\n\nCONTRATADA\n\n-\n\nFISCALIZAGAO\n\nQmiklmo_\n\nPROGC\n\nDugs_px:s ATRASO\n\n|\n\n8.055_4 7.//0._. i\n\n13 C: o\n\n.\'/)3,2,4....\"\".-\n\n~\n\n\\\nQ&@:g %g@\n\nQe\n\ndno\n\n)\n\n.\'xc\\\\i\\(\\acccix{Qn\n\nACLI\n\n\'\n\nc\n-\n\nCONSI\n\npJ. 09\n\no\n\n\n\n\'\n\nES LTDA\n728/ 001\n\nSpares ]\n\nCRE\n\n. cul\nR\nT e g 0. A O\nCONTRATADA\n\n\";\"\'FlSCp(ZAgAO\n\n|\n\'\n\nPRAZO SL\\Q\nCONTRATUAL | | DIAS DECORRIDOS |\n\n-\n\n\n\n16\n\nDIADASEMANA\n\n[osma @mmg\n\n<o\' || & Tempo\nsom\n\n- | para\n\noo\n\n\'/\n\nRELATORIO DIARIO DE OBRA\n\n#\n\nCLIENTE PW\\QR\n\nZALA EEM\\ND\n\nSt\nlo\' |\n\n\'S\n\n93 Q)@am\': M, Q@);\\@ C)@m, T%\n\n\nMOTIVO\n\nTEMPO\n\n:\n\n|Isom\n\n\n\ne\n\nQ.L\n\nL 351\n\n|PrAZO SonTRATUAL | S1AS 222CRR DoS\n\nSio\n\nXl / cHuva\n\na\n\nPURAGAO\n\nPRCRICGAGAD -\n\nDIS REZTANTES\n\nPRAZCEFETVG\n\nDIAZ CE ATRASD\n\nH\n\n-\n\nS\n\nCONTRATADA\n\nPR\n\nO\n\nNa&Rla\nQ@&@:m@ Y\n.\n\n\\dq @/\\Q}\\\n\n~\n\n\\\n\n.\n\n-\n\nRn2 4 1\"{{\"\n\n439y\n\n.\n\nl\n\n\n\n7:\n\n/|\n\nA\n\nOy\n09478\nNP8\nares T2ZBIORTSJoeo\n\n\n\nU;;{AIRJW\'?\n.\n\n-\n\n. CONTRATADA\n\n;\n]\n\nA\n\n=~\n\n|\n\nF|SCALIIZAQ AO\n\nd WN;MR\\Q\n\n-~\n\n\n\n.-\n\nFisEuzAgo\n\n1\n\n|}\n\nJ\n\n |\n\n76t\nO_EQ\n\nR\n\n-\n\n|\n\nN/\n\n|RELATGRIO DIARIO DE OBRA\nCLIENTE\n\n@mg\n\n\"\n\ng\n\nMOTIVO:\n\nA5, O/ Sald\n\nJla SA SEMANA\n\nACLIVE\n\no)\n\n\' DATA\n\nQ\n\ncowerivear: | OBRA Qo\\(m\\m%\nTEMPO\nX\n.\nO | ] BOM\n[J crcHuva\n5N\n\n-\n\n,j\n\nT\n\nfw\n\n-\n\n|FL\n\nShaaale, | 959\n\nQo_gg RS AR\n\n.\n\nPRAZO COR MTRATUSL\n\nDURAGAO\n\n_\n\nDieS RESTANTES\n\"\n\nFRAZO ZFETWVS\n5\\! t:, .\n\no\n\nCONTRATADA\n\n|\n\nPR \':.\n\ngn%/#?\n\nN\n\n- >\n\nALY\n\n@&@,gigb\n\nacios\n\ne\nCONTRATADA\n\nCIaS DE ATRASC\n\nFISCALIZAGAO\n\n\\\\\\@\\@\nPxml\n\n| DASDECGAR DOS\n\nLoy\nPRCRROZAGAC\n/\n\n-\n\n\\/u\n\nFnsc\\AtliA(;AO\n\n,\n\nBN\n\nI\n.2\n\nS\n\nN\n\nDrm AR\n\nBm@lm L A\nTEMPO\n\np@/\\m S oover,\n\nMOTIVO.\n\nJBom\n\nN\n\nDIAS CESCRFIZOS\n\n A\n\n3 A3RIZIANTES n\n1\n\nDURACAO\n\ns\n\n&q&\nF20ZRCGATAC\n\n.\n\n\n<\n\n\"D\n\nFREZC :J;DiNTI?QTLI_}\\L\n\n7] / cHuva\n\n-\n\ng\n\nDid D4 ST AAA\n\n_O\'\n\n| cuene:\n\nDaTa:\n\n.gc\n\nRELATORIO DIARIO DE OBRA\n\nFRAZO EFETIVD\nR\n\n!:; D STRASC\nTR\n\n249\n\nCONTRATADA\n\n.\n\nFISCALIZAGAO\n\n\n\nY\n\n7RO\n\nA\n\n)\nONSIROGOES\n\nACQVEC\nmm\nN\n(i_\n\nSoares\nonl\n\n1082\n\nLTDA\n54\nrddo\n\n-CREAIKJLN\n\n1\n\n\'\n\n\n\n:l\n\nB\n\ni l wg S0\n\nCONTRATADA\n\nTHRAD FC\n\n_;\n\nff\\q\'\n\n5 J:-\"\n\nA\nol\n\ni \'3 7Y\nFlsc,&LLZAcAo\n\n-\n\n|\n]\n\nLE;\n\n33\n\nl\n\nY\n\'2.\n\nT\n\nNy\n\n\\.:1.\n\n1 fig gl\no\n\nANEN;\n\nn\n\nP\\\\N\\SI\n\nRELATORIO DIARIO DE OBRA__\n| cuiente: @m\n\nACLIVE\nIO\' \'\n\nQR\n\noBrA; L% \\m\\m =\n\nCONSTRUGCOES\n\n- | bATA8,0 Ql @Q@\nDIA DA SEMANA\n\nQ@AQ\n\n|Senste,\n\nC\\@QM\n\nYO\n\n.\n\n-1\n\nDURAGAO\n\n\n\n&\n\nCONTRATADA\n\n|\n\nSHO\n\n\n\nFISCALIZAGAO\nPROL. ! Bo 0.\nP\n\n_f,\\.(._.._...\n\n@&(@J[},&Q\n\n&)\n\n/]\n\nViovelena\n\nQi\n\nG\n\nS\n\n~\n\n7\n.\n\n.| DIAS DI:EATRASO\n\nPRAZOEFETIVO\n\nLislune (orods\n\nN\n\nDIAS RESTANTES\n\nPRORROGAGAO -\n\n] c/ cHuvAa\n\n\n\nS5\n\nPRAZO CONTRATUAL | DIAS DECORRIDOS\n\nMOTIVO\n\n TEMPO\n\nS | i1 som\n\nN\n\nl\n\nGR\n\n/\n\n!\n\nP\n.\n\nCONTRATADA\n\n-,\n\ntnrtl)\n\nM.\n\nSC(J-\n\nke\np\n\n {\"\n\n.\'3\"\"3\"7\n\n\'FISCALIZAGAO\n\ne\n\n:\n\n|\n\nRELATORIO DIARIO DE OBRA\nCLIENTE\n\nACLIVE\n\nCoNsTRUGOES\no|\n\nDATA\n\n__B_/Ol\nM\n\n@X&\\R&\n\nm\n\nDIA DA SEMANA\n\nE\n\n\\\'\\[\\ QQQ\\\\))\\@\n\n\' M\n\nTtEMPO\n\nPRAZ\n\nS|geom\n\n\n% C/ CHUVA\n\n5\n\nDURAGAO\n\n=5\n2\n\n|\n\no\n\n.\n\n&&\n\nNTRATUAL | DIAS DECORRIDOS\n\n0L\\Q |\n\nPRORROGAGAO\n\nCONTRATADA\n\nDIAS RESTANTES\n\n_\nPRAZQEFETNVO\n\n|\n\n.\n\n| DiAS DE ATRASO\n\ns\n\nFISCALIZAGAO\n\nSRR\n\nPROC\n\nv goaslte|\n\nFOLbee o B8\nol\n\nDo\n\nM\n\nAss.\n\nPy\n\nB\nA ae sy\n\n\n\ni EQ\'J\n~ CONTRATADA\n\n\'\n\no\n\npeyertsU\nR\n\nHMZAQAO\n\n\'-\n\net\nCamird\nsunirme\nst\n\nRELATORIO ARIODEOBRA\nDIARIO DEOBRA\n@Q&\\Q&m\nOBRAMOTIVO:\nST\n\' TE_MPO\n12\'_\ng_\n\n< |\n\n[\n\nPy\n\n|\n\n|\nCONTRATADA\n\n\'\n\nL\n\n@f@wa%g@\n\nSUQ \'\n\nke8034//70 T\n\noo\n\nS\n\nR\n\n\\Q\" Qe\n\nACLIVE\n\n.\n\n.\n\n.\n\n\n\n-\n\n(assigho Soares ] rddo\nArerR\nCRERRY12007 108747\n\n.\n\n.\n\n-\n\nCONSJRUGOFSTTDR\n\nondd_0a 458 728/0001-54\n\n7\n\n/\n\nTt1;9{39 ek \' s\nu.\n\n~ CONTRATADA\n\n.\n\n,...\'}};i...:i (_%} ;,...:::;z:*:..:.i\n\n-\n\nQo\n\n,\n\nD|AS DEATRASO\n\nEFETIVO\n\nB u\n\nrggm@wam\n\n.\n\n\nF ISCALIZACIT\\O\n\n,\n\nNAO\n\nM(RXQ&\n\nDIAS RESTANTES\n\ns\n\nPRAZO\n\ni\n\no\n\nPim\\\n\nSHo-\n\npuragAo\n\'\n\nDIAS DECORRIDOS\n\nPRORROGAGAO\n\no\n\nv\n\ngs\n\nOb{@\\\nPRAZO CONTRATUAL\n\n:\n\n;\n.\n\nB\n\ncicHuva\n\ne\n\nXAVpa&\\f\\@ Emm,\n\nP\n\n\n\nX BOM\n\n0w @ ,bl @m& i\n\'\n\nD\n\n_\nACLIVE |ouar PINRR\n\'O\'|\n\n]\n\nE\n\n-\n\n.\n\n\'\n\nqL\n\n,\n\nLo\n\n/\n\nFlsc\\AZ?\\c;Ao :\n\nRELATRIO DIARIO DE OBRA\nCLIENTE\n\nP\\;\\R\n\n.\n\n.\n\n\\\n\ng\n\n& TEMPO\nBom\n[\n\n5\n\nOBRA\n\nmm\n\nMOTIVO:\n\n_\n\nl cHuva\n\n\n\n|\n\n@\n\ne\n\n\\\\T&\n\n&5$\n.\n\nPRAZO CONTRATUAL\n| DIAS DECORRIDOS\nSUO\n\n\n\n\'\n\n.\n\n&M&\nT-\n\n|\n.\n\n.\n\n|\n\n\\\\,\\\n\n.\n\n.\n\nDURAGAO\n\no\n\nE\n\n\'\n\nDIADASEMANA\n\nACLIVE\nCONSTRUGCOES\n\n2Ol\n\n| oA\n\n4\n\n|\n\n:\n\nPRORROGAGAO\n\nDIAS RESTANTES\n\nPRAZO EFETIVOe DIAS DE\'ATRASO\n\n|\n\nYO\n\nCONTRATADA\n\n|\n\nFISCALIZACAO\n\nT\n\n-\n\nPROC, MO gow//o\n\n\'&WQQ\n\nQAo\n\num\\:;\\}g\\\\@&\n\nc\n\'\n\n\n\nJ 09 42\n\n\n\n.\n\nQo\n\nl_,\nStengod\n\n\" G-\n\n--7m<_.-\n\n:\n\nES LTDA\n23/1 54\n\n:\n\n\n\no\n\nnnf(\n\n:\n\n.\n\n-\n\n]\n/\n\n\n\n~\n.\n\n-\n\nM.\n\n.\nv\n\nC))00/1{\"\\7\nA\n\nThizon !1 e PRl\net\n\nCONTRATADA\n\n- -\n\n-\n\n\'\n\n/\n\nFIS(SA_ IZAGAO\n\n-\n\nR\n\n-\n\nRELATORIO DIARIO DE OBRA\n\n|\n\nDATA\n\n@& @m@f\n&&/\n\n| cuente: @\\%R\n\nA\n\n[R\n\nACLIVE\nTEMPO\nBOM\n\n\n\n[J / cHuvA\n\n| DIAS DECORRIDOS|\nPRAZO.CONTRATUAL\n.\n(5&\\0\n\nMOTIVO:\n\nDIAS RESTANTES\n\nPRORROGAGAO\n\nd\n\n.\n\ng\n\nDURACA_O\n\nRAZO\n\n.\'\n\n\n\nPROC, M 8034/4Q-m-\n\n,\n\n2y Baco.\n\nA\n\nMY RO,\n\n/)23:7..\n\';\nH\n3)\n:H\n\ni\n@\n\n.\n\nDIAS DE\'ATRASO\n\nFISCALIZAGAO\n\nCONTRATADA\n\n\n.\n\nOWO\n\n~\n\n|\n\na\n\nEFFTIVO\n\nAM@%LAQ_@@\\&\n\n/\n\nR\n\nsTon\nAGLIVEPJ coy(2%01UM\n((:Nasil\n\n0\n\nQafFJJOT\n\n0\n\n!\n;\n]\n\nCratO3o\nA f-fg f\n\nU\\ uuv.._.\n\nARG\n\nPk\n\nel\n_\n\nr_\',:\n(h( \'\\\n\nCONTRATADA\n\n,\'{\n\nFtsbA(UZA(;Ao\n\n|\n\n-....\n\nm\n\nEw Gdis Seows [Padle\n\n9%Q,%\n\nf\n\no\n\n,5\n\nDIA DA SEMANA\n\na\n\nr\n\n\n\n\'\n\nRELATORIO DIARIO DE OBRA\n| CLIENTE\n\nM\\AR\n\n-\n\nACLIVE\n\no\n\n4 o\n|0BoM\n\n\n\n._ C/ CHUVA\n\n|\ng\n\n\'\n\n.\n\nPRAZQC??\\.ITRATUALVDIAS DECORRIDOS\n\nSlo\nPRORROGAGAO\n\nv\n\n_\n\no\n\nDIAS RESTANTES\n\n*\n\n:\n\'\n\'\nDIAS DE\'ATRASO\n\nPRAZO EFETIVO\n\nDURACAO\n\nSYUo\n\n.\n\no\n\nCONTRATADA\n\nFISCALIZAGI\\O\n\n,\n\nL\n\n\n\n\'\n\nPROC 1o $094 D\n\nCulTing\n\nM\n\n&m\\@\'f\\?\n\nR\n\n\'\n\nI=e\n\ni\n\n-\n\nM\n\n. -\n\net 50\n\n-\n\n_\n\no\n\n33_/QH\n\nDIADASEMANA\n\n\n\n:\n\ns\n\nMOTIVO\n\n\' TEMPO\n\no\n\nE. N\\ Q}\\@ %?)%\n\nAGLRLE | oona %mm\ng\n\n| pATA\n\nI\n\no, Ohna\n\naogs\\_\\\'Di\\\n\nRCEH\n\n;ONZG 77BI0po o4\n\n__CNRJ\n\n7 SoareSL}Yfmo\n\nR\n\n\n\nL\n\n\'\n.\n\n\n\n.\n\no\n\n\'\n\n\n\n46%_\n\n| \\\n\n:\n\n.\n\'\n\n:\n\n.\n.\n\n/\n\n/\n\nr:.\':.L\n\nCONTRATADA\n\nS\n\nkd_seAUZA(;Ao\n\n\\\n\n\n\nD|ADASEMANA\n\n\'CLIENTE: \'\\DW\\% R\n\nACLIVE\ne\n\nOBRA km,\\mm\\@{ F N\\\n\n| \'&6_0\nPRAZO CONTRATUAL | DIAS DECORRIDOS\n\nSHo\n\nS IR som\nD\n\ng\n\nL\n\n%&M\n\nMOTIVO\n\n\" TEMPO\n\ne\n\n3090 @ma\'\n\nDATA\n\nRELATORIO DIARIO DE OBRA\n\nDIAS RESTANTES\n\nPRORROGAGAO\n\nC/ CHUVA\n\n\n\n-\n\n<% | ouragho.\n\n.\n\nPRAZO EFETIVO\n\nS\n\nDIAS DE ATRASO\n\nSE\\Q\n\na\n\nFlSCALlZA(;Ao\n\nCONTRATADA\nQ@\\&\\)@%x\n\nQAo\n\n|\n\nPRI, M 8094/40\n\nG\\N\\o\\\n\nAlone\n;\n\nAN\n\ns\n\n\\ -\n\ng\n\n.\n\nI\n\nN\n|\n\n/\n\nB\n~\n\n\n\nACLIVE S\n\nCNP)\n\n/\n\nES LTDA\n-54\n0001\n728\\\n942\n\nCasshangSonres\n\ni w\n\n- CREH\n\n\'\n\nT;;mr JiE c\\ Siling pie e\nLx\n\nL\\\n\ntCH (\"(\n\nCONTRATADA\n\nTR\n\ne\n\n3\n\n.\n\nTRELATORIO DIARIO DE OBRA\ng\nCLIENTE:\n\nOBRA\n\ncoNsTRUGOES\n\n\n=\n\ng\n\nR\n\nPO\nTEM\nBOM\n[] c/ CHUVA\n\n@\n\n(m_gf\\/\\\n\n%)\\Q\n\n\'\n\nMOTIVO\n\n\'\n\n.\n\n.\n\n\n\no\n\n-\n\n.\n\n-\n\nACLIVE\no]\n,g\n\nR0\n\n@\n\nEE\n\n-\n\n/\nm\nDIA DA SEMANA\n\n,\n\no\n\no\n\n)\n\n.\n\n%QYQ\n\nMQ@\n\nQu\\S\\e\n\n%l\n\nRATUAL | DIAS DECORRIDOS\nCONTO\nJPrRAZO SL|\nPRORROGAGAO\n\nDIAS RESTANTES\n\nPRAZO EFETIVO\n\nDIAS DE ATRASO\n\n\n\ni\n\ni\n\nQYo\n\nDURAGAO\n\n=\n\n\'\n\n\"\n\n\\\n\nCONTRATADA\n\n.\n\nEISCALIZA(}AO\n\nPROC + 8094100 - |\n\nAo_Swa\n\n|\n\n\'\n\nFOLeA .\n\nJ9RY\n\n)\nNreyeo (B\n\n.\n\n.\n\nT\'ro e\n\nT\n\nCONTRATADA\n\nHsCAUZAQAo\n\n\':l-\n\n\"\n\n~\n\ng\n\nS\n\ne\n\nR\n\nS | & BOM\n\ng\n\n1M\n\nM. QQQ\\/\\QM\nA\n\nPRORROGAGAO\n\nDIAS RESTANTES\n\nEFETIVO\n\nDIAS DE ATRASO\n\n-\n\n|\n\nPRAZO\ng\n\nDURAGAO\n\nQ.mi\\a_lg\n\n.+\n\noo\n\nda\n\n\'\n\nFlSCALlZAQAO\n\nCONTRATADA\n\nP\n\n.\n\ngeags\n\nkAN\n\nLT\n\nT\n\n| 99\n\n4339\n\nAss.: ___Q)\n\ni \"%m*as.a-._-ew E\n\n9\\\\7\\\\;\\ ANO,\n\n\\\n\n|\n\nYRR R\n\n|\n\noSecorae o Tolon\n\n|\n|\n\n,\n\nSUo\n\n-\n\nA\n\n-\n\nDIAS DECORRIDOS\n\nCONTRATUAL\n\nS40\n\n:\n\n:\n\n/ chuva\n\n@6@/\n\n_ M@\\\nPRAZO\n\n| motivo:\n\n_TEMPO\n\nQ|\n\n\n\nOBM:@mwm\n\nAR\n\n. |FL\n\nDIADASEMANA\n\nv\n\npg\'\\ QR\n\nCLIENTE:\n\no) /m|\n\n . | oama ol\n\n\' O DIARIOoy DE i OBRA\nTor\nRELATORI\n\n=\n\n\n\n|\n\nT4\nACM COMQOEW\nnnnnnnnnn\nCrssidho Soares\nCREAIRT\n\nI/\n\n,\n\n\'\n\nJordd\n\n2007 ToaTes\n\n\n\nCONTRATADA\n\n\'FISCALIZAGAO\n\n|l\n:\n\nK]\nt\n\nCt\n\n*,\n\n.\n\nACLIVE\n\nL\n\nCLIENTE:\n\npata\n\n03/_&@_1&\n\n@m&(l\n\nDIA DA SEMANA\n\ng\n\no\n\n[\n\n.\n\nPRAZO CONTRATUAL\n\nMOTlVO\n\nDIAS DECORRIDOS\n\nJolXla\n\n\'S |som\ng\n\n.\n\nBRA &;@QXny(xs;;E EE W <E;SM\\5 EE5>n%g; \'QLAXNE\n\nTEMPO\n\nRO\n\n|\n\nRELATORIO DIARIO DE OBRA\n\n/ cHuvA\nDURAGAO\n\nPRORROGAGAC\n\nDIAS RESTANTES\n\nPRAZO EFETIVO\n\nDIAS D:E\'ATRASO\n\n|\n\nSUo\n\n1\n\nFISCALIZAQI\\O\n\nCONTRATADA\n\n\'\n\n\'F\"f-\'zo . .. ,?!51./\'_1\")\n\nQ&m\\-\\\n\nISESSNeht=teY\n\nQ\n\n1240\n\nFOL\n\n.\n\nAo\n\nS,\n\nJEET Y\n\n-\n\nN\n\n//; _\nACTIVE\n\nCNP\n\nf ucOES\nLTDA\n\n6726\n\n/\n|\n\n1000454\n\n/\n\n_\'0(,aSsunw 56 \':\nTAl\nsna\nT\nIR\nCREA\n\n4;\n\n[tiaa\nt\n\nCONTRATADA\n\nL\n\nv\'.\n\n[0 ( A\np-\'-\\;\n\n)\n\n]\n\n:\n\'FISCALIZAGAO\n\n.\n\n-\n\nv\n\n!\n\nRELATORIO DIARIO DE OBRA\nCLIENTE\n\nACLIVE\nCONSTRUGCOES\n\n(@]\n\n>\n\n.\n\nCADASIMANG\n\nN\n\nQ&QA@Ty\n\nFRZC\ns\n\no\n\n\n\nDURAGAC\n\n|FL\n\n|\n\nCONTRATUSL\n\n\n\n[  cHuva\n\n-\n\n.\n\n_Sola\n\nMoTIVO:\n\n- o | X] BOM\n\n\nW\\Q\\Q\n\noBRA: @MC\n\nTEMPO\n\no874\n\n-~\n\n)\n\n| D aS DECORE 003\n<\n\nPROFRGEACAD\n\n2ASRESTARTES\n\n.\nPRAZZ EFETIVC\n\no\n\n| 14S CE ATR&SD\n\nSLOY\n\nCONTRATADA\n\nFISCALIZAGAO\n\n\\\n\nQ;;@Sm\n.\n\n,\n\n-\n\noo,\n\nQo\n\nN\n\n\\\n2o\n\n\'\nSo.\n\n/\nLEA A\n\nFAC(L-B,:?\n\n.\n\n;if:\"\\lw\'z. 7\n\nRN\n\n\",:\"\"\"--?,_\n\n.\n\n.\n\ne\n\n=L,\n\ni\n\nFCq!\"ic\n\ni 2\n\n\\\n\n]\n\n)\n\n\\\n:\n\nI\n\nR:\n\n.i\n\ne\n\n\\\n\\\nlt\n\ni\n\nB\ni\ni\n\n-\n\ne\nikDA\nACLIVE\\ congx@gj\'\nCNPJ\n\n|\n\n\n\'\n\n09 4%\\;,\n\n{ assiano\n\nJoraa\n\n,\n\nTUOTH\nCREA/RS 2007\n\n|\n\no\n-}\n\n[\n\n/\n-/\n\nCONTRATADA\n\n3\n\nFISCAIZ&CAD\n\ne\n\no\n\ne\n\n)\n\nL\n\n.\n\n[\n\n)\n\nPRI\n\n:\n\nENRURA MURICDY,IANG\nALTOS\n, Covtontzd\nagioGrss) da Hunisipi RIA\n\n]\n\nRt\n\nFolbaw?\n\n41343 .%\n\n\n,\nNovme da Ewpresas\n\nKipro da Yicsposs\n\nU\n\nEOABULARIO 72 AT\nX\n\nIInlthida Adminisimiivas\n\nJsorvige\n\n{\n\nJcimpsa () convEnia\n\nSOT\n\n(\n\n) silvengiio 4) abrad/senyighs da cogeahes)\n\nEnpecho: A0 /:@M.\n\n]\nSim_\n\n______\n\ncom hase nas condisties ponfmiydas?\n\naain figen] rofeenicg compr\n\n-\n\nt\n\ns\n\nT Dramte\n.\n1) Consta o Jocummento Soprabasdia 1 despesanotas\nseals, 2ncibos o dempustatives?\nA\n)\n:\n) A docunientaggo (falue, Tolhe do medlpHo, notg fizcal)\n=6 neestada, por Teelo menos dois\nstaryi fores, quo pfia b ordensthordg despesa, mypansfvei\ns pole resshimeaio/fisealizaghe do\n3} A\n\n.\n\nDA LIQUIBACAD 4, DESPESA.\nIS\n\n{/ll}(J\n\n\n\n4\n\nProcesso i ML/Q\n\nN\n| HEe aplicaiel\n\n1%\n\n)\n\n.\n\n_\n\ndarnsicdsl de consume ou malogal perminenic\nToi\n\n.\n\nAloslada pelo setor esporsivel (almaxedt do\non palsimiindo)?\n\nL]\n\n.\n4) B favocosido danois, do empenho 6 0 mesmn e 0 efhitenic da\ndeewrionto comprobalftio?\n\nsonbalial estdio jufbomacos?\nB} O (us) crpenho (08) posset {em) saldo o progremasAs fnanccim no mes\nog Ak o mes de\n| JTquidacha da despesa?\nL\n:\n\n.\n\nX\n\n*\n\nX\n\n) A nnfureeadz despesa  campaifvel com n desei\ngio.dhy servigd oy meatonn] dosmits no\n| cotpo 9o doctmento?\n* \"\n.\n&) Vonds =orvisly quo & despesa & aproprnda pelo\nrogme de Corpettntin, u perfodo a gue s\nrefere A deapesa evid, correlo?\n\'\n_\n7) Q B0, 0 wiintexo  o ano Ao instumicto\n\nreconhesimconto dy divida?\n\n\n\n4\n\n\'\n\n3) Yo cusa de despess,da excrcicgo Bptedor DR Tosor\nile\n2w roslos mpagar, houve\n\nS\n\nX\nX\n\nY\n&\n:\n\n.\n\n\")(\n\n-\n\n-\n\n16) Ma entcep\ndn mlevi\nn.al, presiago de servige, setvigo do engenbesh\nou glias pn dosacordo\ncon. o mfrzsl\'asiu, forenms tomadas B:mtflidas\nedminisiativas moyistasoo cotitein/Tepislagia?\n\n_\n\n11} Os dados cadashmis esifio atuahzados no SIOWT\n\ni\n\n)/\n\n-\n\n12y Nos cor de smvigos Eresiados por 2uBromos o3 ROGCOTT\nemUYes, Tol cfejundo o edicrilo\n 0.conitale fo valor para o renolifiomcio des obzlgnges\npaltorals?\n3742 Cnonos\nstz\nsubos do processo 2 Ordeado Servigo & 5 Noin de Reccbi\nmenio do Sevigo?\n14 Mo casy dcmmr.alnnumzag o coatra\npem tad\ndescorleo 12 pagsmento O Tatugy?\n15) Oz reajustz de pregos Tormm caleuiados copfonve previsgn\ncontpiual, espeoialments\n,\nwania an ndics de egjuste?\n\n-\n\n16) Forarn coifidos os-empenfos parm, 05 Teajusles coptmiuals?\n17} Nas aliempiics das quantidaes fos fons coastanics do orgrmen\nto Ay nbrs ou servigo g\n\n|capenbasin fii observado o Bmite contmial?\n.\n18) O fnturmcoio das olwigagies pa~chaluicilc crmpndas, 17 tasd (o Tostiais nastgivel do\nconleAto] estispaldado por laude da Comissio Especial desigeade paraver\nificagia?\n\nb\n\n9) Tedes us campasdo documento Reqisigae e Didoa enconlraurse devidamed\niin\nTrecnchidey?\n_\n20) & chlonlo da didriso] clithuzdy doacoxk com o nomwsg coneessio?\n\n\'\n\n21) Rara JikemeHo doparcele da conyoHisubvencae, ApCSIRCES fn coniasda (5) purboin ()\nanteir (g8) o spreseniasda & aprovada coxfiome 3 tibslestitne Tema do\nConyEuio/Subyengiol?\n\'\n\n223 5. ibzmgin dapareela do convnfo/sobvengTo estdo Bpwdo comLo Cronogramade\n\nDosembolso pra compdmentn das ctapas ou fse provisis?\n.\nCONTBOLE\n\n.\nINTERNG\n\nX\n.\n\nA\n\n]\n\n\n\n-\n\n:\n\nDECLARNIAG DE CONFORRMIDARE,\n\nB Fice: da andlise procedide, DECLARAMOS\n\ngue sstabeleco s legislagEp perbnents & em cspecial 1 Lo\n10122009, s0b yrena do resporsabilidads solid4dn, o\n\nMEQRMIDADE dla pressule tespesa, do apordo COm D\nU 4320764, 2 Tei o B.6A693 e 2 L] Compldneniar i\nestebeleditla no arilpa 74 da Copstifnigge(d Frdeal.\n\nmspnnsTWnwlc e\n\n(F\n\nV b/\n\nu;\n\n.\n\n.\n\n]\n\n-\n\n.\n\n\'\n\nESTADO DO RIO DE JANEIRO\n\nPMAR\n\noroe N 8097/ Goto\n\nPREFEITURA MUNICIPAL DE ANGRA DOS REIS [ ..~ .~\nPAPELETA DE ACOMPANHAMENTO\n\n;23\n\nDespacha e Encaminhamento\n\n0l dx \n\n4G m\n\nbugue NEew 074 (K% 123 735 23), pdid /Z@,wmm.\n%{df :Hlo L\n\nObs.: Utilizar novo formulario somente quando este estiver :otsimente preenchido\n\n-\n\n<\n\nPREFEITURA MUNICIPAL DE ANGRA DOS REIS\nData:\n\n22/03/2012\n\nBanco:\n\n1\n\nConta:\n\nAutorizagaode Dbito - CREDITOEM CONTA . = ..~\nNume-o:\n\nBANCO DO BRASIL SA.\n28047\n\nx\n\n12277\n\nNumero Pagto:\n\n1579\n\n.\n\nB. BRASIL-FNDE\nSALARIO\nEDUCAGAO\n\nTipo\n\nVINCULADA\nBANCO OFICIAL\nA ser creditado\n\nNome Credor\n\nCNPJ/ CPF\n\nACLIVE CONSTRUGOES LTDA\n\n09.426.728/0001-54\n\nNF\n\n94\n\nitem\n\n1\n\nDocumento\n\nOP:2055\n\nBanco/Agncla/Conta Bancaria\n\nNProc.\n\n8091/2010\n\n399/ 1508/0110574\nVirBruto\n\nValor\n\n127.139,22\n\n123.197,92\n\nSub-Total..........\n\nR$\n\n123.197,92\n\nTotal...ovueeeerreenns\n\nR$\n\n123.197,92\n\ne\n\nGIAP\n\n/OF74131 - 22/03/2012 - 09:52:17\n\ns A\n\nA rasa AR\n\nAlterado 27/06/2007 15:34 .\n\n137\n\n%4 0F49300\n- Cadastro de Pessoas\n\n. Cadastro de Pessoas\nAtivo\n\n- T\n{ Tipo de Servigo:\n\nDocumento\n\n\"Pegso0a\n; (jFisica\n\nT\n\nT\n\ne\n\nSG R R\n\n}\nT\n\nreyd\n\nIO}\n\n_JCNPy [p3.42 726000184\n\ne\n\n4 Banco\n\nNome\n\n399}\n_][Hbc\nI\'E5\nBANK BRASIL\n5.4, - BANCO MULTIPLO\no\no\ne\n\nDigito Tipo da Corta\n\n0110_5_]L7_f_J[,..,\n; Situagdo de Conta\n\ni| {atve\n\n[;j\n\nYT\n\ns,\n\nL\n\n\n.\n\nN\n\n)\n\n)\n\n9\n\nESTADO DO RIO DE JANEIRO\n\nA\n\n.\n\n?3 %q\n\n] Q_QK)\n\nPREFEITURA MUNICIPAL DE ANGRA DO4 Reas #\nCONTROLADORIA GERAL DO MUNICIPIO\n woina\n\nORDEMDE\n\nPAGAMENTO\n\nNGMero...........oovveeeee D N\n\nORCAMENTARIA\n\n\"\n\ni\n\ne\n\nRZOSETIO2\n\nData de Emissao....... :\n\n16/03/2012\n\nData de Vericimento.\n\n20/03/2012\n\n:\n\nValor......ccouviiveenrunnnns :\n\nT\n\n127.139,22\n\nCREDOR\nCNPJ /| CPF\n\n:026271 - ACLIVE CONSTRUGOES LTDA\n:09.426.728/0001-54\n\nDESCRIGAO\n\n: REFORMA DA ESCOLA MUNICIPAL PEDRO SOARES ~ PROVETA - ILHA GRANDE - ANGRA DOS REIS.\nmed 142 per 07/01/2012 a 05/02/2012 NFE 94/2012 PROC. 8091/2010\n\nDOTAGAO\n\nEMPENHO / ANO\n\nPROCESSO\n\n10072012\n\n8091/2910\n\n20.07.339039.12.361.0166.2.339.05.00\n\nFONTE\nRubrica\n75\n\nValor Empenhado\n\nVALOR EM O.P.\n\n328.779,00\n\nSALDO\n\nATUAL\n\n328.779,00\n\n0,00\n\n: SALARIO EDUCAGAO\nEspecificagdo\nIss\n\n602\n\n.\n\nValor\n3.814,17\n\n-\n\nI.N.S.S. Retidos De-Empresas\n\n-\n\n127,13\n\nNird)\nr@e@(arques\nISTRATWO\n\nANGRA DOS REIS, 16\n\nLir\n\nARCO/\n\n-t\n\n:\n\nDE 2012\n\n{? %EROZ\n\n.\n\nRESPONSAVEL : PREFEITURA MUNICIPAL DE ANGRA DOS\nREIS\n\nRECIBO\n\nRECEBI(EMOS) DA PFFEi /u RIUNICIPAL DE ANGRA DOS REIS, A IMPORTANCIA ESPECIFICADA ABAIXO:\nOP e\n\n. Re>\n\nDESCONTO........... . RS\nLiQuipo................\n\nR$\n\n127.139,22\n3.941,30\n\n/\n\n123.197,92\n\n)\n}\n\nDOC IDENTIDADE :\nASSINATURA :\n\n. CPF:\n\n:\n\n<}\n\n:\n\n,i\n:3]\n\n/\n\n9\\!\n\nPAGO EMjg_/__Qf_._&_/_fg._i -\n\nL TN\n\nD\n\ney\n\nFALALS\nM\n\n.\n\no\ns\n\ng\n\nN\n\nre\n\ne\n\nESTADO DO RIO DE JANEIRO\n\nPREFEITURA MUNICIPAL DE ANGRA DOS\nCONTROLADORIA GERAL DO MUNiICIPIO\n\nEXTRA-ORCAMENTARIA\n\n02057 /2012\n\nNUMEIO.....ccoerrrrrereene :\nData de Emisso....... :\n\nPAGAMENTO\n\nORDEMDE\n\nRbrica\n16/03/2012\n\nData de Vencimento. :\n\n20/03/2012\n127,13\n\nValor.....ccovnvimniieinnnnns :\nCREDOR\nCNPJ /| CPF\n\n:001662 - INSTITUTO NACIONAL DO SEGURO SOCIAL\n:29.979.036/0001-40\n\nDESCRIGAO\n\n: RTENCAO DE INSS DA FIRMA ACLIVE CONSTRUZOES LTDA\n\nNFE 94/2012\n\nRubrica Especificagao\n602\n1.N.S.S. Retidos De Empresas\nELABORADA POR :CR\nPAGUE - SE AQ\"CREDGR\n\nPROC 8091/2010\n\nCmtlrhN\n\nalofeq\n\nEMITIDA POR MIAR\n\nO VALOR ACIMA ESPECIFICADO NESTA ORDEM :\n\nRESPONSAVEL : PREFEITURA MUNICIPAL DE ANGRA DOS REIS\n\na5l\n\nRECIBO\n\nRECEBHEMS) PA PREFEITURA MUNICIPAL DE ANGRA DOS REIS, A IMPORTANCIA ESPECIFICADA ABAIXO:\n\nOPveece\n\nMo, : R$\n\nDESCONTO............ \nLiQuipo..................\n\n127,13\n\nRS\nR$\n\n0,00\n127,13\n\nDOC IREATINARE  Jg?,\"ipa-\' \' S%?T\"auzgga\n\noW\ne X g R\n;,,;,megguspg\'quanua de\n\"\n\n\" Pagus por este\n\nOV\n\nCl\n\n(CENTO\n\nPF \"\n2\n\nE VINTE\n\nE SETE REAIS\n\nE TREZE\n\np 0\n&~\n\n3 psznase\n\nSie * ChequeNd\n\n/ g\\\nI\n\n\'a\n&\n\nCENTAVOS ) ######\n\n)\n\n###########################################################\n\'\n###################################.#### HHHFEHRERPHEBL\nBB B34\n\n~,i\n\nVe\n\nINSTITUTO\n\n:\n\nNACIONAL\n\nDO SEGURO\n\n+ ANGRA DOS REIS\n& 00.000.000/0460-00\n25-RUA\n\n: CENTRO\n\nDO\n\nCOMERCIO\n\n\'\n\no\n\n\n\n2012\n\ni,\n\nR\n-\n\n239\n\nDESDE\n\n09/2001 \'\n\n+\n\nFERNANDO ARGOLO PIMENTA\n\n\n\n_\n\nSegretrio Municipal de Fazdnda\n\nPMAR\n\niSESSTe\n\nN.186-CENTRO A.DOS REIS\n,\n\nRald\n\nTENGAO: E vedada a uliizago de GPS para recolhimento de receita s valor\nnferior\nao estipulado em Resolugao publicada pelo INSS. A receita\n.\n.\nque resultar valor\ninferior devera ser adicionada & contribuic&o ou importancia correspondente\nnos\nImeses subsegiientes, at que o total seja iqual ou superior a0 valor\nminimo fixado.\n\n\n\nT\n\n<=\nD\n\nNy S~\n2o\n93\n=\n\n| <o 3\n=3\n\n<\n\n25\n\nSw\nTS\n\nn\n\nPAGAMENTO DA NOTA FISCAL E.0094\n\n\"! Q.\n\nH\n\n2z\nS%\n\n&2\n\n[~\n\n5\nO\n\nb\n\nS\n32\n\nt\n\n(2,2\n\n- VENCIMENTO\n\nUso exclusivo INSS)\n\ni E%\n\no~\n\nI\n\n-\n\n4\n\nLo PR3\nB2\n\nNy\nACLIVE CONSTRUCOES LTDA-SITUADA NA PRAGA NILO =&- 82\nPECANHA N.16-SALA-02-CENTRO ANGRA GOS REIS- |8 3&\nCEP.23900-000-CONTRATANTE PREFEITURAMUNICIPAl\n& =%\nDE ANGRA DOS REIS-SITUADA\n\nNA PRACA NILO\n\nLT\n\nI s SO\nB\nSN\n13\nIS8\nH\n\n|\n\n1 - NOME OU RAZAQ SOCIAL/FONE/ENDERECO\n\nMatr 17598\n\ne\n\n=R\n\nGUIA DA PREVIDENCIA SOCIAL\n\nAntonielaBarbosa\n2\nLope\n\ni\n\n:y\n\nS\n\nCoord. de Recursos Financeiros\n\nMINISTERIO DA PREVIDENCIA E ASSISTENCIA SOCIAL - MPAS| 53\no\nINSTITUTO NACIONAL DO SEGURO SOCIAL - ISS\n9\n\n.\n\n5\'\n\nocudsuaortem\n\n\'\n\nPECANHA\n\n)\n\nSOCIAL\n\n7 5 BANCODOBRASIL\n;\n\nE\n{z\nP\"occ;a(\')\' MIZ\n\ng ol ol\n\nConta\n\n.\n\n/\n\ni\n\n|\n\nb\n\ni\n\n182\n\ni)\n\nN\n\n|\n\nYOEL\n\n|\n\nI\n\n1]\n\n1o\n\no\n\n2\n\n\no=x\n\n@\no=\n\n2\n\nWe\n\nL\n\no\n\nW\n\n2640\n04/2012\n\n=\n\nY\n\n|\n\n-\n\nPo.\n\n0042672810015\n127,13\n\ni 24 f\n\ni\n\n5\n\nIl\n\n1\n\n88\n\nS\n\no\n\n_Sd\n2CE\n\n1ExE\n\nISoT\n1388<2_158\n\n1S\nTSRS 58\n\nnao\n\ngk e\ni: 3\n\n=\n\n(==\n\niSE3\n\ng\n5IEFE\n\n& 2 3\n\nE u%J % \nS3=\n\n2- AUTENTICAGAO BANCARIA\n\nB\n\n=\n\n,;:! 2\nManl\nE\n\n\n&\n\nj\n\n_\'|\n\nN\n\n127; 13\n\nM\nIl\n\n&\n\nw0\n\nNFS-e - Nota Fis;/cal de Servigo Eletronica - Prefeitura de Angra dos Reis\n\n|\n\nM\n\n4?24\n\nPREFEITURA DE ANGRADOS REIS =\n\n1\n\nPage 1 of 1\n\n| (0000095\n\nSECRETARIA MUNICIPAL DE FAZENDA\n\nData e Hora de Emisso\n\nNOTA FISCAL DE SERVICOS ELETRONICA -NFS-e\n\n[cant 2012 19:98:34\n\n\\\n\ni,\n\n~\n\n20120402009426728000154]\n\nHQYG-XQNQ\n\nPRESTADOR DE SERVICOS\nCPF/CNPJ:\n\n09.426.728/0001-54\n\nNome/Razo Social:\nEnderego:\n\nInscrigao Municipal: 0024591\n\nACLIVE CONSTRUGOES\n\nRUA C 164, BLOCQ-01\n\nInscrigo Estadual:\n\nLTDA\n\nP\n\n-APTO-306 - PRAIA DO JARDIM - CEF: 23900-000\n\nTOMADOR\nNome/Razo Social:\n\n800\"\n\nR,\n\n]\n\n@)\n\n22014\n\nFolha:\n\nDE SERVICOS\n\nyA\n\nPREFEITURA MUNICIPAL DE ANGRA DOS REIS\n\ng_,@\n\nCPF/CNPJ:29.172.467/0001-09\nEnderego:\n\nA-\n\n*\n\nProc. n2\n\nUF: RJ\n\nMunicipio: Angra dos Reis\n\n78490349\nM.\n\no\n\nInscrigo Municipal: 0000001\n\nPRC NILO PECANHA 186 - CENTRO - CEP: 23900-000\n\nMunicipio: Angra dos Reis\n\nCUFIRJ\n\nE-mail e\n\nDISCRIMINACAO DOS SERVICOS\nREFORMA\n\nDA E.M.\n\nPROVETA\n\nILHA\n\nPEDRO\n\nSOARES\n\nGRANDE\n\nMM.: 282/2010\n05.: 130/2010\n1 MEDIGAO DE RERJUSTE (FINAL)\nPERIODO= 07/10/2011 A 05/02/2012\nRETENGAO\n\nINSS\n\nSOBRE\n\nMAO\n\nDE OBRA\n\n= RS\n\n173,48\n\nNE: 4287 |12\no e\n7{@;41;}90 \"2645\" | LANGADO NO SIG FIS\n4 o4 49\n\nVALOR TOTAL DA NOTA = R$ 173.484,29\nCadigo do Servigo\n2609134 - CONSTRUCAOQ\n\nCIVIL\n\nValor Total das Deduces (R$)\n\n69.393,71\n\nBase de Clculo (R$)\n\nAliguota (%)\n\n104.090,58(\n\n.\n\nValor do 1SS (R$)\n\n5,00%\n\nCrdito p/ Abatimento do IPTU\n\n6.204,52\n\n0,00\n\nOUTRAS INFORMAGOES\n\nS\n\n- Esta NFS- foi emitida com respaldo na Lai n 1.445/2003  no Decretz r 7.359/2010\n- O ISS desta NFS- serd RETIDO pelo Tomador de Senvigo que deverd recolher atravs da Guia de NFS-e\n- (*) Documento emitido por ME ou EPP ogtante pelo SIMPLES NACIOMaL.\n\n- Esta NFS-e no gera crdito.\n\n\'\n_\n:\n\n-bao\ndO{T)\n(52N A VPP\n prestados oo\nnforme Uiscrin\nHnRco acima\n-\n\nCan\n\nAr e\n\ndos RSES\n,_ @/\\\nQ\n\n/\n\n=\n\ng YVQ\n\n72\n\nhttps://www.spe.angra.ri.eov.br/nfse/contribuinte/natanring asnx M nf=05& inserican=245918 rn\n\nn2/04/7017\n\nj\n\nPy\n\n|\n\n=\n\n= P, M. AR,\n\nProc. n2\n\n\n\n\"\n\nFoher___\n\n8044\n\n1o\n\n2399\n[\n\n!\n\nData:05/04/2012\n\nComunicaccdo\nDe:\n\nN021/2012\n\nInterna\n\nSOH.SIU\n\nPara:\n\nSOH.CCI\n\nAssunto\n\n. Estorno de R$\n\n5.411,07 do Contrato 089/2010  Processo 8091/2010\n\n[ Para Conhecimento\n\nD\n\n\'Para Comentario\n\nOJ Conforme Solicitago\n\nFavor Devolver\n\nO Para Aprovagio\n\nSolicito\n\no estorno\n\n:\n\nde R$\n\n5.411,07\n\nPara Providncias\n\n(cinco\n\nmil,\n\nquatrocentos\n\ne onze\n\nreais\n\ne sete\n\ncentavos), devido a redugdo de itens nfo necessarios para conclusdo da obra. Conforme\nplanilha de supressdo e/ou acrscimo encaminhada pelo memorando 030/2012/SOH. Obra\nde Reforma da Escola Municipal Pedro Soares  Proveta.\n\nAtenciosamente,\n\nP M. AR,\n\' Broc,ne _80A14|10\n\n,\n\n|\n\nFolha\n\n\'\nPREFEITURA MUNICIPAL DE ANGRA DOS REIS\n\ndo Dia : 14/03/2012\n\ns\n\nReferente ao Empenho N 1289/12\n\n|CREDOR :\n\nDpata:\nValor:\n\ni\n\n00113/ 2012\n\nN.\n\n(==\n\n11/04/2012\n5.411,07\n\n=1 -\n\nDE ESTORNO\n\ne\n\nNOTA\n\n!.\n\nb\n\nT8\n\n350\n\n26271 - ACLIVE CONSTRUGCOES LTDA\n\nCLASSIFICAGAO : ESTIMATIVO\nNumero da Conta........ : 0842\n\nORGAMENTARIO\n20.07.339039.12.361.0166.2\n.339.05.00\n\nRECURSO :\nDOTAGAO :\n\n20 - PODER EXECUTIVO\n\nESPECIFICAGAO DA DESPESA:\n\n007 - SECRETARIA MUNICIPAL DE OBRAS, HABITAGAO E SERVIGO\n339039 - OUTROS SERVIGOS DE TERCEIROS - PESSOA JURIDICA\n12361 166 2339 -\n\nVALORORGADO:\nSALDO ANTERIOR DAVERBA :\n\nEDUCAGAO\nENSINO FUNDAMENTAL\nIMPLANTAGAO E AMPLIAGAO DE NOVAS UNIDADES EDUCAC\nMANUTENGAO E CONSERVAGAO DE UNIDADES ESCOLARES\n\n800.000.00\n06\n\nVALOR DO ESTORNO :\n\n|\n\nSALDO ATUAL DAVERBA:\n\n5.411}07\n541171\n\nHISTORICO DO ESTORNO:\n\nESTORNO EFETUADO DEVIDO A JUSTIFICATIVA DADA PELO FISCAL THIAGO M. SCATULINO DE\nSOUZA ATRAVES DA C.I. N021/2012.\n\nPROCESSO\n\nLICITATORIO:\n\nCONTRATO :\nMODALY LAD :\n\nCONCORRENGIA PARA OBRAS E SERVIGOS DE ENGENHARIA\nLS\n\nEMITE!Y@A AND18634\n\n\\\n\nGIAP\n\nW A\n\nA\n\nWA\n\nl}#SWN%AVEL AND18634\n\nAN\n\n[0F72212 -11/04/2012 - 14:59:27\n\n008 / 2010\n\nORDENADOR DA DESPESA -\n\nIt\n\n-\n\nAT TRIRREE ST\n&\',\n\n.\n\nv\n\n.\n\n.\n\n.\n\nn\n\n.\n\nN\n\no\n\nREAJUSTE\n;\n\n{LOCAL: PROVETA\n\nA\n\n:\n\n~\n\nN\n\nP\n\nCod\n\nL4\n\n- MEDICAO\n\nUNICA\nIMM.: 282/2010\n\n.\n\n.\n\nPerfodo:\n07/10/2011 A) 05/02/2012A\n;\n\n)\n\n]\nDISCRIMINACAO\n\n.\n\nP\nToial\n\ny\n\n___L____\n\ne,\n\n\'\n\nP\n\n supovtes de madeira Fomecamento  calocagnn\n\n-\n\n\"\n\nM_\n\nAl\n\nIe) Oq\n\n4\n\nL&\n\nFroc. n=\n\n,\n\'\n\nr\n\nR\n\n-\n\n Lo\n\nA2E\n\nL} O\"\'u?\n\nVAR iR\n\nCalpiio sberto ara ofizings  depstios de cantewro de.obras,\n\ni\n\nestruturado em maderra de Jel, cobertura de refhas de cimente-\n\n)\n\ni\n\namganta onduladas, de Smm de espessura, piso ementade  pre-\n\n.\n\nparn o Lerrenio\n\n|\n\n20,000\n\nacvoziie\n\n.\n\nm2 | . 72,001\n\n3.539,00[\n\n:\n\n1\n\n.\n\ny\n\n.\nB\n\nB\n\nde alt v e ate 0,80m de largura\n\nLd\n\n)\n\n-\n\nN\n\n)\n\nI\nH\n\n\\\n\nbam avamento de aput 1405 sanitaros\nIR\n\n.\n\n)I\':e\';(.nl 1384\n\n.\n\nIRengdo de Forro on Jambr de frisos de madeira ou piacas\n\n\\\n\nA uplomes Ade prengado ou semelliantes, exclusive o snpradewrerie\n\n)\n\nEMLPGE o0t 7\n\n\n\n<y\n\n\'\n\n\n\n.\n\n*\n\nfAmacamento de 1Ortes, panelas  emsithios de ar condi-\n\nLMD\n\nN\n\n-\n\nit ado cu aittroy\n\n.\n\n)\n\n.-\n\n14 ,OO\n\nun\n\n.\n\n1 5,00\n\n21 0,,00\n\n1.\n\n3.970,00\n\n-4, 77(),00\n\n1,52,(13\n\nOT 068 .\"3-1-.\'\n\n3\n2.0\n\n.\n\n|aurancamendo de bancada de pia ou banca seca de er\n\nBMUP (5,008 Y )\n\\\n\n2.3\n\n]\n\nientro Jo cauteso s servico\n\\-\n\n2.4\n\n)\n\n)\n\nA S i (R13-0\n\n2.3\n\n1.714,63\n\n{uemohigio mamel de alvenara de tijolos furados, inclusive\nempillim. i\n\n2 2\n\n-\n\n\'\n\n.\n\nDemolighes  retirudas\n\nil\n\n4.214,00.\n\ni\n2\n\n@/\ne\n\n1.440,00f\n\n-\n\n!\n2\n\nS\n\n~\n\nERLOF 02000 06410\n1.2\n\n[~\n10S.1130/2010W\n\nFAMILIA EMOP\nREALOUT2011\n\n\'\n\n{Placa de identificugio de obra Padido PMAR, inclusive\n(et\n\no\n\n\n\n,\nP.Unit. .|Preco Total\n\nN\n\n$Servigos Proliminares\n\n1\n[.1\n\nN\n| UN |\n\n,QTD\n\n.\n\nA\n\n.\n\nj\n1TEM\n\n13/2/2012\n\n.\n\nPEDRO SOARES\n\nESCOLA MUNICIPAL\n\nREFORMADA\n\n~\n\n|~\n\nDEMONSTRATIVO\n\n:\n\nOB8RA:\n\nDATA:\n\n*\n\n\"\n\n=\n\n|\n\nRemngio e Jivisores Jdu mcing, px\';n:nldudzm. Pronsa.\ns\n\noui 4&\':2\'..))&1!5\"\n\n\\\n\nLMD I800) 076-0\n\n:\n\n\n\n\'\n\n)\n2.7\n\n\\\n\nIretieadn de aparethos esportivos, trave  basquet2 1 de cuda\n\nRef AP S T08,023-0\n2.8\n\n\n\n<\n\n[N\n\n\'\n\nAmaneaente de aperetbos de itumigio, inclusive lampesliz\n\n.\n\nEROP 03 G0 140t\n\ni\n:1\n\n1\n\n2.9\n\n{Arancemaio de grades, wadis. alambiados, cercas  portdes\nFALOT G5 00\n\n147\n\n:\n\n-\n\n.\n\n.\n\n.\n\n2.14)\n\n[Remeeiio de cobiorg s telnas aneesis, mchsive macer\n\n\n\nraanere, mediie 0 cotjunto pola uvza seal He cobientura\n\no\n21 5,99\n\n.\n2\n\n19.4(,(1\n\n4, 10381\n\n-\n\n.\n\ne\n\n3.\'970,00\n\n4,776,600\n\nMO 03 ) 30\n\n4..935,)8\n\nT\nI\n\n/\n\n\n211\n\nfoemoligio de revestimento em azuleros, cerdimicas o -\n\nP\n\n]\n\n[l\n\n;\'\n\n3\n\n]\n\nN\n\n-,\n\nThiago M.\nGerente de\n\nACLIVE CO\n\nATOR\n\nCNPJ 09426 728/0001-54\nCassidno Soares Jorddo\nCREA/RJ 2007 108747\n\n-\n\n)\n\n.\n\nAmore um parede.exclusive a camada de assentumento\n\nTO\n\nEMOP 05 001 009-0\n\n>\n\n(8\n\nl\n\n.\n\nProc. n\n\nDeynalicio de rvestinento em argamassa de eal  areia\non Glinentox saibro\n\nrolha:\n\n1Mt P OS 001 007-0\n\n2.13\n\nRetirada de quadio de aula (4.2x1,6)\n\nRef. EMOP 14.006.370-0\n\nDemoligho de piso de ladrilho com respectiva camada de\n\npemassa de assenlamento, inclusiva afastamento late tal dentro do cantewro de servigos,\nBAMOP 05,001 .015-0\n\nAtrancamento de tomadus  iuferruptores\n\n2.16\n\nb o\n\nSINAPE 22420402\nRetwada de bate carteira em madeirn 20em\nRel [IMOP 05 101.078-0\n\n2.17\n\n\"\n\n-\n\ne\n\nRetrada de hebedouro eRtrico de pressio, om ago inox para\n\nreaproveitamento\nRef EMOP\n\n\'\n\n\'\n\n15.004.255-0\n\nRetivadn cindadosa de ranque de ago nex\n\nSBr22TAY\n\nDemoligs. de 1anipue de favagem de panela medido (0,70x0,60)m\n\nCOMP PMAR\n\n)\n\nDemoliglo munal de conereto ermado compreendendo pila\nLen, Vi & Tajes, em estruturs apresentando posiclio espe-\n\nvial, inclusive empithamento lateral dentro do canteiro.\n* s\n\nEMOP 05,001 6021\n\nDemolisiio nogual de piso cimentado, exclusive a base\ne coneieto, inclusive empillamento tateral dentro do\ncanteno d@sevigo\n\n1.193,11\n\nm2\n\n576,33\n\n. m3\n\n18,00\n\n21.475,58\n\n3.970,00\n\n4.776,90\n\n 25.836,00\n\n4.023,00\n\n4.856,00\n\n15.882,79\n\n3.551,00\n\n1.623,88\n\nEULP 05 001 .016-0\nRetirada de guardn-corpo e lerio\n\nSINAPT 22426/00)\n\ns\n\nMovimento deterea\nscavagio manuz! de vala/cava em material de 1* catego- |\nviarei; argila ou pn;.nn a) entre 1,50m  3,00m de profun\ndidade\n\nexclusive escoramento  esgotamente,\n\ns\n(3\n\nTAOP 03 Q01 .062-1\n\n13.188,25\n\nP\n\n.\n\nbscatamento sitnples, sendo aberto, de vala de pouca profindidads. inclusive fomecimento dos maleriais {pegax de pintro\nde 311\nLM\n\n119,47\n\n2PN 9\" e 3 50\"\n\n1.433,04\n\nm2\n\n3.135,00\n\n05.015.002-0\n\n\nReateiro-de vila/cava compictada A mago. 4m canwdus Je\n\n10,00\n\n2.105,30\n\n4.047,00  4.886,00\n\n- ..60,00\n\n4.531,20\n\n2.488,00\n\nHEMUP 03,013 001-1\n\n3.4\n\nPO de pedra, juclusive ansporte\nSINAPT 192701106\n\nInfra estruturs\n\n2.53),76\n-+\n\n30cra de eapessira maxin.\n\n.\n\n)\n\n.\n\nCREA/RJ 2007 108747\n\n3.808,00\n\n6.935,21\n\n4.1\n\nFormas de madeira para moldagem de pegas de concreto\namado cotn tabuas de pinho de 3*, 3 reaproveitamentos\n\nG\nForficeniento, montagem  desmoldagem\n\n663,20\n\n.m2\n\n25,00\n\n16.580,00\n\n3.325,00\n\n12,00\n\n.7.958,40(\n\n3.135,00\n\n19.586,84\n\nEMOP 11 604 020-1 .\n/\n\nEscoramento simples, sendo aberto, e vala de pouca profun\n\n.\n\n.\n\n.\n\n.\n\ndidade, inclusive I\'omcclmo dos materiais (pecas de pinho\nde 3. 1.1/27x9\" 83\" x 6\")\n\ng\n\no\n\n35510\nv\n\nEMOP 05.011.002-0\n\n.\n\n4 1Ak\n1AATIN B\nTIAT]\n\n{OLLIk)\n\ns\n\n=\n\np roc, n\nButra de ago CA-5013, com sahncin ou mossa, cocflicien\n\nFolha:\n\nte de confurmagio superficial minimo(adernceia) igual a\n1,5, diametro e S a 12.5inm, destinada & ammadura de con--\n\n*\n\n1\n\nereto armado, cpmpreendendo fornecimento, 10% de perdas\n\n3.316,00\n\nde ponlus  arame 18\nEMOP 11.009.014-1\n\n7353\n\n5,00\n\n16.580,00\n\n2.146,00\n\n4.497,00\n\nLw\n17.983,66\n\ni\n7\n\n44\n\n.\n\nCorte.dobiagem, montagem  colocaglo e ferragens nas forurag. ago CA-50A vu CA-50B. em burras redondas, coi O\n\n3.316,00\n\nde 8 a125um\n\n9.948,00\n\nkg\n\n3.597,00\n\n4.292,00\n\ny - 11.870,12\n\nEMOP 11011 030-]\nConereto simples, dosado ractonalntente para uma resistncia caracleristica & compiessio de 1 0MPa.inclusive.maten-\n\nv\n\nL]\n\ns, transposte equivalente a 20000m nz horzontal  10,00m\nna vertical, produgio, langamento e adensamento na quanti-\n\ndeyle 2.00m3h\nEMOP\n\n4.0\n\n\n\n.-\n\n23,05\n\nm3 |\n\n 7283\n\nm3\n\n226,00\n\nm2\n\n8:067,50\n\n2.335,00\n\n* 2.748,00\n\nb\n\n9.494,43\n\n350,00\n\n2.740,50\n\n2.335,00\n\n2.748,00\n\n3.225.22\n\n730.00\n\n6.780,00\n\n3.325,00\n\n- 3.928,00\n\n8.009,58\n\n11 003.001-1\n\nConcicto snnples, dosado racionalmente para uma resistncia caracteristica i compressiio de 25MDPa, inclusive\nmateriass, transporte equivalenie a 20,00m na horizontal\n 10,14m na vertical, produgiio, langamento  udnsamen10 na quantidade de 2,00m3/h\nFMOP 11 003 005-1\n\nSuper estrututa\n\nT\nFormas de nusdeirn para moldagem de pegas de conereto armado com parumentos planos, em lajes, vigas. paredes, ele,\nS\n\nI\n\ninclusive tomecimnto dos maleriais  desinoldagem, servindo 1 madeiia 2 veres, tabuas de pinho de 3*,ou madeira\ncquwalente, com 2.5m de espessura, servindo tambm para\n\n_|travessas, (xclusive escoramento\n\nEMOP 11 004 0211\n\nr\n\n-\n\nBana de ago CA-50B, com salincia ou mossa, coeficien\nte de conformagdo superficial minino(aderncia) igual\n\n1,3, didmetro de 8 a 12,5mm, destinada & armadura de conerete armado, compreendendo formecimenta. 10% de perdas\np\n\n5.00\n\nde pontas o arame 18\n\n5.766,00].\n\n4.146,00\n\nEMOP 11.009.014-1\n(o7}\n2o\n\n4.497,00\n\n6.254,13\n\n\n\nCorte.dobiagesn, montagem  colocaghio  ferregens nas formas, ago CA-50A on CA-5013, em barras redonda, com O\n\n3.459,60\n\nde  al2,5mu\n\n3.597,00\n\n- 4.292,00\n\n4.128,05\n\nEMOP 11.001.030-1\nConerato simplzs, doshdo racionalmente para tima restncin camcleristica = conmpressdo de 25MPu, inclusive\nmatersais. tansporte equivalente a 20,00m na honzontal\n 10,00m na vertical, produgdo, langamento  sdensamento na quanfidade de 2,00m3/Mh\n\n2.335,00\n\n350,00\n\nm3\n\n274801 .\n\nEMOP 11,003 005-3\n\nSour\nr\n\ni\n\nW]\n\n{assiano\n\nS0\n\nCREAJRJ 2007 10874\n\na.65454\n\n.\n\n.\n\n\'\n\n_fYedusto\n\n{rarede Jivisora para sanitrios em placa de Yanito cinza endorinhe\n\n\'\n\n-\n\n\n\n.\n\nR\n\n\'\n\nto\nitens 100\" 085  14,007,200 Forecimen\n colocagdo\n\nPINI106108.3.1\n0.2\n\n)\n\nR\n\nR\n\n.\n\n4%40] m2 | 400,00] 19.360,00]\niE\n\n| Alvenaria de vedagio com tyolo cerfirnico furado 9x19x19\n\ni\n\n\n\n2.688,00]\n\n\'\n\n.\n\n\'\n\n,\n\n\n.\n\n.\n\n11,00]\n\n:\n\nm2\n\n46,00\n\n|Alvenaria de blocos de concreto 20x20x40cm, assentes com\n\n- 3.518,00]\n\n\'\n\n)\n,\n\n.\n\n,\n\n7\n\nm2\n\n50,00\n\n)\n\n.\n\n)\n\n.\n\nR;u;\\driax\n\n.\n\n.\n\n3.507,00\n\n3.909,00\n\n3.320,00\n\n814,00\n\n)\ne\n)\n\n|\n\nN\n\nY\n,\n\n-\n\n.\nun\n\n400,00\n\n.\n\n]\n\n\'\n\n-\n\n.\n-\n\nFornecimento  colacagho\n\n]\n\n,\n\n[Porta externa de madsira, almofadada de 0,60x2,10cm com marco\n\nde Tx3.5cm. exclusive ferragens.\n\n)\n\nA\n\n-\n\n.\n\n457,58\n\n3.71 1,00\n\n3.244,00\n\n400,00\n\n400,00\n\nun\n\nN\n\n\n\nEMOP 14006,043-0\n7.4\n\n1 ,00\n\nN\n\nJ\n\n.\n\n.\n)\n\n\'\n\n-\n\ni\n\n[Porta extoma de madeirn, almofidada, de 0,70x2,10m com mirco\nde 753,5cm, exclusive ferragens\nFormeeunento  colocagio\n\n.\n\n]\n\n_\n\n\'\n\nRef, EMOP 14 0060100\n7.3\n\nb\n\n!\n\nvidro com postigo com aduela  alizares, de cedro ou canela,\nexclusive terragens.\n\n3.203.08\n\n3.71 1100\n\n3.244,00\n\n2.800;00\n\n\'\n\nalmofadada, dimensdio 1,00X2,10m caixilho pua\n\n0\n\n\n\n\'\n\n7,00\n\nIRef EMOP 14.006 0100\n{rorta de madena\n\n958,4]\n\n.\n\n:\n\n.\n\n.\n\n21.906,64\n\n\'\n\n{Porta de madeisa almofadads. dimensto 1,80x2,10s0.03m &\n\nFumc\"cimu.mo  colocugdo\n\n\\\n\nSR\n\n-\n\ncanela. exclusive ferragens.\n\n7.2\n\n2.823,0)\n\n.\n\nB 00,00\n\nm2\n\n8,14\n\n:\n\n)\n\ncaizillio para vidro com postige com aduela  ahizares, de cedro ou\n\n\"\n\n17.634,00\n\nA\n\n|Paedude blocos vazados(cobogo), emplacas de concreto |\nS0aS0xSem, furos quadrados, assentes como 12.006.010\n\n7.1\n\n*\n\ni\n352,6R\n\nHMOP 12.005.080-0\n\ni\n\n\'\n\n.\n\nra  medsda pela iwea real,\n\nEMOP 12,008 0150\n\n549.44\nN\n\n0,20m d:: espcssum: de superficte corrida, at 3,00m de altu\n\n6.4\n\n4.393,00\n\n-\n\n.\n\nargnassa de cimenlo  aren, no trago 1:5, em paredes de\n\\\n\n440,00\n\n\n\n.\n*\n\n0.3\n\n\'22.43542]\n\n3.115,000 \n\nL,\n\n.\n\n.\n\ns\n\nT\n\nI\n\nmussa mista de cimento, cul hidralada  arcia .\n\ntago 128 - tipo 1.\n\n)\n\n4 \"?!\n\n{\n\ncm; cspessiea da parcda e, jnhlas de 1 2mm com arga .\n\nPINI042]1.8.2.3\n\n)\n\n:\n\n)\n\no\n\n.\n\n- | Folhas ...\n\nA\n\n[0/\n\n8017\n\nProc. n L\n\'\n\'\n\naponula no piso  na parede, exclusive fomecimento das fer-\n\nA\n\n\'Fjn-.&\n\nnaciotial com 3cm de espessura, polido nas duas faces,\n\nragens de fixagho clo marmbre, portas  suas ferragens {vide\n\n.\n\nJ\n\n-\n\n.\n\n[\n\n\'\n\n.\n\n.\n\n.\n\nR\n\ni\n\n.\n\n6\n\nL\n\nR\n\n,.\n\n0.1\n\n.\n\n-\n\nt\n\n-\n\nFomecimento  colocagio\n\n7__5\n\nPorta de ceidro alimofadada. de 120x210x3,50m, 2 folhas, exclusive\n\n\"\n\n\'\n\n:\n\n.\n\nF)\n\n|\n\n\n\nS,\n\naduela  alizar, fechadura. l\"omecunnlo  golocagiio.\n\nRef, EMOL 14.006 010-0\n7.6\n\n\n\n-\n\nTMOP 14,006 0130\n\nN\n\nhe\n\n[Parta de cedro shnotadada, de 160x210x3,5em; 2 folhas, exclusive\naduela e alizar, fechaduya. Fomecimento e colotacin.\n\nRefl FMOP 14,006 010-0\n7.7\n\n\'\n\n{Portio de ferro 1,50x2,1(em 2 fothas  rta parte superior 2ma\n\n*\n\n.\n\n.\n\n\'\n\n.\n\n. 27,72\n\n:\n\n750,()0\n\n23955,30\n\n4223,00\n\nK 3.665,00\n\n-\n\n\n\n\"Rt SCOFGY - ES 05 15,0200\n7.8\n\nn2\n\n20.7 90,()0\n\n)\n\n.\n\ni\n\n\'\n\n578\" yintack cotn | demfo de 2arcad vende, inclusive fecl adura\ncadeado, Fomecimento e hlslr;lncu\n\n.\n\n.\n\nJarade de 1,50x0.60m, confeccionado em barm chapn ou parfil de\n\nE\n.\n\nPorta de alumimo para banheiro completa, inclusive instalagic\n.\n\nN\n\nfartlica ge <\nisbietd Ediricagin.\n\nVa) 20843\n\n-\n\n/\n\n-\n\n\n\nOx200em\n\nForndeimento  instalagao.\n\n16,20\n\nm2\n\n600,00\n\n9.720,00\n\n2.915,00\n\n3.510,00]\n\n11.704,01\n\n24110\n\nm2\n\n270,00\n\n65.097,00\n\n3.665,00\n\n4.223,00\n\n75.008,08\n\n3.915.00\n\n3.510,00\n\n2.658,69\n\nSIMAPL 4914\n\n7\n\n(frade de fervo para protegio de fanela ou aparethos de ar\nconchicionado, formada de barras quadradasde 3/8\", chumDadas na alienaria Fornecunento  colacagio.\n\nTenor 119021360\n\n-\n\n-\n\nPortiio de aluminio 120x220cm duas folhas de 60cin, Inclus;ive\n\n.\n\nferiageim. Fornecimentd e instalagio\n\n3,68\n\nm2\n\n600,00\n\n2.208,00\n\net\n\nSINADL 4914\n\n. A. R,\n\n3\n\nP\n] Conjuntp de ferragens para junela de madvira, de correr, em\n2 fulhas, constando Je fornecimento sem colocagdo (esta\n\n\'\n\nPrcn\n\ngf\n\n| B ot}\n| R4\n\nLA\n\n.\n\nmcluicda no fornecinento e culocagdio das esquadrias) de.\n\n1355\n\nFchtef\n\n- 4 rodizios de latho com rolamentos (6mm), para irithos; )\n- 3,060m (e tnfho de aluminio tamanho 3,00mx1/4%x1/4\";\nv\n\n- 2 conchas simples em latio, forma retangular, sem furo\n\n16,00\n\n parte central em baxo 1eleve, acabamento cromado;,\n\nEMOP 14.007.145-0\n7.2\n\n.\n\nun\n\n210,00\n\n3.360,00\n\n.\n\n3.749,00\n\n3.991,00]\n\n3.576,89\n\n\n\nL\n\nComungo de forragens para portas de madeira, de 1 folha,\ne,\n\nsoeials ou de sevigo, constando de formegunei-\n\n1o sem colocagdo (esta inclnida no Fornecimento e coloci-\n\nao dag esuadrias), de:\n- Fechudwia tipo gorge, trinco reversivel, em Jatio, acabunento cromado\n- Entrada  roseta circulares, em latdo lamingdo, acatramenta cromado\n- Maganete tipo alavanca, em lat3o, acabamento cromado\n\n\'\n\n.\n\n- 3 dobradigas Je leiro galvanizado de 3% 2.1/2, corit\n\n\'\n\n7,00\n\n pino  holas de ferro.\nEMOP\n\nW\n\n80,00\n\n560,00\n\n1.600,00\n\n19.200,00\n\n830,00\n\n1.326,00\n\n3.749,00{ - 3.991,00\n\n596,15\n\n. 3.244,09\n\n3.711,00\n\n- 21.964,00\n\n3.244,00\n\n3.711,00\n\n\n1.516,89\n\n14.007 0400\n\nConjunto de ferragens para portas de madeira, mtermas, 2\nfoflias de abrir constando de fomecimento sem colocagio\nesta incluida no f8mecimento c calocaghio das esquadrias de.\n\nFeclulura 1ipo ponge, trwco reversivel, em latdo, acaba ~\nmenlo comado,\n- Fntrada  voseta, circulares, em latdo luninado, acaba\nmento eromady,\n- Magangia tipo alavanca, em fatdo acabamento cromado;\n- 6 6 dobra ligas de ferro galvanizado de 3\"x2.) /i\", com\n\n-\n\n-\n\npno de ferco  bolas de latdo;\n\n/7\n\n- 2 fechos de embutir, A0em, emylatdo pohdo.\n\n7.14\n\nEMOP\n\n11.0072.050-0\n\nJunela de correr de 4 folhas, de 200 x 120cw, de cedro, inclusiv e guamigio, exclusive feiragens. Fornecimento e colocagio\n\n12,00\n\nwr\n\nHEAOP 14 006.295-0\n\n3\n\nVauela basculapte em madeira, medindo (0,80 x 1,45m, con. 3\nfothas, cotn acahfmento pars pintura. Exelusive pintura, v dro \n\n1,56\n\nRrragem Fomecimento  mstalaceo.\nSCOFGY < BS 10,20,0050\n\n7.16\n\n-\n\nY\n\nPortao Jde chapa de ferro galvanizado, com efpessura de 0.5mi,\n gllura enire 2m & 3m  wea total de 6m2 a 92, excl\n\nfrchadura\n\n2,\n\nJSCCRFGY - T8 05 15 0050\n\nVidro\n\nThiaga ;..\nGerents de F\n\nmz\n\n650,00\n\n1.365,00\n\n3.665,00\n\n4.223,00\n\nT\n\n1.572.82\n\n.\n\n-\n\n8.\n\nN\n\nVidro temprerado,mcolorde Gmm de esp.,caixithe em madetra,\n\n10,00\n\nalirminio ou lerr,excl fervagens forn.e colace\n\ni\\OP\n\n8.2\n\nm2\n\n\n\n200,00\n\n2.000,007\n\n2.801,00]\n\n3.334,00\n\n80,00\n\n8.486;40{\n\n2.801,00\n\n3.334,004-\n\n10.101.27\n\n75,001\n\n18.080,25}\n\n.3:974,00\n\n4,928,001,\n\n22.420,60\n\n2.380,58\n\n1 004 1210\nA\n\n106,08\n\n\\ idrg liso, incolor, com cspessurn de 6mm Fomto  Instalacao,\n\n2\n\nSCOAGY - S 45.05 0309\n\n- |Coabectura\nCabertura em telhas coloniats, exclusive cumeeira  maderamen10, medidn pela area real de cobertura\n\n241,07\n\nFomecimento e colocaglio\n\nm2\n\nFAD)P 16 002.010-0\n\n9.2\n\na\n-\n\nMadetratnento para cobertura em duas fguas em telhas cyramicaz. constitwdo de cumeewn e tergas de 3% 4,1/2\", casbwoy\nde 31\n\n1727, nipas de 1,5 x Jem, tudo em magaranduba serrs\n\nda. sem tesourg ou pontalete, medido pela area real do wadeun\n\n241,07\n\nmento, Fomecunento  coloeagio\nEMOP 16,001 0500\n\nR\n\nm2\n\n57,00\n\n]\n\n1.5644007\n\n13.740,99\n\nWx:\n\n.\n\n:\n\nROPTH J\"_@_____\n\nHroc. n\n\n1355\n\nChmeeirs para Sobertura em tethas fiancesas ou coloniais\n\n1\n\nFomecimento  colocagao\nEMP\n\nA IR 005,50\n\n| 4\n\n\n\nHolhat\n\n16 902.015-0\n\n45,00\n\n203,30\n\nRufo de aluminio de 0,8x500mm. Fomecimento  colocagio\n\n3.297.00]\n\n7 10.411,67\n\n331800\n\n6.665,33\n\nEMOP 16,008 0110\nCordiio para wnreinate de telhado, executado com arpamassa\n\n-\n\ndv amento, areia  saibio, na tmgo 1.22\n\nJAIOP 16 0413.004-0\n9.6\n\nCulha e chupit de ago g;alvanmx-do n5\"26 com 23m dz de seivolvimento\n\nFomecumento e colocagio.\n\nEMOP 16 00%.001-0\n\n10\n10.1\n\n!\n\nForro\n\nForro de PVC em paineis lineares encaxados enise si  lixadox\nemesintura de madera, dimensbes 100x6000mun\nPINI 95008 6 1\n3\n\n11\n111\n\nRes estimento\n\nChaptsca e parede com argamissa de cimento  aicia\no nago 1.9, espessura\n\n9 mni - Fornecimento  execugaa\n\nEMOP 13.001.010-]\n\n.\n\n)\nK\n\nEmbcto nbisss tinica para parede intema com argamassa\nnfista de cimento, cal  arein, trago 1.2.9, > 20mm\n\nm2\n\nFumecimenio v exectgo\n\nT9.00]\n\n5.704,75\n\nPINLO9TGIR 214\n\n[}\n-\n\nAnilsio esmaltado hso branco ) 5x15 ou 20520cm asgentado\n\ncoin urpamassa pr-fabricada de cimento colante. juntas @\npruma. Fornecnnento e execugio\n\n.oV\n\n17,321,310\n\nm2\n\n35,00}\n\n2.85,00]\n\n3.220,00\n\nni2\n\n7,00\n\n2.855,00f\n\n3.220,60\n\n3.464,20\n\nm2\n\n85.00]\n\n4.146,00\n\n5.185,00\n\n109.277,691\n\nPINLOST06.K 1 7\n\nRejnntamento de azatlejo 15x15 ou 20x20 cni com argimasa pre\ntabricasda, para juatas ale mm\n\nN\n\nPINTU9706.5 32\nCeramica 10x10cm. modelo Arguiteto Portobello ou simular, sulocadn com arganags pr-tabricadn e rej.ntaments\n\n1.028,00\n\n87.380,60]\n\nSBC 095\n\n~\n\n/\n\n\" ACLIVE COpST\n\n\n~\n\nCNPJ\n\nTDA\n\n09426 728/000154\n\nLassipflo\n\nSoaresjorddo\n\nCREAIR_MNNT\n\n108747 @\nw\n\nK\n\nPavimeniaglio interna e externa\n\nN\n\nPso eeriunico esmallado com medidas em tofho de 30x30\n\n-\n\na oy ndem, PETIV Assentado com aypamassa pr-iabricada\n\n2.565,00\n\nde camento colante Fornecumento e exceugdo\n\n2.997,00\n\n3.045,141-\n\n- 3.558,00\n>\n\nPINLIOU6 8 2.2\n\n-\n\nL\n\n12.2\n\nRejuntamento dz piso cenimico com rgamasss pr-\n\nfabricada. dumensocs do piso-300<306x a J00x400x& mm,\n\n57,00\n\nespeanra da junta: 6 mm. Forneeimento  excougio\n\n3.558,00\n\n2.997,60\n\nm?2\n\nPINI69606.8.3 1\n\nP_M.\n\nPiso de alta resstneta, monolitico, moldado po lecal, em*\n\n-\n\nn?\n\naipamassa de cimentos agregados muerais, com evpes-\n\n0.0\n\n_OL/\n\n-d\n\nmeinicos\n\nO custo inchn base suporte emn argamassa\n\nF\n\nde eimento  arcin no trago 13  servente para ceafecgdo,\ntrunsporte da srpamassa  servicos afing  ndo corsidera\njuntas\nEMO?\n\n\n\nL4\n\n12.4\n\n)\n\n152.10\n\n.\n\n9.886,50\n\nm\n\n-\n\n13 3850010\n\n<\n\nsura de 0 8cm, na cor natinal do cimeto  3 polirrentos\n\n11.318,36\n\n3.067,00\n\n2.679,00\n.\n\n.\n\n ontrapisc, base ou cumada regnlarizacors com argantassa e curento e areia 1o trago | 4 com espessula\nde 2.5 cm - Fomecimento  execugio\nMO\n\n.\n\nn2\n\n15,0C\n\nm2\n\n20,09\n\nm\n\n- 9,00\n\n163,35\n\n193,38\n\n3.334,00\n\n3.947,00\n\n3.334,40\n\n3.947,00\n\n1.625,44\n\n2.679,00\n\n3.067,00\n\n4.465,352\n\n13 3011201\n\n2\n\n%\n\no\n\n-\n\n[Piso cuneniado, com 1,5cm de espessura, com argamassa\nde cunento  arera no rago 1.3, alisado a colher, sobre buse\nexrfente\n\nIMOP 13 301 0X%0-1\n\n12.6\n\nRoxdupdde alja registncia, er arganiassa de cLnemo  agregdihors manerans,  [0ain de alturi, na cor natural do cimeuto,\ninclusive 3 polimentos, sendo o cantos sahiertes boleados.\n\n o8 regninuites e Junto 4o Pisv o IMel cana\nMO\n\n12.7\n\n3.900,60\n\n13 385 (5.0\n\nDegran.de escada de atia resistncia, composta de capa\n< espellio. em argmassa de SUNeMo  agregacos minevaus, na cor natural de cimenfo, inclusive 3 polunettos.\n\n\'\n<\n>\n\nEAMOP 13 383.00K-0\n\nRodape cequmicn com 10 em de altury, asserte em pasta de ennea\n\n201.80\n\nto Forncaniento  colocacio.\n\n2.997.00\n\n13,00\n\n-\n\n3.558,00\n\nSCOFGY - RV 30,05 0100\n\nPetorl de grantto emza andorniha nacional\n\nde 2 x 18cm, com 2\n\npolientos, nssente com asgumassa de cimeitto, saibro  arem, 1o trego 1 33  nata e cumento comur, repsitadn cum\ncunento branco\n\nEMOP 13045.040.0\n\n40,00\n\nM\n\n\"2.004,00\n\n3.597,00\n\n3.924,00\n\n2.186,18\n\n-2.596,00\n\n3.646,60\n\n 623,58\n\n-\n\n(Ol Solera cm gramie com altura de. ] 5in e espessum de 2om ussenta\nJu\'com argrimasa pr-fabricada de simente.\n\n)\n\n11,10\n\n4,00\n\n1\n\n444,00\n\nPINIOGRS .13 1\n\nRevesiunento mitertravada com pecas (blosos) de concrete com\ncunento, cov nalural, con resislencia s ceouprssan e 35Puy, .\naltamente vitno-prensados,\n(16 fuces), holmdes (returyniba\n1, com\n|\nLl\n\nte\n\n12.8\n\nespessura <le Gem, tom lodos 0 matertais & eqpamenitos, inzlu\n.\n\n.\n\nsive compactacau com suquete vibratorin. corte dus hlocos page\nmemate, cuny maquing Je junias (serra para concreto  \"colehao!\n\nh oy\n\nde wreia part agsentamento  repugtamento., de acordo com s nor\n.\n\n728/000\\54\nord\n\n-\n\ns NBR 9780  MBR 9781, Pre-moldade UNI-STEIN. mquate\nou simlar,\n\n60,90\n\n-\n\n4.087.00\n\n21.792,00\n\nP_M\n\nSOEROY < B 10,20 6350\n.\n\nQuadra\n\n131\n\nP Frog,n=\n\nvede\n\n7\n\nnnaH\"e\n_OL7\nd\n\nCencreto simples, dosado racioualmente para uma resis-\n\nS\n\ng\n\n.\n\n.\n\ntncia caractonstica a compressdo de 25M1Pq, inclusive\nwales\n\ns, Lansporte equivalente o 20,00m na honzontal\nM\n\n 10.00m na vertical, produgdo, langamento e adensamen- .\n\n27 4\n\n10,556,007\n\n2.335,00\n\n2.748,00\n\nm\n\n2.411,40\n\n1.816,00\n\n2.084,00\n\n2,767,275\n\n200.95] m\n\nT003.75\n\n2.963,00\n\n3.407,00]\n\n1.155,31\n\n20,000\n\n6.032,00\n\n3.334,00\n\n3.947,00\n\n7.141,06\n\n30.16]\n\n1o na quantiladede 2,00m3/h\n\nby\n\nm3 |* 350,00\n\n12.423,08\n\nFAIOP 10 0033.005-1.\n~\n\nTunta de retracac, serrada com disco de diamantes, para pa-imen\ntos de placas de conereto, com Semde profundidae, somsnte o\nconte, exchusive preenchimentd e barras de ligacao  de \n\n200,951\n\ntansferencia.\n\n)\ns )\n\nSCOFGY - BP 10150050\n\nJunta } plastica 27 % 3mm,\n\npara 1 pises continuos\n\nI\'smecmento  colocagao\nFMOWP 13,38 0S1-0\n\"\n\n{3.1\n\ns\n\nementade. e\n\nde cavento  e\n\n1,5em de espessiva, com argamassa\nno trago 1:3, alisado a colher, sobre Lzse\n\nenistente\nPO\n\n13301 080-1\n\nSarcacdo e quadra de edporte, com tintara Supereril ou similer,\n\ne\n\nem 2 demaos Meduda pela area efeliva de pintura\n\nm2\n\n50,00;\n\n1.560,00\n\n2.847,00\n\n3.39%.60\n\n241.281\n\nm2\n\n45.00110.857,60\n\n2.847,00\n\n3.396,00\n\n1.789.25\n\n- T 08 45,0050\n+~\n\nSOG PG\n\n30,001\n\n13.6: Pintard de quadra de esporte em piso cimentadu, com tE1ta 4 base\nJeresua metalice \"hot line, ou sumilas, considerando-= hmpeza\n\nJda superticie  2 demdos de acabamento (1,04)m\nRef SOOI\n\n\n- PT 05450100\n\n1\n\nPintura\n\n14.1\n\nPiture inimzante fungicida\n\nSt APE- 18975\n\n\'\n\n:\n\nM\n\n12.951,32\n=\n\n.\n\n0]\n\n.\n\n14.2\n\nPiniturd com tinilg acribica semi-brithante ou acettada oua\n.\n\n.\n\n.\'\n\n.\n\nfites ot @ exterior, incolor ou colonda, sobre tijolo, e nere-\n\n+\n\nto hbo. cmento-amianto, rvestimento, madeira  terro, nclusive liximnento. tna desnao Je selador acrilico e duas\ndehiaes de acabrunento, inclusive duns demios de messa\nGO\n\n831.08]\n\naerthea\n\nm2\n\n18,001\n\n14.959,44\n\n3.067,00\n\n3.614,00\n\nIMOP 1 018 11840\n\n17.627,46\n\n.\n\nT\n\nPudura interna ou externa sobre ferro. com esmalte #\n\nttico brithante ou acetinado apos lixamento, linpezs,\ndesengorduiamento, uma demao de zaclo.de $eca -\n\npeut 1apida cor laranja e duag demdos de acabaments\nNP\n\n14.4\n\n~\n\n541,84\n\nm2\n\nC 15001\n\n8.127,60\n\n3.669,00]\n\n3.118,00\n\n9.563,88\n.\n\n17 0173200\n\n-\n\n-\n\nPintura mtema ou externa sobre madeira nova, com esmalte sintetice alto bitiho ou acetinado, inclusive | xameir1o, uma Jemdo de vermiz inumizante e impermeabil zants\nwicobor, uma demio do massa coirida u dleo, uma cemiao\nde fundo sinttico mvelador  duas demios de acal aments\n\n- 304,80\n\nm2\n\n26,001\n\n6.096,00\n\n- 3.669,00\n\n3.118,00\n\nEMOT 17,017 1690\n\n\n\nel\n\n~\n\n\\\n\nBancadas  Prateleiras\n\nard\nfhetithe\nexR S\n:\ni\n\n.\n\nv\nCREA/RJ 2007 108747\nS\n\n7.173,26\n\n-\n\nBancada em granito cinza andoninha polida com ;\\,70x0,55.\\0.03n|, A\nB\n\nP\n\n.\n\n.\n\n:\n\n.\n\nfixacla  apuiada em alvenoria chapiscada, embogada e revestida de\n.k\n\n\'\n\n.\n\nM\n\n.\n\nazulejo com 1 cube de ago indY, valvula, sifio  omeua cromardy,\n\ninclusive priteleira em compensado de cedro com wrmario de 2\nJ0ras revestla em Tormica medindn 0,60%0,50m, em venezna \n.\n.\n\ncedro,\n\n\n- Joomr PMAR\n\n_\n\n.\n\n.\n\nY\n\n.\n\n2:000,00 ! 2.()\\)0,06\n.\n\n.\n\n-~\n\n2.881.00\n-\n\nN\n\no\n\nPrg c. nf\n\nBancadk em granito cinza andorinha polida com ?,SOxO,SSXO,()Bxr,\n{ixadda  apowdaem alvenaria chapiscada, embczada  revestida de,\n\nQa.\n\narulejo com | cuba de ago mox, valvala, sifio  tomelia cromada, inclusiv,pmlelcvn em compensado de cedro com armrio de 2\nportas revestida em formica medinda 0,60x0,5Cm, em veneziany e\nP\ni\ncedro\n\nPMAR\n\n)\n=\n\nRS\n\n2.623,81\n\n3.436,00\n\n2.200,00\n\n2.200,00\n\nun\n\n.\n\n\\\n\nL\ng\n\nbe.\n\noM\n\nBacada mn granto ci;\\m andorinha polida com 2,80x0:55x0,(0m,\nfinada  apoiada em alveraia chapiscada, embogada e revestide e\nazulejo cont 3 cuba de louga, valvula, sifio e tomeira cromada,\ninclusive pratelcira em compensindo de cedra com armirio de 2\n-\n\nportasrevestida en fornica medinda 0,60x0,50m, om vencziatz: de\n\"\n\ncedro\n\n7\n\n|\n\n.\n\nCOMRPMAR\n\n-\n\n:\n\n\n\n.\n\n3.436,00\n\n4.600.00\n\n2:300,00\n\n!\n\n\\\n0\n\no\n\n\"\n\n~\n\n(]\n\nhd\n\nBancada em pransto cinza andorinha polida comn 3.70x0,55x0,Bn,\n(i e upoindis\ne ulvenana chiapiseada, erhogada g reveand: de\narulejo com 2 cuba de ago, valvula, sifdo e torheira cromadad,\n.\n\n.\n\n3t\n\n..\n\n<\n\nA\n\n03\n\ninclusive prateleira\nem coimpensado de cedrs\ncom\n\n!\n\\ armario de 2\nv\n\nR\n\nR\n\nportas revesiicla em formica medinda 0,603 50m, em-veneziais de\ntedro\n\nv\n\n1,000\n\n.\n\nv\n\nen | 3.500,00]\n\n2.881,00\n\n\"3.500,0 )\n\n3.436,00\n\n\"\n\n4.174,25\n\nCOMP PMAR\n\nW\n\n\n\nn\n\n\n\n.\n\nf\n\nT\n\n.\n\n<\n\nETui\n\nBanedida m granito cuza andorinha polida com 2,03x0,5550,03m,\n-\n\nN\n\n.\n\nfaon\n\n3\n\ns\n\n{ixada  apotaddy\ne alvenarim chapiscada, embogada e vevestida de v\nazuleio, inclusive prateleira cn compensada de cedro com amrio\n\n&\n\ne 2 portas revestida em {Grouca Medinda 0,60x0,50m em verw\n\n7ians de cedro\n\nCOMPIMAR\n\n1.000,00\n\nan\n\n\n\n100000\n\n\n\nw\n\n-\n\n2.881,00\n\n3.436,00\n\n1.192,64\nD\n\n.\n\nRl\n\n.\n\n.\n\n.\n\n\n\n.\n\noo\n\nPratelewrn em granito cinzs andonnhia apoida em grmitocum\n\nm\n\nmwdide ((,45x0,03 1cin\nCCMIY PMAR\n\n-\n\n\'\n\n.\n\n910,70\n\nT00.00\n\n\n\nT,\n\ni\n\nDiversos\n\n.\n\n2.706,00\n\n3.015.00\n\n1.013,91\n\n3.270,00{\n\n3.487,00\n\n136.36\n\n!\n.\n\nb\n\nTransporte de andaime lubuler\', consideraado-se a drea-de\n\nprojecdo vertical do andaime, exclusive carga, desoarga\n tampo de espera do caminhido.\n\nEMUP 03 020,122:0\n\nB\n\n.\n\n127878\n\nL\n\n-\n\ns\n\nm2xkm\n\n~-\n\n-\n\n.\n\n16.2\n\nNugucl de andairie tubular sobre sapatas fixas, formido\n\n-\n\npor elementos de 2,00m de largua  1,59m de altura, consdeN\n\n=\n\n.\n\nv\n\nLt\n\nrandlo-sc u,areu da projegio veitical de aadaime  pago pelo\n\n-\n\ntempa necessarid & sua utilizagdo. exclurive traisporte dos\n.\n\nclementos do andaune at a obra plataforma ou passarela ce\nK\n\n290,79\n\n]\n\npuiho montiagem  desmontagem dos andaimes.\nLEMOP 05.006:000-1\n\n.\n\n.\n\n4,\n-\n\nn2kms|\n\n>\n\n1.119,00 119900\n\nv\n\n281,05\n\'\n\n\n~\n\n16.3\n\nPlataforma ol passarela-de pinho de 1%, tansiderando-se\naproveitamento de madeia de 29 vezes. exctugive endai IS O\n\nEMUP\n\nGO\n\n.\n\n-\n\nY\n\n290,79\n\nSuporic  moviimentagio\n\n050058 012-1\n\no\n\n.\n\n)\n\ni\n\n872,37\n\n\'m2\n\n\n\nThiago 8. Sefiulina i Spiza\n\n.\n\nGerente de |\n\n{\n\nSOHGI\n.\n\nP\n\n3.680,00\n\n95487\n\n\n\nLN\n\n.\n\n.\n\n\n\n.\n\n\'\n\nv,\n\n3\n\nMovimentagio vertical ou horizontal de plataforaa ou pas\nsarcla\n\n[\n\n.\n\n261,71\n\n.\n\nEMOP 03,008 008-1\n\n.\n\'\n\n\n\n+\n\n\n\nT\n\n. )\n\n,\n261,71\n\nrando-s 4 irea vertical recoberta\n\n6.6\n\ns\n\n93,80\n\n3.687.00\n\n3\n\nMontafent\'e desmontagem de andaime tubuler, consid-\n\nEAOD 05 008.001-0\n\n~\n\nT4.760,00\n\n&\n\n10.4\n\n.\n\n\n\n,\n\nT\n5.687.00\n\n4.760,00\n\nm2\n\nB\n\n938,03\n&\n\nS\n\n\n\"\n\nHspetho de cristal, de dnun de espessura. com molduiade\n\nm2\n\nmudetra - Fomecimento  colocagio\n\nEMOP 14004 Lo0-0\n.l,.\n\n16.7\n\n.\n\n1.134,00\n\n2.801,00\n\n600,00\n\n73.445,00\n\n1.349,79\n\n..\n\n\n\nCon)unto de dugs burras de apoj hbrizontal em ago iroxidivel \n1 142\" parn sanitaros dos portadores de necegsidades especiais\n\n-\n\nA primeira com 1,10m e a scgund.l com 0,90m, fixadcs com com\nAY\n\ntaluange redonda de ago indx (3 2, espessura 3/16\" ch:uubado uy\n\n*2.00\n\nalvenaria com parafuzos auto atarraxantes de ago inoxidavel.\n\n16.8\n\n9\n\n300,00\n\nRS\n\n+\n\n-~\n\nRef SCOFGY - AP 05,10 0134\n\nao\n\nr=3\n\nb\n\n.\n\n.\n\nApicoumentd manuel de conereto, @m superficies verticais,\nmclunve comecno de fattus.\n\nSCOATGY =480 05.20.01 51\n\n-\n\n.\n\n\n\n~\nv\n\nBarra de magoranduba de 20 x 2,5cm, aparcthada ers uma face  nos 1apos, para protegio de paredes de salas de dula\n=\nFomecimentu e colocagio\n.\n~\n\n195,60\n\n35,000\n\n6.846,00\n\n3.243.00\n\n85,00\n\n43.809,00\n\n3.653,00\n\n371,001\n\nhMC){; 14,006 1(;1)4)\n\n1610\n\nAlanbrado para campo de esporte; de 3,00 x 6,00, com uin\n\nmottante a cada 3,00m. emn telagalvanizada n 12+ malha lo-\n\n-\n\nB\n\n.\n\n.\n\nB\n\nsango de Sem, fivada em tubos de ferro galvanizade de 2% coatraventamento de 1,75m; em cida moodulo, estes anmbados\n\n-\n\n\n\nemi bloeos dle concreto, inclasive escavagiio, concretd dos blo08, reateiro, transporte, carga  descarga. exclusive pintura\n\n515.40\n\n\nForiedimento  clocagio\n\n.\n\n:\n\nEMOP 09 0150070\n\nm2\n\n16.11 Tela empolititeno de alta densidade, 100% virgen, com methia\' de\n(SxS Jom. com sesialencin 1 teacao de 250K, Fom.  colocagdo\n\nN\n\n336,00\n\n.\n;\n\n~\n\\\n\n+\n\n5.040.00]\n\nm2\n\nSCOFGY - PL1S 1009060\n\n~\n\n3.680,00\n\n4.028,00\n\n* 5,516,618\n\n2. 73800\n\n02,10\n\ney\n]\n\n>\n\n16.12\n\n2.477.82)\n\nC3:542,00\n\n\n\nCabio de acd gitlvanizado, dunwewode 3/8\", com Al\n\nde fitra, 6\n\nv\n\npermag com 19 hos. Pomecmiento.\n\n378.00]\n\n7.00\n\n54.00\n\n2.572,00\n\nv\n\nSCOAGV - 191 10.05 0350\n\n-\n\nD\n\nLo\n\n.\no\n\nTrave desmontavel para futebal de ssldo, emvtubo de forvo\n-\n\n. 1,00\n\n Jgalvamizado e buchas. Forneenento\n\nEMOP18 200.004-0\n\n,\n\n.\n\n3.142.00\n\n2.936.00\n\n300,00\n\npar - 1.500,00\n\n4\n\n.\n\n1.605,25]. .\n\n.\n\nN\n\nAR\n\nHutrowira para basquete, n@tahics, fixa, cor avaico livre d21,30m,\n\\\n\ncom tabelds de compensado naval, aos e redes Fomecimento \n\n1.0\n\ncolocacao, exclustve furacao do piso!\n\npar\n\nscomay - prasasoso\n.~\n\n16.15\n\n2.300,00\n\n2,500,00\n\n\n2.936,00\n\nT3192,00\n\n2.67541\n\n2:097,00\n\n. 2.191,00\n\n8.358,61\n\nv\n\n.\n\nU\nde 4 projejanes\n\nColocacao\n\ne\n\nequupidos com Jaragida de descarga.\n\nfixadus et poste ds aco reto, inclusive ferrapess de fixacto, .\n\n.\n\n16,00\n\noxtlusive projetores. |\n\n8.000,00\n\n500,00\n\nR\n\nSCQOFGY - (P 50 35.0300\n\n\ns\n\n.\n\n10.16\n\nPosic pyra voleibal em hibo de ferro galvanizado, com cata\n-Jea  buchias\n\nL\n\npar\n\nFomecimeno\n\nEMOP TS 200.002.0\n\n)\n\n.\n\n600,00\n\n.\n\n2.936,00\n\n600,00\n\n7\n\n314200\n\n+\n\n</\n\n&\n\n\n:\n\n4\n\n\'\n\n*\n\n1lind\nAP\n\nde Sovrad\ntdificsgfes\n20843\n\n_ACLIVE CNST\nA\n58 726/0080-54\n0i\no,\nCassidf\n08747\nCREAIRS 20071\n.\n\n642,10}\n\nE.\n\n\'\n\n.\n\n-\n\ne\n\n]\n\n6. |\n\n-\n\n7{Rede deknylon para finebiol de saldo. Formecimento\n\n3\n\nB\n\n.\n.\n\n\'\n\n.\n\nR\n\n~\n\ng\n\n1 :()(j\n\n)\n\npar\n\nEMOPER.200.005-0\n\nS\n\n]\n\n. :/()_()\'()\n\n.\n\n 7(),0()\n\n250,004\n\nwn -} 250,00\n\n1,007\n\n*\n\nT\n\n:\n\n267,54\n\no\n\n3.142,00\n\n 2,936,001\n\nN\n\n\'\n\n:\n\nimpermeatntizagao de laje cop asfulto elastorhirico, a base de SBZ\n\n-\n\n4\n\n*\n\nde 40m2, exclusive preparo, protecuo trmica  mecinica\n\n-,\n\n\'\n\nM\n\nB\n\nsubcobertura em fibras continuas de policti[cno de alta densidace,\nA\n\n.\n\nve m\\\'uki.r;lmmto\'p\'ua contrs-caibros em madewrs serada de\n\n*\n\n@\n\n{\n\n/\n\n;\n\n\n\n-\n\nm2\n\n1 59,74\n\n(1,54, 05em, Tyvec o sumldr Fomecime',707,'en'),('a:5:{s:5:\"title\";s:26:\"Kodak Capture Pro Software\";s:6:\"author\";s:26:\"Kodak Capture Pro Software\";s:9:\"pageCount\";s:2:\"62\";s:10:\"hasOutline\";b:1;s:8:\"hasForms\";b:1;}',708,'en'),('a:4:{s:4:\"name\";s:42:\"Acrobat PDF 1.4 - Portable Document Format\";s:7:\"version\";s:3:\"1.4\";s:12:\"registryName\";s:6:\"PRONOM\";s:11:\"registryKey\";s:6:\"fmt/18\";}',709,'en'),('a:3:{s:4:\"type\";s:9:\"ingestion\";s:8:\"dateTime\";s:20:\"2023-10-16T11:29:53Z\";s:22:\"linkingAgentIdentifier\";a:3:{i:0;a:2:{s:4:\"type\";s:19:\"preservation system\";s:5:\"value\";s:20:\"Archivematica-1.12.2\";}i:1;a:2:{s:4:\"type\";s:15:\"repository code\";s:5:\"value\";s:3:\"ORG\";}i:2;a:2:{s:4:\"type\";s:21:\"Archivematica user pk\";s:5:\"value\";s:1:\"1\";}}}',710,'en'),('a:4:{s:4:\"type\";s:26:\"message digest calculation\";s:8:\"dateTime\";s:20:\"2023-10-16T11:29:53Z\";s:17:\"outcomeDetailNote\";s:64:\"ef4dee3cf488c244542f09f82425904fe9107fd67cf057cd5a54373afc4f685e\";s:22:\"linkingAgentIdentifier\";a:3:{i:0;a:2:{s:4:\"type\";s:19:\"preservation system\";s:5:\"value\";s:20:\"Archivematica-1.12.2\";}i:1;a:2:{s:4:\"type\";s:15:\"repository code\";s:5:\"value\";s:3:\"ORG\";}i:2;a:2:{s:4:\"type\";s:21:\"Archivematica user pk\";s:5:\"value\";s:1:\"1\";}}}',711,'en'),('a:4:{s:4:\"type\";s:11:\"virus check\";s:8:\"dateTime\";s:20:\"2023-10-16T11:30:01Z\";s:7:\"outcome\";s:4:\"Pass\";s:22:\"linkingAgentIdentifier\";a:3:{i:0;a:2:{s:4:\"type\";s:19:\"preservation system\";s:5:\"value\";s:20:\"Archivematica-1.12.2\";}i:1;a:2:{s:4:\"type\";s:15:\"repository code\";s:5:\"value\";s:3:\"ORG\";}i:2;a:2:{s:4:\"type\";s:21:\"Archivematica user pk\";s:5:\"value\";s:1:\"1\";}}}',712,'en'),('a:4:{s:4:\"type\";s:12:\"name cleanup\";s:8:\"dateTime\";s:20:\"2023-10-16T11:30:02Z\";s:17:\"outcomeDetailNote\";s:184:\"Original name=\"%transferDirectory%objects/Processo 2010008091 - Vol VI_ocred_assinado.pdf\"; cleaned up name=\"%transferDirectory%objects/Processo_2010008091_-_Vol_VI_ocred_assinado.pdf\"\";s:22:\"linkingAgentIdentifier\";a:3:{i:0;a:2:{s:4:\"type\";s:19:\"preservation system\";s:5:\"value\";s:20:\"Archivematica-1.12.2\";}i:1;a:2:{s:4:\"type\";s:15:\"repository code\";s:5:\"value\";s:3:\"ORG\";}i:2;a:2:{s:4:\"type\";s:21:\"Archivematica user pk\";s:5:\"value\";s:1:\"1\";}}}',713,'en'),('a:5:{s:4:\"type\";s:21:\"format identification\";s:8:\"dateTime\";s:20:\"2023-10-16T11:30:04Z\";s:7:\"outcome\";s:8:\"Positive\";s:17:\"outcomeDetailNote\";s:6:\"fmt/18\";s:22:\"linkingAgentIdentifier\";a:3:{i:0;a:2:{s:4:\"type\";s:19:\"preservation system\";s:5:\"value\";s:20:\"Archivematica-1.12.2\";}i:1;a:2:{s:4:\"type\";s:15:\"repository code\";s:5:\"value\";s:3:\"ORG\";}i:2;a:2:{s:4:\"type\";s:21:\"Archivematica user pk\";s:5:\"value\";s:1:\"1\";}}}',714,'en'),('a:5:{s:4:\"type\";s:10:\"validation\";s:8:\"dateTime\";s:20:\"2023-10-16T11:30:14Z\";s:7:\"outcome\";s:12:\"partial pass\";s:17:\"outcomeDetailNote\";s:51:\"format=\"bytestream\"; result=\"Well-Formed and valid\"\";s:22:\"linkingAgentIdentifier\";a:3:{i:0;a:2:{s:4:\"type\";s:19:\"preservation system\";s:5:\"value\";s:20:\"Archivematica-1.12.2\";}i:1;a:2:{s:4:\"type\";s:15:\"repository code\";s:5:\"value\";s:3:\"ORG\";}i:2;a:2:{s:4:\"type\";s:21:\"Archivematica user pk\";s:5:\"value\";s:1:\"1\";}}}',715,'en'),('a:4:{s:4:\"type\";s:13:\"normalization\";s:8:\"dateTime\";s:20:\"2023-10-16T11:30:38Z\";s:17:\"outcomeDetailNote\";s:106:\"%SIPDirectory%objects/Processo_2010008091_-_Vol_VI_ocred_assinado-1736698e-e5d5-4d75-8b8b-25e5554e4a37.pdf\";s:22:\"linkingAgentIdentifier\";a:3:{i:0;a:2:{s:4:\"type\";s:19:\"preservation system\";s:5:\"value\";s:20:\"Archivematica-1.12.2\";}i:1;a:2:{s:4:\"type\";s:15:\"repository code\";s:5:\"value\";s:3:\"ORG\";}i:2;a:2:{s:4:\"type\";s:21:\"Archivematica user pk\";s:5:\"value\";s:1:\"1\";}}}',716,'en'),('a4dc4164-aba8-474a-8385-090dfb25da42',717,'en'),('f9336958-96b3-4670-9c41-c4098daca9b1',718,'en'),(',to\\\n\nLogh\n\nESTADO DO RIO DE JANEIRO\n\n.o\n\n.\n\nPREFEITURA MUNICIPAL DE ANGRA DOS REIS,\n\ns\n\n4\n!\n\n}\n\n* Unidade de Origem:\n\n13/05/2010\n567 - SOH-SECRETARIA MUNICIPAL DE OBRAS,\n\n|\\ A BiTACAO E SERVICOS PUBLICOS\n\nTipo de Processo.\n\n227 - DESPESA\n\n\\\n\nTipo de Assunto;\n\n429 - DESPESA\n\n]\n\nINTERESSADO:\n\nLICITAGAO\n\nFe\n\nDatadeEntrada:\n\nK\n\nCPFICNPJ:\n\nVLI\n\ne -\n\n}\nMIMP 0282/2010/SOH REFERENTE A\nUGAO\nEXEC\nPARA\nSA\nEMPRE\nCONTRATAGAO DE\nDA OBRA DE REFORMA DA ESCOLA MUNICIPAL\nPEDRO SOARES - PROVETA - ILHA GRANDE ANGRA DOS REIS. R$\n\nPSR\n\nDescricao:\n\n() Ramal:\n\nT\n\nTelefone:\n\n, Bairro: - CEP:- - Cidade:\n\ne\n\nEnderego:\n\nitT\n\n{\n\n8091/2010\n\nProcesso:___\n\nEstado do Rio de Janeiro\nPrefeitura Municipal de Angra dos Reis\n\nFolha n: _4 009\nRuc,\nAss.\n\n-\n\nPublicos\nSecretaria de Obras, Habitago e Servigos\n\nAngra dos Reis,10\n\nMM\n\nde Janeiro\n\n030/2012\n\nN\n\nde\n\n2012\n\n/SOH\n\nA\nSOH\nPrezados Srs.,\n\nde\nAditivo por supressao e/ou acrscimo\nSolicitamos autorizac@o para Termo\nobra, a saber,\nservicos sem alteragao financeira da\n\nACLIVE CONSTRUGOES LTDA\neFavorecido:\nICIPAL PEDRO SOARES\nOBRADE REFORMA DA ESCOLA MUN\neServico:\neBairro:\n\nPROVETA\n\n282/2010/SOH\nsMemo:\n17/11/10\nde\n89\neContrato:\n540 dias\nPrazo Execugao.:\nelicitacio/Modalidade:\n\n\'\n\neValor R$: 2.223.500,00\n3699/10\neNota de Empenho:\n0Ordem de Servigo:\n130/2010/SOH\neData de Inicio da Obra:\n\neTrmino inicial previsto:\n\nCONCORRENCIA 008/2010\n\n276/2011\n\n3503/20 3495/2011\n\n13/12/10\n\n0\\5/%\n\nAtenciosamente,\n\nAUTORIZO\n\n\',\n\n(N\n\n%L)\nORDENADOR DE\n\ne\nS\n\n\nDESPESA,\n\n\"&e\n\no}%\n\n(R . X9\n\nESTADO DO RIO DE JANEIRO\n\n\n=\n\nASS.. .\nPrefeitura Municipal de Angra dos Reis\nSecretaria Municipal de Obras, Habitagao e Servigo-Publico\n\nB\nTk\n\nSubsecretaria de Edificacoes\n\n=\n\n\n\nRELATORIO TECNICO\nAssunto: Termo aditivo de supressdo e/ou acrscimo de servigos\nObra: Reforma da Escola Municipal Pedro Soarzs\nLocal: Proveta\nEmpresa: Aclive Construgdes LTDA\nMemorando: 282/2010\nProcesso : 8091/2010\nContrato: n: 089/2010 de 17/11/2010\n\nTipo de Licitagdo: Concorrncia 008/2010/SAD.SSLC\nNota de Empenho: 3699/2010\nOrdem de Servigo: 130/2010/SOH\nData de assinatura da Ordem de Servigo: 13/12/2010\nPrazo de Execucdo: 420 dias\n\nTrmino inicial, aps assinatura do contrato: 05/02/2012\n\nValor da Obra (P0): R$ 2.223.500,00\nValor aditado:\n\nRS 248.766,40  Memorando\n\nn 420/2011/SOH\n\nSem alteragdo de valor\nJustificativa:\n\nSolicito termo aditivo sem alteraggo de valor, em virtude da apresentago\ndo Projeto executivo de instalagdes hidrossanitarios, eltricas e estrutura, com\n\nisso houve\n\na necessidade\n\nde adequag@o\n\nda planilha para incluir itens ndo\n\nplanilhados e retirar itens que ndo serdo necessarios para finalizar a obra.\nConforme planilha em anexo.\nAngra dos Reis, 10 de janeiro de 2012.\n\nCRONOGRAMA FISICO FINANCEIRO\nOBRA: REFORMA DA E. M. PEDRO SOARES - PROVETA\nLOCAL: ILHA GRANDE\nOrdem de Servigo : 13/12/10\nPeriodo\n\nN\n\nITEM\n\nSERVICO\n\n=\n\n130 Das\n\nValor\ndos\nServicos\n\n%\n\n~\n\n1\n2\n\n[Servigos Preliminares\nDemoligGes e retiradas\n\n1.220,00\n\n7.302,65\n\n720,00\n\n|Movimento de terra\n\n|Infra estrurura\n\nT\n\n5\n\nSuper estrutura\n\n\n\n4\n\n6\n\n|Vedagio\n\n=\n\nEsquadrias\n\n8\n\n|Vidro\n\n9\n\n|Cobertura\n\n10\n\nForro\n\n11\n12\n\n|Revestimento\n[Pavimentagio interna e externa\n\n13\n\nQuadra\n\n15\n\nBancadas e Prateleiras\n\n16\n\n|Diversos\n\n14\n\n17\n\n|Paisagismo\n|Transporte maritimo\n\n19\n\nAgua, esgoto e dguas pluviais\n\n20\n\n|Tnstalagao Eltrica\n\n21\n\nInstalacdo de Incndio\n\n23\n\nLougas, metais e acessorios\n\n24\n25\n26\n\n27\n\n=\n\nK\n&\n\n23.080,00\n17.062,50\n4.000,00\n\n14.841,09\n\n13.900,00\n\n7.275,00\n32.960,00\n\n42.180,00\n\n]\n\nT\n\n\n\n_\n\n\'\n\n|\n\n|\n\n1\n\n]\n:\n\n6.02500\n\n|\n\n3.319,50\n\n26.600,00\n8.800,00\n\n37.075,00\n8.750,00\n\n45.425,00\n11.437,50\n\n8.800,00\n\n2.000,00\n\n1.500,00\n\n__7.500,00\n\n|\n\n137500 |\n\n|\n\nTOTAL DO MES (RS)\n\n123.362,40\n\n~LQR ACUMULADO (RS)\n\n123.362,40\n\n1\n247.081,53\n\n|IB\n\n7.005,60\n\n]\n]\n\n370.538,63\n\n| 494.010,73 |\n\n7.00560\n\n| 123.416,80\n\n_\n\n17.527,25\n\n155.744,00\n_\n\n1\n\n41.000,00\n\n7.005,60\n\n|\n\n|\n\ni\ni\n\n081%\n\n4210400\n\n| 170%\n\not\nTS10.486,40\n\n|T 0.43%\nT5on\n\n15.635 ,00\n\n053%\n\n207 43 4,00\n\n1\n\n39.122,66\n-1.865,00\n\n19,960,60\n\n|\n\n19.544,70\n\n839%\n\n394.821.25 | 15.97%\no\nST\n\n32.361,75\n\n9.845,00\n\n1,3 1%\n\n-\n\n40.760,00\n\n26.980,00\n\n40.500,00\n\n37.300,00\n\n42386,30\n\n2.310,00\n\n59.480,00\n\n4557573\n\n]\n\n1569\n\n=\n]\n\n20.400,00\n\n_\n\n]\n\n7.005,60\n\n7.005,60\n\n-\n\n10.000,00\n\n10.000,00\n\n15.737,40\n\n15.737,40\n\n]\n-\n\n15.737,40\n\n44.520,00\n6 ||_740.903,13\n\n|\n\n:\n\n123.725,60\n\n864.628,73\n\n123.335,60\n\n987.964,33\n\n123.827,60\n\n1111.791,93\n\n495361,27\n\n1.607.153,20\n\n272.686,25\n\n| 1.879.839,45\n\n133.354,17\n\n2.013.193 62|18\n\n| 5.046,03 |\n\n.\n\n19245259\n\nTR \n\n_\n\n]\n\n5.620,00\n\n]\nI\n\n|\n\n92.531,30\n\n36.948,50\n\n]\n\n|\n0\n\n38.248,00\n\n51.888.40 | 2.10%\n\n19.960,60\n\n108.820,00\n\n1\n\n|\n|\n\n| 0.36%\n\n9.593,50\n\n_\n\n7.005,60\n\n037%\nYA\n\n21218,10\n\n0 57%\n\n]\n\n7.005,60\n\n5.140,00\nTXGER\n\n21.218,19\n\n\n\n]\n\n[Servigos Compl\no\n|Limpeza Final da Obra\n|Administragdo Local\n\nl\n\n37.908,00\n\n25.625,00\n\n| 697500\n\n| 2907000\n| 641000 |t\n\n|\n\n21.700,00\n\n8\n\n%\n\n| 17.85500\nY _\n\n1\n\n\n\n]\n\n\n\n|Telefonia e Logica\n\n|Ttens Noves\n\nP\n\n1\n\n31.300,00\n\n40.549,32\n\n40.565,90\n\n\n\n18.275,00\n\n29.355,00\n5.071,65\n\n54.368,06\n\n-874,50\n\n| 886550 [f\n\n\n\n\'\n\n38.625,00\n\n720,00\n\n1.400,00\n\n|\n\n|Pintura\n\n18\n\n22\n\n720,00\n\n1.600,00\n\n24.054,88\n\n3\n\n| 1.140,00\n\n7.78%\n\n0.30%\nBT\n\n3 20%\n\n]\n!\n\n|\n\n2.69%\n|\n\n005%\n\n0.23%\n\n0,44%\n\n3657275 | 148%\n125835 | 0.05%\n5.10%\n\n|\n\n126,000,001\n\n]\n\n118.120.88 | 4.78%\n:\n]\n\ni ACLIVE CONSTRUGOES\nLTDA\n\n2.472.266,40 | 100.0%\n:\n\n.\n\nPROC. w,_@a%[q\nFOLAAN _A0AD.\n\n,\n\nMEMORIA DE CALCULO\n1\n\nServicos Preliminares\n\n1.1\n\nPlaca de identificag@o da obra Padrao PMAR,\n\n2,00\n1.2\n\n2\n2.1\n\nx\n\n1,00\n\ne\n\ninclusive\n\n2,00 m?\n\nGalpao aberto para oficinas e depositos de canteiro de obras,\n120,00\n6,67\n\n/\nx\n\n18,00\n72,00\n\n=\n=\n\n6,67 meses\n480,24 ms\n\n2400\n\nx\n\n500\n\n=\n\n120,00 m?\n\n(Alojamento)\n\nDemolicles e retiradas\nDemolicdo manual de alvenaria de tijolos furadcs, inclusive\n0,80\n\nx\n\n3,00\n\n=\n\n2,40 m?\n\n250\n280\n142,70\n\nx\nx\nx\n\n3,00\n3,00\n- 3,00\n\n=\n=\n=\n\n7,60 m?\n7,50 m?\n428,10 m?\n\n44550\n\nx\n\n0,16\n\n=\n\n71,54 m\n\nPorta banheiro sala 07\n\nDeposito\nCantina\nMuro divisa\n- Parede\n\n2.2\n\n=\n\nLASS\n\n0,20 m\n\nArrancamento de bancada de pia ou banca seca de at\n\nDormitdrio\nCozinha\n\n200\n\nx\n\n0,60\n\n=\n\n200\n\nBanheiro\n\n1,00\n\nx\n\n0,50\n\n=\n\n1,00 m\n\n1,00\n060\n\nx\nx\n\n0,50\n0,50\n\n=\n=\n\n1,00 m\n0,60 m\n\nBanheiro\nArea Servigo\n\n.\n\nm\n\nEscola\nwc secretaria\n\no150\n\nx\n\n0,60\n\n=\n\n1,50 m\n\n1,20\n9,05\n\nx\nx\n\n0,60\n0,60\n\n=\n=\n\n1,20 m\n9.05m\n\nCozinha\n\n775\n\nx\n\n0,60\n\n=\n\nwc masc.\n\n7,75 m\n\n275\n\nx\n\n0,60\n\n=\n\n275 m\n\n275\n\nx\n\n0,60\n\n=\n\n4250\n\nx\n\n0,20\n\n=\n\n\" cantina .\nlaboratorio inf\n\n- we femin\n\nPeitoril\n\n2.3\n1 pav\nvaso\ncuba\nchuv\nmictor\nLavatoric\nAlojame\nvaso\ncuba\nchuv\n\nm\n\n7210 m\n\nArrancamento de aparelhos sanitarios\n\n11,00 unid.\n9,00\n4,00\n3,00\n7,00\n\nunid.\nunid.\nunid.\nunid.\n\n2,00 unid.\n2,00 unid.\n2,00 unid.\n\nTotal:\n\n24\n\nTotal:\n\n275\n\n4250 m\n\n40,00 unid.\n\nRemogao de forro ou lambri de frisos de madei\nra ou placas\n.\nf\n\nGerente de Projetgskie Edificagbes\n\nTiago M .\n\nge Souza\ngenheiro Civil\n\nSOH-GPE - Mat 20843\n\n-~\n\nCorredor\nSls 1 pz\n\n101,05\n3500\n\nx\nx\n\n225\n11,00\n\n=\n=\n\n227,36 m?\n385,00 m?\n\nSls 2 pz\n\n35,00\n\nx\n\n400\n\n=\n\nwC\nCozinha\n\n140,00 m?\n\n22,00\n400\n\nx\nx\n\n200\n6,10\n\n=\n=\n\n44,00 m?\n24 .40 m?\n\n\\Jojament\n\n79,17\n\nx\n\n200\n\n=\n\nTotal:\n\n25\n\n8,00 unid.\n\n1,00 unid.\n\nTotal:\n\nSecretar\n\n101,00 unid.\n\n1,55\n\nx\n\n280\n\n=\n\n18,20\n\nx\n\n280\n\n=\n\nTotal:\n\n2,00 unid.\n2,00 unid.\n2,00 unid.\n\n6,00 unid.\n\nArrancamento de aparelhos de iluminagao, inclusive lam-\n\nsls\ncorredor\nrefeit\ncozinha\n\n72,00\n20,00\n6,00\n10,00\n\ndiredo\nalojame\n\n8,00 unid.\n12,00 unid.\n\nexterno\n\n6,00 unid.\n\nunid.\nunid.\nunid.\nunid.\n\nTotal:\n\nalambr\nCerca\n\nm?\n\n55,30 m?\n\nTotal:\n\njanelas\n\n4,34 m?\n50,96\n\nRetirada de aparelhos esportivos, trave e basquete 1 de cada.\n\nTrave\nTabela\nPoste\n\nportao\n\n979,10 m?\n\nRemogo de divisrias d2 madeira, pr-moldzdas, prensa-\n\nsls\n\n2.9\n\n158,34 m?\n\n-\n\n5,00 unid.\n\ncaixilho\n\n2.8\n\n| Ass.\n\'\n\n39,00 unid.\n45,00 unid.\n3,00 unid.\n\njanelas\n\n2.7\n\nFOLHAN 4040\n\nArrancamento de portas, janelas e caixilhos de ar condi-\n\n1 pav\nportas\njanelas\ncaixilho\n2 pav\nportas\n\n26\n\n[roc, n{_g@dg,o_ |\n\n134,00 unid.\n\nArrancamento de grades, gradis, alambrados, cercas e portdes\n365\n2,00\n2,20\n3,30\n13,00\n160,30\n\nx\nx\nx\nx\nx\nx\n\n300\n210\n1,50\n28,00\n6,00\n200\n\n=\n=\n=\n=\n=\n=\n\n496\n\nX\n\n200\n\n=\n\n10,95\n4,20\n3,30\n92,40\n78,00\n320,60\n\nm?\nm?\nm?\nm?\nm?\nm*\n\n9,92 m?\n\n-\n\nTiago Mugild }de Souza\n@\n\nheiro Civil\n\n519,37 m?\n\nTelhado 1\n\n616,60 m?\n215,44\n\nTelhado 3\n\n199,36 m?\n\nTotal:\n2.11\n\ng1}\n\n3\n\n\n\n|\n\n\n\nm?\n\n1.031,40\n\nx\n\nInclinagde Ceramica\n1,25\n\n=\n\n1.289,25 m?\n\nDemolicdo de revestimento em azulejos, ceramicas ou mar-\n\nmas\nfem\ninfa\ninfo\n\n19,00\n19,00\n8,35\n7,10\n\nx\nx\nx\nx\n\n280\n280\n280\n280\n\n=\n=\n=\n=\n\n53,20\n53,20\n23,38\n19,88\n\nm?\nm?\nm?\nm?\n\ncantina\n\n1360\n\nx\n\n280\n\n=\n\n38,08 m?\n\nrefeitori\ncozinha\nWC C0Z\n\n4140\n28,20\n6,70\n\nx\nx\nx\n\n280\n280\n280\n\n=\n=\n=\n\n2 servig\n3 externz\n\n115,92 m2\n78,96 m?\n18,76 m?\n\n17,00\n7799\n\nx\nx\n\n280\n280\n\n=\n=\n\n47,60 m?\n218,37 m?\n\nwc prof\n\n550\n\nx\n\n280\n\n=\n\n15,40 m?\n\nbanho\ncozinha\n\n16,75\n10,60\n\nx\nx\n\n2,80\n280\n\n=\n=\n\naservig\n\n46,90 m?\n29,68 m?\n\n8,00\n\nx\n\n280\n\n=\n\n22 40 m?\n\nAlojamento\n\nTotal:\n\n212\n\nFOLHANS_\n\nRemog&o de cobertura em telhas francesas, inclusive madei-\n\nTelhado 2\n\nWC\nwce\nwc\nwc\n\n_Q081/40)_.\n\n{ Ass.._\n\nTotal:\n210\n\nPROC.W\n\n781,75 m?\n\nDemolic&o de revestimento em argamassa de:cal e areia\n\nparede\nsl 1\nsl 2\nsl 3\nsl4\nsl S\nsl 6\n\n2400\n2400\n2400\n2400\n2400\n2400\n\nx\nx\nx\nx\nx\nx\n\n3,00\n3,00\n3,00\n300\n3,00\n3,00\n\n=\n=\n=\n=\n=\n=\n\n72,00\n72,00\n72,00\n72,00\n72,00\n72,00\n\ncorredor\nexterno\n\n149,70\n44505\n\nx\nx\n\n3,00\n350\n\n=\n=\n\nTeto\n\n449,10 m?\n1.657,68 m?\n\n19182\n\nx\n\n300\n\n=\n\n75,46 m?\n25,50 m?\n\nm?\nm?\nm?\nm?\nm?\nm?\n\nMuro\n8,50\n\nx\n\n300\n\n=\n\n850\n4270\n40,30\n30,00\n30,00\n13,60\n13,60\n8,90\n\nx\nx\nx\nx\nx\nx\nx\nx\n\n3,00\n3,00\n3,00\n3,00\n300\n3,00\n3,00\n300\n\n=\n=\n=\n=\n=\n=\n=\n=\n\n890\n\nx\n\n3,00\n\n=\n\n26,70 m?\n\n615,00\n\nx\n\n200\n\n=\n\n1.230,00 m?\n4.359,25 m?\n\nTotal:\n2.13\n\n25,50\n128,10\n120,90\n90,00\n90,00\n40,80\n40,80\n26,70\n\nm?\nm?\nm?\nm?\nm?\nm?\nm?\nm?\n\nRetirada de quadro de aula (4,2x1,6)\nGerente de Projetos de fdif] acdes\nTiago Murjle-g/de Souza\n\nd\n\n&peiro Civil\n\nSOH-GPE- Mat 20843\n\nPROC. W _gggaug_.\nFOLHAN__ 1015\nsls\n\n12,00 unid,\n\n2.14\n\nDemolig&o de piso de ladrilho com respectiva camada de\n\nAlojamento\nBanheiro M.\nBanheiro F.\nCozinha\n\n)\n\n\'\n\nArea servico\n\n5,90 m?\n5,90 m?\n7,00 m?\n\nCantina\nDepsito\nrefeitrio\n\n10,25 m?\n6,88 m?\n75,76 m?\n\n3,80 m*\n\n|Cozinha\n\n23,00 m?\n\nEscola\n\nDespensa\n\n6,16 m?\n2,58 m?\n\nbanheiro S| Professores\n\n1,20 m?\n\nDeposito\n\nDepsito\n\n2,46 m?\n\nBanheiro\n\nArea servigo\n\n2,58 m?\n\n495 m?\n\n|Banheiros\n\n48,00 m?\n\nBiblioteca\n\n29,15 m?\n\nSala informatica\n\nCorredor 01\nSecretaria\nSala de Professores\n\n43,60 m?\n15,80 m?\n16,05 m?\n\nCirculago 02\nsala 09\nsala 10\n\nDiretoria\nQuarto 1\n\n8,05 m?\n10,78 m?\n\nsala 11\nSecretaria\n\n35,00\n22,36\n\nQuarto 2\n\n9,80 m?\n\n12,00 m?\n\n\n\n151,55 m?\n35,00 m?\n35,75 m?\nm?\nm?\n\nCirculagao 03\n\n36,40 m?\n\nQuarto 3\nSala/Copa\n\n9,80 m?\n17,25 m?\n\nEscada\nRampa\n\n5,00 m?\n15,20 m?\n\nSala\nSala\nSala\nSala\nSala\nSala\n\n35,00\n35,75\n35,00\n35,00\n35,75\n35,00\n\nRodap\n1 Pav\n2 Pav\n\n01\n02\n03\n04\n05\n06\n\nm?\nm?\nm?\nm?\nm?\nm?\n\nSala 07\n\n30,25 m?\n\nSala 08\n\n31,25 m?\nTotal:\n\n2.15\nsls\ncorredor\nrefeit\ncozinha\ndirecao\nalojame\nexterno\ninformat\n\nTotal:\n2.16\nsls\ncorredor\n\n1.764.86 m?\n\nArrancamento de tomadas e interruptores\n79,00\n19,00\n23,00\n16,00\n78,00\n41,00\n4,00\n33,00\n\nunid.\nunid.\nunid.\nunid.\nunid.\nunid.\nunid.\nunid.\n\n293,00 unid.\nRetirada de bate carteira em madeira 20cm\n11,00\n2,00\n\nx\nx\n\n700\n19,00\n\n=\n=\nTotal:\n\n2.17\nCorred\n\n10,56 m?\n596,83 m?\n169,51 m?\n\n77,00 m\n38,00 m\n115,00\n\nm\n\nRetirada de bebedouro eltrico de pressao, em ago inox para\n3,00 unid\nGerente de Projetos de\n\nTiago Murilo Sffie\n\n|cat;6es\n\nBouza\n\nfenhgiro Civil\n\nSONGHEMat 20843\n\nprOC. N Z0\n044,\nFoLHa N, 4016,\nAss.\n\n2.18\n\nRetirada cuidadosa de tanque de ago inox\n\nbebed\n\n1,00 unid.\n\nmictri\n\n1,00 unid.\n\nTotal:\n\n2,00 unid.\n\n2.19\n\nDemoliao de tanque de lavagem de panela medir.do (0,70x0,60)m\n\ncozinha\nexterno\nTotal:\n\n2.20\n\n2,00 unid.\n1,00 unid.\n3,00 unid.\n\nDemolicdo manual de concreto armado compreerdendo pila\n\npilares\n\n0,15\n\nx\n\n0,30\n\nx\n\nvigas\n\'\n\n0,14\n0,20\n893\n\nx\nx\nx\n\n64,00\n030\n200\n\n=\nx\n=\n\n3,00\n\nguardc\n\n0,30\n\nx\n\n0,30\n\nx\n\n120\n\n011\n\nx\n\n19,00\n\n=\n\n2,09 m?\n\nPiso ext\n\n23,00\n\nx\n\n13,80\n\nx\n\n0,12\n\n=\n\n37,26 m?\n\nPiso inte\n\n34,00\n\nx\n\n550\n\nx\n\nG,10\n\n=\n\n18,70 m?\n\n=\nm?\n\n1,00 m?\n\n=\n\n25,70 m\n\n=\nm?\n\n1,80 m3\n\n=\n\n1,80 m\n\n8.96 m?\n143,90\n1786 m\n\nTotal:\n2.21\nCalgada\npatio\n\n0,14 m?\n\n=\n\n8,93 m?\n\n=\n\n0,11\n\nm?d\n\n84,78 m\n\nDemoligdo manual de piso cimentado, exclusive a base\n116,00\n41,00\n\ninterno\n\n2.22\n\n=\n\nx\nx\n\n0,60\n330\n\n=\n=\n\n92,80 m?\n135,30 m?\n\n30,00\n\nx\n\n17,45\n\n=\n\n523,50\n\nm?\n\n39,00\n6,75\n995\n\nx\nx\nx\n\n19,35\n12,00\n40,77\nTotal:\n\n=\n=\n=\n\n754,65\n81,00\n405,66\n1.992,96\n\nm?\nm?\nm?\nm?\n\nRetirada de guarda-corpo em ferro\n\nRampa quadra\n11,00 m\nFachada\n750 m\nTotal:\n3\n3.1\nMuro\nsapata\n\n1850 m\n\nMovimento de terra\nEscavag@o manual de vala/cava em material de 12 catego-\n\n1,00\n1,00\n\nx\nx\n\n1,00\n29,00\n\nx\n=\n\n0,60\n\nx\n\nG50\n\nx\n\nsapata\n\n1,20\n1,80\n\nX\nx\n\n1,50\n400\n\nx\n=\n\ncintas\n\n060\n\nx\n\n050\n\nx\n\ncintas\n\n1,00\n29,0C\n35,65\n\nwC\n1,C0\n7,20\n\n6,00\n\nGerente de Projetos d\n\nTiago Mugi\n* Mat 20843\n\nprOC. 0 _JORIAE.,\nFOLHAN\nFossa\nFiltro\nsumidou\nCx\nTubulag\n\n3,00\n18,00\n\nx\nx\n\n3,00\n200\n\nx\n=\n\n2,00\n36,00\n\n3,00\n\nx\n\n3,00\n\nx\n\n2,00\n\n=\n\n18,00\n\nx\n\n200\n\n=\n\n36,00\n\nm?\n\n3,00\n\nx\n\n3,00\n\nx\n\n2,00\n\n=\n\n18,00\n\nx\n\n400\n\n=\n\n72,00\n\nm?\n\n200\n\nx\n\n200\n\nx\n\n1,50\n\n6,00\n\nx\n\n30,00\n\n=\n\n180,00\n\n0,60\n\nx\n\n060\n\nx\n\nTotal\n\n3.2\nMuro\nsapata\ncintas\n\nweC\nsapata\n\n=\n\n-\n\nm?\n\n386,00\n\n=\n\n100 e\n\n18,00 m?\n18,00 m?\n6,00 m?\n138,96 m*\n\n526,33 m*\n\nEscoramento simples, sendo aberto, de vala de pouca profun-\n\n1,00\n\nx\n\n1,00\n\nx\n\n1,00\n\nx\n\n2900\n\n=\n\n0,60\n\nx\n\n060\n\nx\n\n1,20\n\nx\n\n1,20\n\nx\n\n144\n\nx\n\n40C\n\n=\n\ncintas\n\n060\n\nx\n\n0,50\n\nx\n\nFossa\n\n3,00\n\nx\n\n3,00\n\nx\n\n9,00\n\nx\n\n200\n\n=\n\nFiltro\n\n3,00\n\nx\n\n3,00\n\nx\n\nSumidoul\n\n9,00\n3,00\n9,00\n\nx\nx\nx\n\n200\n3,00\n200\n\n=\nx\n=\n\n=\n\n29,00\n\n1,00 m?\n\nm?\n85,65\n\n5,76\n\n=\n\n30,83 m\n\n=\n\n1,44 m?\n\nm?\n\n6,00\n\n=\n\n1,80 m?\n\n=\n\n9,00 m?\n\n18,00\n\nm?\n=\n\n9,00 m?\n\n18,00\n\nm?\n=\nm?\n\n9,00 m?\n\n18,00\n\nTotal:\n3.3\n\n=\nm?\n\nA[ 0\n\n121,39 m?\n\nReaterro de vala/cava compactada a mago, em camadas de\n\nMuro\nsapata\n\n0,80\n\nx\n\n0,80\n\nx\n\n0,50\n\n=\n\nx\nx\n\n0,32 m?\n\n2900\n0,30\n\n=\nx\n\n9,28\n\ncintas\n\n0,32\n0,15\n\n85,65\n\nm?\n=\n\n3,85 m\n\nsapata\n\n1,00\n\nx\n\n1,00\n\nx\n\n0,50\n\n=\n\n0,50 m\n\nx\nx\n\n400\n0,50\n\n=\nx\n\n2,00\n\ncintas\n\n0,50\n060\n\n6,00\n\nm?\n=\n\n1,80 m?\n\nFossa\n\n250\n\nx\n\n250\n\nx\n\n2,00\n\n=\n\n12,50 m*\n\nFiltro\n\n12,50\n200\n\nx\nx\n\n200\n200\n\n=\nx\n\n25,00\n2,00\n\nm?\n=\n\n8,00 m*\n\nsumidou\n\n800\n250\n\nx\nx\n\n200\n250\n\n=\nx\n\n16,00\n2,00\n\nm?\n=\n\n12,50 m?\n\n12,50\n1,50\n2,70\n0,30\n\nx\nx\nx\nx\n\n400\n1,50\n30,00\n0,30\n\n50,00\n1,20\n81,00\n400,00\n210,53 m?\n\nm?3\n=\nm?\n=\n\nwc\n\nCx\nTubulag\n\n=\nx\n=\nx\nTotal\n\n2,70 m?\n\n36,00 m\n\nGerente de Projetos-df Edificacdes\n\nTiago\n\nM e\n\nSouza\n\ngadenheiro Civil\nSOFJGPE - Mat 20843\n\nrrcc. e _go94/10.-|\nrouran_\n\ni\n\n178,08\n26,71\n299,00\n35,88\n85,00\n12,75\n\nn\n\nX\nX\nX\n\n8,40\n0,15\n13,00\n0,12\n10,00\n0,15\n\nna\n\nHorta\n\nX\n\nQuadra\n\n21,20\n178,08\n23,00\n299,00\n8,50\n85,00\n\nX\n\nPatio\n\nAsS..\n\nPo6 de pedra, inclusive transporte\n\nX\n\n3.4\n\nEiT\n\nTotal:\n\nFormas de madeira para moldagem de pegas de concreto\n\nWe m.f.\nSls\n\nx\n\n18,35\n\nx\n\n3.321,00 kg\n\n100,00\n\nCorte,dobragem, montagem e colocag&o e ferragens nas for3321\n\n45\n\n18,35\n\nBarra de ago CA-50B, com salincia ou mossa, coeficien\n3321\n\n4.4\n\nx\n\nEscoramento simples, sendo aberto, de vala de pouca profun3321\n\n4.3\n\n75,35 m\n\nInfra estrutura\n\n33,21\n4.2\n\nm?\nm\nm?\nm\nm?\nm\n\nx\n\n3.321,00 kg\n\n100,00\n\nConcreto simples, dosado racionalmente para uma resis8,00\n\nx\n\n34,00\n\nx\n\n5,50\n5,50\n\nX\nX\n\n0,10\n0,10\n23,10\n\nTotal\n\n4.6\n\nConcreto simples, dosado racionalmente para uma resis-\n\n25mpa\n\ncintas\n\n0,50\n8,00\n0,50\n\nx\n1l\n\n0,26 m\nm?\n\n0,02 m?\n\ni\n\nxX\n\n1,04\n\nX\n\nX\nX\nX\nX\n\n0,40\n\nIlx\n\n0,50\n0,10\n0,20\n\n0,80\n4,00\n0,20\n4,00\n0,30\n\nx\n\nConteng\nsapata\n\nX\n\ncintas\n\nX\n\nespera\n\n0,80\n0,26\n0,20\n0,02\n0,15\n\nX\n\nsapata\n\nX\n\nWC crec\n\n0,27 m?\n\n0,10 m?*\n1,69 m\n\nMuro\n\nPirulito\n\n0,20\n\nx\n\nX\nX\nX\n\nespera\n\nX\n\ncintas\n\n0,40\n0,08\n0,20\n0,02\n0,15\n\nX\n\nsapata\n\n0,50\n58,00\n0,30\n58,00\n0,30\n\n0,08 m?\n\n0,20\n\n0,05 m?\n\n0,02 md\n6,48 m\n\nGerente de Projetos d / ificagbes\n&\n\nprOC. w0 SO\ncornane_ A019.8.\nASS.\n0,05\n\nx\n\n58,00\n\n=\n\nPilares\n\n0,15\n\nx\n\n0,30\n\nx\n\nVigas\n\n0,09\n0,156\n0,09\n\nx\nx\nx\n\n58,00\n0,30\n14410\n\n=\nx\n=\n\nTotal:\n5\n5.1\n\nWC crec\npiares\nvigas\n\n=\n\n0,09 m\n\n=\n\n0,09 m?\n\nm?\n2,00\n\n12,97\n\nm?\n\n37,25 m?\n\nx\n\n20,50\n\n=\n\n228,17 m?\n\nx\n\n105,00\n\n=\n\n1.168,65 kg\n\nCorte,dobragem, montagem e colocago e ferragens nas for-\n\n11,13\n5.4\n\n2,00\n\n5,22\n\n\'\n\nBarra de ago CA-50B, com salincia ou mossa, coeficien\n\n11,13\n5.3\n\nm?\n\nSuperestrutura\nFormas de madeira para moldagem de pecas de concreto ar11,13\n\n5.2\n\n2,90\n\nx\n\n105,00\n\n=\n\n1.168,65 kg\n\nConcreto simples, dosado racionalmente para uma resis-\n\n0,15\n0,14\n\nx\nx\n\n0,30\n400\n\nx\n=\n\n0,15\n\nx\n\n0,30\n\nx\n\n0,20\n\nx\n\n0,40\n\nx\n\n2,80\n\n0,22\n\nx\n\n29,00\n\n=\n\n6,38\n\n0,15\n\nx\n\n0,30\n\nx\n\n3,00\n0,56\n\n=\n\n0,14 m?\n\n=\n\n0,27 m?\n\n=\n\n0,22 m\n\n=\n\n3,85 m?\n\nm?\n6,00\n\nMuro\npiares\nvigas\n\n6\n6.1\nBan.Ma\n\nBan.Fe\n\nm?\n85,65\n\nTotal:\n1113 m\nVedacgo\nParede divisoria para sanitarios em placa de granito cinza andorinha\n1,50\n\nx\n\n200\n\n=\n\n3,00 m?\n\n1,50\n1,30\n1,30\n1,30\n1,30\n120\n190\n\nx\nx\nx\nx\nx\nx\nx\n\n200\n2,00\n200\n200\n2,00\n200\n200\n\n=\n=\n=\n=\n=\n=\n=\n\n3,00\n2,60\n2,60\n2,60\n2,60\n2,40\n3,80\n\nm?\nm?\nm?\nm?\nm?\nm?\nm?\n\n1,30\n\nx\n\n200\n\n=\n\n2,60 m?\n\n1,30\n\nx\n\n200\n\n=\n\n2,60 m?2\n\n1,30\n1,30\n1,30\n1,50\n1,60\n1,60\n1,90\n\nx\nx\nx\nx\nx\nx\nx\n\n200\n200\n200\n200\n200\n200\n2,00\n\n=\n=\n=\n=\n=\n=\n=\n\n2,60\n2,60\n2,60\n3,00\n3,00\n3,00\n3,80\n\nm?\nm?\nm?\nm?\nm?\nm?\nm?\n\ne\n\nB\n\nPROC. W mnl-\n\nFOLHANS\n\nTotal:\n\n6.2\nWec crec\n\nDeposit\nCantina\n\n48,40 m?\n\nAlvenaria de vedago com tijolo ceramico furado 9x9x19\n1,50\n1,50\n270\n\nx\nx\nx\n\n1,60\n\nx\n\n300\n\n=\n\n4,80 m?\n\n1,60\n\nx\n\n3,00\n\n=\n\n4,80 m?\n\n3,00\n3,00\n3,00\n\n=\n=\n=\n\n4,50 m?\n4,50 m?\n8,10 m?\n\n2,10\n\nx\n\n300\n\n=\n\n6,30 m?\n\n210\n225\n\nx\nx\n\n3,00\n1,10\n\n=\n=\n\n6,30 m?\n2,48 m?\n\nDiretoria\n\n0,80\n\nx\n\n210\n\n=\n\nEscada\nCozinha\n\n1,68 m?\n\n2,05\n1,10\n\nx\nx\n\n1,20\n080\n\n=\n=\n\n2,46 m?\n0,88 m?\n\nTotal:\n6.3\n\n.\n\n46,80 m?\n\nAlvenaria de blocos de concreto 20x20x40cm, assentes com\n\nMuro\n\n4270\n13,70\n30,00\n40,30\n4218\nCaixas\nParedes\n\nx\nx\nx\nx\nx\n\n200\n200\n200\n200\n2,00\n\n=\n=\n=\n=\n=\n\n85,40\n27,40\n60,00\n80,60\n84,36\n\nm?\nm?\nm?\nm?\nm?\n\n1,20\n\nX\n\n1,20\n\n=\n\n144\n\n1,44 m?\n\nx\n\n400\n\n=\n\n5,73 m?\n\n458\n\nx\n\n200\n\n=\n\n9,153 m?\n\nTotal:\n\n352,68 m?\n\nGerente de ProjejeeAfe\n\nEdificagdes\n\npuri) . de Souza\nEngegheiro Civil\nBE~ Mat 20843\n\nprOC. 1 _J001/4.0.\n\nFouran_ 10895\n\n6.4\n\nParede de blocos vazados(cobogd), emplacas de cancreto\n\nSl\n\n1,60\n128\n\nCorred.\n\n220\n\nx\n\n1,80\n\n=\n\nDepos.\n\n3,95\n\n080\n\nx\n\n080\n\n=\n\n0,64 m?\n\n\'\nRefeitor\n\nx\nx\n\n0,80\n16,00\n\n=\n=\n\n7.1\n\n1,50\n\nx\n\n060\n\n=\n\n0,80 m?\n\nx\nx\nx\n\n0,80\n0,80\n0,80\n\n=\n=\n=\n\n1,60 m?\n1,60 m?\n1,60 m?\n\n200\n\nx\n\n080\n\n=\n\n1,60 m?\n\nPorta de madeira\n18,00 unid.\n\nSI. 2\n\n5,00 unid.\n\nTotal:\n\n23,00 unid\n\n1 pav\n\n14,00 unid.\n\n1 pav\n\n4,00 unid.\n\nRefeit.\n\n7.6\nCorred.\n7.7\nQuadra\n\n32,58m?\n\nEsquadrias\n\nSl 1\n\n7.5\n\nn?\n\n2,00\n2,00\n2,00\n\nTotal:\n7\n\n1,23 m?\n20,43 m?\n\nalmofadada, dimensao 0,80x2,100,03m e\n\nPorta de cedro almofadada, de 120x210x3,5cm, 2 falhas, exclusive\n\n1,00 unid.\n\nPorta de cedro almofadada, de 160x210x3,5cm, 2 Jolhas, exclusive\n2,00 unid.\nPortao de ferro 1,50x2,10 em 2 folhas e na parte superior uma\n\n8servico\n\n1,50\n3,15\n3,30\n\nx\nx\nx\n\n210\n400\n350\n\n=\n=\n=\n\n3,15 m?\n12,60 m?\n11,55 m?\n\nquadra\n\n1,70\n\nx\n\n210\n\n=\n\n3,57 m?\n\nTotal:\n\n27,72 m?\n\n. Gerente de Projetos ,if-Tiago Mo S.\n\nd\n\nSOFGRE~Mat\n\n20843\n\nproc. w3440\nJAeKll\n7.8\n\nPorta de aluminio para banheiro completa, inclusive instalago\n\nWwC mas\n\n0,80\n\nx\n\n1,80\n\n=\n\nx\nx\nx\nx\nx\n\n300\n180\n180\n500\n180\n\n1,44 m?\n\nwc fem\n\n144\n1,30\n0,80\n144\n1,30\n\n=\n=\n=\n=\n=\n\n4,32\n2,34\n144\n7,20\n234\n\nTotal:\n7.9\njanelas\nbascul\n2 pav\n\n16,20 m?\n\nGrade de ferro para protegso de janela ou aparelhos de ar\n240\n3,84\n240\n384\n\nx\nx\nx\nx\n\n160\n40,00\n160\n10,00\n\n=\n=\n=\n=\n\n1475\n\nx\n\n200\n\n=\n\n7,35\n2,45\n\n29,50 m?\n\nx\nx\n\n200\n200\n\n=\n=\n\n14,70 m?\n4,90 m?\n\ngas\n\n3,84\n153,60\n384\n38,40\n\nm?\nm?\nm?\nm?\n\n241,10 m?\n\nTotal:\n7.10\n\nm?\nm\nm?\nm?\nm?\n\nPortao de aluminio 120x220cm duas folhas de 60cm, inclusive\n1,75\n\nx\n\n210\n\n=\n\n3,68\n\nm?\n\n7.11\n\nConjunto de ferragens para janela de madeira, de correr, em\n\n7.12\n\nConjunto de ferragens para portas de madeira, de 1 folhe,\n\n7.13\n\nConjunto de ferragens para portas de madeira, intarnas, 2\n\n7.14\n\nJanela de correr de 4 folhas, de 200 x 120cm, de cedre, inclu-\n\n7.15\n\nJanela basculante em madeira, medindo: (0,80 x 1,45)m, com 3\n15,05\n\n7.16\n\nx\n\n080\n\n=\n\n12,04 m?\n\nPortao de chapa de ferro galvanizado, com espessura de 0,5mm,\n\nQuadra / entrada\n\n2,10\n\nx\n\n1,00\n\n=\n\n210\n\nm?\n\n| PROG, 1 _X081/10,\n\nFOLRANY_40a%2_\n8\n8.1\n\nVidro\nVidro temperado,incolor,de 6mm de esp.,caixilho em madeira,\n\nSecret\n\n1,20\n\nx\n\n110\n\n=\n\n1,32 m?\n\n1,00\n\nx\n\n1,10\n\n=\n\n1,10 m?\n\npas prat\n\n280\n\nx\n\n1,50\n\n=\n\n4,20 m?\n\ncantina\n\n225\n\nx\n\n1,60\n\n=\n\n3,38 m?\n\nTotal:\n\n10,00 m?\n\n8.2\n\nbascula\nPortas\n\n200\n\nx\n\n120\n\n=\n\n2,4C m?\n\n240\n\nx\n\n40,00\n\n=\n\n96,0C m?\n\n0,80\n\nx\n\n080\n\n=\n\n0,6 m?\n\n064\n\nx\n\n10,00\n\n=\n\n6,40 m?\n\n0,20\n\nx\n\n0,80\n\n=\n\n0,16 m?\n\n0,16\n\nx\n\n23,00\n\n=\n\n3,68 m?\n\nTotal:\n\n106,08 m?\n\n9\n\nCobertura\n\n9.1\n\nCobertura em telhas coloniais, exclusive cumeeira e madeiramen-\n\nTelhado 1\n\n626,66\n\nTelhado 2\nTelhado 3\n\n225,44 m?\n199,36 m?\n\nTotal:\n\nm?\n\n1.051,46\n\n=\n\n1.314.33 m?\n\nMadeiramento para cobertura em duas aguas em telhas cera626,66\n\nTelhado 2\nTelhado 3\n\n225,44 m?\n199,36 m?\n\nTotal:\n\nm?\n\n1.05146\n\nInclinagdo Ce~amica\n1,25\n\nx\n\n=\n\n1.314.33 m?\n\nCumeeira para cobertura em telhas francesas ou coloniais\n\nTelhado 1\n\n37,90 m\n64,30 m\n\nTelhado 2\n\n23,15\n\nTelhado 3\n\n2240 m\n\nTotal:\n9.4\n\nInclinagdo Ceramica\n1,25\n\nx\n\nTelhado 1\n\n9.3\n\n\'\n\nVidro liso, incolor, com espessura de 6mm. Fornto e instalacao.\n\njanelas\n\n9.2\n\nAss...\n;\n\nm\n\n147,75 m\n\nRufo de aluminio de 0,8x500mm.\n\nFornecimento e colocagao\n\nCobertura Policarbonato\n\n12,50\n\nx\n\n1,00\n\n=\n\n12,50m?\n\n190,80\n\nx\n\n1,0\n\n=\n\n190,80 m?\n\nTotal:\n\n203,30m?\n\nTelhado\n\nGerente de Projgjesy\n\ng, dificacdes\n\nde Souza\nIGPE\n\n- Mat 20843\n\n.\n\n[oroc _4091/40.\nFOLHAN, AQA\n\n9.5\n\nCord&o para arremate de telhado, executado com argamassa\n\nTelhado 3\n\n160,35 m\n\nTelhado 2\n\n98,75 m\n\nTelhado 1\n\n194,60 m\n\nTotal:\n9.6\n\nh=0,20\n\n90,74 m\n\nCalha em chapa de ago galvanizado n 26 com 25m de de Anular\n\n10\n\nForro\n\n10.1\n\nForro de PVC em painis lineares encaixados entr= si e fixados\n\n1 Pav\n500\n500\n500\n\nx\nx\nx\n\n7,00\n700\n700\n\n=\n=\n=\n\n35,00 m?\n35,00 m?\n35,00 m?\n\n3,40\n\nx\n\n1,75\n\n=\n\n5,95 m?\n\n\\\n\nInclinagao 30 %\nTotal:\n\n144 24 m?\n\nTotal:\n\n2 Pav.\n\n>\n500\n500\n500\n2,00\n545\nInclinagdo 30\n\n11\n11.1\n\nx\nx\nx\nx\nx\n%\n\n700\n700\n715\n16,12\n430\n\n=\n=\n=\n=\n=\n\nTotal:\n\n35,00\n35,00\n35,75\n32,24\n23.44\n\nm?\nm?\nm?\nm?\nm?\n\n16846 m*\n\n312,70 m?\n\n_J\n\nRevestimento\nChapisco em parede com argamassa de cimentc e areia\n\nparede\nsl 1\nsl 2\nsl 3\nsl 4\nsl 5\nsl6\n\n2400\n2400\n2400\n2400\n2400\n2400\n\nx\nx\nx\nx\nx\nx\n\n320\n320\n320\n320\n320\n320\n\n=\n=\n=\n=\n=\n=\n\ncorredor\nexterno\n\n49,70\n61,05\n\nx\nx\n\n320\n3,50\n\n=\n=\n\n159,04 m?\n213,68 m?\n\n832\n6,00\n\nx\nx\n\n360\n3,00\n\n=\n=\n\n24,96 m?\n18,00 m?\n\n76,80\n76,80\n76,80\n76,80\n76,80\n75,80\n\nm?\nm?\nm*\nm?\nm*\nm?\n\nWC novo\n\nGerente de Projetog I de\'Edificagoes\n\nTiago Myrfjo\n\n4\n\nB~ Mat 20843\n\net\n\nFROC\nW 4001 /40\nFOLHA N 4000 14\nTeto\n\n\n\ncorredor\ncozinha\n\n103,50\n110,25\n\nx\nx\n\n1,00\n1,00\n\n=\n=\n\n103,50 m?\n110,25 m?\n\nsl wc\nbibli sec\n\n118,35\n7495\n\nx\nx\n\n1,00\n1,00\n\n=\n=\n\n118,35 m?\n74,95 m?\n\nalojam\n\n7450\n\nx\n\n1,00\n\n=\n\n74,50\n\n8,50\n\nx\n\n220\n\n=\n\n18,70 m?\n\n850\n\nx\n\n220\n\n=\n\n18,70 m?\n\n4270\n40,30\n30,00\n30,00\n13,60\n13,60\n\nx\nx\nx\nx\nx\nx\n\n220\n220\n220\n220\n220\n220\n\n=\n=\n=\n=\n=\n=\n\n93,94\n88,6\n66,0C\n66,00\n29,92\n29,92\n\n890\n\nx\n\n220\n\n=\n\n19,58 m?\n\n8,90\n\nx\n\n220\n\n=\n\n19,58 m?\n\n63,80\n168,95\n500\n3560\n\nx\nx\nx\nx\n\n3,50\n350\n2,00\n200\n\n=\n=\n=\n=\n\n223,39\n591,33\n10,00\n71,20\n\nm?\n\nMuro\n\nm?\nm?\nm?\nm?\nm?\nm?\n\nFachada\n2 pav\n1 pav\nmuro\nempena\n\nm?\nm?\nm?\nm?\n\n63,72\n\nx\n\n300\n\n=\n\n191,16 m?\n\nempena\n\n51,60\n\nx\n\n3,00\n\n=\n\n154,80 m?\n\nInterno\n2 pav\nsl\nsl\nsl\n\n2400\n2430\n23,97\n\nx\nx\nx\n\n150\n150\n1,50\n\n=\n=\n=\n\n36,00 m?\n36,45 m?\n35,96 m?\n\nsecret\ndirecao\ncorredor\ncorredor\n\n14,30\n1470\n16,35\n2060\n\nx\nX\nx\nx\n\n150\n1,50\n1,60\n1,7C\n\n=\n=\n=\n=\n\n21,45\n22,05\n2453\n35,02\n\nescada\n\n1460\n\nx\n\n3,00\n\n=\n\n43,80 m?\n\n1 pav\nbibliot\nsecret\n\n2160\n15,90\n\nx\nx\n\n1,50\n1,50\n\n=\n=\n\n32,40 m?\n23.85 m?\n\nsl profe\n\n20,30\n\nx\n\n1,80\n\n=\n\n30,45 m?\n\ndirecao\nsls\n\n11,70\n190,90\n\nX\nx\n\n1,50\n150\n\n=\n=\n\n17,55 m?\n286,35 m?\n\nsl info\ncorredor\ncorredor\n\n1490\n136,95\n21,55\n\nx\nx\nx\n\n1,60\n1,70\n1,70\n\n=\n=\n=\n\n22,35 m?\n232,82 m?\n36,64 m?\n\nTeto\n\n79,20\n\nx\n\n530\n\n=\n\n419,76 m?\n\nTotal:\n\n11.2\nparede\nsl 1\nsl 2\nsl 3\n\n4.859,25\n\nm?\nm?\nm?\nm?\n\nm?\n\nEmbogo massa Unica para parede interna com argamassa\n\n2400\n2400\n2400\n\nx\nx\nx\n\n320\n320\n320\n\n=\n=\n=\n\n76,80 m?\n76,80 m?\n76,80 m?\n\nBROC. N\"__XQS);ILLOM\n\nX\nX\nX\n\n24,00\n24,00\n24,00\n49,70\n61,05\n\nX\n\nsl 4\nsl 5\nsi6\ncorredor\nexterno\n\nX\n\nFoLrats_15100.6.\n\n3,20\n3,20\n3,20\n3,20\n3,50\n\n76,80\n76,80\n76,8C\n159,04\n\nm?\nm?\nm?\nm?\n\n213,66\n\nm?\n\n3,00\n3,00\n\n24,96\n\nm2\n\n1,00\n1,00\n1,00\n1,00\n1,00\n\n103,59\n110,25\n118,356\n74,95\n74,50\n\nm?\nm?\nm?\nm?\nm?\n\n2,20\n2,20\n2,20\n2,20\n2,20\n2,20\n2,20\n2,20\n2,20\n2,20\n\n18,70\n18,70\n93,94\n88,66\n66,00\n66,00\n\nm?\nm?\nm?\nm?\nm?\nm?\n\n29,92\n\nm?\n\nalojam\n\nxX\n\nX\nX\nX\n\n103,50\n110,25\n118,35\n74,95\n74,50\n\nX\n\nTeto\ncorredor\ncozinha\nsl we\nbibli sec\n\nX\n\n8,32\n6,00\n\nX\n\nwWC novo\n\n18,00 m?\n\no nounon\nnon\noo\nounonouu\n\nX\nX\nX\nX\nX\nX\nX\nX\nX\nX\nX\nX\n\n3,50\n3,50\n2,00\n2,00\n3,00\n3,00\n\ns\n\nempena\n\nX\n\n1 pav\nmuro\nempena\n\n63,80\n168,95\n5,00\n35,60\n63,72\n51,60\n\nX\n\nFachada\n2 pav\n\nX\n\n8,50\n8,50\n42,70\n40,30\n30,00\n30,00\n13,60\n13,60\n8,90\n8,90\n\nX\n\nMuro\n\n29,92 m?\n19,58 m?\n\n19,58 m?\n\n223,30 m?\n591.33 m?\n10.00 m?\n71,20\n\nm?\n\n191,16 m?\n154,80 m2\n\nsls\n\nsl info\ncorredor\ncorredor\n\nX\nX\nX\nX\nX\nX\nX\n\nX\nX\nX\nX\n\ns| profe\ndireco\n\n21,60\n15,90\n20,30\n11,70\n190,90\n14,90\n136,95\n21,55\n\nX\n\nsecret\n\nX\n\n1 pav\nbibliot\n\nX\n\ncorredor\ncorredor\nescada\n\nX\n\nsecret\n\ndiregao\n\n24,00\n24,30\n23,97\n14,30\n14,70\n16,35\n20,60\n14,60\n\nX\n\nInterno\n\n1,50\n1,60\n1,50\n1,50\n1,50\n1,50\n1,70\n3,00\n\n36,00\n36,45\n35,96\n21,45\n22,05\n24,563\n35,02\n43,80\n\nm?\nm?\nm?\nm?\nm?\nm?\nm?\nm?\n\n1,50\n1,50\n1,50\n1,50\n1,50\n1,50\n1,70\n1,70\n\n32,40\n23,85\n50,45\n7,55\n286,35\n22,35\n232,82\n36,64\n\nm?\nm?\nm?\nm?\nm?\nm?\nm?\nm?\n\nproc. Ne_2031/40.\ncoLmAre\nTeto\n\n7920\n\nx\n\n530\n\n=\n\nTotal:\n\n11.3\n\nJOX16\n\n419,76 m?\n4.859,25 m?\n\nAzulejo esmaltado liso branco 15x15 ou 20x20cm assentaco\n\nwC mas\nwc fem\nwc infa\nwc info\ncantina\n\n19,00\n19,00\n835\n710\n13,60\n\nx\nx\nx\nx\nx\n\n300\n300\n3,00\n300\n300\n\n=\n=\n=\n=\n=\n\n57,00\n57,00\n25,05\n21,30\n40,80\n\nm?\nm?\nm?\nm?\nm?\n\ndeposit\n\n11,35\n\nx\n\n300\n\n=\n\n34,05 m?\n\nrefeitori\ncozinha\ndespen\n\n4140\n28,20\n10,40\n\nx\nx\nx\n\n300\n300\n3,00\n\n=\n=\n=\n\n124,20 m?\n84,60 m?\n31,20 m?\n\ndeposit\n\n6,70\n\nx\n\n300\n\n=\n\n20,10 m?\n\nWC COZ\n\n6,70\n\nx\n\n300\n\n=\n\n20,10\n\n2 servig\n\n17,00\n\nx\n\n3,00\n\n=\n\n51,00 m?\n\nwc prof\n\n550\n\nx\n\n3,00\n\n=\n\n16,50 m?\n\nbanho\n\n16,75\n\nx\n\n3,00\n\n=\n\n50,25 m?\n\ncozinha\naservic\n\n10,60\n8,00\n\nx\nx\n\n3,00\n300\n\n=\n=\n\n31,80 m?\n24,00 m?\n\nm?\n\nAlojamento\n\nTotal:\n11.4\n\n688,95 m?\n\nRejuntamento de azulejo 15x15 ou 20x20 cm com argamassa pr\n\nwC mas\nwc fem\nwc infa\n\n19,00\n19,00\n835\n\nx\nx\nx\n\n3,00\n300\n300\n\n=\n=\n=\n\n57,00 m?\n57,00 m?\n25,05 m?\n\nwc info\n\n710\n\nx\n\n3,00\n\n=\n\n21,30 m?\n\ncantina\n\n13,60\n\nx\n\n300\n\n=\n\n40,80\n\ndepsit\nrefeitori\n\n11,35\n4140\n\nx\nx\n\n3,00\n300\n\n=\n=\n\ncozinha\n\n2820\n\nx\n\n3,00\n\n=\n\n84,60\n\ndespen\ndeposit\n\n1040\n6,70\n\nx\nx\n\n300\n3,00\n\n=\n=\n\n31,20 m?\n20,10 m?\n\nwC Oz\n2 servig\n\n6,70\n17,00\n\nx\nx\n\n300\n300\n\n=\n=\n\n20,10 m?\n51,00 m?\n\nm?\n\n34,05 m?\n124,20 m?\nm?\n\nwc prof\nAlojamento\nbanho\n\n550\n\nx\n\n300\n\n=\n\n16,50 m?\n\n16,75\n\nX\n\n300\n\n=\n\n50,25 m?\n\ncozinha\n\n10,60\n\nx\n\n3,00\n\n=\n\n31,80\n\naservic\n\n8,00\n\nx\n\n300\n\n=\n\n24,00 m?\n\nTotal:\n11.5\nFachada\n2 pav\n1 pav\n\nm?\n\n688,95 m?\n\nCeramica 10x10cm, modelo Arquiteto Portobello ou simiiar, colo-\n\n63,80\n168,95\n\nx\nx\n\n350\n350\n\n=\n=\n\n223,30\n591,33\n\nm?\nm?\n\nGerente de Projelos\n\nEdificagdes\n\nSouza\nPE - Mat 20843\n\npROC\n\n. 80240104\n\nX\nX\n\n5,00\n35,60\n51,60\n39,50\n\nX\n\nmuro\nempena\nempena\nexterno |\n\nX\n\nFouHp e QA8 T~\n\n2,00\n2,00\n3,00\n3,50\n\n10,20\n71,20\n164,80\n138,25\n\n| ASS\n\nm*\nm*\nm*\nm*\n\nPerca\n\n36,00 m*\n\n1,50\n1,50\n1,50\n1,50\n1,50\n1,80\n1,70\n3,00\n\n36,45 m?\n35,96 m?\n21,45 m?\n2205 m?\n24 53 m?\n\n35,02 m?\n43,80 m?\n\n1,50\n1,50\n1,50\n1,50\n1,50\n1,50\n1,70\n1,70\n25\n\n3240\n23,85\n30,45\n17.55\n286,35\n22,35\n232.82\n3664\n\nm?\nm?\nm?\nm?\nm?\nm?\nm*\nm*\n\nX\n\nX\nX\nX\nX\nX\nX\nX\n\nX\n\n14,90\n136,95\n21,55\n\nX\n\nsl info\ncorredor\ncorredor\n\nX\n\n21,60\n15,90\n20,30\n11,70\n190,90\n\nX\n\n1 pav\nbibliot\nsecret\nsl profe\ndiregao\nsls\n\nX\n\n14,60\n\nX\n\nescada\n\nX\n\n24,00\n24,30\n23,97\n14,30\n14,70\n16,35\n20,60\n\nX\n\n2 pav\nsl\nsl\nsl\nsecret\ndiregao\ncorredor\ncorredor\n\nX\n\nInterno\n\n2.658,00 m*\n12\n\nPavimentacgo interna e externa\n\n12.1\n\nPiso ceramico esmaltado com medidas em torno de 50x30\n\nAlojamento\nBanheiro M.\n\nBanheiro F.\nCozinha\n\nArea servigco\nEscola\nbanheiro Si Professores\n\n- Depbsito\nArea servico\n\n5,90 m?\n5,90 m?\n\n7,00 m?\n3,80 m?\n1,20 m?\n2,46 m?\n495 m?\n\nCantina\n\nDeposito\nrefeitorio\nCozinha\nDespensa\nDeposito\nBanheiro\nBanheiros\nTotal:\n\n12.2\n\nRejuntamento de piso ceramico com argamassa. pr&-\n\nAlojamento\nBanheiro M.\nBanheiro F.\nCozinha\n\nArea servigo\n\n5,90 m?\n5,90 m?\n\n7,00 m?\n3,80 m?\n\nCantina\nDepsito\nrefeitorio\nCozinha\n\nbanheiro S| Professores\n\n1,20 m?\n\nDespensa\nDeposito\n\nDepsito\n\n2,46 m?\n4,95 m?\n\nBanheiro\nBanheiros\n\nEscola\n\nArea servigo\n\n48,00 w2\n\n.- s otb o\n\nP\n\nAROC. N_&OQI//)()_;\n206,42 m*\n\nTotal:\n\n12.3\n\nPiso de alta resistncia, monolitico, moldado no local, am\n\nBiblioteca\nCorredor 01\nSecretaria\nSala de Professores\nDiretoria\nQuarto 1\nQuarto 2\nQuarto 3\n\nSala/Copa\nSala 01\nSala 02\nSala 03\nSala 04\n\nSala 05\nSala 06\nSala 07\n\nSala 08\n12.4\n\n29,15\n43,60\n15,80\n16,056\n8,05\n10,78\n9,80\n9,80\n17,25\n35,00\n35,75\n35,00\n35,00\n35,75\n35,00\n30,25\n31,25\n\nm?\nm?\nm?\nm?\nm?\nm?\nm?\nm?\nm?\nm?\nm?\nm?\nm?\nm?\nm?\nm?\nm?\n\nSala informatica\n\n12,00 m#\n151,55 m*\n\nCirculagao 02\nsala 09\n\nSED00 e\n\nsala 10\n\nET75\n200\n22,36\n22,40\n\nsala 11\nSecretaria\nCirculacao 03\nEscada\nRampa\nRodap\n\ne\nme\nm?\nm*\n\n,90 m?\n\n566,33 m?\n169,51 rm?\n\n1 Pav\n2 Pav\n\n18,20 m*\n1C.56 m*\n\nTotal:\n\nContrapiso, base ou camada regularizadora com arga-\n\nAlojamento\nBanheiro M.\n\n5,90\n5,90\n7,00\n3,80\n\nBanheiro F.\n\nCozinha\n\nArea servico\n\nm?\nm?\nm?\nm?\n\nEscola\n\nbanheiro Sl Professores\nDepsito\n\n1,20 m?\n2,46 m?\n\nArea servico\n\n4,95 m?\n\nCantina\nDeposito\nrefeitrio\nCozinha\n\nDespensa\nDepbsito\nBanheiro\nBanheiros\nSubtotal:\n\nBiblioteca\nCorredor 01\nSecretaria\nSala de Professores\nDiretoria\n\n29,15\n43,60\n15,80\n16,05\n\nm?\nm?\nm?\nm?\n\nQuarto 1\nQuarto 2\nQuarto 3\nSala/Copa\n\n10,78\n9,80\n9,80\n17,25\n\nSala\nSala\nSala\nSala\nSala\nSala\nSala\nSala\n\n01\n02\n03\n04\n05\n06\n07\n08\n\n35,00 m?\n35,75 m?\n\nQuadra\n\n250,48 m?\n\n8,05 m?\n\nm?\nm?\nm?\nm?\n\n35,00 m?\n35,00 m?\n35,75\n\nm?\n\n1J.25\n\nm?\n\n3.868\n7576\n23.00\n516\n258\n2,56\n48 00\n\nm?\nm?\nm?\nm?\nm?\nm?\nm?\n\n206,42 m?\n\nSala informatica\nCirculagao 02\n\n12,00\n151,58\n35,0\n35,75\n35,0C\n22,36\n36,40\n.00\nis20\n\nsala 09\nsala 10\nsala 11\n\nSecretaria\nCirculagdo 03\nEscada\nRampa\nRodap\n1 Pav\n2 Pav\n\nES5.83 m\n1S51 M2\n\nm?\nm?\nm?\nm?\nm?\nmf\nm*\nm#\nm*\n\n0.86 m*\n\nSubtoiel\n\n35,00 m?\n\n30,25 m?\n31,25 m?\n\nTotal:\nGererle de Projetos,\nTago Nur\n\not\n\nr{;bsa\n\nPROC. N _gagdja |\nFOLHAN NODO\n19\n\n12.5\n\nPiso cimentado, com 1,5cm de espessura, com argamassa\n\nCalgada 01\nCalgada 02\nCalgada 03\n\n12.6\n\n33,00 m?\n39,45 m?\n46,20 m?\n\nTotal:\n\n118,65 m?\n\nRodap de alta resistncia, em argamassa de cimento e agre-\n\nBiblioteca\n\n20,80 m\n\nSala informatica\n\nCorredor 01\nSecretaria\nSala de Professores\nDiretoria\nQuarto 1\nQuarto 2\nQuarto 3\nSala/Copa\nSala 01\nSala 02\nSala 03\nSala 04\nSala 05\nSala 06\nSala 07\n\n3580\n15,10\n18,90\n10,90\n12,60\n11,90\n11,90\n15,80\n2320\n23,50\n23,20\n2320\n23,50\n23,20\n20,40\n\nCirculagao 02\nsala 09\nsala 10\nsala 11\nSecretaria\nCirculagco 03\nEscada\nRampa\n\nSala 08\n\n24,10 m\n\n12.7\n\nm\nm\nm\nm\nm\nm\nm\nm\nm\nm\nm\nm\nm\nm\nm\n\n1 Pav\n2 Pav\nTotal:\n\nDegrau de escada de alta resistncia, composta de capa\n\nEscada 2 pav\nEscada quadra\n\n32,00\n\nx\n\n0,76\n\nX\n\n1,50\n1,60\nTotal:\n\n12.8\n\nRodape ceramico com 10 cm de altura, assente em pasta de cimen\n\nAlojamento\nBanheiro M.\nBanheiro F.\n\n570 m\n570 m\n\nCozinha\n\nArea servico\n\nCantina\nDeposito\n\n10,10 m\n6,46 m\n\n6,80 m\n\nrefeitrio\n\n74,80 m\n\n3,50 m\n\nCozinha\n\n22,70 m\n\nEscola\nbanheiro S| Professores\n\n1,00 m\n\nDespensa\nDepsito\n\nDepsito\n\n240\n\n242\n\nBanheiro\n\nm\n\nTotal:\n\n12.9\n\nm\n\n46,90 m\n\nBanheiros\n\n4,85 m\n\nArea servico\n\n6,05 m\n242 m\n\n201,80 m?\n\nPeitoril de granito cinza andorinha nacional, de 2 x 18cm, com 2\n\n2 pav\njanelas\ncorredor\n\n2,06\n\nx\n\n800\n\n=\n\n16,48 m\n2412 m\n\n1 pav\n\nGerente de Projetos de EdifiedCOes\n\n.4l\n\njanelas\nBascul\n\n206\n\nx\n\n31,00\n\n=\n\n63,86 m\n9,64 m\n\nTotal:\n1210\n\nCozinha\n\naservigo\n\n114,10 m\n\n;\n\nSoleira em granito com altura de 15cm e espessura de 2cm, assenta\n\n0,80\n\nx\n\n200\n\n=\n\n1,60 m\n\n0,70\nx\n0,60 m\n1,75 m\n\n200\n\n=\n\n140\n\nm\n\n3,30 m\n\ngas\n\n1,75 m\n\nal. Coz\n\n0,70 m\n\n1110 m\n\nTotal:\n12.11\n\nRevestimento intertravado com pecas (blocos) de concre:o com\n\nPatio do Alojamento\n\n168,00\n\nPatio Calgada 02\nPatio fundos\n\n50,00 m?\n145,20 m?\n\nm?\n\nTotal:\n13\n13.1\n\n13.2\n\n2300\n\nx\n\n13,11\n\n=\n\n301,53 m?\n\n301,53\n\nx\n\n0,10\n\n=\n\n30,16 m?\n\nJunta de retracao, serrada com disco de diamantes, para pavimen\n\n-\n\n6,57 x\n3,75 x\n\n350\n350\n\n=\n=\n\n6,57\n3,75\n\n23,00\n1311\n\n=\n=\n\n151,11\n49,16\n\nTotal:\n\n6,57 x\n3,75 x\n\n350\n350\n\n=\n=\n\n6,57\n3,75\n\n23,00\n13,11\n\n=\n=\n\n151,11\n49,16\n\nTotal:\n\n200,95 m\n\nPiso cimentado, com 1,5cm de espessura, com argamassa\n23,00\n\n13.5\n\n200,95 m\n\nJunta plastica 27 x 3mm, para pisos continuos\n23,00/\n13,11/\n\n13.4\n\n363,20 m?\n\nQuadra\nConcreto simples, dosado racionalmente para uma resis-\n\n23,00/\n13,11/\n\n13.3\n\nHhe\n\nx\n\n1311\n\n=\n\n301,60 m?\n\nMarcacao de quadra de esporte, com tintura Supercril ou similar,\n\n25mpa\n\nPROC.\nFOLHAN___\n\nN_308.4/40.\n211032\n\nAss...,\n301,60\n13.6\n\nx\n\n010\n\n30,10 m?\n\nPintura de quadra de esporte em piso cimentado, com tinta & hase\n268,09\n\n14\n14.1\n\nx\n\n090\n\n=\n\n241,28 m?\n\nPintura\nPintura imunizante fungicida\n\nTelhado 1\nTelhado 2\nTelhado 3\n\n626,66 m?\n22544 m?\n199,36 m?\n\nTotal:\n14.2\n\n=\n\n1.0561,46\n\nInclinagdo Ceramica\n1,25\n\nx\n\n=\n\n1.314,33 m?\n\nPintura com tinta acrilica semi-brilhante ou acetinada para\n\nInterno\n\n2 pav\nsl\nsl\n\n24,00\n2430\n\nx\nx\n\n1,50\n1,50\n\n=\n=\n\n36,00 m?\n36,45 m?\n\nsl\n\n23,97\n\nx\n\n150\n\n=\n\n35,96 m2\n\nsecret\ndiregao\ncorredor\ncorredor\nescada\n\n1430\n14,70\n16,35\n20,60\n1460\n\nx\nx\nx\nx\nX\n\n1,60\n1,50\n1,50\n1,30\n150\n\n=\n=\n=\n=\n=\n\n21,45\n22,05\n24,53\n26,78\n21,90\n\n1 pav\nbibliot\n\n2160\n\nx\n\n1,60\n\n=\n\n32,40 m?\n\nsecret\nsl profe\ndiregao\n\n15,90\n20,30\n11,70\n\nX\nx\nX\n\n1,50\n1,50\n1,50\n\n=\n=\n=\n\n23,85 m?\n30,45 m?\n17,55 m?\n\nsls\nsl info\n\n190,90\n1490\n\nx\nx\n\n1,50\n160\n\n=\n=\n\n286,35 m?\n22,35 m?\n\ncorredor\n\n136,95\n\ncorredor\n\n2155\n\nx\nx\n\n1,30\n1,30\n\n=\n=\n\n178,04 m?\n28,02 m?\n\n230,85\n\nx\n\n200\n\n=\n\n461,70 m?\n\n12,60\n12,60\n13,30\n19,60\n400\n\nx\nx\nx\nx\nx\n\n250\n250\n250\n250\n20,00\n\n=\n=\n=\n=\n=\n\nteto\nAlojamento\nqt3\nqt2\nqt1\nsl\nteto\n\nTotal:\n14.3\n\n31,50\n31,50\n33,25\n49,00\n80,00\n\nm?\nm?\nm?\nm?\nm?\n\nm?\nm?\nm?\nm?\nm?\n\n1.531,08 m?\n\nPintura interna ou externa sobre ferro, com esmalte sin\n\ngrade\n\n24110\n\nx\n\n200\n\n=\n\n482,20 m?\n\nportao\n\n29,82\n\nX\n\n2,00\n\n=\n\n59,64 m?\n\nTotal:\n\n541,84 m*\n\nKGPE~Mat 20843\n\nPROC N*_JCAA/IS\nA0S\n\nFOLHANS\n14.4\n\nPintura interna ou externa sobre madeira nova, com es-\n\nPorta\n\n0,80\n168\n3,36\n\nx\nx\nx\n\n210\n200\n5500\n\n=\n=\n=\n\n1,68 m\n3,36 m*\n184,80 m?\n\nJanelas\n\n1,00\n1,20\n2,40\n\nx\nx\nx\n\n1,20\n200\n50,00\n\n=\n=\n=\n\n1,20\n2,40 m?\n- 120,00 m*\n\nATy\n\n304.80 m?\n\nTotal:\n15\n15.1\n\nASS.\n\nBancadas e Prateleiras\nBancada em granito cinza andorinha polida com 1,7Cx0,55x0,53m,\n\nCozinha alojamento\n1,00 unidades\n\n15.2\n\nBancada em granito cinza andorinha polida com 2,3Cx{,55x0,53m,\n\nCantina\n15.3\n\n1,00 unidades\nBancada em granito cinza andorinha polida com 2,8Cx(.55x3,22m,\n\nWe masculino\nWe feminino\nTotal:\n15.4\n\n1,00 unidades\nBancada em granito cinza andorinha polida com 2,05x(,55x2,23m,\n\nCozinha\n16.6\n\n2,00 unidades\n\nBancada em granito cinza andorinha polida com 3,7CxC.55x3,23m,\n\nCozinha\n15.5\n\n1,00 unidades\n1,00 unidades\n\n1,00 unidades\nPrateleira em granito cinza andorinha apoiada em granito co:\n\nWc alojamento\n\n1,00 m\n\nWc alojamento\n\n1,00 m\n\nWec creche\nSl professores\nCantina\n\n1,50 m\n1,00 m\n1,60 m\n\nArea de servico\nArea de servico\n\n210 m\n1,00 m\n\nTotal:\n\n9,10 m\n\n16\n\nDiversos\n\n16.1\n\nTransporte de andaime tubular, considerando-se a area dz\n\nFachada maior\n\nkm\n\n16.2\n\n41,00\n\nx\n\n7,00\n\n287,00\n\nx.\n\n4,72\n\n237,00 \n1.354,00 m*km\n\nAluguel de andaime tubular sobre sapatas fixas, formado\n\nM\n\naroC. N_034./40,\nFOLHA N /100\\71 23\nFachada maior\n16.3\n\n41,05\n\n41,05\n\n-\n\n32840\n\nx\n\n8,00\n\nx\n\n0,90\n\n328,40\n\nx\n\n0,80\n\n0,90\n\nx\n\n060\n\n=\n\n0,54 m?\n\nwc inf\nWwc cozin\n\n0,90\n0,90\n\nx\nx\n\n060\n060\n\n=\n=\n\n0,54 m?\n0,54 m?\n\nwC\nwc\nWC\nwc\nwc\n\n270\n2,70\n0,90\n0,90\n0,90\n\nx\nx\nx\nx\nx\n\n080\n080\n060\n060\n060\n\n=\n=\n=\n=\n=\n\n2,16\n2,16\n0,54\n0,54\n0,54\n\nTotal:\n16.7\n\n328,40 m?\n\n=\n\n295,56 m?\n\n=\n\n295,56 m?\n\nm?\nm?\nm?\nm?\nm?\n\n7,56 m?\n\nConjunto de duas barras de apoio horizontal em ago inoxidavel @\n\nwC mas\nwc femi\n\n1,00 unid.\n1,00 unid.\n\nwc aloj\n\n2,00 unid.\n\nTotal:\n\n4,00 unid.\n\n16.8\n\n=\n\nEspelho de cristal, de 4mm de espessura, com moldura de\n\nwc prof\n\nmas\nfem\ncrec\naloj\naloj\n\n328,40 m*ms\n\nMontagem e desmontagem de andaime tubular, conside-\n\nFachada maior 90%\n16.6\n\n=\n\nMovimentag&o vertical ou horizontal de plataforma ou pas\n\nFachada maior 90%\n16.5\n\n8 00\n\nPlataforma ou passarela de pinho de 12, considerando-se\n\nFachada maior\n16.4\n\nx\n\nApicoamento manual de concreto, em superficies verticais,\n\nANULADO\n\n16.10\n\n23,80\n\nx\n\n12,00\n\n=\n\n23,30\n23,30\n13,15\n13,15\n\nx\nx\nx\nx\n\n6,00\n6,00\n6,00\n6,00\n\n=\n=\n=\n=\n\nmuro\n\n17,00\n\nx\n\n300\n\nhorta\n\n9,00\n\nx\n\n3,00\n\n139,80\n139,80\n78,90\n78,90\n\nm?\nm?\nm?\nm?\n\n=\n\n51,00\n\nm?\n\n=\n\n27,00 m?\n\nTotal:\n\nQuadra\n\n60 m\n\nAlambrado para campo de esporte, de 3,00 x 6,00m, com um\n\nQuadra\n\n16.11\n\nN\n[+\n\nsls\n\nBarra de magaranduba de 20 x 2,5cm, aparelhada em uma fa-\n\n}m\n\n16.9\n\n515,40 m?\n\nTela em polietileno de alta densidade, 100% virgem, com matha de\n14,00\n\nx\n\n2400\n\n=\n\n336,00\n\nm?\n\n24\n\n16.12\nQuadra\n16.13\n\nCabo de aco galvanizado, diametro de 3/8\", com alma de fibr, 6\n27,00\n\nx\n\n200\n\n=\n\n54,00 m\n\nTrave desmontavel para futebol de saldo, em tubo de ferro\n\n1,00 par\n16.14\n\nEstrutura para basquete, metalica, fixa, com avanco livre de 1,30m,\n\n1,00 par\n16.15\n\nColocacao de 4 projetores equipados com lampada de descarga,\n\nQuadra\n16,00 unidades\n\n16.16\n\nPoste para voleibol em tubo de ferro gaI;/anizado, com catra\n\n1,00 par\n16.17\n\nRede de nylon para futebol de saldo. Fornecimento\n\n1,00 par\n16.18\n\nRede de voleibol oficial com cabo de ago. Fornecimentq\n1,00 unid.\n\n16.19\nsis 1\nsls 2\n\nQuadro de aula revestido em formica com dimensoes 4,00x1,20m\n9,00 unid.\n3,00 unid.\n\norRoC. N_3034/40| FOLHA N0\n\n\'\n\nPROC. N_3004/40.\n25\n\nY\n\nFoLHAN_ 1026\nAss.\nTotal:\n\n12,00 unid.\n\n16.20\n\nImpermeabilizagao de laje com asfalto elastomrico, a base\nde SBC\nAnulado\n\n16.21\n\nSubcobertura em fibras continuas de polietileno de\nalta densidade,\n\nTelhado 1\nTelhado 2\nTelhado 3\n\n589,90 m?\n201,30 m?\n195,20 m?\n\nTotal:\n16.22\n\n986,40\n\nTotal:\n\n2,00 unidades\n\n2,00 unidades\n4,00 unidades\n\nValvula de escoamento para tanque, 1605 de 1,1/4\", em metal cro-\n\nTanque cozinha\nTanque rea de servigo\nTotal:\n\n2,00 unidades\n2,00 unidades\n4,00 unidades\n\nSifao 1680, de 1.1/2\", em metal cromado.Fornecimeato\n\nTanque cozinha\nTanque area de servigo\n\n2,00 unidades\n2,00 unidades\n4,00 unidades\n\nTotal:\n\n16.26\n\n1.233,00 m?\n\nTorneira para pia ou tanque, 1158 de 1/2\"x18cm aprcxima-\n\nTanque cozinha\n\n16.25\n\n=\n\n2,00 unidades\n\nTanque area de servigo\n\n16.24\n\nInclinagdo Ceramica\n1,25\n\nTanque de alvenaria de tijolos macigos, revestido com azule-\n\nCozinha\n\n16.23\n\nx\n\nCabide indx com 2 ganchos. Fornecimento e colocago.\nAnular\n\n16.27\n\nCaixa de gordura simples, cilindrica, pr-fabricada er anis\n\nCozinhas\n2,00 unid.\n\n16.28\n\nEscavagao manual de vala/cava em material de 12 categoria at 1,5m\n\nCx gord\n\n1,50\n\nx\n\n1,50\n\nx\n\n1,00\n\nCx gord\n\n=\n\n1,50\n\n225\n\nx\n\n1,50\n\nx\n\n1,20\n\n=\n\n2,70 m?\n\nCx insp\nCxinsp\n\n1,20\n1,30\n\nx\nx\n\n1,20\n1,30\n\nx\nx\n\n1,20\n1,50\n\n=\n=\n\nTubulagi\n\n146,40\n\n1,73 m?\n254 m?\n\nx\n\n0,30\n\nx\n\n0,30\n\n=\n\n13,18 m\n\nm?\n\nSouza\n\n\nbiro Civil\nPE- Mal t 20843\n\nPROC. N 300R4 /4\n0)\nFOLHA ave e o2\ni\n\nASS. o,\nTotal:\n16.29\n\n22,40 m\n\nReaterro de vala/cava compactada a mago, em camadas de\n\nCx gord\n\n0,20\n\nx\n\n020\n\nx\n\n3,00\n\n=\n\n0,12 m?\n\nCx gord\nCx insp\nCxinsp\n\n0,20\n0,20\n0,20\n\nx\nx\nx\n\n0,20\n020\n0,20\n\nx\nx\nx\n\n3,00\n3,00\n3,00\n\n=\n=\n=\n\n0,12 m?\n0,12 m?\n0,12 md\n\nTotal:\n16.30\n\n049 m?\n\nCaixa de inspecao (visita)-concreto vibrado 60x82,5cm comfundo\n\nCozinhas\n\n2,00 unid.\n16.31\n\nCalha de beiral, Bella Calha, exclusive condutores.\n\nAnular\n16.32\n\nCondutor para calha de beiral Bella Calha, inclusive conexdes.\n\nAnular\n16.33\n\nFornecimento de projeto executivo de instalacao de luz em\n\n80,35\n16.34\n\n923,95 m?\n\nx\n\n11,60\n\n=\n\n923,95 m?\n\nx\n\n11,50\n\n=\n\n923,95m?\n\nProjeto executivo de rede logica (computadores) em Autocad, em\n\n80,35\n16.37\n\n=\n\nFornecimento de projeto executivo de instalacao de esgcto sanita\n\n80,35\n16.36\n\n11,50\n\nFornecimento de projeto executivo de instalacao de agua em\n80,35\n\n16.35\n\nx\n\nx\n\n11,50\n\n=\n\n923,95 m?\n\nProjeto estrutural para predios escolares e administrativos de 500\n\nAnular\n16.38\n\nCobertura em chapa de policarbonato alveolar, na cor fume, com\n\n775\n17\n17.1\n\n210\n\n=\n\n16,28 m?\n\nPaisagismo\nPlantio de arbustos de 70 a 100cm de altura, formando jerdim,\n\n20,14\n17.2\n\nx\n\nx\n\n850\n\n=\n\n174,21 m?\n\nArbusto para jardim, tipo Lantana, Hibisco, Cedrinho, etc.\n343,00 unid.\n\n-\n\nPROG.N\"_808/ /1)\n\nFOLHAN __ AN K\nAss.:\n17.3\n\nx\n\n850\n\nx\n\n0,10 =\n\n1712 m?\n\nCorrimao de tubo de ferro galvanizado de 1,1/4\", preso por\n\nRampa fachada\n\n6,00 m\n\nRampa quadra\n\n9,00 m\n\nEscada-\n\n22,00 m\n\nEscada\n\n200 m\n39,00 m\n\nTotal:\n18\n18.1\n\n[\n\nAterro com terra preta vegetal, para execugo de gramados,\n20,14\n\n17.4\n\nQ:gg_}\n\nTransporte maritimo\nPreparo e estiva no continente, estiva na ilha e transporte\n\n14 meses\nvj\n400\n\nx\n\n16,00\nVj\n2,00\n\nx\n\n8,00\n\nx\n\nsemana\n400\nmeses\n500\nsemana\n400\nmeses\n\nx\n\n8,00\n\nVj\n3,00\n\nx\n\n3,00\n\nx\n\nsemana\n1,00\nmeses\n1,00\n\n=\n\n16,00 vj\n\n=\n\n80,00 vj\n\n=\n\n8,00 vj\n\n=\n\n64.00 vi\n\n=\n\n3,00 vj\n\n=\n\n3.00 vj\n\nTotal:\n18.2\n\ncadavj\n\nTransporte horizontal de material de 12 categoria ou entulho,\n\n27,91\n2791\n\n18.3\n\n147,00 vj\n\nm?\nx\n\n147,00\n\n=\n\n4.102,67 m?\n\nTransporte de pessoal continente e llha, vice-versa\n\nIda e volta - a cada 10 dias\n14 meses\n13,00\n1,00\n\n18.3\ncada vj\n\nmeses\ndias\n\n300\n1,00\n\n=\n=\n\n39,00 vj\n1,00 vj\n\nTotal:\n\n40,00vj\n\nEnsacamento e transporte de escombros em sacos plasticos, desde\n2791\n\n2791\n18.4\n\nx\nx\n\nm?\n\nx\n\n147,00\n\n=\n\n4.102,67 m*\n\nAlimentacdo para 12 pessoas, sendo: caf de manha, almogo,\n18,00\n22,00\nV\n\nGerente de Projetos AgfEtificagdes\n\nTiago Mujitp S de Souza\nepheiro Civil\n\n,.\n\nAroC. N_3094./40.7\nFOLHAN_\npessoas\n\n. 10D\n\n12,00\n\n18.5\n\n22,00\n\nx\n\n12,00\n\n=\n\n264,00\n\nx\n\n18,00\n\n=\n\n264,00 rf ms\n4.752,00rf\n\nTransporte maritimo da fiscalizago com Lancha \"Runner 260\"\n\npor ms\n14 meses\n6,00\n8,00\n\n19\n\nx\nx\n\n400\n200\n\n=\n=\nTotal:\n\nAgua, esgoto e dquas pluviais\n\n19.1\n\nInstalag&o e assentamento de vaso sanitario individual, em\n\nAlojamento\n\n2,00\n\nunid.\n\nSl. Professores\n\n1,00\n\nunid.\n\nwc femin.\n\n5,00\n\nunid.\n\nWC masc.\n\n3,00\n\nunid.\n\nwc infor.\n\n1,00\n\nunid.\n\nwc creche\n\n1,00\n\nunid.\n\nWC cozinha\n\n1,00\n\nunid.\n\nTotal:\n19.4\n\n14,00 unid.\n\n|Instalagdo e assentamento de lavatrio de uma torneira\n\n1 pav\nwc alojamento\n\n2,00 unid.\n\nwc professores\n\n1,00 unid.\n\nwc informatica\n\n1,00 unid.\n\nWC cozinha\n\n1,00 unid.\n\nwc creche\n\n1,00 unid.\n\nweC masc. Femini\n\n6,00 unid.\nTotal\n\n19.5\n\n24,00 vj\n16,00 vj\n40,00vj\n\n12,00 unidades\n\n|Instalagdo e assentamento de chuveiro(exclusive fornecimen\n\nwc femin.\nWC masc.\n\n2,00\n2,00\n\nunid.\nunid.\n\nwc infor.\nwc creche\n\n1,00\n1,00\n\nunid.\nunid.\n\nwc cozinha\nAlojamento\n\n1,00\n2,00\n\nunid.\nunid.\n\n9,00\n\nunid.\n\nTotal:\n\nr\n\n.\n\nGerente de ProjetogfdefEdificagdes\n\nTiago de\nSQH-GPE\n\nSouza\n- Mat 20843\n\n\\\n\n,\n\nPROC. N_30Q4. /10\nFOLHAN\'__ 10410\n\n[\n19.6\n\nAp\n\n29\n\nInstalagdo e assentamento de mictrio (exclusive forneci-\n\nWC masc\n\n1,00 unidades\n\n19.7\n\nBebedouro eltrlco, tipo press&o com filtro Interno exziusive\n\n1 pav. Prximo da informatica\n4,00 unidades\n19.8\n\nColuna de PVC, de diametro 25mm), exclusive pecas de de-\n\nAgua\n\n96,00\n\n19.9\n\n+\n\n78,00\n\n=\n\n174,00m\n\nColuna de PVC, de diametro 50mm, exclusive pecas de de-\n\nAgua\n\n126,00\n\n+\n\n0,00\n\n=\n\n126,00 m\n\nEsgoto\n\n30,00\n\n+\n\n24,00\n\n=\n\n54,90 m\n\nTotal\n19.10\n\nTubo de queda em PVC de 100mm,\n\nPluvial\nEsgoto\n\n76,00\n41,00\n\n+\n+\n\n0,00\n0,00\n\n180,00 m\ninclusive \"T\" sanitario,\n\n=\n=\n\n76.00 m,\n4100 m\n\nTotal\n19.11\n\nTubo p/ ventilagdo em PVC de 75mm, inclusive conexdes\n\nPluvial\nEsgoto\nAgua\n\n28500\n138,00\n9,00\n\n19.12\n\n+\n+\n+\n\n0,00\n0,00\n0,00\n\n=\n=\n=\nTotal\n\n285,00 m\n138,00 m\n0Cm\n432,00 m\n\nTubo de PVC rigido de 100mm, soldavel,inclusiva\n\nPluvial\nEsgoto\n\n295,00\n189,00\n\n+\n+\n\n0,00\n0,00\n\n=\n=\nTotal\n\n19.13\n\n117,00 m\n\nconexdes\n\n29500 m\n189,00 m\n_\n\n48400 m\n\nCorte e colocago de conexdes em tubo PVC rigida, esgoto,\n\nPluvial\nEsgoto\nAgua\n\n112,00 m\n432,00 m\n273,00 m\n\nTotal\n19.14\n\n81700 m\n\nInstalag&o e assentamento de duchinha manuai para ba-\n\nAlojamento\n\n2,00\n\nunid.\n\nSl. Professores\n\n1,00\n\nunid.\n\nwc creche\n\n1,00\n\nunid.\n\nN\n\nGererite de Projetos g dificacdes\nTiago MugHg/3 . de Souza\n\nPROC. N_3084/40\nFOLHAN_ 1044\n\n\n\n%\nTotal:\n19.15\n\n33,00 unidades\n\nRegistro de gaveta, em bronze, com diametro de 1.1/4\"\n\nConforme projeto\n19.17\n\nunid.\n\nRegistro de gaveta, em bronze, com diametro de 3/4\"\n\nConforme projeto\n19.16\n\n4,00\n\n30\n\n1,00 unidades\n\nRalo sifonado de PVC rigido em pavimento elevado, com\n\nConforme projeto\n1 pav\n20,00 unidades\n19.18\n\nRalo seco (simples) de PVC, de altura regulavel, com grelha,\n\nConforme projeto\n1 pav\n3,00 unidades\n19.19\n\nCaixa de inspegao de concreto pr-moldado, do tipo apro26,00 unidades\n\n19.20\n\nTamp&o de ferro fundido para pogo de visita empregando arga-\n\nFossa filtro gordura 6,00\nCaixa\n15,00\n21.00 unidades\n\n19.21\n\nFossa sptica retangular de camara unica, conforme proje\n\nParte dos wc e cozinha\n1,00 unidade\n\n19.22\n\nFiltro anaerdbico, conforme projeto n 930 SECAL/EMOP,\n\nParte dos wc e cozinha\n1,00 unidade\n\n19.23\n\nSumidouro para 100 contribuintes ligado a fossa, exclusive\n\nParte do alojamento\n2,00 unidade\n\n19.24\n\nFossa sptica retangular de camara Unica, corforme projeto\n\nParte do alojamento\n1,00 unidade\n\n19.25\n\nFiltro anaerbico, conforme projeto n 929 SECAL/EMOP, p/\n\nParte do alojamento\n1,00 unidade\n\nSOH-GPE - Mat 20843\n\n,\n\nPROC. N_ZOQ1JA0)\nFOLHA NS _OH D\n19.26\n\nInstalago e assentamento de caixa de descarga e:evada\n\n11,00 unidade\n19.27\n\nTorneira de boia, em bronze, de presso, de 3/4\"\n\n16,00 unidade\n20\n20.1\n\n[Instalago Eltrica\nPonto de luz equivalente a 2 varas de eletroduto de\n19,00 unidades\n\n20.2\n\nInstalag&o de ponto de tomada, equivalente a 2 veras de\n\n1 pav\n\n128,00 unidades\n\n2 pav\n\n15,00 unidades\n\nTotal:\n\n143,00 unidades\n\n20.3\n\nCaixa de ligagao de PVC para eletroduto flexivel, ratangu -\n\nConforme projeto\n48,00 unidades\n\n20.4\n\nInstalag&o de ponto de telefone, compreendendo\n30,00\n\n20.5\n1 pav\n20.6\n\nunidades\n\nLuminaria de chao para jardim \"modulo de concrato, tamanho\n6,00 unidades\nLuminaria de sobrepor, fixada em laje ou forro, tico\n\n1 pav\n2 pav\n\n31,00 unidades\n0,00 unidades\n\nTotal:\n\n31,00 unidades\n\n20.7\n\nLuminaria de sobrepor, fixada em laje ou forro, tipo calha,\n\n1 pav\n\n116,00 unidades\n\n2 pav\n\n31,00 unidades\n\nTotal:\n\n20.8\n\n10 Pay\n20.9\n\n5 varas de\n\n146,00\n\nunidades\n\nArandela completa, de parede, com receptaculo para lam-\n\n10,00 unidades\nVentilador de teto, com 3 pas em aco galvanizado, inclusive\n\n1 pav\n2 pav\n\n47,00 unidades\n13,00 unidades\n\nTotal:\n\n60,00\n\nunidades\n\n31\n\nBROC. ub_gogq/,m Y\nFOLHANe\n\n20.10\n\nA oYy b\n\n32\n\nEletroduto de PVC flexivel de 1\", exclusive abertura e fechamento\n\n20.11\n\n00 m\no\n\nN\n[o2]\n|_<D\n\nConforme projeto\n\nEletroduto em pvc flexivel, cor amarela, diam. de 3/4\". forn.\n\n20.12\n\n00 m\no\n\nFm(4,-]\n\nConforme projeto\n\nEletroduto em pvc flexivel, cor amarela, diam. de 1/2\". forn. e\n\n20.13\n\n0\n\no\n\n-h\n(=]\nN\n\nConforme projeto\n\nm\n\nFio com isolamento termoplastico, antichama, compreen -\n\nConforme projeto\n\nTotal\n\n132,25 m\n271,68 m\n216,07 m\n620,00 m\n\n20.14\n\nFio com isolamento termoplastico, antichama, compreen -\n\n20.15\n\nFio com isolamento termoplastico, antichama, compreen -\n\nConforme projeto\n\nTotal\n6.617,01\n\n958,57\n946,57\n1.071,59\n94201\n1.418,55\n114,28\n276,46\n888,98\n\nm\nm\nm\nm\nm\nm\nm\nm\n\n6.617,01 m\npontos\n4.912,50\n\n1.704,51 m\n\n20.16\n\nCabo com isolamento termoplastico, compreendendo: pre-\n\n20.17\n\nCabo com isolamento termoplastico, compreendendo: prepa-\n\n56,00\n\nGerente de Projetos \n\nTiago Murj\n\n@aes\n\nPROC.N_ 8024110\nFOLHANC\n\nN0 MY\n\n33\n\nPSS\nIMOOD\n20.18\n\nQuadro de distribuicdo de energia para disjuntores ermo-\n\nConforme projeto\nQuadra\n\nTotal:\n20.19\n\n6,00 unidades\n\nAbertura e fechamento manual de rasgo em alvenarie.\n\n1.704,51\n20.20\n\n-\n\n2,00 =\n\n852,26 m\n\nDisjuntor termomagntico, tripolar, de 10 a 50A x 240V\n\nConforme projeto\n20.21\n\n5,00 unidades\n1,00 unidades\n\n33,00 unidades\n\nDisjuntor termomagntico, bipolar, de 10 a 50A x 240V\n\nAnular\n20.22\n\nDisjuntor termomagntico, unipolar, de 10 a 30A x 240V\n\nAnular\n20.23\n\nDisjuntor termomagntico, tripolar, de 60 a 100A x 24CV\n\nConforme projeto\n\n18,00 unidades\n\n20.24\n\nEntrada de servigo (PC), padrao CERJ, para medico\n\n21\n21.1\n\nInstalagdo de Incndio\nExtintor de incndio, tipo p quimico, de 6kg. Foraecimento\n\n212\n\nExtintor de incndio, tipo gas carbonico, de 6kg comgleto\n\n22\n221\n\nTelefonia e L6gica\nCabo telefnico tipo F1, bitola de 0,6mm2(para instalaz3o\n\n222\n\nInstalacao para ponto de tomada de computador equivalente a\n30 unidades\n\n[3,]\n(2]\n\n00 m\n\nI\n\nCabo coxial para distribuicao de sinal de antens\n\nfo\n\n22.3\n\noroc. N840,\nFOLHAN\n\n10415\n\n_&5_8__..-_.9%\n23\n23.1\n\nLoucas,_metais e acessorios\nVaso sanitario de louga branca, tipo popular, com caixa\n\nAlojamento\n\n|\n\nSI. Professores\nTotal:\n\n23.2\n\n2,00\n\nunid.\n\n1,00\n\nunid.\n\n3,00\n\nunid.\n\nVaso sanitario de louga branca, tipo popular, com medi-\n\nwc femin.\n\n5,00\n\nunid.\n\nWC masc.\n\n3,00\n\nunid.\n\nwc infor.\n\n1,00\n\nunid.\n\nwc creche\n\n1,00\n\nunid.\n\nwc cozinha\n\n1,00\n\nunid.\n\n11,00\n\nunid.\n\nTotal:\n23.3\n\nChuveiro eltrico, em metal cromado de 110/220V. Forneci-\n\nwc femin.\n\n2,00\n\nunid.\n\nWC masc.\n\n2,00\n\nunid.\n\nwc infor.\n\n1,00\n\nunid.\n\nwc creche\n\n1,00\n\nunid.\n\nwc cozinha\n\n1,00\n\nunid.\n\nAlojamento\n\n2,00\n\nunid.\n\n9,00\n\nunid.\n\nTotal:\n\n23.4\n\nPorta papel de louga branca, 15 x 15cm.\n\nwc femin.\n\n5,00\n\nunid.\n\nWC masc.\n\n3,00\n\nunid.\n\nwc infor.\n\n1,00\n\nunid.\n\nwc creche\n\n1,00\n\nunid.\n\n1,00\n\nunid.\n\nAlojamento\n\n2,00\n\nunid.\n\nSi. Professores\n\n1,00\n\nunid.\n\n14,00\n\nunid.\n\n,\n\nwc cozinha\n\nTotal:\n\n34\n\n|\n.\n\nPRoC  3001710\n]\n104\n\nFOLHAN\'___\n\n23.5\n\nSaboneteira\nde louga bran\n15ca,\nx 15cm, sem alca.\n\nwc femin.\n\n5,00\n\nunid.\n\nWC masc.\n\n5,00\n\nunid.\n\nwc infor.\n\n2,00\n\nunid.\n\nwc creche\n\n2,00\n\nunid.\n\nwc cozinha\n\n2,00\n\nunid.\n\nAlojamento\n\n4,00\n\nwunid.\n\nSl. Professores\n\n1,00\n\nLjnid.\n\n21,00\n\nunid.\n\nTotal:\n23.6\n\nPorta-toalha de pape! - acabamento esmaltado\n\nwc femin.\n\n2,00\n\nunid.\n\nWC masc.\n\n2,00\n\nunid.\n\nwc infor.\n\n1,00\n\nunid.\n\nWwC creche\n\n1,00\n\nunid.\n\nwc cozinha\n\n1,00\n\nunid.\n\nAlojamento\n\n2,00\n\nunid.\n\n9,00\n\nunid.\n\nTotal:\n23.7\n\nCabide de louga branca, simples, de 7 x 5cm.\n\nwc femin.\n\n2,00\n\nunid.\n\nWC masc.\n\n2,00\n\nunid.\n\nwc infor.\n\n1,00\n\nunid.\n\nwc creche\n\n1,00\n\nunid.\n\nwc cozinha\n\n1,0C\n\nunid.\n\nAlojamento\n\n2,00\n\nunid.\n\n9,00\n\nunid.\n\nTotal:\n\nPROC. N _803/] /4,3\n\nFOLHAM___ 104X\n| Ass.:\n23.8\nEscola\n\n6,00\n\nunid.\n\nAlojamento\n\n1,00\n\nunid.\n\n7,00\n\nunid.\n\nTotal:\n23.9\n\nDuchinha manual, com registro de pressao 1/2\", mangueira\n\nAlojamento\n\n2,00\n\nunid.\n\nSI. Professores\n\n1,00\n\nunid.\n\nwc creche\n\n1,00\n\nunid\n\n23.10\n\nBebedouro eltrico tipo pressao, em aco inoxidavel, modelo\n\nCorredor\n\n4,00\n\n23.11\n\nunid.\n\nMictrio coletivo de ago inoxidavel, com seo de 580x 300\n\nRefeitorio\n\n1,00\n\nunid.\n\nwc masculino\n\n1,00\n\nunid.\n\n2,00\n\nunid.\n\nTotal:\n\n24\n241\n\n242\n\n1\n\nReservatorio d\'agua de fibra de vidro cilindrico, capacidade\n\nServicos Complementares\nCapacidade 20.000 litros, concreto estruturado, inclusive\n\nExaustor para cozinha, com estrutura em chapa de ferro galanular\n\n243\nCozinha\n\n24.4\nWC crec\nCorredol\n\n24.5\n\nCoifa de aco inox, de 2,10 x 1,20m, de chapa 18.304\n1,00 unid.\n\nLaje pre-moldada Beta 20, para sobrecarga de 3,5KN/m?\n1,77\n900\n\nx\nx\n\n300\n230\n\n=\n=\nTotal:\n\n5,31 m?\n20,70 m?\n26,00 m?\n\nAquecedor solar com coletores/boiler 500l.\n\nConforme projetp\n3,00 unid.\n25\n\nLimpeza Final da Obra\n40,30\n\nx\n\n4164\n\n=\n\n1.678.09 m?\nGerente de Projetos dd\'\n\nTiago Murilo/&7\n\ne\n\nde Souza\n\nPROC.N_O\nX /10\nFOLHAN__\n\n1048\n\n37\n\nAs$ .\n\n26\n\nAdministragdo local: Engenheiros do escritrio (parcial ou fotal),\n100,00\n\nunidades\n\nItens Novos 01\n271\n\nSistema de alrme composto de:\n\n1,00 unidades\n27.2\n\nAparelho de Ar condicionado de 30.000 btw/h, 220v 3hp.\n\n1.00 unidades\n27.3\n\nInstalacdo e assentamento de ar condicionado tipo parede\n1,00 unidades\n\n27.4\n\n27.41\n\nTampo de granito para balcdo iareura 0.80cm\n\nTIampo de granito para pia,_e=30,00mm, largura 0.60m\n\n27.5\n\nBanca de granito cinza andorinha medindo 15.20 x 025m\n\n27.6\n\nApoio em granito cinza andorivha - Fornecimento e execucdo\n\n010\n\nx\n\n36,50\n\n=\n\n3,65 m?\n\n27.7\n\nFrontispicio em granito cinza andorinha\n\n27.8\n\nTesteira em granito cinza andorinha Scm\n\n27.9\n\nTomada RJ 45 Pial dupla sistzma X_- Fornecimento e instalaco\n\n2710\n\nPath cord 1,50 padrdo furukawa - Fornecimento e execucio\n\n27.11\n\nPath cord 2,50 padrdo furukawa - Fornecimento e execucdo\n\n(_Engenheiro Civil\nSOH-GPE - Mat 20843\n\nPROC.N_R31/10\n\nFOLHAN\n| Ass..\n2712\n\n104 O\n\'!!;!_g DR\n\nCabo utp cat 5 e 4 pares furukawa - F. ornecimento\ne execucdo\n\n320,00 m\n27.13\n\nRack de parede 19\" - 7U porta de acrilico,\n\n27.14\n\n27.15\n\nCanaleta Pial 50 x 20 sistema x, inclusive conexdes, pcrafus\nos e\n\n26,00 m\n27.16\n\nTomada Pial DUPLA 2P+T e universal sistema x - F. ornecimento\n18,00 unid.\n\n27.17\n\nTerminal mecanico a compressdo, fabricado com cobre,_para cabo\nde\n\n27.18\n\n27.19\n\n27.20\n\nEstabilizador de tensdo 3 KVA.\n\nFornecimento e instalacdo\n\n2,00 unid.\n27.21\n\nLetras em aco escovado com 30 cm de altura.\n\n27.22\n\nJunta pldstica 17 x 3mm, para pisos continuos\n\n792,10\n27.23\n\nx\n\n250\n\n=\n\n1.980,25m\n\nInstalacdo de um conjunto de 2 pontos de luz,_equivalente a 5 varas\n16,00 unidades\n\n27.23.1\n\nInstalacdo de um conjunto de 4 pontos de luz,_equiva.ente a 7 varas\n4,00 unidades\n\n27.23.2\n\nInstalac@o de um conjunto de 6 pontos de luz, equivalente a 9 varas\n14,00 unidades\n\nTiago\n[ Engnheiro Civil\nSOH-GPE - Mat 20843\n\n,\n\nPROC. N_BOOA/10 |\nFOLHaN\n\n1060\n\nASS.:\n\nA\n\n27.23.3 Instalacdo de um conjunto de 8 pontos de luz, equivalente a 10 varas\n4,00 unidades\n\n27.24\n\nCalha de aluminio 1,00m_em chapa espessura de 0.8mm e desenvol-\n\nTelhado 1\n\n60,85 m\n\nTelhado 2\n\n16,60 m\n\nTelhado 3\n\n6,00 m\n\nTotal:\n27.25\n\n27.26\n\nL=100m\n\n83,45 m*\n\nPintura com tinta acrilica interior e exterior em tijolo, concreto\n\n42,70\n13,70\n30,00\n\nx\nx\nx\n\n250\n250\n250\n\n=\n=\n=\n\n106,75 m?\n34,25 m?\n75,0 m?\n\n216,00\n\nx\n\n2,00\n\n=\n\n432,0 m?\n\nConjunto de ferragem completo nara paineis fixos de vidro\n20,00 unidades\n\n27.27\n\nGuarda corpo de ferro galvanizado, com modulo de 2.20m de\n\nFachada\nEscada\nRampa\n\n6,80 m\n500 m\n11,50 m\n\nTotal:\n27.28\n\n2330 m\n\nMesa de jogos com 4_bancos, tempo de mesa em marmorite\n3,00 unidades\n\n27.29\n\nMesa para ping-pong em concreto armado, de 2,70x1.50m,\n\n2,00 unidades\n27.30\n\nCalha de beiral semi-circular de pvc dn 125. Fornecimento e co-\n\nTotal\n\n23,1\n23,15\n23,15\n12,00\n7,90\n11,70\n21,70\n11,50\n16,50\n760\n18,50\n\nm\nm\nm\nm\nm\nm\nm\nm\nm\nm\nm\n\n176,85 m\n\nSOH-GPE - Mat 20843\n\n\n\nprOC. N_29381/40\nFOLHAN__10 c\\/\\;\n27.31\n\n176,85\n\n-\n\n300\n\n=\n\n58,95 unidades\n\n6,00\n53,00\n\nx\nx\n\n700\n350\n\n=\n=\n\n42,00 unidades\n185,50 unidades\n227,50 m\n\nCantoneira de pvc preforco de canto de parede para aresta viva,\n\n6,00\n24,00\n27.33\n\n40\n\nCondutor para calha de beiral de pve, dn 88. F. ornecimento e co-\n\nTotal\n27.32\n\n-1\n\nx\nx\n\n400\n320\n\n=\n=\n\n24,00\n76,80m\n\nKit para reuso de dgua vfl, com filtro, conjunto flutuante de\n1,00 unidades\n\n27.34\n\nTubo aguaterm de pve com diametro de 22mm inclusivz conexdes\n\nConforme projeto\n27.35\n\nTubo aquaterm de pvc com diametro de 28mm inclusive conexdes\n\nConforme projeto\n27.36\n\n1,00 unidades\n\nRegistro de pressdo com canopla de diametro de 20mm (3/4\")\n\nConforme projeto\n27.42\n\n3,00 unidades\n\nRegistro de gaveta com canopla diametro de 65mm (2.1/2\")\n\nConforme projeto\n27.41\n\n6,00 unidades\n\nRegistro de gaveta com canopla diametro de 50mm (2\")\n\nConforme projeto\n27.40\n\n1,00 unidades\n\nRegistro de gaveta com canopla diametro de 40mm (i.1/2\")\n\nConforme projeto\n27.39\n\n9,00 unidades\n\nRegistro de gaveta com canopla diametro de 32mm (I.1/4\")\n\n\" Conforme projeto\n27.38\n\n144,00 m\n\nT Misturador de transposicdo aguaterm 22mm x 3/4\"\n\nConforme projeto\n27.37\n\n66,00 m\n\n18.00 unidades\n\nValvula de descarga metdlica sem registro com canopla de 1.1/2\"\n\nConforme projeto\n\n12,00 unidades\n\n4\n\nGerente de Projetos deAHificacbes\n\nPrOC. N_& 097 /10\n\n|ForHate\nASS.\n27.43\n\nTubo de pvc para esgoto e aguas pluviais com diametro de 40mm\n\nEsgoto\nAgua\n\n30,00 m\n90,00 m\n\nTotal\n27.43.1\n\n33,00\n\nm\n\nTubo de pvc para aguas fria com _diametro de 60mm\n\nAgua\n27.44\n\nm\n\nTubo de pvc para aguas frja com diametro de 32mm\n\nAgua\n27.43.2\n\n120,00\n\n4200\n\nm\n\nPingadeira de concreto para topo de muros com 0,20m.\n\n4270 m\n40,30 m\n28,50 m\n1360\n890\n865\n\nTotal\n27.45\n\nm\nm\nm\n\n142,65 m\nLavatrio de sobrepor de louca branca, medio luxo,_sem ladrdo\n6,00 unidades\n\n27.46\n\nProjetor de iluminacdo de quadras de esporte, patios e fachadas\n16,00 unidades\n\n27.47\n\nPoste de aluminio preto com 2,00m com vidros e lamradas,\n5,00 unidades\n\n27.48\n\nBarra macaranduba de 7.5\n\nsls\n\n23,80\n\nx\n\n12,00\n\n=\n\n31,15\n11,80\n19,30\n19,30\n\nx\nx\nx\nx\n\n200\n200\n200\n200\n\n=\n=\n=\n=\n\n285,60 m\n\nCorredores\n\nTotal:\n\n62,30\n2360\n38,60\n38,60\n\nm\nm\nm\nm\n\n448,70 m\n\n106\n4\n\nIN\n\n20 b o\\ e\n\n41\n\nPROC.N_\n| FotHan\nAss.____\nITENS NOVOS 2\n28.1\n\nMastro metlico\n1,00 unidades\n\n28.2\n\nTanque de louca\n2,00 unidades\n\n28.3\n\nPintura resina\n\n855,44 m?\n28.4\n\nMictrio em aco inox\n\n1,00 unidades\n28.5\n\nLavatrio em aco inox\n1,00 unidades\n\n909110\n105\noo\n\nv\n\nI\n\n__PREFEITURA MUNICIPAL DE ANGRA DOS REIS - OBRA: REFORMA DA ESCOLA PEDRO SOARES-PROVETA.\n\"\n\n- Data Base 12/09\n\nITEM\n\n1\n1.1\n\nDESCRIMINACAO\n\nDOS SERVICOS\n\nQUANTID.\nCONTR.\n\n2 PLANILHA DE SUPRESSAO E ACRESCIMO DE SERVICOS\nUN\nPRECO\nPRECO\nITEM REDUZIDO\nITEM ACRESCIDO\nUNIT.\nLICIT.\nQUANT\nVALOR\nQUANT\nVALOR\n\n.\n\n.\n\nITI%NS NOVOS\nQUANT | VALOR\n\n.\n\n|\n\nQUANT\n\nNOVOS CONTRATOS\nV.UNIT.\nV. TOTAL\n\n|Servigos Preliminares\n[|Placa de identificagdo da obra Padrio PMAR,\n\ninclusive\n\npintura e suportes de madeira.Fornecimento e colocagio\n\n2,00\n\nm2\n\n250,00\n\n500,00\n\n2,00\n\n250,00\n\n500,00\n\n120,000\n\nm2\n\n72,00\n\n8.640,00\n\n120,00\n\n72,60\n\n8.640,00\n\n71,54\n\nm3\n\n60,00\n\n4.292,40\n\n71,54\n\n60,00\n\n4.292,40\n\n72,10\n\nm\n\n15,00\n\n1.081,50\n\n72,10\n\n15,00\n\n1.081,50\n\n40,00\n\nun\n\n12,00\n\n480,00\n\n40,00\n\n12,00\n\n480,00\n\n979,10]\n\n2\n\n3,00\n\n2.037,30\n\n979,10\n\n3,00\n\n2.937,30\n\n101,00]\n\nun\n\n15,00\n\n1.515,00\n\n101,00\n:\n\n15,00\n\n1.515,00\n\n5530]\n\nm2\n\n4,00\n\n221,20\n\n55,30\n\n4,00\n\n221,20\n\n3,00]\n\npar\n\n10,00\n\n30,00\n\n3,00\n\n10,00\n\npadas\n\n134,00]\n\nwun\n\n3,00\n\n402,00\n\nJArrancamento de grades, gradis, alambrados, cercas e portdes\n\n519,37\n\nm2\n\n10,00\n\n5.193,70\n\nEMOP 02.020.001-0\n1.2\n\n}Galpdo aberto para oficinas e depsitos de canteiro de obras,\n\nestruturado em madeira de lei, cobertura de telhas de cimentoamianto onduladas, de 6mm de espessura, piso cimentado e pre-\n\nparo do terreno.\nEMOP\n\n2\n2.1\n\n02.010.001-0\n\n|Demoligdes e retiradas\n|Demolido manual de alvenaria de tijolos furados, inclusive\n\nempilhamento dentro do canteiro de servigo\nEMOP 05.001.003-0\n2.2\n\nJArrancamento de bancada de pia ou banca seca de at\n\n1,00m de altura e at 0,80m de largura\nEMOP 05.001.146-0\n2.3\n\n|Arrancamento de aparelhos sanitarios\n\nEMOP 05.001.145-0\n2.4\n\n|Remogdo de forro ou lambri de frisos de madeira ou placas\nde aglomerAdo prensado ou semelhantes, exclusive o en-\n\ngradeamenty.\nCMOF 05.001.074-0\n2.5\n\n[JArrancamento de portas, janelas e caixilhos de ar condi-\n\ncionado ou outros\nEMOP 05.001.134-0\n2.6\n\n|Remogio de divisrias de madeira, pr-moldadas, prensa-\n\ndas ou semelhantes\nEMOP 05.001.076-0\n\n|Retirada de aparelhos esportivos, trave e basquete 1 de cada.\nRef. EMOP 05.105.015-0\n\n2.8\n\nJArrancamento de aparelhos de iluminagio, inclusive lam-\n\nEMOP 05.001.144-0\n\n2.9\n\nm|\n\nEMOP 05.001.147-0\n2.10\n\n*\n\nC|R\n\n\';\'\n\n8\n\n134,00\n\n3,00\n\n402,00\n\n1?/\n\n4\n\n%\n\n519,37\n\n10,00\n\n5.193,70\n\n1.289,25\n\n19,00\n\n24.495,75\n\nB\n>\n\n2 L\n\n|RemogHo de cobertura em telhas francesas, inclusive madei-\n\nramente, medido o conjunto pela 4rea real de cobertura\n\n30,00]\n\n\'\n\n1.289,25]\n\nm2\n\n19,00\n\n24.495.75\n\n\n\n\"\n\ne\n\nQ\n\n\no\n\n(@\n=\n\nANY\n\n(:\'/\n\nGerente de ijetoi gogdificactes\nTiag\nSouza\n\nCREAJRJ 2007 108747\n\n<,\n\n2.7\n\n__PREFEITURA\'MUNICIPAL DE ANGRA DOS REIS - OBRA: REFORMA DA ESCOLA PEDRO SOARES - PROVETA\nData Base 12/09\n\n=\nITEM\n\n\n\n<\nDESCRIMINACAO\nDOSP SERVICOS\n\n\n\n2 PLANILHA DE SUPRESSAO E ACRESCIMO DE SERVICOS\nPRECO\nPRECO\nITEM REDUZIDO\nITEM ACRESCIDO\nUNIT.\nLICIT.\nQUANT\nVALOR | QUANT\nVALOR\n\nUANTID.\nQ CONTR.\n\nUN\n\n781,75)\n\nm2\n\n10,00\n\n7.817,50\n\n4.859,25]\n\nm2\n\n4,00\n\n19.437,00\n\n12,00]\n\nun\n\n50,00\n\n600,00\n\nral dentro do canteiro de servigos.\nEMOP 05.001.015-0\n\n178,75]\n\nm2\n\n10,00\n\n1.787,50\n\n|Arrancamento de tomadas e interruptores\n\n293,00\n\nun\n\n9,00\n\n2.637,00\n\n293,00,\n\n9,00\n\n2.637,00\n\n115000\n\nm\n\n1,00\n\n115,00\n\n115,00\n\n1,00\n\n115,00\n\n3,00\n\nwun\n\n30,00\n\n0,00\n\n3,00\n\n30,00\n\n20,00\n\n2,00\n\n30,00\n\n60,00\n\n3,00\n\n30,00\n\n90,00\n\n84,78\n\n110,00\n\n9.325,80\n\n1.992,96\n\n18,00\n\n35.873,28\n\n18,50\n\n20,00\n\n370,00\n\nITENS NOVOS\nQUANT | VALOR\n\nNOVOS CONTRATOS\nV.UNIT.\nV. TOTAL\n\nQUANT\n\nEMOP 05.001.052-0\n2.11\n\n2.12\n\n2.13\n\n2.14\n\n|Demoligdo de revestimento em azulejos, cerdmicas ou marnore em parede, exclusive a camada de assentamento\nEMOF 05.001.009-0\n|Demoligdo de revestimento em argamassa de cal e areia\nou cimento e saibro\nEMOP 05.001.007-0\n|Retirada de quadro de aula (4,2x1,6)\nRef. EMOP 14.006.370-0\n\nR\n\n96,00\n\n384,00\n\n781,75\n\n10,00\n\n7.817,50\n\n4.763,25\n\n4,00\n\n19.053,00\n\n12,00\n\n50,00\n\n600,00\n\n|Demoligio de piso de ladrilho com respectiva camada de\nargamassa de assentamento, inclusive afastamento late -\n\n2.15\n\n178,75]\n\n1.787,50\n\n10,00\n\nSINAPI 22420/002\n2.16\n\n[Retirada de bate carteira em madeira 20cm\nRef. EMOP 05.001.078-0\n\n2.17\n\nJRetirada de bebedouro eltrico de pressio, em ago inox para\n\nreaproveitaniity\nRef. EMOP\n\n15.004.255-0\n\n2.18\n\n|Retirada cuidadosa de tanque de ago inox\nSBC 22742\n\n2,00\n\nun\n\n30,00\n\n60,00\n\n2.19\n\n|Demoligdo de tanque de lavagem de panela medindo (0,70x0,60)m\n\n3,00]\n\nwun\n\n30,00\n\n90,00\n\nCOMP PMAR\n2.20\n\n.\n\n|2emoligdo manual de concreto armado compreendendo pila\n\nres, vigas e lajes, em estrutura apresentando posi3o especial, inclusive empilhamento lateral dentro do canteiro.\n\n84,78}\n\nm3\n\n110,00\n\n9.325,80\n\n1.992,96]\n\nm2\n\n18,00\n\n35.873,28\n\n18,50]\n\nm\n\n20,00\n\n370,00\n\nEMOP 05.001.002-1\n2.21\n\n[Demolido manual de piso cimentado, exclusive a base\nde concreto, inclusive empilhamento lateral dentro do\n\ncanteiro de servigo\n\nEMOP 05.001.016-0\n2.22\n\n|Retirada de guarda-corpo em ferro\n\n3\n3.1\n\n|Movimento de terra\n|Escavagio manual de vala/cava em material de 1 catego-\n\nSINAPI 22426/001\n\na\n\nnYy\n\na\n\nP\n\nS\n\n8\n\nt\n\n.\n\nz\n\n%\na@\n\n3\n\n.\n\nT\n\noL\n!\n\n:\n\nS\nA\n\nGerente de Proj\n\nTiag\ng\n\nD\n\nde Edificagbes\n\ne Souza\nnheiro Civil\n~GPE - Mat 20843\n\n..\n\n_PREFEITURA MUNICIPAL\nDE ANGRA\n\nDOS REIS - OBRA: REFORMA\n\nDA ESCOLA PEDRO SOARES - PROVETA\n\nData Base 12/09\n\nDESCRIMINACAO DOS SERVICOS\n\nITEM\n\nQUANTID.\nCONTR.\n\n2\" PLANILHA DE SUPRESSAO E ACRESCIMO DE SERVICOS\nPRECO\nPRECO\nITEM REDUZIDO\nITEM ACRESCIDO\nUN\nUNIT.\nLICIT.\nQUANT | VALOR\nQUANT\nVALOR\n\nITENS NOVOS\nVALOR\nQUANT\n\nQUANT\n\nNOVOS CONTRATOS\nV. TOTAL\nV.UNIT.\n\nria(areia, argila ou picarra) entre 1,50m e 3,00m de profun\ndidade, exclusive escoramento e esgotamento.\n\n526,33\n\nm3\n\n25,00\n\n13.158,25\n\n526,33\n\n25,00\n\n13.158,25\n\n119,47\n\nm2\n\n12,00\n\n1.433,64\n\n119,47\n\n12,00\n\n1.433,64\n\n210,53\n\nm3\n\n10,00\n\n2.105,30\n\n210,53\n\n10,00\n\n2.105,30\n\n75,35\n\nm3\n\n60,00\n\n4.521,00\n\n75,35\n\n60,00\n\n4.521,00\n\n506,60\n\n25,00\n\n12.665,00\n\n102,44\n\n609,04\n\n25,00\n\n15.226,00\n\n506,60\n\n12,00\n\n6.079,20\n\n102,44\n\n1.229,28\n\n609,04\n\n12,00\n\n7.308,48\n\n5,00\n\n10.132,00\n\n1.294,60\n\n6.473,00\n\n3.321,00\n\n5,00\n\n16.605,00\n\n6.079,20\n\n1.294,60\n\n3.883,80\n\n3.321,00\n\n3,00\n\n9.963,00\n\n23,05\n\n350,00\n\n8.067,50\n\nEMOP 03.001.002-1\n3.2\n\nEscoramento simples, sendo aberto, de vala de pouca profunde 3-1.1/2\"x 9\" e 3\" x 6\")\nEMOP 05.011.002-0\n\n3.3\n\n3.4\n\n4.1\n\n4.2\n\na3\n\nReaterro de vala/cava compactada a mago, em camadas de\n30cm de espessura maxima.\nEMOP 03.013.001-1\nP6 de pedra, inclusive transporte\nSINAPI 19276/006\nInfra estrutara\nFormas de madeira para moldagem de pegas de concreto\narmado com tabuas de pinho de 3, 3 reaproveitamentos\nFomnecimento, montagem e desmoldagem\nEMOP 11.004.020-1\nEscoramento simples, sendo aberto, de vala de pouca profundidade, inclusive fomecimento dos materiais (pegas de pinho\nde3*-1.172\"x 9\" e 3\" x 6\")\nEMUP 05.011.0U2-Y\n\n3\n\ndidade, inclusive fornecimento dos materiais (pegas de pinho\n\nBarra de ago CA-S0B, com salifncia au mossa. coeficien\nte de contormagdo superficial finifo(dadrncia) igual a\n1,5, didametro de 8 a 12,5mm, destinada a armadura de con-\n\ncreto armado, compreendendo fornecimento, 10% de perdas\nde pontas e arame 18\nEMOP 11.009.014-1\n\n44\n\nCorte,dobragem, montagem e colocagdo e ferragens nas formas, aco CA-50A ou CA-50B, em barras redondas, com @\nde 8 a 12,5mm\n\nEMOP\n4.5\n\n2.026,40\n\n2.026,40\n\nkg\n\n23,05\n\nm3\n\n11.011.030-1\n\nConcreto simples, dosado racionalmente para uma resistn-\n\ncia caracteristica & compressdo de 10MPa,inclusive materiais, ifansporte equivalente a 20,00m na horizontal e 10,00m\n\nna vertical, produgdo, langamento e adensamento na quantide de 2,00m3/h\n\n350,00\n\n8.067,50\n\nEMOP 11.003.001-1\n4.6\n\nConcreto simples, dosado racionalmente para uma resistncia caracteristica & compressdo de 25MPa, inclusive\nmateriais, transporte equivalente a 20,00m na horizontal\n\nGerente de Projetdt\n\nTiago\n\nd\n\nificagbes\n\nSouza\nheiro Civil\nSOH-GPE - Mat 20843\n\nPREFEITURA MUNICIPALDE ANGRA DOS REIS - OBRA: REFORMA DA ESCOLA PEDRO SOARES - PROVETA\n\nData Base 12/09\nITEM\n\nDESCRIMINACAO\n\nDOS SERVICOS\n\nQUANTID.\nCONTR.\n\n2\" PLANILHA DE SUPRESSAO E ACRESCIMO DE SERVICOS\nPRECO\nPRECO\nITEM REDUZIDOQ\nITEM ACRESCIDO\nUNIT.\nLICIT.\nQUANT\n\nUN\n\ne 10,00m na vertical, produgdo, langamento e adensamento na quantidade de 2,00m3/h\n\nEMOP\n\n5.1\n\n11.003.005-1\n\n25,33\n\nm3\n\nITENS NOVOS\n\nQUANT | VALOR\n\nQUANT\n\nNOVOS CONTRATOS\nV.UNIT.\nV. TOTAL\n\n350,00\n\n8.865,50\n\n33,21\n\n350,00\n\n11.623,50\n\n30,00\n\n6.780,00\n\n226,00\n\n30,00\n\n6.780,00\n\n5,00\n\n5.766,00\n\n1.153,20\n\n5,00\n\n5.766,00\n\n3,00\n\n3.459,60\n\n1.153,20\n\nm3\n\n350,00\n\n3.055,00\n\nm2\n\n400,00\n\n19.360,00\n\n40,00\n\n1.872,00\n\nSuper estrutura\nFormas de madeira para moldagem de pegas de concreto armado com paramentos planos, em lajes, vigas, paredes, etc,\ninclusive fomecimento dos materiais e desmoldagem, servindo a madeira 2 vezes, tibuas de pinho de 3?, ou madeira\nequivalente, com 2,5cm de espessura, servindo tambm para\ntravessas, exclusive escoramento\n\nEMOP\n52\n\n11.004.021-1\n\n226,00\n\nBarra de ago CA-50B, com salincia ou mossa, coeficien\nte de conformag3o superficial mi',719,'en'),('a:5:{s:5:\"title\";s:26:\"Kodak Capture Pro Software\";s:6:\"author\";s:26:\"Kodak Capture Pro Software\";s:9:\"pageCount\";s:3:\"317\";s:10:\"hasOutline\";b:1;s:8:\"hasForms\";b:1;}',720,'en'),('a:4:{s:4:\"name\";s:42:\"Acrobat PDF 1.6 - Portable Document Format\";s:7:\"version\";s:3:\"1.6\";s:12:\"registryName\";s:6:\"PRONOM\";s:11:\"registryKey\";s:6:\"fmt/20\";}',721,'en'),('a:3:{s:4:\"type\";s:9:\"ingestion\";s:8:\"dateTime\";s:20:\"2023-10-16T11:29:53Z\";s:22:\"linkingAgentIdentifier\";a:3:{i:0;a:2:{s:4:\"type\";s:19:\"preservation system\";s:5:\"value\";s:20:\"Archivematica-1.12.2\";}i:1;a:2:{s:4:\"type\";s:15:\"repository code\";s:5:\"value\";s:3:\"ORG\";}i:2;a:2:{s:4:\"type\";s:21:\"Archivematica user pk\";s:5:\"value\";s:1:\"1\";}}}',722,'en'),('a:4:{s:4:\"type\";s:26:\"message digest calculation\";s:8:\"dateTime\";s:20:\"2023-10-16T11:29:53Z\";s:17:\"outcomeDetailNote\";s:64:\"dbab90518a6935f5877c8297527d11b48b0e67c7a9d4505b0a3c0873bf92f9e5\";s:22:\"linkingAgentIdentifier\";a:3:{i:0;a:2:{s:4:\"type\";s:19:\"preservation system\";s:5:\"value\";s:20:\"Archivematica-1.12.2\";}i:1;a:2:{s:4:\"type\";s:15:\"repository code\";s:5:\"value\";s:3:\"ORG\";}i:2;a:2:{s:4:\"type\";s:21:\"Archivematica user pk\";s:5:\"value\";s:1:\"1\";}}}',723,'en'),('a:4:{s:4:\"type\";s:11:\"virus check\";s:8:\"dateTime\";s:20:\"2023-10-16T11:30:01Z\";s:7:\"outcome\";s:4:\"Pass\";s:22:\"linkingAgentIdentifier\";a:3:{i:0;a:2:{s:4:\"type\";s:19:\"preservation system\";s:5:\"value\";s:20:\"Archivematica-1.12.2\";}i:1;a:2:{s:4:\"type\";s:15:\"repository code\";s:5:\"value\";s:3:\"ORG\";}i:2;a:2:{s:4:\"type\";s:21:\"Archivematica user pk\";s:5:\"value\";s:1:\"1\";}}}',724,'en'),('a:4:{s:4:\"type\";s:12:\"name cleanup\";s:8:\"dateTime\";s:20:\"2023-10-16T11:30:02Z\";s:17:\"outcomeDetailNote\";s:166:\"Original name=\"%transferDirectory%objects/Processo 2010228091 -  Vol V_ocred.pdf\"; cleaned up name=\"%transferDirectory%objects/Processo_2010228091_-__Vol_V_ocred.pdf\"\";s:22:\"linkingAgentIdentifier\";a:3:{i:0;a:2:{s:4:\"type\";s:19:\"preservation system\";s:5:\"value\";s:20:\"Archivematica-1.12.2\";}i:1;a:2:{s:4:\"type\";s:15:\"repository code\";s:5:\"value\";s:3:\"ORG\";}i:2;a:2:{s:4:\"type\";s:21:\"Archivematica user pk\";s:5:\"value\";s:1:\"1\";}}}',725,'en'),('a:5:{s:4:\"type\";s:21:\"format identification\";s:8:\"dateTime\";s:20:\"2023-10-16T11:30:05Z\";s:7:\"outcome\";s:8:\"Positive\";s:17:\"outcomeDetailNote\";s:6:\"fmt/20\";s:22:\"linkingAgentIdentifier\";a:3:{i:0;a:2:{s:4:\"type\";s:19:\"preservation system\";s:5:\"value\";s:20:\"Archivematica-1.12.2\";}i:1;a:2:{s:4:\"type\";s:15:\"repository code\";s:5:\"value\";s:3:\"ORG\";}i:2;a:2:{s:4:\"type\";s:21:\"Archivematica user pk\";s:5:\"value\";s:1:\"1\";}}}',726,'en'),('a:5:{s:4:\"type\";s:10:\"validation\";s:8:\"dateTime\";s:20:\"2023-10-16T11:30:13Z\";s:7:\"outcome\";s:12:\"partial pass\";s:17:\"outcomeDetailNote\";s:51:\"format=\"bytestream\"; result=\"Well-Formed and valid\"\";s:22:\"linkingAgentIdentifier\";a:3:{i:0;a:2:{s:4:\"type\";s:19:\"preservation system\";s:5:\"value\";s:20:\"Archivematica-1.12.2\";}i:1;a:2:{s:4:\"type\";s:15:\"repository code\";s:5:\"value\";s:3:\"ORG\";}i:2;a:2:{s:4:\"type\";s:21:\"Archivematica user pk\";s:5:\"value\";s:1:\"1\";}}}',727,'en'),('a:4:{s:4:\"type\";s:13:\"normalization\";s:8:\"dateTime\";s:20:\"2023-10-16T11:31:27Z\";s:17:\"outcomeDetailNote\";s:97:\"%SIPDirectory%objects/Processo_2010228091_-__Vol_V_ocred-6e426856-a241-4fd3-971e-6e7e5d0d9aa0.pdf\";s:22:\"linkingAgentIdentifier\";a:3:{i:0;a:2:{s:4:\"type\";s:19:\"preservation system\";s:5:\"value\";s:20:\"Archivematica-1.12.2\";}i:1;a:2:{s:4:\"type\";s:15:\"repository code\";s:5:\"value\";s:3:\"ORG\";}i:2;a:2:{s:4:\"type\";s:21:\"Archivematica user pk\";s:5:\"value\";s:1:\"1\";}}}',728,'en'),('ae52caed-0bc9-4752-b70f-ffba831273f2',750,'en'),('6d908ee2-8ba1-4977-8243-5f55403d4836',751,'en'),('a:4:{s:4:\"name\";s:4:\"JPEG\";s:7:\"version\";s:4:\"1.01\";s:12:\"registryName\";s:6:\"PRONOM\";s:11:\"registryKey\";s:6:\"fmt/43\";}',752,'en'),('a:3:{s:4:\"type\";s:9:\"ingestion\";s:8:\"dateTime\";s:20:\"2023-10-17T10:27:30Z\";s:22:\"linkingAgentIdentifier\";a:3:{i:0;a:2:{s:4:\"type\";s:19:\"preservation system\";s:5:\"value\";s:20:\"Archivematica-1.12.2\";}i:1;a:2:{s:4:\"type\";s:15:\"repository code\";s:5:\"value\";s:3:\"ORG\";}i:2;a:2:{s:4:\"type\";s:21:\"Archivematica user pk\";s:5:\"value\";s:1:\"1\";}}}',753,'en'),('a:4:{s:4:\"type\";s:26:\"message digest calculation\";s:8:\"dateTime\";s:20:\"2023-10-17T10:27:30Z\";s:17:\"outcomeDetailNote\";s:64:\"9d470fd4b6f9afef12cbac96fc01c337799052a28494f4d5f400ffc682ea88e2\";s:22:\"linkingAgentIdentifier\";a:3:{i:0;a:2:{s:4:\"type\";s:19:\"preservation system\";s:5:\"value\";s:20:\"Archivematica-1.12.2\";}i:1;a:2:{s:4:\"type\";s:15:\"repository code\";s:5:\"value\";s:3:\"ORG\";}i:2;a:2:{s:4:\"type\";s:21:\"Archivematica user pk\";s:5:\"value\";s:1:\"1\";}}}',754,'en'),('a:4:{s:4:\"type\";s:11:\"virus check\";s:8:\"dateTime\";s:20:\"2023-10-17T10:27:32Z\";s:7:\"outcome\";s:4:\"Pass\";s:22:\"linkingAgentIdentifier\";a:3:{i:0;a:2:{s:4:\"type\";s:19:\"preservation system\";s:5:\"value\";s:20:\"Archivematica-1.12.2\";}i:1;a:2:{s:4:\"type\";s:15:\"repository code\";s:5:\"value\";s:3:\"ORG\";}i:2;a:2:{s:4:\"type\";s:21:\"Archivematica user pk\";s:5:\"value\";s:1:\"1\";}}}',755,'en'),('a:5:{s:4:\"type\";s:21:\"format identification\";s:8:\"dateTime\";s:20:\"2023-10-17T10:29:12Z\";s:7:\"outcome\";s:8:\"Positive\";s:17:\"outcomeDetailNote\";s:6:\"fmt/43\";s:22:\"linkingAgentIdentifier\";a:3:{i:0;a:2:{s:4:\"type\";s:19:\"preservation system\";s:5:\"value\";s:20:\"Archivematica-1.12.2\";}i:1;a:2:{s:4:\"type\";s:15:\"repository code\";s:5:\"value\";s:3:\"ORG\";}i:2;a:2:{s:4:\"type\";s:21:\"Archivematica user pk\";s:5:\"value\";s:1:\"1\";}}}',756,'en'),('a:5:{s:4:\"type\";s:10:\"validation\";s:8:\"dateTime\";s:20:\"2023-10-17T10:29:16Z\";s:7:\"outcome\";s:4:\"pass\";s:17:\"outcomeDetailNote\";s:61:\"format=\"JPEG\"; version=\"1.01\"; result=\"Well-Formed and valid\"\";s:22:\"linkingAgentIdentifier\";a:3:{i:0;a:2:{s:4:\"type\";s:19:\"preservation system\";s:5:\"value\";s:20:\"Archivematica-1.12.2\";}i:1;a:2:{s:4:\"type\";s:15:\"repository code\";s:5:\"value\";s:3:\"ORG\";}i:2;a:2:{s:4:\"type\";s:21:\"Archivematica user pk\";s:5:\"value\";s:1:\"1\";}}}',757,'en'),('a:5:{s:4:\"type\";s:13:\"transcription\";s:8:\"dateTime\";s:20:\"2023-10-17T10:31:53Z\";s:7:\"outcome\";s:11:\"transcribed\";s:17:\"outcomeDetailNote\";s:101:\"%SIPDirectory%objects/metadata/OCRfiles/Princesa_Isabel_foto-ae52caed-0bc9-4752-b70f-ffba831273f2.txt\";s:22:\"linkingAgentIdentifier\";a:3:{i:0;a:2:{s:4:\"type\";s:19:\"preservation system\";s:5:\"value\";s:20:\"Archivematica-1.12.2\";}i:1;a:2:{s:4:\"type\";s:15:\"repository code\";s:5:\"value\";s:3:\"ORG\";}i:2;a:2:{s:4:\"type\";s:21:\"Archivematica user pk\";s:5:\"value\";s:1:\"1\";}}}',758,'en'),('8141404b-cde2-4af0-9f28-c69dcc03d66d',759,'en'),('6d908ee2-8ba1-4977-8243-5f55403d4836',760,'en'),('',761,'en'),('a:1:{s:9:\"pageCount\";s:1:\"4\";}',762,'en'),('a:4:{s:4:\"name\";s:40:\"Acrobat PDF/A - Portable Document Format\";s:7:\"version\";s:2:\"1b\";s:12:\"registryName\";s:6:\"PRONOM\";s:11:\"registryKey\";s:7:\"fmt/354\";}',763,'en'),('a:3:{s:4:\"type\";s:9:\"ingestion\";s:8:\"dateTime\";s:20:\"2023-10-17T10:27:30Z\";s:22:\"linkingAgentIdentifier\";a:3:{i:0;a:2:{s:4:\"type\";s:19:\"preservation system\";s:5:\"value\";s:20:\"Archivematica-1.12.2\";}i:1;a:2:{s:4:\"type\";s:15:\"repository code\";s:5:\"value\";s:3:\"ORG\";}i:2;a:2:{s:4:\"type\";s:21:\"Archivematica user pk\";s:5:\"value\";s:1:\"1\";}}}',764,'en'),('a:4:{s:4:\"type\";s:26:\"message digest calculation\";s:8:\"dateTime\";s:20:\"2023-10-17T10:27:30Z\";s:17:\"outcomeDetailNote\";s:64:\"ec575c0c84b392046da63dfbd83a2ba8b74dd0da16b2bef2bc5665868c946ebf\";s:22:\"linkingAgentIdentifier\";a:3:{i:0;a:2:{s:4:\"type\";s:19:\"preservation system\";s:5:\"value\";s:20:\"Archivematica-1.12.2\";}i:1;a:2:{s:4:\"type\";s:15:\"repository code\";s:5:\"value\";s:3:\"ORG\";}i:2;a:2:{s:4:\"type\";s:21:\"Archivematica user pk\";s:5:\"value\";s:1:\"1\";}}}',765,'en'),('a:4:{s:4:\"type\";s:11:\"virus check\";s:8:\"dateTime\";s:20:\"2023-10-17T10:27:32Z\";s:7:\"outcome\";s:4:\"Pass\";s:22:\"linkingAgentIdentifier\";a:3:{i:0;a:2:{s:4:\"type\";s:19:\"preservation system\";s:5:\"value\";s:20:\"Archivematica-1.12.2\";}i:1;a:2:{s:4:\"type\";s:15:\"repository code\";s:5:\"value\";s:3:\"ORG\";}i:2;a:2:{s:4:\"type\";s:21:\"Archivematica user pk\";s:5:\"value\";s:1:\"1\";}}}',766,'en'),('a:4:{s:4:\"type\";s:12:\"name cleanup\";s:8:\"dateTime\";s:20:\"2023-10-17T10:27:33Z\";s:17:\"outcomeDetailNote\";s:201:\"Original name=\"%transferDirectory%objects/Projeto_de_Lei_da_extino_da_escravido_no_Brasil.pdf\"; cleaned up name=\"%transferDirectory%objects/Projeto_de_Lei_da_extincao_da_escravidao_no_Brasil.pdf\"\";s:22:\"linkingAgentIdentifier\";a:3:{i:0;a:2:{s:4:\"type\";s:19:\"preservation system\";s:5:\"value\";s:20:\"Archivematica-1.12.2\";}i:1;a:2:{s:4:\"type\";s:15:\"repository code\";s:5:\"value\";s:3:\"ORG\";}i:2;a:2:{s:4:\"type\";s:21:\"Archivematica user pk\";s:5:\"value\";s:1:\"1\";}}}',767,'en'),('a:5:{s:4:\"type\";s:21:\"format identification\";s:8:\"dateTime\";s:20:\"2023-10-17T10:29:12Z\";s:7:\"outcome\";s:8:\"Positive\";s:17:\"outcomeDetailNote\";s:7:\"fmt/354\";s:22:\"linkingAgentIdentifier\";a:3:{i:0;a:2:{s:4:\"type\";s:19:\"preservation system\";s:5:\"value\";s:20:\"Archivematica-1.12.2\";}i:1;a:2:{s:4:\"type\";s:15:\"repository code\";s:5:\"value\";s:3:\"ORG\";}i:2;a:2:{s:4:\"type\";s:21:\"Archivematica user pk\";s:5:\"value\";s:1:\"1\";}}}',768,'en'),('a:5:{s:4:\"type\";s:10:\"validation\";s:8:\"dateTime\";s:20:\"2023-10-17T10:29:16Z\";s:7:\"outcome\";s:4:\"pass\";s:17:\"outcomeDetailNote\";s:59:\"format=\"PDF\"; version=\"1.5\"; result=\"Well-Formed and valid\"\";s:22:\"linkingAgentIdentifier\";a:3:{i:0;a:2:{s:4:\"type\";s:19:\"preservation system\";s:5:\"value\";s:20:\"Archivematica-1.12.2\";}i:1;a:2:{s:4:\"type\";s:15:\"repository code\";s:5:\"value\";s:3:\"ORG\";}i:2;a:2:{s:4:\"type\";s:21:\"Archivematica user pk\";s:5:\"value\";s:1:\"1\";}}}',769,'en'),('57d40aef-ea37-4f83-b601-e706c3387a7b',830,'en'),('9d9ba739-8b5f-493a-be9f-f57517008428',831,'en'),('',832,'en'),('a:4:{s:5:\"title\";s:26:\"Kodak Capture Pro Software\";s:6:\"author\";s:26:\"Kodak Capture Pro Software\";s:9:\"pageCount\";s:2:\"62\";s:10:\"hasOutline\";b:1;}',833,'en'),('a:4:{s:4:\"name\";s:42:\"Acrobat PDF 1.4 - Portable Document Format\";s:7:\"version\";s:3:\"1.4\";s:12:\"registryName\";s:6:\"PRONOM\";s:11:\"registryKey\";s:6:\"fmt/18\";}',834,'en'),('a:3:{s:4:\"type\";s:9:\"ingestion\";s:8:\"dateTime\";s:20:\"2023-10-18T11:06:01Z\";s:22:\"linkingAgentIdentifier\";a:3:{i:0;a:2:{s:4:\"type\";s:19:\"preservation system\";s:5:\"value\";s:20:\"Archivematica-1.12.2\";}i:1;a:2:{s:4:\"type\";s:15:\"repository code\";s:5:\"value\";s:3:\"ORG\";}i:2;a:2:{s:4:\"type\";s:21:\"Archivematica user pk\";s:5:\"value\";s:1:\"1\";}}}',835,'en'),('a:4:{s:4:\"type\";s:26:\"message digest calculation\";s:8:\"dateTime\";s:20:\"2023-10-18T11:06:01Z\";s:17:\"outcomeDetailNote\";s:64:\"3c334cd84901a282c7239d2368ea0d18b604bd3c25642a65da35491f4e90765f\";s:22:\"linkingAgentIdentifier\";a:3:{i:0;a:2:{s:4:\"type\";s:19:\"preservation system\";s:5:\"value\";s:20:\"Archivematica-1.12.2\";}i:1;a:2:{s:4:\"type\";s:15:\"repository code\";s:5:\"value\";s:3:\"ORG\";}i:2;a:2:{s:4:\"type\";s:21:\"Archivematica user pk\";s:5:\"value\";s:1:\"1\";}}}',836,'en'),('a:4:{s:4:\"type\";s:11:\"virus check\";s:8:\"dateTime\";s:20:\"2023-10-18T11:06:03Z\";s:7:\"outcome\";s:4:\"Pass\";s:22:\"linkingAgentIdentifier\";a:3:{i:0;a:2:{s:4:\"type\";s:19:\"preservation system\";s:5:\"value\";s:20:\"Archivematica-1.12.2\";}i:1;a:2:{s:4:\"type\";s:15:\"repository code\";s:5:\"value\";s:3:\"ORG\";}i:2;a:2:{s:4:\"type\";s:21:\"Archivematica user pk\";s:5:\"value\";s:1:\"1\";}}}',837,'en'),('a:4:{s:4:\"type\";s:12:\"name cleanup\";s:8:\"dateTime\";s:20:\"2023-10-18T11:06:04Z\";s:17:\"outcomeDetailNote\";s:154:\"Original name=\"%transferDirectory%objects/Processo 2010008091 - Vol VI.pdf\"; cleaned up name=\"%transferDirectory%objects/Processo_2010008091_-_Vol_VI.pdf\"\";s:22:\"linkingAgentIdentifier\";a:3:{i:0;a:2:{s:4:\"type\";s:19:\"preservation system\";s:5:\"value\";s:20:\"Archivematica-1.12.2\";}i:1;a:2:{s:4:\"type\";s:15:\"repository code\";s:5:\"value\";s:3:\"ORG\";}i:2;a:2:{s:4:\"type\";s:21:\"Archivematica user pk\";s:5:\"value\";s:1:\"1\";}}}',838,'en'),('a:5:{s:4:\"type\";s:21:\"format identification\";s:8:\"dateTime\";s:20:\"2023-10-18T11:06:29Z\";s:7:\"outcome\";s:8:\"Positive\";s:17:\"outcomeDetailNote\";s:6:\"fmt/18\";s:22:\"linkingAgentIdentifier\";a:3:{i:0;a:2:{s:4:\"type\";s:19:\"preservation system\";s:5:\"value\";s:20:\"Archivematica-1.12.2\";}i:1;a:2:{s:4:\"type\";s:15:\"repository code\";s:5:\"value\";s:3:\"ORG\";}i:2;a:2:{s:4:\"type\";s:21:\"Archivematica user pk\";s:5:\"value\";s:1:\"1\";}}}',839,'en'),('a:5:{s:4:\"type\";s:10:\"validation\";s:8:\"dateTime\";s:20:\"2023-10-18T11:06:37Z\";s:7:\"outcome\";s:12:\"partial pass\";s:17:\"outcomeDetailNote\";s:51:\"format=\"bytestream\"; result=\"Well-Formed and valid\"\";s:22:\"linkingAgentIdentifier\";a:3:{i:0;a:2:{s:4:\"type\";s:19:\"preservation system\";s:5:\"value\";s:20:\"Archivematica-1.12.2\";}i:1;a:2:{s:4:\"type\";s:15:\"repository code\";s:5:\"value\";s:3:\"ORG\";}i:2;a:2:{s:4:\"type\";s:21:\"Archivematica user pk\";s:5:\"value\";s:1:\"1\";}}}',840,'en'),('a:4:{s:4:\"type\";s:13:\"normalization\";s:8:\"dateTime\";s:20:\"2023-10-18T11:11:11Z\";s:17:\"outcomeDetailNote\";s:91:\"%SIPDirectory%objects/Processo_2010008091_-_Vol_VI-f16c1c08-96aa-4718-93da-a35e024bc958.pdf\";s:22:\"linkingAgentIdentifier\";a:3:{i:0;a:2:{s:4:\"type\";s:19:\"preservation system\";s:5:\"value\";s:20:\"Archivematica-1.12.2\";}i:1;a:2:{s:4:\"type\";s:15:\"repository code\";s:5:\"value\";s:3:\"ORG\";}i:2;a:2:{s:4:\"type\";s:21:\"Archivematica user pk\";s:5:\"value\";s:1:\"1\";}}}',841,'en'),('35e01300-f1cb-4bd4-9b87-4347af25dff4',842,'en'),('9d9ba739-8b5f-493a-be9f-f57517008428',843,'en'),('ELENILSOM SILVA\nDO\nNASCIMENTO:05327\n637425\n\nAssinado digitalmente por ELENILSOM SILVA DO\nNASCIMENTO:05327637425\nND: C=BR, O=ICP-Brasil, OU=Presencial, OU=\n01554285000175, OU=Secretaria da Receita Federal do\nBrasil - RFB, OU=RFB e-CPF A3, OU=(em branco), CN=\nELENILSOM SILVA DO NASCIMENTO:05327637425\nRazo: Eu atesto a preciso e a integridade deste documento\nLocalizao:\nData: 2023.09.27 10:07:42-03\'00\'\nFoxit PDF Reader Verso: 12.1.1\n\n',844,'en'),('a:5:{s:5:\"title\";s:26:\"Kodak Capture Pro Software\";s:6:\"author\";s:26:\"Kodak Capture Pro Software\";s:9:\"pageCount\";s:2:\"62\";s:10:\"hasOutline\";b:1;s:8:\"hasForms\";b:1;}',845,'en'),('a:4:{s:4:\"name\";s:42:\"Acrobat PDF 1.4 - Portable Document Format\";s:7:\"version\";s:3:\"1.4\";s:12:\"registryName\";s:6:\"PRONOM\";s:11:\"registryKey\";s:6:\"fmt/18\";}',846,'en'),('a:3:{s:4:\"type\";s:9:\"ingestion\";s:8:\"dateTime\";s:20:\"2023-10-18T11:06:01Z\";s:22:\"linkingAgentIdentifier\";a:3:{i:0;a:2:{s:4:\"type\";s:19:\"preservation system\";s:5:\"value\";s:20:\"Archivematica-1.12.2\";}i:1;a:2:{s:4:\"type\";s:15:\"repository code\";s:5:\"value\";s:3:\"ORG\";}i:2;a:2:{s:4:\"type\";s:21:\"Archivematica user pk\";s:5:\"value\";s:1:\"1\";}}}',847,'en'),('a:4:{s:4:\"type\";s:26:\"message digest calculation\";s:8:\"dateTime\";s:20:\"2023-10-18T11:06:01Z\";s:17:\"outcomeDetailNote\";s:64:\"a990f465fb0c67ac5ff5e2f743a9b81dce7389d5d5596bc8cc41b2b39660d464\";s:22:\"linkingAgentIdentifier\";a:3:{i:0;a:2:{s:4:\"type\";s:19:\"preservation system\";s:5:\"value\";s:20:\"Archivematica-1.12.2\";}i:1;a:2:{s:4:\"type\";s:15:\"repository code\";s:5:\"value\";s:3:\"ORG\";}i:2;a:2:{s:4:\"type\";s:21:\"Archivematica user pk\";s:5:\"value\";s:1:\"1\";}}}',848,'en'),('a:4:{s:4:\"type\";s:11:\"virus check\";s:8:\"dateTime\";s:20:\"2023-10-18T11:06:03Z\";s:7:\"outcome\";s:4:\"Pass\";s:22:\"linkingAgentIdentifier\";a:3:{i:0;a:2:{s:4:\"type\";s:19:\"preservation system\";s:5:\"value\";s:20:\"Archivematica-1.12.2\";}i:1;a:2:{s:4:\"type\";s:15:\"repository code\";s:5:\"value\";s:3:\"ORG\";}i:2;a:2:{s:4:\"type\";s:21:\"Archivematica user pk\";s:5:\"value\";s:1:\"1\";}}}',849,'en'),('a:4:{s:4:\"type\";s:12:\"name cleanup\";s:8:\"dateTime\";s:20:\"2023-10-18T11:06:04Z\";s:17:\"outcomeDetailNote\";s:172:\"Original name=\"%transferDirectory%objects/Processo 2010008091 - Vol VI_assinado.pdf\"; cleaned up name=\"%transferDirectory%objects/Processo_2010008091_-_Vol_VI_assinado.pdf\"\";s:22:\"linkingAgentIdentifier\";a:3:{i:0;a:2:{s:4:\"type\";s:19:\"preservation system\";s:5:\"value\";s:20:\"Archivematica-1.12.2\";}i:1;a:2:{s:4:\"type\";s:15:\"repository code\";s:5:\"value\";s:3:\"ORG\";}i:2;a:2:{s:4:\"type\";s:21:\"Archivematica user pk\";s:5:\"value\";s:1:\"1\";}}}',850,'en'),('a:5:{s:4:\"type\";s:21:\"format identification\";s:8:\"dateTime\";s:20:\"2023-10-18T11:06:29Z\";s:7:\"outcome\";s:8:\"Positive\";s:17:\"outcomeDetailNote\";s:6:\"fmt/18\";s:22:\"linkingAgentIdentifier\";a:3:{i:0;a:2:{s:4:\"type\";s:19:\"preservation system\";s:5:\"value\";s:20:\"Archivematica-1.12.2\";}i:1;a:2:{s:4:\"type\";s:15:\"repository code\";s:5:\"value\";s:3:\"ORG\";}i:2;a:2:{s:4:\"type\";s:21:\"Archivematica user pk\";s:5:\"value\";s:1:\"1\";}}}',851,'en'),('a:5:{s:4:\"type\";s:10:\"validation\";s:8:\"dateTime\";s:20:\"2023-10-18T11:06:38Z\";s:7:\"outcome\";s:12:\"partial pass\";s:17:\"outcomeDetailNote\";s:51:\"format=\"bytestream\"; result=\"Well-Formed and valid\"\";s:22:\"linkingAgentIdentifier\";a:3:{i:0;a:2:{s:4:\"type\";s:19:\"preservation system\";s:5:\"value\";s:20:\"Archivematica-1.12.2\";}i:1;a:2:{s:4:\"type\";s:15:\"repository code\";s:5:\"value\";s:3:\"ORG\";}i:2;a:2:{s:4:\"type\";s:21:\"Archivematica user pk\";s:5:\"value\";s:1:\"1\";}}}',852,'en'),('a:4:{s:4:\"type\";s:13:\"normalization\";s:8:\"dateTime\";s:20:\"2023-10-18T11:10:45Z\";s:17:\"outcomeDetailNote\";s:100:\"%SIPDirectory%objects/Processo_2010008091_-_Vol_VI_assinado-ab36a87f-bcc4-46d9-a06e-34b48152048f.pdf\";s:22:\"linkingAgentIdentifier\";a:3:{i:0;a:2:{s:4:\"type\";s:19:\"preservation system\";s:5:\"value\";s:20:\"Archivematica-1.12.2\";}i:1;a:2:{s:4:\"type\";s:15:\"repository code\";s:5:\"value\";s:3:\"ORG\";}i:2;a:2:{s:4:\"type\";s:21:\"Archivematica user pk\";s:5:\"value\";s:1:\"1\";}}}',853,'en'),('62e92ac6-db51-424c-a6c0-b542a4b10baf',854,'en'),('9d9ba739-8b5f-493a-be9f-f57517008428',855,'en'),('o\nESTADO DO RIO DE JANEIRO\nPREFEITURA MUNICIPAL DE ANGRA DOS REIS\n\n201008}\nf\n\nNumero do\nProcesso:\n\nData de Entrada:\n\n[\n| Unidade de Orizem:\n\n8091/2010\n\n:\n\n13/05/2010\n\n567-SOH-SECRETARIA MUNICIPAL DE OBRAS,\n2 g1TACAO E SERVICOS PUBLICOS\n\nTipo de Processo:\n\n227 - DESPESA.\n\nTipo de Assunto;\n\n429 - DESPESA\n\n\"INTERESSADO:\n\n\"\n\n\n\nLICITAGAO\n\nCPF/CINPJ:\n\nEnderego:\n\nTelefone:\n\nDescricao:\n\n, Bairro: - CEP:- - Cidade:\n\n() Ramal:\n\n~\n\nMM 0282/2010/SOH REFERENTE A\nCONTRATAGAO DE EMPRESA PARA EXECUCAO\nDA OBRA DE REFORMA DA ESCOLA MUNICIPAL\nPEDRO SOARES - PROVETA - ILHA GRANDE ANGRA DOS REIS. R$\n\nS v\n\ni)\n\nNFS-e - Nota Fiscal de Servigo Eletrnica Prefeiltura de Angra dos Reis\n\nPgina 1 de 1\n\nPREFEITURA DE ANGRA DOS REIS\nSECRETARIA MUNICIPAL\n\nv\n\n;\n\nPRESTADOR DE SERVICOS\n CPF/CNPJ:\n\n09.426.728/0001-54\n\nNumegggg%%g 4\n\nDE FAZENDA\nA\n\n201203090947672800015\n\nInscrigdo Municipal: 0024591\n\nNome/Razo Social: ACLIVE CONSTRUCGES LTDA\nL\nEnderego: RUA C 164, BLOCO-01 -APTO-306 - PRAIA DO JARDIM - CEP: 23800-000\nMunicipio: Angra dos Reis\n\nData e Hora de Emisso\n09/03/2012 10:20:42\n\nLMR3-ZAND\n\n|\n\nInscrigo Estadual:\n\nPROC\n\n8094 /4 O\nyy439,\n\nRO~\n\nUF: RJ\n\nASe\n\nf\nDE SERVICOS\n\nTOMADOR\n\n78490349\n\no\n\na8\n\nbttt\n\n%\n\nv\n\nNome/Raz&o Social:\n\nPREFEITURA MUNICIPAL DE ANGRA DOS REIS\nCPF/CNPJ:29.172.467/0001-09\nEnderego:\nMunicipio:\n\nDISCRIMINA(}AO\nREFORMA\nPROVETA\nMM.:\n\nDA E.M. PEDRO\n- ILHA GRANDE\n\n282/2010\n\n14 MEDIGAO\n\nRETENGAO\n\nInscrigado Municipal: 0000001\n\nPRC NILO PECANHA 186 - CENTRO - CEP: 23900\n1000\nAngra dos Rels\nUF:RJ\n| E-mail; e-e-\n\n- FINAL\n\nINSS\n\n(( %\n\n} f\n\nDOS SERVICOS\n\nN\n\n[\n\nv\n\nSOARES\n\n05.:130/2010\n\nPERIODO:\n\nS/ MAO\n\n\\\n\nN3.:0276/201|U\n\n07/01/2012\n\nA 05/02/2012\n\nDE OBRA = R53127,13\n\n : 400/%01@\nWLP 343\n\nCCl/ SOP\n| LANCADO MO SIG FIS\nA3 107 | 12\n\nlbrditpe L947\n\nVALOR TOTAL DA|NOTA = R$ 127.139,22\n\nCdigo do Servigo\n\n2609134 - CONSTRUCAO\nValor Total das Dedugbes (R$)\n\nCIVIL\nBase de Ciculo (R$)\n\n60.956,68\n\nAlfquotg (%)\n\n76.283,54\n\nValor do ISS (R$)\n\n6,00%\n\nCrdito p/ Abatimento do IPTU\n\n3.814,17\n\n0,00\n\nOUTRAS INFORMACOES\n\n- Esta NFS-e foi emitida com respaldo na Lei n 1.445/2\n003 e ng Decreto n 7.359/2010\n- O ISS desta NFS-e sera RETIDO pelo Tomador de\nServigo qus devera recolher alravs da Guia de NFS-e\n- (*) Documento emitido por ME ou EPP optante pelo SIMPLE\nS|NACICNAL .\n- Esta NFS-e ndo gera crdito.\n.\n\nCerttifico a exscucdo\n\ndo(s) servigo$\n\nprestados coniomqe Giurimninado acima,\n\nAngres B\n\nRuis]\n\nQ9.7\n\n6 jw/__.f_z__\n\nN\n\nN\n15\n\nhttps://www.spe.angra.rj.gov.br/NF SE/contribuinte/ncta\nprint.aspx?ccm=24591&nf=9. .\n\noeifd\n\ns\n\nga4\n\n09/03/2012\n\nPR\n[\n1\n\nf]\n\nvy\n\n.\n\n[\n\no~\n\nAsE\nL\n\nALLIVE CONSTRUGYES\nL TOA\n\nDATA:\n\n|\n[\n\nDEMONSTRATIVO\n142 MEDICAO - FINAL\nOBRA: REFORMA DA ESCOLA MUNICIPAL PEDRO SOARES\n\nel\n\n13/02/2012\n\n|\nMM.: 282/2010\n0S.: 130/2010\n\nPeriodo: 07/01/2012 A 05/02/2012\n| QUANT. | UNID.\n[ 4763,25|\nm2\n0,00\nm2\n609,04\nm2\n609,04\nm2\n[3.321,00]\nkg\n[3.321,00]\nkg\n33,21\nm3\n10,00\nm2\n49,15\nm\n7,56\nm2\n2,00\nun\n0,00\nm2\n1,00\npar\n1,00\nun\n2,00\nun\n4,00\nun\n4,00\nun\n4,00\nun\n| 24,00\nm2\n| 171,21\nm2\n| 343,00\nun\n17,12\nm3\n| 147,00\nvj\n40,00\nvj\n[4.752,00\nrf\n40,00\nvj\n14,00\nun\n1,00\nun\n4,00\nun\n| 117,00\nm2\n4,00\nun\n| 21,00\nun\n| 16,00\nun\n6,00\nun\n1,00\nun\n2,00\nun\n2,00\nun\n7,00\nun\n4,00\nun\n1,00\nun\n[1.677,80]\nm2\n100,00\nun\n1,00\nun\n1,00\nun\n1,00\nun\n| 25,00\nun\n\nY\n\n|\n\nLOCAL: PROVETA\n\nITEM\n2.12\n2.14\n4.1\n4,2\n4.3\n4.4\n4.6\n8.1\n12.7\n16.6\n16.7\n16.8\n16.17\n16.18\n16.22\n16.23\n16.24\n16.25\n16.38\n17.1\n17.2\n17.3\n18.1\n18.3\n18.4\n18.5\n19.1\n19.6\n19.7\n19.10\n19.14\n19.20\n19.27\n20.5\n20.25\n21.1\n21.2\n23.8\n23.10\n24.3\n25\n26\n27.1\n27.2\n27.3\n27.10\n\nM 809 M0\nAB19) ...\n\nNE.: 0276/2011\nR$ UNIT.\n4,00\n10,00\n25,00\n12,00\n5,00\n3,00\n350,00\n200,00\n75,00\n150,00\n300,00\n3,50\n70,00\n250,00\n500,00\n20,00\n25,00\n40,00\n500,00\n3,00\n6,00\n120,00\n1.370,00\n700,00\n25,00\n1.000,00\n230,00\n100,00\n200,00\n50,00\n80,00\n320,00\n25,00\n50,00\n450,00\n200,00\n370,00\n650,00\n850,00\n8.500,00\n0,75\n1.260,00\n989,09\n2.636,83\n236,61\n9,79\n\nQ. MEDIDA [Q. ACUMUL.|\n-96,00\n4763,25\n-178,75\n0,00\n102,44\n09,04\n102,44\n609,04\n1.294,60 | 3321,00\n1.294,60 | 3321,00\n7,88\n33,21\n10,00\n10,00\n-18,26\n49,15\n7,56\n7,56\n2,00\n2,00\n-1.161,95\n0,00\n1,00\n1,00\n1,00\n1,00\n2,00\n2,00\n4,00\n4,00\n4,00\n4,00\n4,00\n4,00\n7,70\n24,00\n171,21\n171,21\n343,00\n343,00\n17,12\n17,12\n5,00\n147,00\n2,00\n40,00\n190,00\n4752,00\n6,00\n40,00\n14,00\n14,00\n1,00\n1,00\n4,00\n4,00\n70,20\n117,00\n4,00\n4,00\n21,00\n21,00\n16,00\n16,00\n6,00\n6,00\n1,00\n1,00\n2,00\n2,00\n2,00\n2,00\n3,00\n7,00\n1,00\n4,00\n1,00\n1,00\n1.677,80 | 1677,80\n5,00\n100,00\n1,00\n1,00\n1,00\n1,00\n1,00\n1,00\n25,00\n25,00\n\nTi7+ SCATUfTI0 UG OU0Za\n\nggg da kroids dz B4 oooEs\n1at 2843\n\nR$ MEDIDO\n-384.00\n-1787,50\n2561,00\n1229,28\n6473,00\n3883,80\n2758,00\n2000,00\n-13639,46\n1134,00\n600,00\n-4066,83\n70,00\n250,00\n1003,00\n80,00\n100,00\n160,00\n3850,00\n513,63\n2058,00\n2054,40\n6850,00\n1400,00\n4750,00\n60C0,00\n3220,00\n100,00\n800,00\n3510,00\n320,00\n6720,00\n400,00\n300,00\n450,00\n460,00\n740,00\n1650,00\n850,00\n8500,00\n1258,35\n6300,00\n989,09\n2636,83\n236,61\n244,75\n\nR$ ACUMUL.\n19053,00\n0,00\n15226,00\n7308,48\n16605,00\n9963,00\n11623,50\n2000,00\n3686,25\n1134,00\n600,00\n0,00\n70,00\n250,00\n1000,00\n80,00\n100,00\n160,00\n12000,00\n513,63\n2058,00\n2054,40\n201390,00\n28060,00\n118800,00\n40000,00\n3220,00\n100,00\n800,00\n5850,00\n320,00\n6720,00\n400,00\n309,00\n450,00\n400,00\n740,00\n4550,00\n3400,00\n8500,00\n1258,35\n126000,00\n989,09\n2636,83\n236,61\n244,75\n\nPROC. K403\nLM O\ni:;:_;\n\ne\n- 27:11\n\n27.12\n27.13\n\nAssio\n\n.439%\n\n.. &um\n\n25,00\n\nun\n\n12,39\n\n| 320,00\n2,00\n\n25,00\n\nm\nun\n\n25,00\n\n2,52\n288,61\n\n309,75\n\n320,00\n2,00\n\n320,00\n2,00\n\n309,75\n\n806,40\n577,22\n\n806,40\n577,22\n\n27.14\n\n26,00\n\nm\n\n44,78\n\n27.15\n\n26,00\n\n26,00\n\nm\n\n26,00\n\n20,57\n\n1164,28\n\n1164,28\n\n27.16\n27.17\n27.18\n27.19\n27.20\n27.21\n27.25\n27.26\n27.29\n\n26,00\n\n18,00\n4,00\n4,00\n2,00\n2,00\n39,00\n| 432,00\n20,00\n2,00\n\nun\nun\nun\nrolo\nun\nun\nm?2\nun\nun\n\n26,00\n\n20,82\n\n18,00\n\n18,00\n\n5,78\n5,53\n4,23\n699,25\n136,06\n\n534,82\n374,76\n\n9,62\n80,46\n1.514,50\n\n4,00\n4,00\n2,00\n2,00\n13,00\n432,00\n20,00\n\n534,82\n374,76\n\n4,00\n4,00\n2,00\n2,00\n36,00\n432,00\n20,00\n\n2,00\n\nun\n\n143,03\n\n2,00\n12,00\n\n23,12\n22,12\n8,46\n1398,50\n1768,78\n4155,84\n1609,20\n3029,00\n1716,36\n\n23,12\n22,12\n8,46\n1398,50\n5306,34\n4155,84\n1609,20\n3029,00\n1716,36\n\n27.42\n\n12,00\n\n12,00\n\n27.45\n\n6,00\n\nun\n\n95,85\n\n27.46\n\n6,00\n\n17,00\n\n6,00\n\nun\n\n575,10\n\n271,66\n\n575,10\n\n27.47\n28.1\n\n2,00\n1,00\n\n17,00\n\nun\nun\n\n17,00\n\n373,84\n863,25\n\n4618,22\n\n2,00\n1,00\n\n4618,22\n\n2,00\n1,00\n\n747,69\n863,25\n\n747,69\n863,25\n\n515,84\n17964,24\n\n515,84\n17964,24\n\n1131,66\n1131,66\n\n1131,66\n1131,66\n\n28.2\n\n2,00\n\nun\n\n257,92\n\n28.3\n\n2,00\n\n855,44\n\nm?2\n\n855,44\n\n28.4\n28.5\n\n1,00\n1,00\n\n2,00\n855,44\n\nun\nun\n\n21,00\n1.131,66\n1.131,66\n\n1,00\n1,00\n\n1,00\n1,00\n\nTOTAL\n\nR$ 127.139,22 | R$ 2.475.776,40\n\nVALOR CONTRATADO:\n\nR$ 2.472.266,40\n\nVALOR DA MEDIGAO ATUAL:\nSALDO A FATURAR:\n\nR$ 127.139,22\nR$ 0,00\n\n426 7/2 l0001-_54\n\n{ano Sodres Jorddo\nCREA/R\n\n.\n\n2007 108747\n\nS\n\n\nPrefeitura Municipal de Angra dos Roix\n\nProc.m\n\n130\n\n m_\n\n) Secretaria Municipal de Obras, Habitagao e Servigos Publicos\n;\n\nOrde}da_erg:p No\nACLIVE CONSTRUGOES\n\nS\n\n~s\n\nGerncia de Procedimentos e Gestao Administrativa\n\nFavorecido:\n\n\n\nPMR\n\nEstado do Rio de Janeirc\n\nN\n\n130/2010/S.0.H\n\n\n7\n\nLTDA\n\nOBRA DE REFORMA DA ESCOLA MUNICIPAL PEDRO SOARES,\n\n| Servigo:\n\ni\n\nMemorando:\n\nContrato:\nPrazo:\n\n.\n\ng\n\n089/2010 DE-17/11/10\n\n-\n\nValor:\n\n\n\n282/2010\n\nR$\n\n540 dias\n\n2.223.\n$2223.500,00\n\nEmpenho:\n\nLicitagdo/Modalidade:\n[\n\n.\n\n,\n\nBairro: PROVETA\n\n\'\n\n3699/2010\n\nJ08/2010/SAD.SSLC\n\nCONCORRENCIA\n\nPela presente Ordem de Servigo, fica afirma acime, autorizada a Iniciar os servigos acima\ndescritos os quais serdo executados de acordo com o engentisiro desta secretaria , abaixo\nfirmado, que exercera a fiscalizagao dos mesmos.\n\nA\n\n.\n\nAngra dos Reis,\n.\n\n7 3 de\n\n.\n\nL J\n\nAdriana Soares de Ofiveiza\n( /\nSubgecretsria de Ediicaghes\n\n.\nare\n\n-\n\n4\"7\'/0\n\nDe@orrdLo\n\net\n\nSubsecmtaro Competente\n\nsH E\nSS\n\nAN\n\nw\n\nSp@&\nSecretaria Mumc\' al de Obras\nSefficos Publicos\n\nMatr. 20844\n\no\na\\)a@o\n\noP@\\\\cos\n\ns\n\n007 108747\n/ REAIRJ 2\n\nQNSTRUGOES LTDA\nCNPJ 09426 728/0001-54\nCasstano Soafes Jordda\n\nCREA/RJ 2007 108747\n\n-\n\n:\n\n\'\n\n\n\ng\n\n.\n\n.\n\n.\n\n-\n\n.\n\npres\n\n8091/tO\n\nr..\n\n1322\n\n-\n\n.\n.\n\ni\n\n/\n\n\\\n\n.\n\n.\n\n.\n\nf\n\n)\n\nf\n\n.\n\n.\n.\n\n)\n\n\n\nAE\'\"\n. Bromenss ctsessimses r2\n\nA\n\n\n\n\n\nA\n\n-\n\n\n\n:\n\nt\n\n[l\n\n.\n\n[N\n\ne\nerumsseresy\nat D pweare\n\nv\n\n$o~,4_//zo\n\npPRCT\n\n:\n\n:\n\n.\n\no\nESTADO DO RIO DE JANEIRO\n\'PREFEI\'TURA MUNICIPAL DE ANGRA DOS REIS\n\n.\n\nCNPJ: 29. 172. 467/0001-09\n\n)\n((H e\n) /u\n?G ,\n\nL\n:\n\nIAss\n\n\\{\\,\n\n:\n\n_\n\nSECRETARIA MUNICIPAL DE OBRAS, HABITACAO E SERVIGOS PUBLICOS\nP\n\n000276 /2011\n\nN.\n\nEMPENHO\n\nDE\n\nNOTA\n\n/\nP\n\n .\n\nCLASSE: CONSTRUCAO E REFORMA DE PROPRIOS MUNICIPAIS\n\n-\n\n\" Data de Elaboragdo....:\nNiimero da Conta........ :\n\n~\n\n\n\n\n\n- CNPJ/CPF 09.426.728/0001-54\n\n.\n\nCREDOR : 26271 ,-ACLIVE CONSTRU(;C)ES LTDA\n.\nATUAGAO : PRESTACAO DE SERVICOS\nRECURSO : ORCAMENTARIO\nCLASSIFICAGAO : ESTIMATIVO\n\n1.485.115,00\n\n\"+ VALOR:\n\n-\n\n.\n\n03/01/2011\nN\n\nESPECIFICAGAO DA DESPESA 842\'-20.07.339039.12.361.0166.2.339.05.00\n20 -PODER EXECUTIVO\n:\n7 -SECRETARIA MUNICIPAL DE OBRAS HABITAGAO E SERVICGS PUBLICOS\n.\n339039 -OUTROS SERVICOS DE TERCEIROS - PESSOA JURIDlCA\n12. EDUCACAO\n361 -ENSINO FUNDAMENTAL 166 - IMPLANTAGAO E AMPLIACAO DE NOVAS UNIDADES EDUCA(,IONAIS\n\n.\n\n2339~ MANUTENCAO E CONSERVAGCAO DE UNIDADES ESCOLARES\'\n\' 5 SALARIO EDUCAGAO\n\n1.822.000,00\n\n-\n\nVALOR ORCADO\n\n.\nSALDO ANTERIORDAVERBA\n:\n\" VALOR DO EMPENHO .\nSALDO ATUAL DA DOTACAO\n\n\n\nPROCESSO:\n\n809172010\n\no\n\n.\n\n\n\nL4\n\nAN\n\n.\n\n,\n\n-\n\n1.485.115,00\n148511500 .\nY I\nI\n\n.\n\n:\nR\n\n\'\nHISTORICO DO EMPENHO:\nMIM 0024/2010/SOH REFERENTE A REEMPENHO DOSALDC DA NE; 3699/2010 E COMPL EMETO AO\' CONTRATO\n\n\'\n\n- N 089/2010 DA OBRA DE REFORMA DA ESCOLA MUNICIPAL PEDRO SOARES NO PROV:TA lLHA GRANDE ANGRA DOS REIS. PROC. 809|/2010\n\nFUNDO::\n\n\n\nPROCESSO\n\nLICITATORIO:\n\nCONTRATO\nMODALIDADE\nN/ \\\'05 _\n\nra de Controke Interng\n\nRESPONSAVEL\n\n\" Matr. 20452\nDv/ 634\n\n\n-\n\nREC\n\n:\n\n.j@\n\nOR\n\nris DESPESA\n\nELENIZE CAMBEIRO SANTANA\n\' &0\nS\"o.asae.ed Q,OW \'\nol\n\nReoeb(n)(emos) da PREFEITURA MUNICIPAL DE ANGRA\'L & REIS a importanciaacima especificada.\n-9\n/\n\nPagoem_\n\nN\n\n\'\n\ne\n\n)\n\n_\n\nv\n\n.\n\n.\n\n.\n\nN\n\n\'\n\nCredor\n\nte\n\n/\n\nSOH.\no\n\n.\n&\\ L\n\n6&\n\nG\n\nv\n\n\'\n\n.\n: : CONCORRENCIA PARA COMPRAS E SERVICOS\nJULGAMENTO: 2 - MENOR PRECO GLOBAL\n/2010\n008\n\nWsafegw%agmespegwdo desta\"Nota de EmPenho\n\nP/\n\n.\n\n)\n\n\\\n\n_\n\n!\n\nsaanlea |,\n\nPROC. W?\n\nA324 -\n\nFoL\n\nRELATORIO DIARIO DE OBRA\n\n~\n\nJoa\n\nCLIENTE: Q\\T\\\\\\AR\n\nMOTIVO:\n\nTEMPO\n\nlCJ\n\n\n\n.B\"Qx\\_m so\n\nAL\nS | som+\n\nDIA DA SEMANA\n\n\'\n\nPRAZO CONTRATUIAL\n\nDIAS DECORRIDOS\n\nPRORROGAGAO\n\nDIAS RESTANTES\n\nSy\n\nS\\\nFISCALlZAGi\\O\n\nCONTRATADA\n\n%\'&bmbo\n\ne,\n-\n\n.\n\nS\n\n|\n\n0N\n\n\\ -\n\nE {9% VACOY\n: :)2 (mm@\np\\km;&u\n\ne\n\n\\f&b\n\nN\n:LQ QR\n\n(RQ\n\n\\Y:D\'DJ\\ZQ#AZSL\n.:\n\n\n\\r(\\i(\\@\n\nws\\g@&\'\n\nSthense\n\nQ@(&;%\n\n\'\n\n- \\ Onlo;\nQ-&mb\\f}@ | (\\\\K ;j\\ji\\&!\\f\\t)\n\nR\n\nA\n\nl\\\n\nQ L SN\n\n\n\nDIAS D!\'EATRASO\n\nPRAZO EFETIVO\n\nDURAGAO\n\n\n\nRS\n\n\'\n\n\'\n\n-\n\nS\n\nQ4F\n\nQoo lq\n\ne Sooms\n\nCl/ CHUVA\n\n\n\n. .\n\nj\n\nW\n\n-\n\n7\n\n4\n\n/A\n:\nGOESHFOA\nT!\nACLIVE CONS\n0001-54\no 1 g 426 728/ [} L20\n) Kwsim\n_crEHR1 2007 10\n\nCONTRATADA\n..//\'\\\n\n\'\n\n\'\n\nL=\n\ney Iy\n\nPROC. N S0IL/Q....]\nFOLIA b N30\n\nRELATORIO DIARIO DE OBRA\n\n- | pata\n\n| cLiente: Pf(\\g\n\nNeLIVEAT\nT\n\'2\n\nIE:(E)I\\:\"PO\n\n(&3\n\n\n[ / cHuvA\n\nBRA @M\n\n,;.% Ql\' am@-\n\nDIA DA SEMANA\n\nM.\n\n&\n\nG QM&CQQD@&.\n\n&L\\%\n\nDIAS DECORRIDOS\n\nNEATUAL\n\n)\nPRORROGACAO\n\nDIAS RESTANTES\n\ni\n\n.\n\n<E | puragAo\n\n\n9y\n\nD\\Vg\\\n\nPRAZOS\n\nMOTIVO:\n\n. .\n\nVO\nPRAZOFET\n\nT\n\n.\n\nDIASDE ATRASO\n\nFISCAL|ZAC,AO o\n\nCONTRATADA\n\nST\n@@Qf@@&\n\n&QM\\MO\\\n\nA&\\@m )\\f\\\\(\\(z S\n\n._\n\n(C\\xm\\\\mm\n\nAN\n\n)\n\ne,\n\nA\n,\\-\":/\nNG\n\n\'y QUL\"\n,\"..\n\nT\'agm?{ % 7 R\ng@!n\ne (-r\n\nCONTRATADA\n\nFMIZAQAO\n\nT\n\n_\n\nRELATORIO DIARIO DE OBRA\n| cuente: PW\\R\n\nASHYE [ R\n.O\n\n\" TEMPO\n\ne  0 Beyio S\n\nMOTIVO\n\n< |\n<\n\nDIAS DECORRIDOS\n\n.\n\n=\n\nPRAZO (EjETI\'VO\n\nDIAS DE\'ATRASO\n\nQU\n\nCONTRATADA\nA\n\n|\n\nDIAS RESTANTES\n.\n\nT\n\n/QO-L&\n\n[S0dE | 99\nPRORROGAGAO -\n\nDURAGAO\n\no\n\n1 Q\n\n4o\n\n[ / cHuva\n\n\n\nI\nDIA DA SEMANA\n\nPRAZO,CONTR\'ATUAL\n\nS | X som\n\n\nDATA\n\nFISCALIZAGAO\n\nQ.\n\nPROG. 4 8094 110..._\n\n-\n\nFOLIe: \'\nRt\n\n_a\n\n43486\n>\n-\n\n\\(\\i\\\\k\\\'\\ AN\n\n|\n\n:\n\n-\n\nAcuvl./ON\nGogs LTOA\n09 aml\n=54\n\nC\n\nAIRJ 206108125\n\nCONTRATADA\n\n-\n\nF|SCAL|ZA!;7\\0\n\n:\n\nRELATRIO DIARIO DE OBRA\nCL\'ENTE\n\nACLIVE\n\nREiE\n\n\np(g\\g&\n\n=AY @z,c\\v\\@ C@g&x\n\nMOTIVO:\n\nQl &@j\n-\n\n[J / cHuva\n\nAN\n\nST\n\n&1@3\n\nPRORROGAGAO -\n\nDIAS RESTANTES\n.\n\nDURAGAO\n\nPRAZO EFETIVO\n\no\n\n\n\nL\\Q\n\nB\n\n.\n\nCONTRATADA\n\n-\n\nFISCALIZAGAO\n\nQmiklmo_\n\nPROGC\n\nDugs_px:s ATRASO\n\n|\n\n8.055_4 7.//0._. i\n\n13 C: o\n\n.\'/)3,2,4....\"\".-\n\n~\n\n\\\nQ&@:g %g@\n\nQe\n\ndno\n\n)\n\n.\'xc\\\\i\\(\\acccix{Qn\n\nACLI\n\n\'\n\nc\n-\n\nCONSI\n\npJ. 09\n\no\n\n\n\n\'\n\nES LTDA\n728/ 001\n\nSpares ]\n\nCRE\n\n. cul\nR\nT e g 0. A O\nCONTRATADA\n\n\";\"\'FlSCp(ZAgAO\n\n|\n\'\n\nPRAZO SL\\Q\nCONTRATUAL | | DIAS DECORRIDOS |\n\n-\n\n\n\n16\n\nDIADASEMANA\n\n[osma @mmg\n\n<o\' || & Tempo\nsom\n\n- | para\n\noo\n\n\'/\n\nRELATORIO DIARIO DE OBRA\n\n#\n\nCLIENTE PW\\QR\n\nZALA EEM\\ND\n\nSt\nlo\' |\n\n\'S\n\n93 Q)@am\': M, Q@);\\@ C)@m, T%\n\n\nMOTIVO\n\nTEMPO\n\n:\n\n|Isom\n\n\n\ne\n\nQ.L\n\nL 351\n\n|PrAZO SonTRATUAL | S1AS 222CRR DoS\n\nSio\n\nXl / cHuva\n\na\n\nPURAGAO\n\nPRCRICGAGAD -\n\nDIS REZTANTES\n\nPRAZCEFETVG\n\nDIAZ CE ATRASD\n\nH\n\n-\n\nS\n\nCONTRATADA\n\nPR\n\nO\n\nNa&Rla\nQ@&@:m@ Y\n.\n\n\\dq @/\\Q}\\\n\n~\n\n\\\n\n.\n\n-\n\nRn2 4 1\"{{\"\n\n439y\n\n.\n\nl\n\n\n\n7:\n\n/|\n\nA\n\nOy\n09478\nNP8\nares T2ZBIORTSJoeo\n\n\n\nU;;{AIRJW\'?\n.\n\n-\n\n. CONTRATADA\n\n;\n]\n\nA\n\n=~\n\n|\n\nF|SCALIIZAQ AO\n\nd WN;MR\\Q\n\n-~\n\n\n\n.-\n\nFisEuzAgo\n\n1\n\n|}\n\nJ\n\n |\n\n76t\nO_EQ\n\nR\n\n-\n\n|\n\nN/\n\n|RELATGRIO DIARIO DE OBRA\nCLIENTE\n\n@mg\n\n\"\n\ng\n\nMOTIVO:\n\nA5, O/ Sald\n\nJla SA SEMANA\n\nACLIVE\n\no)\n\n\' DATA\n\nQ\n\ncowerivear: | OBRA Qo\\(m\\m%\nTEMPO\nX\n.\nO | ] BOM\n[J crcHuva\n5N\n\n-\n\n,j\n\nT\n\nfw\n\n-\n\n|FL\n\nShaaale, | 959\n\nQo_gg RS AR\n\n.\n\nPRAZO COR MTRATUSL\n\nDURAGAO\n\n_\n\nDieS RESTANTES\n\"\n\nFRAZO ZFETWVS\n5\\! t:, .\n\no\n\nCONTRATADA\n\n|\n\nPR \':.\n\ngn%/#?\n\nN\n\n- >\n\nALY\n\n@&@,gigb\n\nacios\n\ne\nCONTRATADA\n\nCIaS DE ATRASC\n\nFISCALIZAGAO\n\n\\\\\\@\\@\nPxml\n\n| DASDECGAR DOS\n\nLoy\nPRCRROZAGAC\n/\n\n-\n\n\\/u\n\nFnsc\\AtliA(;AO\n\n,\n\nBN\n\nI\n.2\n\nS\n\nN\n\nDrm AR\n\nBm@lm L A\nTEMPO\n\np@/\\m S oover,\n\nMOTIVO.\n\nJBom\n\nN\n\nDIAS CESCRFIZOS\n\n A\n\n3 A3RIZIANTES n\n1\n\nDURACAO\n\ns\n\n&q&\nF20ZRCGATAC\n\n.\n\n\n<\n\n\"D\n\nFREZC :J;DiNTI?QTLI_}\\L\n\n7] / cHuva\n\n-\n\ng\n\nDid D4 ST AAA\n\n_O\'\n\n| cuene:\n\nDaTa:\n\n.gc\n\nRELATORIO DIARIO DE OBRA\n\nFRAZO EFETIVD\nR\n\n!:; D STRASC\nTR\n\n249\n\nCONTRATADA\n\n.\n\nFISCALIZAGAO\n\n\n\nY\n\n7RO\n\nA\n\n)\nONSIROGOES\n\nACQVEC\nmm\nN\n(i_\n\nSoares\nonl\n\n1082\n\nLTDA\n54\nrddo\n\n-CREAIKJLN\n\n1\n\n\'\n\n\n\n:l\n\nB\n\ni l wg S0\n\nCONTRATADA\n\nTHRAD FC\n\n_;\n\nff\\q\'\n\n5 J:-\"\n\nA\nol\n\ni \'3 7Y\nFlsc,&LLZAcAo\n\n-\n\n|\n]\n\nLE;\n\n33\n\nl\n\nY\n\'2.\n\nT\n\nNy\n\n\\.:1.\n\n1 fig gl\no\n\nANEN;\n\nn\n\nP\\\\N\\SI\n\nRELATORIO DIARIO DE OBRA__\n| cuiente: @m\n\nACLIVE\nIO\' \'\n\nQR\n\noBrA; L% \\m\\m =\n\nCONSTRUGCOES\n\n- | bATA8,0 Ql @Q@\nDIA DA SEMANA\n\nQ@AQ\n\n|Senste,\n\nC\\@QM\n\nYO\n\n.\n\n-1\n\nDURAGAO\n\n\n\n&\n\nCONTRATADA\n\n|\n\nSHO\n\n\n\nFISCALIZAGAO\nPROL. ! Bo 0.\nP\n\n_f,\\.(._.._...\n\n@&(@J[},&Q\n\n&)\n\n/]\n\nViovelena\n\nQi\n\nG\n\nS\n\n~\n\n7\n.\n\n.| DIAS DI:EATRASO\n\nPRAZOEFETIVO\n\nLislune (orods\n\nN\n\nDIAS RESTANTES\n\nPRORROGAGAO -\n\n] c/ cHuvAa\n\n\n\nS5\n\nPRAZO CONTRATUAL | DIAS DECORRIDOS\n\nMOTIVO\n\n TEMPO\n\nS | i1 som\n\nN\n\nl\n\nGR\n\n/\n\n!\n\nP\n.\n\nCONTRATADA\n\n-,\n\ntnrtl)\n\nM.\n\nSC(J-\n\nke\np\n\n {\"\n\n.\'3\"\"3\"7\n\n\'FISCALIZAGAO\n\ne\n\n:\n\n|\n\nRELATORIO DIARIO DE OBRA\nCLIENTE\n\nACLIVE\n\nCoNsTRUGOES\no|\n\nDATA\n\n__B_/Ol\nM\n\n@X&\\R&\n\nm\n\nDIA DA SEMANA\n\nE\n\n\\\'\\[\\ QQQ\\\\))\\@\n\n\' M\n\nTtEMPO\n\nPRAZ\n\nS|geom\n\n\n% C/ CHUVA\n\n5\n\nDURAGAO\n\n=5\n2\n\n|\n\no\n\n.\n\n&&\n\nNTRATUAL | DIAS DECORRIDOS\n\n0L\\Q |\n\nPRORROGAGAO\n\nCONTRATADA\n\nDIAS RESTANTES\n\n_\nPRAZQEFETNVO\n\n|\n\n.\n\n| DiAS DE ATRASO\n\ns\n\nFISCALIZAGAO\n\nSRR\n\nPROC\n\nv goaslte|\n\nFOLbee o B8\nol\n\nDo\n\nM\n\nAss.\n\nPy\n\nB\nA ae sy\n\n\n\ni EQ\'J\n~ CONTRATADA\n\n\'\n\no\n\npeyertsU\nR\n\nHMZAQAO\n\n\'-\n\net\nCamird\nsunirme\nst\n\nRELATORIO ARIODEOBRA\nDIARIO DEOBRA\n@Q&\\Q&m\nOBRAMOTIVO:\nST\n\' TE_MPO\n12\'_\ng_\n\n< |\n\n[\n\nPy\n\n|\n\n|\nCONTRATADA\n\n\'\n\nL\n\n@f@wa%g@\n\nSUQ \'\n\nke8034//70 T\n\noo\n\nS\n\nR\n\n\\Q\" Qe\n\nACLIVE\n\n.\n\n.\n\n.\n\n\n\n-\n\n(assigho Soares ] rddo\nArerR\nCRERRY12007 108747\n\n.\n\n.\n\n-\n\nCONSJRUGOFSTTDR\n\nondd_0a 458 728/0001-54\n\n7\n\n/\n\nTt1;9{39 ek \' s\nu.\n\n~ CONTRATADA\n\n.\n\n,...\'}};i...:i (_%} ;,...:::;z:*:..:.i\n\n-\n\nQo\n\n,\n\nD|AS DEATRASO\n\nEFETIVO\n\nB u\n\nrggm@wam\n\n.\n\n\nF ISCALIZACIT\\O\n\n,\n\nNAO\n\nM(RXQ&\n\nDIAS RESTANTES\n\ns\n\nPRAZO\n\ni\n\no\n\nPim\\\n\nSHo-\n\npuragAo\n\'\n\nDIAS DECORRIDOS\n\nPRORROGAGAO\n\no\n\nv\n\ngs\n\nOb{@\\\nPRAZO CONTRATUAL\n\n:\n\n;\n.\n\nB\n\ncicHuva\n\ne\n\nXAVpa&\\f\\@ Emm,\n\nP\n\n\n\nX BOM\n\n0w @ ,bl @m& i\n\'\n\nD\n\n_\nACLIVE |ouar PINRR\n\'O\'|\n\n]\n\nE\n\n-\n\n.\n\n\'\n\nqL\n\n,\n\nLo\n\n/\n\nFlsc\\AZ?\\c;Ao :\n\nRELATRIO DIARIO DE OBRA\nCLIENTE\n\nP\\;\\R\n\n.\n\n.\n\n\\\n\ng\n\n& TEMPO\nBom\n[\n\n5\n\nOBRA\n\nmm\n\nMOTIVO:\n\n_\n\nl cHuva\n\n\n\n|\n\n@\n\ne\n\n\\\\T&\n\n&5$\n.\n\nPRAZO CONTRATUAL\n| DIAS DECORRIDOS\nSUO\n\n\n\n\'\n\n.\n\n&M&\nT-\n\n|\n.\n\n.\n\n|\n\n\\\\,\\\n\n.\n\n.\n\nDURAGAO\n\no\n\nE\n\n\'\n\nDIADASEMANA\n\nACLIVE\nCONSTRUGCOES\n\n2Ol\n\n| oA\n\n4\n\n|\n\n:\n\nPRORROGAGAO\n\nDIAS RESTANTES\n\nPRAZO EFETIVOe DIAS DE\'ATRASO\n\n|\n\nYO\n\nCONTRATADA\n\n|\n\nFISCALIZACAO\n\nT\n\n-\n\nPROC, MO gow//o\n\n\'&WQQ\n\nQAo\n\num\\:;\\}g\\\\@&\n\nc\n\'\n\n\n\nJ 09 42\n\n\n\n.\n\nQo\n\nl_,\nStengod\n\n\" G-\n\n--7m<_.-\n\n:\n\nES LTDA\n23/1 54\n\n:\n\n\n\no\n\nnnf(\n\n:\n\n.\n\n-\n\n]\n/\n\n\n\n~\n.\n\n-\n\nM.\n\n.\nv\n\nC))00/1{\"\\7\nA\n\nThizon !1 e PRl\net\n\nCONTRATADA\n\n- -\n\n-\n\n\'\n\n/\n\nFIS(SA_ IZAGAO\n\n-\n\nR\n\n-\n\nRELATORIO DIARIO DE OBRA\n\n|\n\nDATA\n\n@& @m@f\n&&/\n\n| cuente: @\\%R\n\nA\n\n[R\n\nACLIVE\nTEMPO\nBOM\n\n\n\n[J / cHuvA\n\n| DIAS DECORRIDOS|\nPRAZO.CONTRATUAL\n.\n(5&\\0\n\nMOTIVO:\n\nDIAS RESTANTES\n\nPRORROGAGAO\n\nd\n\n.\n\ng\n\nDURACA_O\n\nRAZO\n\n.\'\n\n\n\nPROC, M 8034/4Q-m-\n\n,\n\n2y Baco.\n\nA\n\nMY RO,\n\n/)23:7..\n\';\nH\n3)\n:H\n\ni\n@\n\n.\n\nDIAS DE\'ATRASO\n\nFISCALIZAGAO\n\nCONTRATADA\n\n\n.\n\nOWO\n\n~\n\n|\n\na\n\nEFFTIVO\n\nAM@%LAQ_@@\\&\n\n/\n\nR\n\nsTon\nAGLIVEPJ coy(2%01UM\n((:Nasil\n\n0\n\nQafFJJOT\n\n0\n\n!\n;\n]\n\nCratO3o\nA f-fg f\n\nU\\ uuv.._.\n\nARG\n\nPk\n\nel\n_\n\nr_\',:\n(h( \'\\\n\nCONTRATADA\n\n,\'{\n\nFtsbA(UZA(;Ao\n\n|\n\n-....\n\nm\n\nEw Gdis Seows [Padle\n\n9%Q,%\n\nf\n\no\n\n,5\n\nDIA DA SEMANA\n\na\n\nr\n\n\n\n\'\n\nRELATORIO DIARIO DE OBRA\n| CLIENTE\n\nM\\AR\n\n-\n\nACLIVE\n\no\n\n4 o\n|0BoM\n\n\n\n._ C/ CHUVA\n\n|\ng\n\n\'\n\n.\n\nPRAZQC??\\.ITRATUALVDIAS DECORRIDOS\n\nSlo\nPRORROGAGAO\n\nv\n\n_\n\no\n\nDIAS RESTANTES\n\n*\n\n:\n\'\n\'\nDIAS DE\'ATRASO\n\nPRAZO EFETIVO\n\nDURACAO\n\nSYUo\n\n.\n\no\n\nCONTRATADA\n\nFISCALIZAGI\\O\n\n,\n\nL\n\n\n\n\'\n\nPROC 1o $094 D\n\nCulTing\n\nM\n\n&m\\@\'f\\?\n\nR\n\n\'\n\nI=e\n\ni\n\n-\n\nM\n\n. -\n\net 50\n\n-\n\n_\n\no\n\n33_/QH\n\nDIADASEMANA\n\n\n\n:\n\ns\n\nMOTIVO\n\n\' TEMPO\n\no\n\nE. N\\ Q}\\@ %?)%\n\nAGLRLE | oona %mm\ng\n\n| pATA\n\nI\n\no, Ohna\n\naogs\\_\\\'Di\\\n\nRCEH\n\n;ONZG 77BI0po o4\n\n__CNRJ\n\n7 SoareSL}Yfmo\n\nR\n\n\n\nL\n\n\'\n.\n\n\n\n.\n\no\n\n\'\n\n\n\n46%_\n\n| \\\n\n:\n\n.\n\'\n\n:\n\n.\n.\n\n/\n\n/\n\nr:.\':.L\n\nCONTRATADA\n\nS\n\nkd_seAUZA(;Ao\n\n\\\n\n\n\nD|ADASEMANA\n\n\'CLIENTE: \'\\DW\\% R\n\nACLIVE\ne\n\nOBRA km,\\mm\\@{ F N\\\n\n| \'&6_0\nPRAZO CONTRATUAL | DIAS DECORRIDOS\n\nSHo\n\nS IR som\nD\n\ng\n\nL\n\n%&M\n\nMOTIVO\n\n\" TEMPO\n\ne\n\n3090 @ma\'\n\nDATA\n\nRELATORIO DIARIO DE OBRA\n\nDIAS RESTANTES\n\nPRORROGAGAO\n\nC/ CHUVA\n\n\n\n-\n\n<% | ouragho.\n\n.\n\nPRAZO EFETIVO\n\nS\n\nDIAS DE ATRASO\n\nSE\\Q\n\na\n\nFlSCALlZA(;Ao\n\nCONTRATADA\nQ@\\&\\)@%x\n\nQAo\n\n|\n\nPRI, M 8094/40\n\nG\\N\\o\\\n\nAlone\n;\n\nAN\n\ns\n\n\\ -\n\ng\n\n.\n\nI\n\nN\n|\n\n/\n\nB\n~\n\n\n\nACLIVE S\n\nCNP)\n\n/\n\nES LTDA\n-54\n0001\n728\\\n942\n\nCasshangSonres\n\ni w\n\n- CREH\n\n\'\n\nT;;mr JiE c\\ Siling pie e\nLx\n\nL\\\n\ntCH (\"(\n\nCONTRATADA\n\nTR\n\ne\n\n3\n\n.\n\nTRELATORIO DIARIO DE OBRA\ng\nCLIENTE:\n\nOBRA\n\ncoNsTRUGOES\n\n\n=\n\ng\n\nR\n\nPO\nTEM\nBOM\n[] c/ CHUVA\n\n@\n\n(m_gf\\/\\\n\n%)\\Q\n\n\'\n\nMOTIVO\n\n\'\n\n.\n\n.\n\n\n\no\n\n-\n\n.\n\n-\n\nACLIVE\no]\n,g\n\nR0\n\n@\n\nEE\n\n-\n\n/\nm\nDIA DA SEMANA\n\n,\n\no\n\no\n\n)\n\n.\n\n%QYQ\n\nMQ@\n\nQu\\S\\e\n\n%l\n\nRATUAL | DIAS DECORRIDOS\nCONTO\nJPrRAZO SL|\nPRORROGAGAO\n\nDIAS RESTANTES\n\nPRAZO EFETIVO\n\nDIAS DE ATRASO\n\n\n\ni\n\ni\n\nQYo\n\nDURAGAO\n\n=\n\n\'\n\n\"\n\n\\\n\nCONTRATADA\n\n.\n\nEISCALIZA(}AO\n\nPROC + 8094100 - |\n\nAo_Swa\n\n|\n\n\'\n\nFOLeA .\n\nJ9RY\n\n)\nNreyeo (B\n\n.\n\n.\n\nT\'ro e\n\nT\n\nCONTRATADA\n\nHsCAUZAQAo\n\n\':l-\n\n\"\n\n~\n\ng\n\nS\n\ne\n\nR\n\nS | & BOM\n\ng\n\n1M\n\nM. QQQ\\/\\QM\nA\n\nPRORROGAGAO\n\nDIAS RESTANTES\n\nEFETIVO\n\nDIAS DE ATRASO\n\n-\n\n|\n\nPRAZO\ng\n\nDURAGAO\n\nQ.mi\\a_lg\n\n.+\n\noo\n\nda\n\n\'\n\nFlSCALlZAQAO\n\nCONTRATADA\n\nP\n\n.\n\ngeags\n\nkAN\n\nLT\n\nT\n\n| 99\n\n4339\n\nAss.: ___Q)\n\ni \"%m*as.a-._-ew E\n\n9\\\\7\\\\;\\ ANO,\n\n\\\n\n|\n\nYRR R\n\n|\n\noSecorae o Tolon\n\n|\n|\n\n,\n\nSUo\n\n-\n\nA\n\n-\n\nDIAS DECORRIDOS\n\nCONTRATUAL\n\nS40\n\n:\n\n:\n\n/ chuva\n\n@6@/\n\n_ M@\\\nPRAZO\n\n| motivo:\n\n_TEMPO\n\nQ|\n\n\n\nOBM:@mwm\n\nAR\n\n. |FL\n\nDIADASEMANA\n\nv\n\npg\'\\ QR\n\nCLIENTE:\n\no) /m|\n\n . | oama ol\n\n\' O DIARIOoy DE i OBRA\nTor\nRELATORI\n\n=\n\n\n\n|\n\nT4\nACM COMQOEW\nnnnnnnnnn\nCrssidho Soares\nCREAIRT\n\nI/\n\n,\n\n\'\n\nJordd\n\n2007 ToaTes\n\n\n\nCONTRATADA\n\n\'FISCALIZAGAO\n\n|l\n:\n\nK]\nt\n\nCt\n\n*,\n\n.\n\nACLIVE\n\nL\n\nCLIENTE:\n\npata\n\n03/_&@_1&\n\n@m&(l\n\nDIA DA SEMANA\n\ng\n\no\n\n[\n\n.\n\nPRAZO CONTRATUAL\n\nMOTlVO\n\nDIAS DECORRIDOS\n\nJolXla\n\n\'S |som\ng\n\n.\n\nBRA &;@QXny(xs;;E EE W <E;SM\\5 EE5>n%g; \'QLAXNE\n\nTEMPO\n\nRO\n\n|\n\nRELATORIO DIARIO DE OBRA\n\n/ cHuvA\nDURAGAO\n\nPRORROGAGAC\n\nDIAS RESTANTES\n\nPRAZO EFETIVO\n\nDIAS D:E\'ATRASO\n\n|\n\nSUo\n\n1\n\nFISCALIZAQI\\O\n\nCONTRATADA\n\n\'\n\n\'F\"f-\'zo . .. ,?!51./\'_1\")\n\nQ&m\\-\\\n\nISESSNeht=teY\n\nQ\n\n1240\n\nFOL\n\n.\n\nAo\n\nS,\n\nJEET Y\n\n-\n\nN\n\n//; _\nACTIVE\n\nCNP\n\nf ucOES\nLTDA\n\n6726\n\n/\n|\n\n1000454\n\n/\n\n_\'0(,aSsunw 56 \':\nTAl\nsna\nT\nIR\nCREA\n\n4;\n\n[tiaa\nt\n\nCONTRATADA\n\nL\n\nv\'.\n\n[0 ( A\np-\'-\\;\n\n)\n\n]\n\n:\n\'FISCALIZAGAO\n\n.\n\n-\n\nv\n\n!\n\nRELATORIO DIARIO DE OBRA\nCLIENTE\n\nACLIVE\nCONSTRUGCOES\n\n(@]\n\n>\n\n.\n\nCADASIMANG\n\nN\n\nQ&QA@Ty\n\nFRZC\ns\n\no\n\n\n\nDURAGAC\n\n|FL\n\n|\n\nCONTRATUSL\n\n\n\n[  cHuva\n\n-\n\n.\n\n_Sola\n\nMoTIVO:\n\n- o | X] BOM\n\n\nW\\Q\\Q\n\noBRA: @MC\n\nTEMPO\n\no874\n\n-~\n\n)\n\n| D aS DECORE 003\n<\n\nPROFRGEACAD\n\n2ASRESTARTES\n\n.\nPRAZZ EFETIVC\n\no\n\n| 14S CE ATR&SD\n\nSLOY\n\nCONTRATADA\n\nFISCALIZAGAO\n\n\\\n\nQ;;@Sm\n.\n\n,\n\n-\n\noo,\n\nQo\n\nN\n\n\\\n2o\n\n\'\nSo.\n\n/\nLEA A\n\nFAC(L-B,:?\n\n.\n\n;if:\"\\lw\'z. 7\n\nRN\n\n\",:\"\"\"--?,_\n\n.\n\n.\n\ne\n\n=L,\n\ni\n\nFCq!\"ic\n\ni 2\n\n\\\n\n]\n\n)\n\n\\\n:\n\nI\n\nR:\n\n.i\n\ne\n\n\\\n\\\nlt\n\ni\n\nB\ni\ni\n\n-\n\ne\nikDA\nACLIVE\\ congx@gj\'\nCNPJ\n\n|\n\n\n\'\n\n09 4%\\;,\n\n{ assiano\n\nJoraa\n\n,\n\nTUOTH\nCREA/RS 2007\n\n|\n\no\n-}\n\n[\n\n/\n-/\n\nCONTRATADA\n\n3\n\nFISCAIZ&CAD\n\ne\n\no\n\ne\n\n)\n\nL\n\n.\n\n[\n\n)\n\nPRI\n\n:\n\nENRURA MURICDY,IANG\nALTOS\n, Covtontzd\nagioGrss) da Hunisipi RIA\n\n]\n\nRt\n\nFolbaw?\n\n41343 .%\n\n\n,\nNovme da Ewpresas\n\nKipro da Yicsposs\n\nU\n\nEOABULARIO 72 AT\nX\n\nIInlthida Adminisimiivas\n\nJsorvige\n\n{\n\nJcimpsa () convEnia\n\nSOT\n\n(\n\n) silvengiio 4) abrad/senyighs da cogeahes)\n\nEnpecho: A0 /:@M.\n\n]\nSim_\n\n______\n\ncom hase nas condisties ponfmiydas?\n\naain figen] rofeenicg compr\n\n-\n\nt\n\ns\n\nT Dramte\n.\n1) Consta o Jocummento Soprabasdia 1 despesanotas\nseals, 2ncibos o dempustatives?\nA\n)\n:\n) A docunientaggo (falue, Tolhe do medlpHo, notg fizcal)\n=6 neestada, por Teelo menos dois\nstaryi fores, quo pfia b ordensthordg despesa, mypansfvei\ns pole resshimeaio/fisealizaghe do\n3} A\n\n.\n\nDA LIQUIBACAD 4, DESPESA.\nIS\n\n{/ll}(J\n\n\n\n4\n\nProcesso i ML/Q\n\nN\n| HEe aplicaiel\n\n1%\n\n)\n\n.\n\n_\n\ndarnsicdsl de consume ou malogal perminenic\nToi\n\n.\n\nAloslada pelo setor esporsivel (almaxedt do\non palsimiindo)?\n\nL]\n\n.\n4) B favocosido danois, do empenho 6 0 mesmn e 0 efhitenic da\ndeewrionto comprobalftio?\n\nsonbalial estdio jufbomacos?\nB} O (us) crpenho (08) posset {em) saldo o progremasAs fnanccim no mes\nog Ak o mes de\n| JTquidacha da despesa?\nL\n:\n\n.\n\nX\n\n*\n\nX\n\n) A nnfureeadz despesa  campaifvel com n desei\ngio.dhy servigd oy meatonn] dosmits no\n| cotpo 9o doctmento?\n* \"\n.\n&) Vonds =orvisly quo & despesa & aproprnda pelo\nrogme de Corpettntin, u perfodo a gue s\nrefere A deapesa evid, correlo?\n\'\n_\n7) Q B0, 0 wiintexo  o ano Ao instumicto\n\nreconhesimconto dy divida?\n\n\n\n4\n\n\'\n\n3) Yo cusa de despess,da excrcicgo Bptedor DR Tosor\nile\n2w roslos mpagar, houve\n\nS\n\nX\nX\n\nY\n&\n:\n\n.\n\n\")(\n\n-\n\n-\n\n16) Ma entcep\ndn mlevi\nn.al, presiago de servige, setvigo do engenbesh\nou glias pn dosacordo\ncon. o mfrzsl\'asiu, forenms tomadas B:mtflidas\nedminisiativas moyistasoo cotitein/Tepislagia?\n\n_\n\n11} Os dados cadashmis esifio atuahzados no SIOWT\n\ni\n\n)/\n\n-\n\n12y Nos cor de smvigos Eresiados por 2uBromos o3 ROGCOTT\nemUYes, Tol cfejundo o edicrilo\n 0.conitale fo valor para o renolifiomcio des obzlgnges\npaltorals?\n3742 Cnonos\nstz\nsubos do processo 2 Ordeado Servigo & 5 Noin de Reccbi\nmenio do Sevigo?\n14 Mo casy dcmmr.alnnumzag o coatra\npem tad\ndescorleo 12 pagsmento O Tatugy?\n15) Oz reajustz de pregos Tormm caleuiados copfonve previsgn\ncontpiual, espeoialments\n,\nwania an ndics de egjuste?\n\n-\n\n16) Forarn coifidos os-empenfos parm, 05 Teajusles coptmiuals?\n17} Nas aliempiics das quantidaes fos fons coastanics do orgrmen\nto Ay nbrs ou servigo g\n\n|capenbasin fii observado o Bmite contmial?\n.\n18) O fnturmcoio das olwigagies pa~chaluicilc crmpndas, 17 tasd (o Tostiais nastgivel do\nconleAto] estispaldado por laude da Comissio Especial desigeade paraver\nificagia?\n\nb\n\n9) Tedes us campasdo documento Reqisigae e Didoa enconlraurse devidamed\niin\nTrecnchidey?\n_\n20) & chlonlo da didriso] clithuzdy doacoxk com o nomwsg coneessio?\n\n\'\n\n21) Rara JikemeHo doparcele da conyoHisubvencae, ApCSIRCES fn coniasda (5) purboin ()\nanteir (g8) o spreseniasda & aprovada coxfiome 3 tibslestitne Tema do\nConyEuio/Subyengiol?\n\'\n\n223 5. ibzmgin dapareela do convnfo/sobvengTo estdo Bpwdo comLo Cronogramade\n\nDosembolso pra compdmentn das ctapas ou fse provisis?\n.\nCONTBOLE\n\n.\nINTERNG\n\nX\n.\n\nA\n\n]\n\n\n\n-\n\n:\n\nDECLARNIAG DE CONFORRMIDARE,\n\nB Fice: da andlise procedide, DECLARAMOS\n\ngue sstabeleco s legislagEp perbnents & em cspecial 1 Lo\n10122009, s0b yrena do resporsabilidads solid4dn, o\n\nMEQRMIDADE dla pressule tespesa, do apordo COm D\nU 4320764, 2 Tei o B.6A693 e 2 L] Compldneniar i\nestebeleditla no arilpa 74 da Copstifnigge(d Frdeal.\n\nmspnnsTWnwlc e\n\n(F\n\nV b/\n\nu;\n\n.\n\n.\n\n]\n\n-\n\n.\n\n\'\n\nESTADO DO RIO DE JANEIRO\n\nPMAR\n\noroe N 8097/ Goto\n\nPREFEITURA MUNICIPAL DE ANGRA DOS REIS [ ..~ .~\nPAPELETA DE ACOMPANHAMENTO\n\n;23\n\nDespacha e Encaminhamento\n\n0l dx \n\n4G m\n\nbugue NEew 074 (K% 123 735 23), pdid /Z@,wmm.\n%{df :Hlo L\n\nObs.: Utilizar novo formulario somente quando este estiver :otsimente preenchido\n\n-\n\n<\n\nPREFEITURA MUNICIPAL DE ANGRA DOS REIS\nData:\n\n22/03/2012\n\nBanco:\n\n1\n\nConta:\n\nAutorizagaode Dbito - CREDITOEM CONTA . = ..~\nNume-o:\n\nBANCO DO BRASIL SA.\n28047\n\nx\n\n12277\n\nNumero Pagto:\n\n1579\n\n.\n\nB. BRASIL-FNDE\nSALARIO\nEDUCAGAO\n\nTipo\n\nVINCULADA\nBANCO OFICIAL\nA ser creditado\n\nNome Credor\n\nCNPJ/ CPF\n\nACLIVE CONSTRUGOES LTDA\n\n09.426.728/0001-54\n\nNF\n\n94\n\nitem\n\n1\n\nDocumento\n\nOP:2055\n\nBanco/Agncla/Conta Bancaria\n\nNProc.\n\n8091/2010\n\n399/ 1508/0110574\nVirBruto\n\nValor\n\n127.139,22\n\n123.197,92\n\nSub-Total..........\n\nR$\n\n123.197,92\n\nTotal...ovueeeerreenns\n\nR$\n\n123.197,92\n\ne\n\nGIAP\n\n/OF74131 - 22/03/2012 - 09:52:17\n\ns A\n\nA rasa AR\n\nAlterado 27/06/2007 15:34 .\n\n137\n\n%4 0F49300\n- Cadastro de Pessoas\n\n. Cadastro de Pessoas\nAtivo\n\n- T\n{ Tipo de Servigo:\n\nDocumento\n\n\"Pegso0a\n; (jFisica\n\nT\n\nT\n\ne\n\nSG R R\n\n}\nT\n\nreyd\n\nIO}\n\n_JCNPy [p3.42 726000184\n\ne\n\n4 Banco\n\nNome\n\n399}\n_][Hbc\nI\'E5\nBANK BRASIL\n5.4, - BANCO MULTIPLO\no\no\ne\n\nDigito Tipo da Corta\n\n0110_5_]L7_f_J[,..,\n; Situagdo de Conta\n\ni| {atve\n\n[;j\n\nYT\n\ns,\n\nL\n\n\n.\n\nN\n\n)\n\n)\n\n9\n\nESTADO DO RIO DE JANEIRO\n\nA\n\n.\n\n?3 %q\n\n] Q_QK)\n\nPREFEITURA MUNICIPAL DE ANGRA DO4 Reas #\nCONTROLADORIA GERAL DO MUNICIPIO\n woina\n\nORDEMDE\n\nPAGAMENTO\n\nNGMero...........oovveeeee D N\n\nORCAMENTARIA\n\n\"\n\ni\n\ne\n\nRZOSETIO2\n\nData de Emissao....... :\n\n16/03/2012\n\nData de Vericimento.\n\n20/03/2012\n\n:\n\nValor......ccouviiveenrunnnns :\n\nT\n\n127.139,22\n\nCREDOR\nCNPJ /| CPF\n\n:026271 - ACLIVE CONSTRUGOES LTDA\n:09.426.728/0001-54\n\nDESCRIGAO\n\n: REFORMA DA ESCOLA MUNICIPAL PEDRO SOARES ~ PROVETA - ILHA GRANDE - ANGRA DOS REIS.\nmed 142 per 07/01/2012 a 05/02/2012 NFE 94/2012 PROC. 8091/2010\n\nDOTAGAO\n\nEMPENHO / ANO\n\nPROCESSO\n\n10072012\n\n8091/2910\n\n20.07.339039.12.361.0166.2.339.05.00\n\nFONTE\nRubrica\n75\n\nValor Empenhado\n\nVALOR EM O.P.\n\n328.779,00\n\nSALDO\n\nATUAL\n\n328.779,00\n\n0,00\n\n: SALARIO EDUCAGAO\nEspecificagdo\nIss\n\n602\n\n.\n\nValor\n3.814,17\n\n-\n\nI.N.S.S. Retidos De-Empresas\n\n-\n\n127,13\n\nNird)\nr@e@(arques\nISTRATWO\n\nANGRA DOS REIS, 16\n\nLir\n\nARCO/\n\n-t\n\n:\n\nDE 2012\n\n{? %EROZ\n\n.\n\nRESPONSAVEL : PREFEITURA MUNICIPAL DE ANGRA DOS\nREIS\n\nRECIBO\n\nRECEBI(EMOS) DA PFFEi /u RIUNICIPAL DE ANGRA DOS REIS, A IMPORTANCIA ESPECIFICADA ABAIXO:\nOP e\n\n. Re>\n\nDESCONTO........... . RS\nLiQuipo................\n\nR$\n\n127.139,22\n3.941,30\n\n/\n\n123.197,92\n\n)\n}\n\nDOC IDENTIDADE :\nASSINATURA :\n\n. CPF:\n\n:\n\n<}\n\n:\n\n,i\n:3]\n\n/\n\n9\\!\n\nPAGO EMjg_/__Qf_._&_/_fg._i -\n\nL TN\n\nD\n\ney\n\nFALALS\nM\n\n.\n\no\ns\n\ng\n\nN\n\nre\n\ne\n\nESTADO DO RIO DE JANEIRO\n\nPREFEITURA MUNICIPAL DE ANGRA DOS\nCONTROLADORIA GERAL DO MUNiICIPIO\n\nEXTRA-ORCAMENTARIA\n\n02057 /2012\n\nNUMEIO.....ccoerrrrrereene :\nData de Emisso....... :\n\nPAGAMENTO\n\nORDEMDE\n\nRbrica\n16/03/2012\n\nData de Vencimento. :\n\n20/03/2012\n127,13\n\nValor.....ccovnvimniieinnnnns :\nCREDOR\nCNPJ /| CPF\n\n:001662 - INSTITUTO NACIONAL DO SEGURO SOCIAL\n:29.979.036/0001-40\n\nDESCRIGAO\n\n: RTENCAO DE INSS DA FIRMA ACLIVE CONSTRUZOES LTDA\n\nNFE 94/2012\n\nRubrica Especificagao\n602\n1.N.S.S. Retidos De Empresas\nELABORADA POR :CR\nPAGUE - SE AQ\"CREDGR\n\nPROC 8091/2010\n\nCmtlrhN\n\nalofeq\n\nEMITIDA POR MIAR\n\nO VALOR ACIMA ESPECIFICADO NESTA ORDEM :\n\nRESPONSAVEL : PREFEITURA MUNICIPAL DE ANGRA DOS REIS\n\na5l\n\nRECIBO\n\nRECEBHEMS) PA PREFEITURA MUNICIPAL DE ANGRA DOS REIS, A IMPORTANCIA ESPECIFICADA ABAIXO:\n\nOPveece\n\nMo, : R$\n\nDESCONTO............ \nLiQuipo..................\n\n127,13\n\nRS\nR$\n\n0,00\n127,13\n\nDOC IREATINARE  Jg?,\"ipa-\' \' S%?T\"auzgga\n\noW\ne X g R\n;,,;,megguspg\'quanua de\n\"\n\n\" Pagus por este\n\nOV\n\nCl\n\n(CENTO\n\nPF \"\n2\n\nE VINTE\n\nE SETE REAIS\n\nE TREZE\n\np 0\n&~\n\n3 psznase\n\nSie * ChequeNd\n\n/ g\\\nI\n\n\'a\n&\n\nCENTAVOS ) ######\n\n)\n\n###########################################################\n\'\n###################################.#### HHHFEHRERPHEBL\nBB B34\n\n~,i\n\nVe\n\nINSTITUTO\n\n:\n\nNACIONAL\n\nDO SEGURO\n\n+ ANGRA DOS REIS\n& 00.000.000/0460-00\n25-RUA\n\n: CENTRO\n\nDO\n\nCOMERCIO\n\n\'\n\no\n\n\n\n2012\n\ni,\n\nR\n-\n\n239\n\nDESDE\n\n09/2001 \'\n\n+\n\nFERNANDO ARGOLO PIMENTA\n\n\n\n_\n\nSegretrio Municipal de Fazdnda\n\nPMAR\n\niSESSTe\n\nN.186-CENTRO A.DOS REIS\n,\n\nRald\n\nTENGAO: E vedada a uliizago de GPS para recolhimento de receita s valor\nnferior\nao estipulado em Resolugao publicada pelo INSS. A receita\n.\n.\nque resultar valor\ninferior devera ser adicionada & contribuic&o ou importancia correspondente\nnos\nImeses subsegiientes, at que o total seja iqual ou superior a0 valor\nminimo fixado.\n\n\n\nT\n\n<=\nD\n\nNy S~\n2o\n93\n=\n\n| <o 3\n=3\n\n<\n\n25\n\nSw\nTS\n\nn\n\nPAGAMENTO DA NOTA FISCAL E.0094\n\n\"! Q.\n\nH\n\n2z\nS%\n\n&2\n\n[~\n\n5\nO\n\nb\n\nS\n32\n\nt\n\n(2,2\n\n- VENCIMENTO\n\nUso exclusivo INSS)\n\ni E%\n\no~\n\nI\n\n-\n\n4\n\nLo PR3\nB2\n\nNy\nACLIVE CONSTRUCOES LTDA-SITUADA NA PRAGA NILO =&- 82\nPECANHA N.16-SALA-02-CENTRO ANGRA GOS REIS- |8 3&\nCEP.23900-000-CONTRATANTE PREFEITURAMUNICIPAl\n& =%\nDE ANGRA DOS REIS-SITUADA\n\nNA PRACA NILO\n\nLT\n\nI s SO\nB\nSN\n13\nIS8\nH\n\n|\n\n1 - NOME OU RAZAQ SOCIAL/FONE/ENDERECO\n\nMatr 17598\n\ne\n\n=R\n\nGUIA DA PREVIDENCIA SOCIAL\n\nAntonielaBarbosa\n2\nLope\n\ni\n\n:y\n\nS\n\nCoord. de Recursos Financeiros\n\nMINISTERIO DA PREVIDENCIA E ASSISTENCIA SOCIAL - MPAS| 53\no\nINSTITUTO NACIONAL DO SEGURO SOCIAL - ISS\n9\n\n.\n\n5\'\n\nocudsuaortem\n\n\'\n\nPECANHA\n\n)\n\nSOCIAL\n\n7 5 BANCODOBRASIL\n;\n\nE\n{z\nP\"occ;a(\')\' MIZ\n\ng ol ol\n\nConta\n\n.\n\n/\n\ni\n\n|\n\nb\n\ni\n\n182\n\ni)\n\nN\n\n|\n\nYOEL\n\n|\n\nI\n\n1]\n\n1o\n\no\n\n2\n\n\no=x\n\n@\no=\n\n2\n\nWe\n\nL\n\no\n\nW\n\n2640\n04/2012\n\n=\n\nY\n\n|\n\n-\n\nPo.\n\n0042672810015\n127,13\n\ni 24 f\n\ni\n\n5\n\nIl\n\n1\n\n88\n\nS\n\no\n\n_Sd\n2CE\n\n1ExE\n\nISoT\n1388<2_158\n\n1S\nTSRS 58\n\nnao\n\ngk e\ni: 3\n\n=\n\n(==\n\niSE3\n\ng\n5IEFE\n\n& 2 3\n\nE u%J % \nS3=\n\n2- AUTENTICAGAO BANCARIA\n\nB\n\n=\n\n,;:! 2\nManl\nE\n\n\n&\n\nj\n\n_\'|\n\nN\n\n127; 13\n\nM\nIl\n\n&\n\nw0\n\nNFS-e - Nota Fis;/cal de Servigo Eletronica - Prefeitura de Angra dos Reis\n\n|\n\nM\n\n4?24\n\nPREFEITURA DE ANGRADOS REIS =\n\n1\n\nPage 1 of 1\n\n| (0000095\n\nSECRETARIA MUNICIPAL DE FAZENDA\n\nData e Hora de Emisso\n\nNOTA FISCAL DE SERVICOS ELETRONICA -NFS-e\n\n[cant 2012 19:98:34\n\n\\\n\ni,\n\n~\n\n20120402009426728000154]\n\nHQYG-XQNQ\n\nPRESTADOR DE SERVICOS\nCPF/CNPJ:\n\n09.426.728/0001-54\n\nNome/Razo Social:\nEnderego:\n\nInscrigao Municipal: 0024591\n\nACLIVE CONSTRUGOES\n\nRUA C 164, BLOCQ-01\n\nInscrigo Estadual:\n\nLTDA\n\nP\n\n-APTO-306 - PRAIA DO JARDIM - CEF: 23900-000\n\nTOMADOR\nNome/Razo Social:\n\n800\"\n\nR,\n\n]\n\n@)\n\n22014\n\nFolha:\n\nDE SERVICOS\n\nyA\n\nPREFEITURA MUNICIPAL DE ANGRA DOS REIS\n\ng_,@\n\nCPF/CNPJ:29.172.467/0001-09\nEnderego:\n\nA-\n\n*\n\nProc. n2\n\nUF: RJ\n\nMunicipio: Angra dos Reis\n\n78490349\nM.\n\no\n\nInscrigo Municipal: 0000001\n\nPRC NILO PECANHA 186 - CENTRO - CEP: 23900-000\n\nMunicipio: Angra dos Reis\n\nCUFIRJ\n\nE-mail e\n\nDISCRIMINACAO DOS SERVICOS\nREFORMA\n\nDA E.M.\n\nPROVETA\n\nILHA\n\nPEDRO\n\nSOARES\n\nGRANDE\n\nMM.: 282/2010\n05.: 130/2010\n1 MEDIGAO DE RERJUSTE (FINAL)\nPERIODO= 07/10/2011 A 05/02/2012\nRETENGAO\n\nINSS\n\nSOBRE\n\nMAO\n\nDE OBRA\n\n= RS\n\n173,48\n\nNE: 4287 |12\no e\n7{@;41;}90 \"2645\" | LANGADO NO SIG FIS\n4 o4 49\n\nVALOR TOTAL DA NOTA = R$ 173.484,29\nCadigo do Servigo\n2609134 - CONSTRUCAOQ\n\nCIVIL\n\nValor Total das Deduces (R$)\n\n69.393,71\n\nBase de Clculo (R$)\n\nAliguota (%)\n\n104.090,58(\n\n.\n\nValor do 1SS (R$)\n\n5,00%\n\nCrdito p/ Abatimento do IPTU\n\n6.204,52\n\n0,00\n\nOUTRAS INFORMAGOES\n\nS\n\n- Esta NFS- foi emitida com respaldo na Lai n 1.445/2003  no Decretz r 7.359/2010\n- O ISS desta NFS- serd RETIDO pelo Tomador de Senvigo que deverd recolher atravs da Guia de NFS-e\n- (*) Documento emitido por ME ou EPP ogtante pelo SIMPLES NACIOMaL.\n\n- Esta NFS-e no gera crdito.\n\n\'\n_\n:\n\n-bao\ndO{T)\n(52N A VPP\n prestados oo\nnforme Uiscrin\nHnRco acima\n-\n\nCan\n\nAr e\n\ndos RSES\n,_ @/\\\nQ\n\n/\n\n=\n\ng YVQ\n\n72\n\nhttps://www.spe.angra.ri.eov.br/nfse/contribuinte/natanring asnx M nf=05& inserican=245918 rn\n\nn2/04/7017\n\nj\n\nPy\n\n|\n\n=\n\n= P, M. AR,\n\nProc. n2\n\n\n\n\"\n\nFoher___\n\n8044\n\n1o\n\n2399\n[\n\n!\n\nData:05/04/2012\n\nComunicaccdo\nDe:\n\nN021/2012\n\nInterna\n\nSOH.SIU\n\nPara:\n\nSOH.CCI\n\nAssunto\n\n. Estorno de R$\n\n5.411,07 do Contrato 089/2010  Processo 8091/2010\n\n[ Para Conhecimento\n\nD\n\n\'Para Comentario\n\nOJ Conforme Solicitago\n\nFavor Devolver\n\nO Para Aprovagio\n\nSolicito\n\no estorno\n\n:\n\nde R$\n\n5.411,07\n\nPara Providncias\n\n(cinco\n\nmil,\n\nquatrocentos\n\ne onze\n\nreais\n\ne sete\n\ncentavos), devido a redugdo de itens nfo necessarios para conclusdo da obra. Conforme\nplanilha de supressdo e/ou acrscimo encaminhada pelo memorando 030/2012/SOH. Obra\nde Reforma da Escola Municipal Pedro Soares  Proveta.\n\nAtenciosamente,\n\nP M. AR,\n\' Broc,ne _80A14|10\n\n,\n\n|\n\nFolha\n\n\'\nPREFEITURA MUNICIPAL DE ANGRA DOS REIS\n\ndo Dia : 14/03/2012\n\ns\n\nReferente ao Empenho N 1289/12\n\n|CREDOR :\n\nDpata:\nValor:\n\ni\n\n00113/ 2012\n\nN.\n\n(==\n\n11/04/2012\n5.411,07\n\n=1 -\n\nDE ESTORNO\n\ne\n\nNOTA\n\n!.\n\nb\n\nT8\n\n350\n\n26271 - ACLIVE CONSTRUGCOES LTDA\n\nCLASSIFICAGAO : ESTIMATIVO\nNumero da Conta........ : 0842\n\nORGAMENTARIO\n20.07.339039.12.361.0166.2\n.339.05.00\n\nRECURSO :\nDOTAGAO :\n\n20 - PODER EXECUTIVO\n\nESPECIFICAGAO DA DESPESA:\n\n007 - SECRETARIA MUNICIPAL DE OBRAS, HABITAGAO E SERVIGO\n339039 - OUTROS SERVIGOS DE TERCEIROS - PESSOA JURIDICA\n12361 166 2339 -\n\nVALORORGADO:\nSALDO ANTERIOR DAVERBA :\n\nEDUCAGAO\nENSINO FUNDAMENTAL\nIMPLANTAGAO E AMPLIAGAO DE NOVAS UNIDADES EDUCAC\nMANUTENGAO E CONSERVAGAO DE UNIDADES ESCOLARES\n\n800.000.00\n06\n\nVALOR DO ESTORNO :\n\n|\n\nSALDO ATUAL DAVERBA:\n\n5.411}07\n541171\n\nHISTORICO DO ESTORNO:\n\nESTORNO EFETUADO DEVIDO A JUSTIFICATIVA DADA PELO FISCAL THIAGO M. SCATULINO DE\nSOUZA ATRAVES DA C.I. N021/2012.\n\nPROCESSO\n\nLICITATORIO:\n\nCONTRATO :\nMODALY LAD :\n\nCONCORRENGIA PARA OBRAS E SERVIGOS DE ENGENHARIA\nLS\n\nEMITE!Y@A AND18634\n\n\\\n\nGIAP\n\nW A\n\nA\n\nWA\n\nl}#SWN%AVEL AND18634\n\nAN\n\n[0F72212 -11/04/2012 - 14:59:27\n\n008 / 2010\n\nORDENADOR DA DESPESA -\n\nIt\n\n-\n\nAT TRIRREE ST\n&\',\n\n.\n\nv\n\n.\n\n.\n\n.\n\nn\n\n.\n\nN\n\no\n\nREAJUSTE\n;\n\n{LOCAL: PROVETA\n\nA\n\n:\n\n~\n\nN\n\nP\n\nCod\n\nL4\n\n- MEDICAO\n\nUNICA\nIMM.: 282/2010\n\n.\n\n.\n\nPerfodo:\n07/10/2011 A) 05/02/2012A\n;\n\n)\n\n]\nDISCRIMINACAO\n\n.\n\nP\nToial\n\ny\n\n___L____\n\ne,\n\n\'\n\nP\n\n supovtes de madeira Fomecamento  calocagnn\n\n-\n\n\"\n\nM_\n\nAl\n\nIe) Oq\n\n4\n\nL&\n\nFroc. n=\n\n,\n\'\n\nr\n\nR\n\n-\n\n Lo\n\nA2E\n\nL} O\"\'u?\n\nVAR iR\n\nCalpiio sberto ara ofizings  depstios de cantewro de.obras,\n\ni\n\nestruturado em maderra de Jel, cobertura de refhas de cimente-\n\n)\n\ni\n\namganta onduladas, de Smm de espessura, piso ementade  pre-\n\n.\n\nparn o Lerrenio\n\n|\n\n20,000\n\nacvoziie\n\n.\n\nm2 | . 72,001\n\n3.539,00[\n\n:\n\n1\n\n.\n\ny\n\n.\nB\n\nB\n\nde alt v e ate 0,80m de largura\n\nLd\n\n)\n\n-\n\nN\n\n)\n\nI\nH\n\n\\\n\nbam avamento de aput 1405 sanitaros\nIR\n\n.\n\n)I\':e\';(.nl 1384\n\n.\n\nIRengdo de Forro on Jambr de frisos de madeira ou piacas\n\n\\\n\nA uplomes Ade prengado ou semelliantes, exclusive o snpradewrerie\n\n)\n\nEMLPGE o0t 7\n\n\n\n<y\n\n\'\n\n\n\n.\n\n*\n\nfAmacamento de 1Ortes, panelas  emsithios de ar condi-\n\nLMD\n\nN\n\n-\n\nit ado cu aittroy\n\n.\n\n)\n\n.-\n\n14 ,OO\n\nun\n\n.\n\n1 5,00\n\n21 0,,00\n\n1.\n\n3.970,00\n\n-4, 77(),00\n\n1,52,(13\n\nOT 068 .\"3-1-.\'\n\n3\n2.0\n\n.\n\n|aurancamendo de bancada de pia ou banca seca de er\n\nBMUP (5,008 Y )\n\\\n\n2.3\n\n]\n\nientro Jo cauteso s servico\n\\-\n\n2.4\n\n)\n\n)\n\nA S i (R13-0\n\n2.3\n\n1.714,63\n\n{uemohigio mamel de alvenara de tijolos furados, inclusive\nempillim. i\n\n2 2\n\n-\n\n\'\n\n.\n\nDemolighes  retirudas\n\nil\n\n4.214,00.\n\ni\n2\n\n@/\ne\n\n1.440,00f\n\n-\n\n!\n2\n\nS\n\n~\n\nERLOF 02000 06410\n1.2\n\n[~\n10S.1130/2010W\n\nFAMILIA EMOP\nREALOUT2011\n\n\'\n\n{Placa de identificugio de obra Padido PMAR, inclusive\n(et\n\no\n\n\n\n,\nP.Unit. .|Preco Total\n\nN\n\n$Servigos Proliminares\n\n1\n[.1\n\nN\n| UN |\n\n,QTD\n\n.\n\nA\n\n.\n\nj\n1TEM\n\n13/2/2012\n\n.\n\nPEDRO SOARES\n\nESCOLA MUNICIPAL\n\nREFORMADA\n\n~\n\n|~\n\nDEMONSTRATIVO\n\n:\n\nOB8RA:\n\nDATA:\n\n*\n\n\"\n\n=\n\n|\n\nRemngio e Jivisores Jdu mcing, px\';n:nldudzm. Pronsa.\ns\n\noui 4&\':2\'..))&1!5\"\n\n\\\n\nLMD I800) 076-0\n\n:\n\n\n\n\'\n\n)\n2.7\n\n\\\n\nIretieadn de aparethos esportivos, trave  basquet2 1 de cuda\n\nRef AP S T08,023-0\n2.8\n\n\n\n<\n\n[N\n\n\'\n\nAmaneaente de aperetbos de itumigio, inclusive lampesliz\n\n.\n\nEROP 03 G0 140t\n\ni\n:1\n\n1\n\n2.9\n\n{Arancemaio de grades, wadis. alambiados, cercas  portdes\nFALOT G5 00\n\n147\n\n:\n\n-\n\n.\n\n.\n\n.\n\n2.14)\n\n[Remeeiio de cobiorg s telnas aneesis, mchsive macer\n\n\n\nraanere, mediie 0 cotjunto pola uvza seal He cobientura\n\no\n21 5,99\n\n.\n2\n\n19.4(,(1\n\n4, 10381\n\n-\n\n.\n\ne\n\n3.\'970,00\n\n4,776,600\n\nMO 03 ) 30\n\n4..935,)8\n\nT\nI\n\n/\n\n\n211\n\nfoemoligio de revestimento em azuleros, cerdimicas o -\n\nP\n\n]\n\n[l\n\n;\'\n\n3\n\n]\n\nN\n\n-,\n\nThiago M.\nGerente de\n\nACLIVE CO\n\nATOR\n\nCNPJ 09426 728/0001-54\nCassidno Soares Jorddo\nCREA/RJ 2007 108747\n\n-\n\n)\n\n.\n\nAmore um parede.exclusive a camada de assentumento\n\nTO\n\nEMOP 05 001 009-0\n\n>\n\n(8\n\nl\n\n.\n\nProc. n\n\nDeynalicio de rvestinento em argamassa de eal  areia\non Glinentox saibro\n\nrolha:\n\n1Mt P OS 001 007-0\n\n2.13\n\nRetirada de quadio de aula (4.2x1,6)\n\nRef. EMOP 14.006.370-0\n\nDemoligho de piso de ladrilho com respectiva camada de\n\npemassa de assenlamento, inclusiva afastamento late tal dentro do cantewro de servigos,\nBAMOP 05,001 .015-0\n\nAtrancamento de tomadus  iuferruptores\n\n2.16\n\nb o\n\nSINAPE 22420402\nRetwada de bate carteira em madeirn 20em\nRel [IMOP 05 101.078-0\n\n2.17\n\n\"\n\n-\n\ne\n\nRetrada de hebedouro eRtrico de pressio, om ago inox para\n\nreaproveitamento\nRef EMOP\n\n\'\n\n\'\n\n15.004.255-0\n\nRetivadn cindadosa de ranque de ago nex\n\nSBr22TAY\n\nDemoligs. de 1anipue de favagem de panela medido (0,70x0,60)m\n\nCOMP PMAR\n\n)\n\nDemoliglo munal de conereto ermado compreendendo pila\nLen, Vi & Tajes, em estruturs apresentando posiclio espe-\n\nvial, inclusive empithamento lateral dentro do canteiro.\n* s\n\nEMOP 05,001 6021\n\nDemolisiio nogual de piso cimentado, exclusive a base\ne coneieto, inclusive empillamento tateral dentro do\ncanteno d@sevigo\n\n1.193,11\n\nm2\n\n576,33\n\n. m3\n\n18,00\n\n21.475,58\n\n3.970,00\n\n4.776,90\n\n 25.836,00\n\n4.023,00\n\n4.856,00\n\n15.882,79\n\n3.551,00\n\n1.623,88\n\nEULP 05 001 .016-0\nRetirada de guardn-corpo e lerio\n\nSINAPT 22426/00)\n\ns\n\nMovimento deterea\nscavagio manuz! de vala/cava em material de 1* catego- |\nviarei; argila ou pn;.nn a) entre 1,50m  3,00m de profun\ndidade\n\nexclusive escoramento  esgotamente,\n\ns\n(3\n\nTAOP 03 Q01 .062-1\n\n13.188,25\n\nP\n\n.\n\nbscatamento sitnples, sendo aberto, de vala de pouca profindidads. inclusive fomecimento dos maleriais {pegax de pintro\nde 311\nLM\n\n119,47\n\n2PN 9\" e 3 50\"\n\n1.433,04\n\nm2\n\n3.135,00\n\n05.015.002-0\n\n\nReateiro-de vila/cava compictada A mago. 4m canwdus Je\n\n10,00\n\n2.105,30\n\n4.047,00  4.886,00\n\n- ..60,00\n\n4.531,20\n\n2.488,00\n\nHEMUP 03,013 001-1\n\n3.4\n\nPO de pedra, juclusive ansporte\nSINAPT 192701106\n\nInfra estruturs\n\n2.53),76\n-+\n\n30cra de eapessira maxin.\n\n.\n\n)\n\n.\n\nCREA/RJ 2007 108747\n\n3.808,00\n\n6.935,21\n\n4.1\n\nFormas de madeira para moldagem de pegas de concreto\namado cotn tabuas de pinho de 3*, 3 reaproveitamentos\n\nG\nForficeniento, montagem  desmoldagem\n\n663,20\n\n.m2\n\n25,00\n\n16.580,00\n\n3.325,00\n\n12,00\n\n.7.958,40(\n\n3.135,00\n\n19.586,84\n\nEMOP 11 604 020-1 .\n/\n\nEscoramento simples, sendo aberto, e vala de pouca profun\n\n.\n\n.\n\n.\n\n.\n\ndidade, inclusive I\'omcclmo dos materiais (pecas de pinho\nde 3. 1.1/27x9\" 83\" x 6\")\n\ng\n\no\n\n35510\nv\n\nEMOP 05.011.002-0\n\n.\n\n4 1Ak\n1AATIN B\nTIAT]\n\n{OLLIk)\n\ns\n\n=\n\np roc, n\nButra de ago CA-5013, com sahncin ou mossa, cocflicien\n\nFolha:\n\nte de confurmagio superficial minimo(adernceia) igual a\n1,5, diametro e S a 12.5inm, destinada & ammadura de con--\n\n*\n\n1\n\nereto armado, cpmpreendendo fornecimento, 10% de perdas\n\n3.316,00\n\nde ponlus  arame 18\nEMOP 11.009.014-1\n\n7353\n\n5,00\n\n16.580,00\n\n2.146,00\n\n4.497,00\n\nLw\n17.983,66\n\ni\n7\n\n44\n\n.\n\nCorte.dobiagem, montagem  colocaglo e ferragens nas forurag. ago CA-50A vu CA-50B. em burras redondas, coi O\n\n3.316,00\n\nde 8 a125um\n\n9.948,00\n\nkg\n\n3.597,00\n\n4.292,00\n\ny - 11.870,12\n\nEMOP 11011 030-]\nConereto simples, dosado ractonalntente para uma resistncia caracleristica & compiessio de 1 0MPa.inclusive.maten-\n\nv\n\nL]\n\ns, transposte equivalente a 20000m nz horzontal  10,00m\nna vertical, produgio, langamento e adensamento na quanti-\n\ndeyle 2.00m3h\nEMOP\n\n4.0\n\n\n\n.-\n\n23,05\n\nm3 |\n\n 7283\n\nm3\n\n226,00\n\nm2\n\n8:067,50\n\n2.335,00\n\n* 2.748,00\n\nb\n\n9.494,43\n\n350,00\n\n2.740,50\n\n2.335,00\n\n2.748,00\n\n3.225.22\n\n730.00\n\n6.780,00\n\n3.325,00\n\n- 3.928,00\n\n8.009,58\n\n11 003.001-1\n\nConcicto snnples, dosado racionalmente para uma resistncia caracteristica i compressiio de 25MDPa, inclusive\nmateriass, transporte equivalenie a 20,00m na horizontal\n 10,14m na vertical, produgiio, langamento  udnsamen10 na quantidade de 2,00m3/h\nFMOP 11 003 005-1\n\nSuper estrututa\n\nT\nFormas de nusdeirn para moldagem de pegas de conereto armado com parumentos planos, em lajes, vigas. paredes, ele,\nS\n\nI\n\ninclusive tomecimnto dos maleriais  desinoldagem, servindo 1 madeiia 2 veres, tabuas de pinho de 3*,ou madeira\ncquwalente, com 2.5m de espessura, servindo tambm para\n\n_|travessas, (xclusive escoramento\n\nEMOP 11 004 0211\n\nr\n\n-\n\nBana de ago CA-50B, com salincia ou mossa, coeficien\nte de conformagdo superficial minino(aderncia) igual\n\n1,3, didmetro de 8 a 12,5mm, destinada & armadura de conerete armado, compreendendo formecimenta. 10% de perdas\np\n\n5.00\n\nde pontas o arame 18\n\n5.766,00].\n\n4.146,00\n\nEMOP 11.009.014-1\n(o7}\n2o\n\n4.497,00\n\n6.254,13\n\n\n\nCorte.dobiagesn, montagem  colocaghio  ferregens nas formas, ago CA-50A on CA-5013, em barras redonda, com O\n\n3.459,60\n\nde  al2,5mu\n\n3.597,00\n\n- 4.292,00\n\n4.128,05\n\nEMOP 11.001.030-1\nConerato simplzs, doshdo racionalmente para tima restncin camcleristica = conmpressdo de 25MPu, inclusive\nmatersais. tansporte equivalente a 20,00m na honzontal\n 10,00m na vertical, produgdo, langamento  sdensamento na quanfidade de 2,00m3/Mh\n\n2.335,00\n\n350,00\n\nm3\n\n274801 .\n\nEMOP 11,003 005-3\n\nSour\nr\n\ni\n\nW]\n\n{assiano\n\nS0\n\nCREAJRJ 2007 10874\n\na.65454\n\n.\n\n.\n\n\'\n\n_fYedusto\n\n{rarede Jivisora para sanitrios em placa de Yanito cinza endorinhe\n\n\'\n\n-\n\n\n\n.\n\nR\n\n\'\n\nto\nitens 100\" 085  14,007,200 Forecimen\n colocagdo\n\nPINI106108.3.1\n0.2\n\n)\n\nR\n\nR\n\n.\n\n4%40] m2 | 400,00] 19.360,00]\niE\n\n| Alvenaria de vedagio com tyolo cerfirnico furado 9x19x19\n\ni\n\n\n\n2.688,00]\n\n\'\n\n.\n\n\'\n\n,\n\n\n.\n\n.\n\n11,00]\n\n:\n\nm2\n\n46,00\n\n|Alvenaria de blocos de concreto 20x20x40cm, assentes com\n\n- 3.518,00]\n\n\'\n\n)\n,\n\n.\n\n,\n\n7\n\nm2\n\n50,00\n\n)\n\n.\n\n)\n\n.\n\nR;u;\\driax\n\n.\n\n.\n\n3.507,00\n\n3.909,00\n\n3.320,00\n\n814,00\n\n)\ne\n)\n\n|\n\nN\n\nY\n,\n\n-\n\n.\nun\n\n400,00\n\n.\n\n]\n\n\'\n\n-\n\n.\n-\n\nFornecimento  colacagho\n\n]\n\n,\n\n[Porta externa de madsira, almofadada de 0,60x2,10cm com marco\n\nde Tx3.5cm. exclusive ferragens.\n\n)\n\nA\n\n-\n\n.\n\n457,58\n\n3.71 1,00\n\n3.244,00\n\n400,00\n\n400,00\n\nun\n\nN\n\n\n\nEMOP 14006,043-0\n7.4\n\n1 ,00\n\nN\n\nJ\n\n.\n\n.\n)\n\n\'\n\n-\n\ni\n\n[Porta extoma de madeirn, almofidada, de 0,70x2,10m com mirco\nde 753,5cm, exclusive ferragens\nFormeeunento  colocagio\n\n.\n\n]\n\n_\n\n\'\n\nRef, EMOP 14 0060100\n7.3\n\nb\n\n!\n\nvidro com postigo com aduela  alizares, de cedro ou canela,\nexclusive terragens.\n\n3.203.08\n\n3.71 1100\n\n3.244,00\n\n2.800;00\n\n\'\n\nalmofadada, dimensdio 1,00X2,10m caixilho pua\n\n0\n\n\n\n\'\n\n7,00\n\nIRef EMOP 14.006 0100\n{rorta de madena\n\n958,4]\n\n.\n\n:\n\n.\n\n.\n\n21.906,64\n\n\'\n\n{Porta de madeisa almofadads. dimensto 1,80x2,10s0.03m &\n\nFumc\"cimu.mo  colocugdo\n\n\\\n\nSR\n\n-\n\ncanela. exclusive ferragens.\n\n7.2\n\n2.823,0)\n\n.\n\nB 00,00\n\nm2\n\n8,14\n\n:\n\n)\n\ncaizillio para vidro com postige com aduela  ahizares, de cedro ou\n\n\"\n\n17.634,00\n\nA\n\n|Paedude blocos vazados(cobogo), emplacas de concreto |\nS0aS0xSem, furos quadrados, assentes como 12.006.010\n\n7.1\n\n*\n\ni\n352,6R\n\nHMOP 12.005.080-0\n\ni\n\n\'\n\n.\n\nra  medsda pela iwea real,\n\nEMOP 12,008 0150\n\n549.44\nN\n\n0,20m d:: espcssum: de superficte corrida, at 3,00m de altu\n\n6.4\n\n4.393,00\n\n-\n\n.\n\nargnassa de cimenlo  aren, no trago 1:5, em paredes de\n\\\n\n440,00\n\n\n\n.\n*\n\n0.3\n\n\'22.43542]\n\n3.115,000 \n\nL,\n\n.\n\n.\n\ns\n\nT\n\nI\n\nmussa mista de cimento, cul hidralada  arcia .\n\ntago 128 - tipo 1.\n\n)\n\n4 \"?!\n\n{\n\ncm; cspessiea da parcda e, jnhlas de 1 2mm com arga .\n\nPINI042]1.8.2.3\n\n)\n\n:\n\n)\n\no\n\n.\n\n- | Folhas ...\n\nA\n\n[0/\n\n8017\n\nProc. n L\n\'\n\'\n\naponula no piso  na parede, exclusive fomecimento das fer-\n\nA\n\n\'Fjn-.&\n\nnaciotial com 3cm de espessura, polido nas duas faces,\n\nragens de fixagho clo marmbre, portas  suas ferragens {vide\n\n.\n\nJ\n\n-\n\n.\n\n[\n\n\'\n\n.\n\n.\n\n.\n\nR\n\ni\n\n.\n\n6\n\nL\n\nR\n\n,.\n\n0.1\n\n.\n\n-\n\nt\n\n-\n\nFomecimento  colocagio\n\n7__5\n\nPorta de ceidro alimofadada. de 120x210x3,50m, 2 folhas, exclusive\n\n\"\n\n\'\n\n:\n\n.\n\nF)\n\n|\n\n\n\nS,\n\naduela  alizar, fechadura. l\"omecunnlo  golocagiio.\n\nRef, EMOL 14.006 010-0\n7.6\n\n\n\n-\n\nTMOP 14,006 0130\n\nN\n\nhe\n\n[Parta de cedro shnotadada, de 160x210x3,5em; 2 folhas, exclusive\naduela e alizar, fechaduya. Fomecimento e colotacin.\n\nRefl FMOP 14,006 010-0\n7.7\n\n\'\n\n{Portio de ferro 1,50x2,1(em 2 fothas  rta parte superior 2ma\n\n*\n\n.\n\n.\n\n\'\n\n.\n\n. 27,72\n\n:\n\n750,()0\n\n23955,30\n\n4223,00\n\nK 3.665,00\n\n-\n\n\n\n\"Rt SCOFGY - ES 05 15,0200\n7.8\n\nn2\n\n20.7 90,()0\n\n)\n\n.\n\ni\n\n\'\n\n578\" yintack cotn | demfo de 2arcad vende, inclusive fecl adura\ncadeado, Fomecimento e hlslr;lncu\n\n.\n\n.\n\nJarade de 1,50x0.60m, confeccionado em barm chapn ou parfil de\n\nE\n.\n\nPorta de alumimo para banheiro completa, inclusive instalagic\n.\n\nN\n\nfartlica ge <\nisbietd Ediricagin.\n\nVa) 20843\n\n-\n\n/\n\n-\n\n\n\nOx200em\n\nForndeimento  instalagao.\n\n16,20\n\nm2\n\n600,00\n\n9.720,00\n\n2.915,00\n\n3.510,00]\n\n11.704,01\n\n24110\n\nm2\n\n270,00\n\n65.097,00\n\n3.665,00\n\n4.223,00\n\n75.008,08\n\n3.915.00\n\n3.510,00\n\n2.658,69\n\nSIMAPL 4914\n\n7\n\n(frade de fervo para protegio de fanela ou aparethos de ar\nconchicionado, formada de barras quadradasde 3/8\", chumDadas na alienaria Fornecunento  colacagio.\n\nTenor 119021360\n\n-\n\n-\n\nPortiio de aluminio 120x220cm duas folhas de 60cin, Inclus;ive\n\n.\n\nferiageim. Fornecimentd e instalagio\n\n3,68\n\nm2\n\n600,00\n\n2.208,00\n\net\n\nSINADL 4914\n\n. A. R,\n\n3\n\nP\n] Conjuntp de ferragens para junela de madvira, de correr, em\n2 fulhas, constando Je fornecimento sem colocagdo (esta\n\n\'\n\nPrcn\n\ngf\n\n| B ot}\n| R4\n\nLA\n\n.\n\nmcluicda no fornecinento e culocagdio das esquadrias) de.\n\n1355\n\nFchtef\n\n- 4 rodizios de latho com rolamentos (6mm), para irithos; )\n- 3,060m (e tnfho de aluminio tamanho 3,00mx1/4%x1/4\";\nv\n\n- 2 conchas simples em latio, forma retangular, sem furo\n\n16,00\n\n parte central em baxo 1eleve, acabamento cromado;,\n\nEMOP 14.007.145-0\n7.2\n\n.\n\nun\n\n210,00\n\n3.360,00\n\n.\n\n3.749,00\n\n3.991,00]\n\n3.576,89\n\n\n\nL\n\nComungo de forragens para portas de madeira, de 1 folha,\ne,\n\nsoeials ou de sevigo, constando de formegunei-\n\n1o sem colocagdo (esta inclnida no Fornecimento e coloci-\n\nao dag esuadrias), de:\n- Fechudwia tipo gorge, trinco reversivel, em Jatio, acabunento cromado\n- Entrada  roseta circulares, em latdo lamingdo, acatramenta cromado\n- Maganete tipo alavanca, em lat3o, acabamento cromado\n\n\'\n\n.\n\n- 3 dobradigas Je leiro galvanizado de 3% 2.1/2, corit\n\n\'\n\n7,00\n\n pino  holas de ferro.\nEMOP\n\nW\n\n80,00\n\n560,00\n\n1.600,00\n\n19.200,00\n\n830,00\n\n1.326,00\n\n3.749,00{ - 3.991,00\n\n596,15\n\n. 3.244,09\n\n3.711,00\n\n- 21.964,00\n\n3.244,00\n\n3.711,00\n\n\n1.516,89\n\n14.007 0400\n\nConjunto de ferragens para portas de madeira, mtermas, 2\nfoflias de abrir constando de fomecimento sem colocagio\nesta incluida no f8mecimento c calocaghio das esquadrias de.\n\nFeclulura 1ipo ponge, trwco reversivel, em latdo, acaba ~\nmenlo comado,\n- Fntrada  voseta, circulares, em latdo luninado, acaba\nmento eromady,\n- Magangia tipo alavanca, em fatdo acabamento cromado;\n- 6 6 dobra ligas de ferro galvanizado de 3\"x2.) /i\", com\n\n-\n\n-\n\npno de ferco  bolas de latdo;\n\n/7\n\n- 2 fechos de embutir, A0em, emylatdo pohdo.\n\n7.14\n\nEMOP\n\n11.0072.050-0\n\nJunela de correr de 4 folhas, de 200 x 120cw, de cedro, inclusiv e guamigio, exclusive feiragens. Fornecimento e colocagio\n\n12,00\n\nwr\n\nHEAOP 14 006.295-0\n\n3\n\nVauela basculapte em madeira, medindo (0,80 x 1,45m, con. 3\nfothas, cotn acahfmento pars pintura. Exelusive pintura, v dro \n\n1,56\n\nRrragem Fomecimento  mstalaceo.\nSCOFGY < BS 10,20,0050\n\n7.16\n\n-\n\nY\n\nPortao Jde chapa de ferro galvanizado, com efpessura de 0.5mi,\n gllura enire 2m & 3m  wea total de 6m2 a 92, excl\n\nfrchadura\n\n2,\n\nJSCCRFGY - T8 05 15 0050\n\nVidro\n\nThiaga ;..\nGerents de F\n\nmz\n\n650,00\n\n1.365,00\n\n3.665,00\n\n4.223,00\n\nT\n\n1.572.82\n\n.\n\n-\n\n8.\n\nN\n\nVidro temprerado,mcolorde Gmm de esp.,caixithe em madetra,\n\n10,00\n\nalirminio ou lerr,excl fervagens forn.e colace\n\ni\\OP\n\n8.2\n\nm2\n\n\n\n200,00\n\n2.000,007\n\n2.801,00]\n\n3.334,00\n\n80,00\n\n8.486;40{\n\n2.801,00\n\n3.334,004-\n\n10.101.27\n\n75,001\n\n18.080,25}\n\n.3:974,00\n\n4,928,001,\n\n22.420,60\n\n2.380,58\n\n1 004 1210\nA\n\n106,08\n\n\\ idrg liso, incolor, com cspessurn de 6mm Fomto  Instalacao,\n\n2\n\nSCOAGY - S 45.05 0309\n\n- |Coabectura\nCabertura em telhas coloniats, exclusive cumeeira  maderamen10, medidn pela area real de cobertura\n\n241,07\n\nFomecimento e colocaglio\n\nm2\n\nFAD)P 16 002.010-0\n\n9.2\n\na\n-\n\nMadetratnento para cobertura em duas fguas em telhas cyramicaz. constitwdo de cumeewn e tergas de 3% 4,1/2\", casbwoy\nde 31\n\n1727, nipas de 1,5 x Jem, tudo em magaranduba serrs\n\nda. sem tesourg ou pontalete, medido pela area real do wadeun\n\n241,07\n\nmento, Fomecunento  coloeagio\nEMOP 16,001 0500\n\nR\n\nm2\n\n57,00\n\n]\n\n1.5644007\n\n13.740,99\n\nWx:\n\n.\n\n:\n\nROPTH J\"_@_____\n\nHroc. n\n\n1355\n\nChmeeirs para Sobertura em tethas fiancesas ou coloniais\n\n1\n\nFomecimento  colocagao\nEMP\n\nA IR 005,50\n\n| 4\n\n\n\nHolhat\n\n16 902.015-0\n\n45,00\n\n203,30\n\nRufo de aluminio de 0,8x500mm. Fomecimento  colocagio\n\n3.297.00]\n\n7 10.411,67\n\n331800\n\n6.665,33\n\nEMOP 16,008 0110\nCordiio para wnreinate de telhado, executado com arpamassa\n\n-\n\ndv amento, areia  saibio, na tmgo 1.22\n\nJAIOP 16 0413.004-0\n9.6\n\nCulha e chupit de ago g;alvanmx-do n5\"26 com 23m dz de seivolvimento\n\nFomecumento e colocagio.\n\nEMOP 16 00%.001-0\n\n10\n10.1\n\n!\n\nForro\n\nForro de PVC em paineis lineares encaxados enise si  lixadox\nemesintura de madera, dimensbes 100x6000mun\nPINI 95008 6 1\n3\n\n11\n111\n\nRes estimento\n\nChaptsca e parede com argamissa de cimento  aicia\no nago 1.9, espessura\n\n9 mni - Fornecimento  execugaa\n\nEMOP 13.001.010-]\n\n.\n\n)\nK\n\nEmbcto nbisss tinica para parede intema com argamassa\nnfista de cimento, cal  arein, trago 1.2.9, > 20mm\n\nm2\n\nFumecimenio v exectgo\n\nT9.00]\n\n5.704,75\n\nPINLO9TGIR 214\n\n[}\n-\n\nAnilsio esmaltado hso branco ) 5x15 ou 20520cm asgentado\n\ncoin urpamassa pr-fabricada de cimento colante. juntas @\npruma. Fornecnnento e execugio\n\n.oV\n\n17,321,310\n\nm2\n\n35,00}\n\n2.85,00]\n\n3.220,00\n\nni2\n\n7,00\n\n2.855,00f\n\n3.220,60\n\n3.464,20\n\nm2\n\n85.00]\n\n4.146,00\n\n5.185,00\n\n109.277,691\n\nPINLOST06.K 1 7\n\nRejnntamento de azatlejo 15x15 ou 20x20 cni com argimasa pre\ntabricasda, para juatas ale mm\n\nN\n\nPINTU9706.5 32\nCeramica 10x10cm. modelo Arguiteto Portobello ou simular, sulocadn com arganags pr-tabricadn e rej.ntaments\n\n1.028,00\n\n87.380,60]\n\nSBC 095\n\n~\n\n/\n\n\" ACLIVE COpST\n\n\n~\n\nCNPJ\n\nTDA\n\n09426 728/000154\n\nLassipflo\n\nSoaresjorddo\n\nCREAIR_MNNT\n\n108747 @\nw\n\nK\n\nPavimeniaglio interna e externa\n\nN\n\nPso eeriunico esmallado com medidas em tofho de 30x30\n\n-\n\na oy ndem, PETIV Assentado com aypamassa pr-iabricada\n\n2.565,00\n\nde camento colante Fornecumento e exceugdo\n\n2.997,00\n\n3.045,141-\n\n- 3.558,00\n>\n\nPINLIOU6 8 2.2\n\n-\n\nL\n\n12.2\n\nRejuntamento dz piso cenimico com rgamasss pr-\n\nfabricada. dumensocs do piso-300<306x a J00x400x& mm,\n\n57,00\n\nespeanra da junta: 6 mm. Forneeimento  excougio\n\n3.558,00\n\n2.997,60\n\nm?2\n\nPINI69606.8.3 1\n\nP_M.\n\nPiso de alta resstneta, monolitico, moldado po lecal, em*\n\n-\n\nn?\n\naipamassa de cimentos agregados muerais, com evpes-\n\n0.0\n\n_OL/\n\n-d\n\nmeinicos\n\nO custo inchn base suporte emn argamassa\n\nF\n\nde eimento  arcin no trago 13  servente para ceafecgdo,\ntrunsporte da srpamassa  servicos afing  ndo corsidera\njuntas\nEMO?\n\n\n\nL4\n\n12.4\n\n)\n\n152.10\n\n.\n\n9.886,50\n\nm\n\n-\n\n13 3850010\n\n<\n\nsura de 0 8cm, na cor natinal do cimeto  3 polirrentos\n\n11.318,36\n\n3.067,00\n\n2.679,00\n.\n\n.\n\n ontrapisc, base ou cumada regnlarizacors com argantassa e curento e areia 1o trago | 4 com espessula\nde 2.5 cm - Fomecimento  execugio\nMO\n\n.\n\nn2\n\n15,0C\n\nm2\n\n20,09\n\nm\n\n- 9,00\n\n163,35\n\n193,38\n\n3.334,00\n\n3.947,00\n\n3.334,40\n\n3.947,00\n\n1.625,44\n\n2.679,00\n\n3.067,00\n\n4.465,352\n\n13 3011201\n\n2\n\n%\n\no\n\n-\n\n[Piso cuneniado, com 1,5cm de espessura, com argamassa\nde cunento  arera no rago 1.3, alisado a colher, sobre buse\nexrfente\n\nIMOP 13 301 0X%0-1\n\n12.6\n\nRoxdupdde alja registncia, er arganiassa de cLnemo  agregdihors manerans,  [0ain de alturi, na cor natural do cimeuto,\ninclusive 3 polimentos, sendo o cantos sahiertes boleados.\n\n o8 regninuites e Junto 4o Pisv o IMel cana\nMO\n\n12.7\n\n3.900,60\n\n13 385 (5.0\n\nDegran.de escada de atia resistncia, composta de capa\n< espellio. em argmassa de SUNeMo  agregacos minevaus, na cor natural de cimenfo, inclusive 3 polunettos.\n\n\'\n<\n>\n\nEAMOP 13 383.00K-0\n\nRodape cequmicn com 10 em de altury, asserte em pasta de ennea\n\n201.80\n\nto Forncaniento  colocacio.\n\n2.997.00\n\n13,00\n\n-\n\n3.558,00\n\nSCOFGY - RV 30,05 0100\n\nPetorl de grantto emza andorniha nacional\n\nde 2 x 18cm, com 2\n\npolientos, nssente com asgumassa de cimeitto, saibro  arem, 1o trego 1 33  nata e cumento comur, repsitadn cum\ncunento branco\n\nEMOP 13045.040.0\n\n40,00\n\nM\n\n\"2.004,00\n\n3.597,00\n\n3.924,00\n\n2.186,18\n\n-2.596,00\n\n3.646,60\n\n 623,58\n\n-\n\n(Ol Solera cm gramie com altura de. ] 5in e espessum de 2om ussenta\nJu\'com argrimasa pr-fabricada de simente.\n\n)\n\n11,10\n\n4,00\n\n1\n\n444,00\n\nPINIOGRS .13 1\n\nRevesiunento mitertravada com pecas (blosos) de concrete com\ncunento, cov nalural, con resislencia s ceouprssan e 35Puy, .\naltamente vitno-prensados,\n(16 fuces), holmdes (returyniba\n1, com\n|\nLl\n\nte\n\n12.8\n\nespessura <le Gem, tom lodos 0 matertais & eqpamenitos, inzlu\n.\n\n.\n\nsive compactacau com suquete vibratorin. corte dus hlocos page\nmemate, cuny maquing Je junias (serra para concreto  \"colehao!\n\nh oy\n\nde wreia part agsentamento  repugtamento., de acordo com s nor\n.\n\n728/000\\54\nord\n\n-\n\ns NBR 9780  MBR 9781, Pre-moldade UNI-STEIN. mquate\nou simlar,\n\n60,90\n\n-\n\n4.087.00\n\n21.792,00\n\nP_M\n\nSOEROY < B 10,20 6350\n.\n\nQuadra\n\n131\n\nP Frog,n=\n\nvede\n\n7\n\nnnaH\"e\n_OL7\nd\n\nCencreto simples, dosado racioualmente para uma resis-\n\nS\n\ng\n\n.\n\n.\n\ntncia caractonstica a compressdo de 25M1Pq, inclusive\nwales\n\ns, Lansporte equivalente o 20,00m na honzontal\nM\n\n 10.00m na vertical, produgdo, langamento e adensamen- .\n\n27 4\n\n10,556,007\n\n2.335,00\n\n2.748,00\n\nm\n\n2.411,40\n\n1.816,00\n\n2.084,00\n\n2,767,275\n\n200.95] m\n\nT003.75\n\n2.963,00\n\n3.407,00]\n\n1.155,31\n\n20,000\n\n6.032,00\n\n3.334,00\n\n3.947,00\n\n7.141,06\n\n30.16]\n\n1o na quantiladede 2,00m3/h\n\nby\n\nm3 |* 350,00\n\n12.423,08\n\nFAIOP 10 0033.005-1.\n~\n\nTunta de retracac, serrada com disco de diamantes, para pa-imen\ntos de placas de conereto, com Semde profundidae, somsnte o\nconte, exchusive preenchimentd e barras de ligacao  de \n\n200,951\n\ntansferencia.\n\n)\ns )\n\nSCOFGY - BP 10150050\n\nJunta } plastica 27 % 3mm,\n\npara 1 pises continuos\n\nI\'smecmento  colocagao\nFMOWP 13,38 0S1-0\n\"\n\n{3.1\n\ns\n\nementade. e\n\nde cavento  e\n\n1,5em de espessiva, com argamassa\nno trago 1:3, alisado a colher, sobre Lzse\n\nenistente\nPO\n\n13301 080-1\n\nSarcacdo e quadra de edporte, com tintara Supereril ou similer,\n\ne\n\nem 2 demaos Meduda pela area efeliva de pintura\n\nm2\n\n50,00;\n\n1.560,00\n\n2.847,00\n\n3.39%.60\n\n241.281\n\nm2\n\n45.00110.857,60\n\n2.847,00\n\n3.396,00\n\n1.789.25\n\n- T 08 45,0050\n+~\n\nSOG PG\n\n30,001\n\n13.6: Pintard de quadra de esporte em piso cimentadu, com tE1ta 4 base\nJeresua metalice \"hot line, ou sumilas, considerando-= hmpeza\n\nJda superticie  2 demdos de acabamento (1,04)m\nRef SOOI\n\n\n- PT 05450100\n\n1\n\nPintura\n\n14.1\n\nPiture inimzante fungicida\n\nSt APE- 18975\n\n\'\n\n:\n\nM\n\n12.951,32\n=\n\n.\n\n0]\n\n.\n\n14.2\n\nPiniturd com tinilg acribica semi-brithante ou acettada oua\n.\n\n.\n\n.\'\n\n.\n\nfites ot @ exterior, incolor ou colonda, sobre tijolo, e nere-\n\n+\n\nto hbo. cmento-amianto, rvestimento, madeira  terro, nclusive liximnento. tna desnao Je selador acrilico e duas\ndehiaes de acabrunento, inclusive duns demios de messa\nGO\n\n831.08]\n\naerthea\n\nm2\n\n18,001\n\n14.959,44\n\n3.067,00\n\n3.614,00\n\nIMOP 1 018 11840\n\n17.627,46\n\n.\n\nT\n\nPudura interna ou externa sobre ferro. com esmalte #\n\nttico brithante ou acetinado apos lixamento, linpezs,\ndesengorduiamento, uma demao de zaclo.de $eca -\n\npeut 1apida cor laranja e duag demdos de acabaments\nNP\n\n14.4\n\n~\n\n541,84\n\nm2\n\nC 15001\n\n8.127,60\n\n3.669,00]\n\n3.118,00\n\n9.563,88\n.\n\n17 0173200\n\n-\n\n-\n\nPintura mtema ou externa sobre madeira nova, com esmalte sintetice alto bitiho ou acetinado, inclusive | xameir1o, uma Jemdo de vermiz inumizante e impermeabil zants\nwicobor, uma demio do massa coirida u dleo, uma cemiao\nde fundo sinttico mvelador  duas demios de acal aments\n\n- 304,80\n\nm2\n\n26,001\n\n6.096,00\n\n- 3.669,00\n\n3.118,00\n\nEMOT 17,017 1690\n\n\n\nel\n\n~\n\n\\\n\nBancadas  Prateleiras\n\nard\nfhetithe\nexR S\n:\ni\n\n.\n\nv\nCREA/RJ 2007 108747\nS\n\n7.173,26\n\n-\n\nBancada em granito cinza andoninha polida com ;\\,70x0,55.\\0.03n|, A\nB\n\nP\n\n.\n\n.\n\n:\n\n.\n\nfixacla  apuiada em alvenoria chapiscada, embogada e revestida de\n.k\n\n\'\n\n.\n\nM\n\n.\n\nazulejo com 1 cube de ago indY, valvula, sifio  omeua cromardy,\n\ninclusive priteleira em compensado de cedro com wrmario de 2\nJ0ras revestla em Tormica medindn 0,60%0,50m, em venezna \n.\n.\n\ncedro,\n\n\n- Joomr PMAR\n\n_\n\n.\n\n.\n\nY\n\n.\n\n2:000,00 ! 2.()\\)0,06\n.\n\n.\n\n-~\n\n2.881.00\n-\n\nN\n\no\n\nPrg c. nf\n\nBancadk em granito cinza andorinha polida com ?,SOxO,SSXO,()Bxr,\n{ixadda  apowdaem alvenaria chapiscada, embczada  revestida de,\n\nQa.\n\narulejo com | cuba de ago mox, valvala, sifio  tomelia cromada, inclusiv,pmlelcvn em compensado de cedro com armrio de 2\nportas revestida em formica medinda 0,60x0,5Cm, em veneziany e\nP\ni\ncedro\n\nPMAR\n\n)\n=\n\nRS\n\n2.623,81\n\n3.436,00\n\n2.200,00\n\n2.200,00\n\nun\n\n.\n\n\\\n\nL\ng\n\nbe.\n\noM\n\nBacada mn granto ci;\\m andorinha polida com 2,80x0:55x0,(0m,\nfinada  apoiada em alveraia chapiscada, embogada e revestide e\nazulejo cont 3 cuba de louga, valvula, sifio e tomeira cromada,\ninclusive pratelcira em compensindo de cedra com armirio de 2\n-\n\nportasrevestida en fornica medinda 0,60x0,50m, om vencziatz: de\n\"\n\ncedro\n\n7\n\n|\n\n.\n\nCOMRPMAR\n\n-\n\n:\n\n\n\n.\n\n3.436,00\n\n4.600.00\n\n2:300,00\n\n!\n\n\\\n0\n\no\n\n\"\n\n~\n\n(]\n\nhd\n\nBancada em pransto cinza andorinha polida comn 3.70x0,55x0,Bn,\n(i e upoindis\ne ulvenana chiapiseada, erhogada g reveand: de\narulejo com 2 cuba de ago, valvula, sifdo e torheira cromadad,\n.\n\n.\n\n3t\n\n..\n\n<\n\nA\n\n03\n\ninclusive prateleira\nem coimpensado de cedrs\ncom\n\n!\n\\ armario de 2\nv\n\nR\n\nR\n\nportas revesiicla em formica medinda 0,603 50m, em-veneziais de\ntedro\n\nv\n\n1,000\n\n.\n\nv\n\nen | 3.500,00]\n\n2.881,00\n\n\"3.500,0 )\n\n3.436,00\n\n\"\n\n4.174,25\n\nCOMP PMAR\n\nW\n\n\n\nn\n\n\n\n.\n\nf\n\nT\n\n.\n\n<\n\nETui\n\nBanedida m granito cuza andorinha polida com 2,03x0,5550,03m,\n-\n\nN\n\n.\n\nfaon\n\n3\n\ns\n\n{ixada  apotaddy\ne alvenarim chapiscada, embogada e vevestida de v\nazuleio, inclusive prateleira cn compensada de cedro com amrio\n\n&\n\ne 2 portas revestida em {Grouca Medinda 0,60x0,50m em verw\n\n7ians de cedro\n\nCOMPIMAR\n\n1.000,00\n\nan\n\n\n\n100000\n\n\n\nw\n\n-\n\n2.881,00\n\n3.436,00\n\n1.192,64\nD\n\n.\n\nRl\n\n.\n\n.\n\n.\n\n\n\n.\n\noo\n\nPratelewrn em granito cinzs andonnhia apoida em grmitocum\n\nm\n\nmwdide ((,45x0,03 1cin\nCCMIY PMAR\n\n-\n\n\'\n\n.\n\n910,70\n\nT00.00\n\n\n\nT,\n\ni\n\nDiversos\n\n.\n\n2.706,00\n\n3.015.00\n\n1.013,91\n\n3.270,00{\n\n3.487,00\n\n136.36\n\n!\n.\n\nb\n\nTransporte de andaime lubuler\', consideraado-se a drea-de\n\nprojecdo vertical do andaime, exclusive carga, desoarga\n tampo de espera do caminhido.\n\nEMUP 03 020,122:0\n\nB\n\n.\n\n127878\n\nL\n\n-\n\ns\n\nm2xkm\n\n~-\n\n-\n\n.\n\n16.2\n\nNugucl de andairie tubular sobre sapatas fixas, formido\n\n-\n\npor elementos de 2,00m de largua  1,59m de altura, consdeN\n\n=\n\n.\n\nv\n\nLt\n\nrandlo-sc u,areu da projegio veitical de aadaime  pago pelo\n\n-\n\ntempa necessarid & sua utilizagdo. exclurive traisporte dos\n.\n\nclementos do andaune at a obra plataforma ou passarela ce\nK\n\n290,79\n\n]\n\npuiho montiagem  desmontagem dos andaimes.\nLEMOP 05.006:000-1\n\n.\n\n.\n\n4,\n-\n\nn2kms|\n\n>\n\n1.119,00 119900\n\nv\n\n281,05\n\'\n\n\n~\n\n16.3\n\nPlataforma ol passarela-de pinho de 1%, tansiderando-se\naproveitamento de madeia de 29 vezes. exctugive endai IS O\n\nEMUP\n\nGO\n\n.\n\n-\n\nY\n\n290,79\n\nSuporic  moviimentagio\n\n050058 012-1\n\no\n\n.\n\n)\n\ni\n\n872,37\n\n\'m2\n\n\n\nThiago 8. Sefiulina i Spiza\n\n.\n\nGerente de |\n\n{\n\nSOHGI\n.\n\nP\n\n3.680,00\n\n95487\n\n\n\nLN\n\n.\n\n.\n\n\n\n.\n\n\'\n\nv,\n\n3\n\nMovimentagio vertical ou horizontal de plataforaa ou pas\nsarcla\n\n[\n\n.\n\n261,71\n\n.\n\nEMOP 03,008 008-1\n\n.\n\'\n\n\n\n+\n\n\n\nT\n\n. )\n\n,\n261,71\n\nrando-s 4 irea vertical recoberta\n\n6.6\n\ns\n\n93,80\n\n3.687.00\n\n3\n\nMontafent\'e desmontagem de andaime tubuler, consid-\n\nEAOD 05 008.001-0\n\n~\n\nT4.760,00\n\n&\n\n10.4\n\n.\n\n\n\n,\n\nT\n5.687.00\n\n4.760,00\n\nm2\n\nB\n\n938,03\n&\n\nS\n\n\n\"\n\nHspetho de cristal, de dnun de espessura. com molduiade\n\nm2\n\nmudetra - Fomecimento  colocagio\n\nEMOP 14004 Lo0-0\n.l,.\n\n16.7\n\n.\n\n1.134,00\n\n2.801,00\n\n600,00\n\n73.445,00\n\n1.349,79\n\n..\n\n\n\nCon)unto de dugs burras de apoj hbrizontal em ago iroxidivel \n1 142\" parn sanitaros dos portadores de necegsidades especiais\n\n-\n\nA primeira com 1,10m e a scgund.l com 0,90m, fixadcs com com\nAY\n\ntaluange redonda de ago indx (3 2, espessura 3/16\" ch:uubado uy\n\n*2.00\n\nalvenaria com parafuzos auto atarraxantes de ago inoxidavel.\n\n16.8\n\n9\n\n300,00\n\nRS\n\n+\n\n-~\n\nRef SCOFGY - AP 05,10 0134\n\nao\n\nr=3\n\nb\n\n.\n\n.\n\nApicoumentd manuel de conereto, @m superficies verticais,\nmclunve comecno de fattus.\n\nSCOATGY =480 05.20.01 51\n\n-\n\n.\n\n\n\n~\nv\n\nBarra de magoranduba de 20 x 2,5cm, aparcthada ers uma face  nos 1apos, para protegio de paredes de salas de dula\n=\nFomecimentu e colocagio\n.\n~\n\n195,60\n\n35,000\n\n6.846,00\n\n3.243.00\n\n85,00\n\n43.809,00\n\n3.653,00\n\n371,001\n\nhMC){; 14,006 1(;1)4)\n\n1610\n\nAlanbrado para campo de esporte; de 3,00 x 6,00, com uin\n\nmottante a cada 3,00m. emn telagalvanizada n 12+ malha lo-\n\n-\n\nB\n\n.\n\n.\n\nB\n\nsango de Sem, fivada em tubos de ferro galvanizade de 2% coatraventamento de 1,75m; em cida moodulo, estes anmbados\n\n-\n\n\n\nemi bloeos dle concreto, inclasive escavagiio, concretd dos blo08, reateiro, transporte, carga  descarga. exclusive pintura\n\n515.40\n\n\nForiedimento  clocagio\n\n.\n\n:\n\nEMOP 09 0150070\n\nm2\n\n16.11 Tela empolititeno de alta densidade, 100% virgen, com methia\' de\n(SxS Jom. com sesialencin 1 teacao de 250K, Fom.  colocagdo\n\nN\n\n336,00\n\n.\n;\n\n~\n\\\n\n+\n\n5.040.00]\n\nm2\n\nSCOFGY - PL1S 1009060\n\n~\n\n3.680,00\n\n4.028,00\n\n* 5,516,618\n\n2. 73800\n\n02,10\n\ney\n]\n\n>\n\n16.12\n\n2.477.82)\n\nC3:542,00\n\n\n\nCabio de acd gitlvanizado, dunwewode 3/8\", com Al\n\nde fitra, 6\n\nv\n\npermag com 19 hos. Pomecmiento.\n\n378.00]\n\n7.00\n\n54.00\n\n2.572,00\n\nv\n\nSCOAGV - 191 10.05 0350\n\n-\n\nD\n\nLo\n\n.\no\n\nTrave desmontavel para futebal de ssldo, emvtubo de forvo\n-\n\n. 1,00\n\n Jgalvamizado e buchas. Forneenento\n\nEMOP18 200.004-0\n\n,\n\n.\n\n3.142.00\n\n2.936.00\n\n300,00\n\npar - 1.500,00\n\n4\n\n.\n\n1.605,25]. .\n\n.\n\nN\n\nAR\n\nHutrowira para basquete, n@tahics, fixa, cor avaico livre d21,30m,\n\\\n\ncom tabelds de compensado naval, aos e redes Fomecimento \n\n1.0\n\ncolocacao, exclustve furacao do piso!\n\npar\n\nscomay - prasasoso\n.~\n\n16.15\n\n2.300,00\n\n2,500,00\n\n\n2.936,00\n\nT3192,00\n\n2.67541\n\n2:097,00\n\n. 2.191,00\n\n8.358,61\n\nv\n\n.\n\nU\nde 4 projejanes\n\nColocacao\n\ne\n\nequupidos com Jaragida de descarga.\n\nfixadus et poste ds aco reto, inclusive ferrapess de fixacto, .\n\n.\n\n16,00\n\noxtlusive projetores. |\n\n8.000,00\n\n500,00\n\nR\n\nSCQOFGY - (P 50 35.0300\n\n\ns\n\n.\n\n10.16\n\nPosic pyra voleibal em hibo de ferro galvanizado, com cata\n-Jea  buchias\n\nL\n\npar\n\nFomecimeno\n\nEMOP TS 200.002.0\n\n)\n\n.\n\n600,00\n\n.\n\n2.936,00\n\n600,00\n\n7\n\n314200\n\n+\n\n</\n\n&\n\n\n:\n\n4\n\n\'\n\n*\n\n1lind\nAP\n\nde Sovrad\ntdificsgfes\n20843\n\n_ACLIVE CNST\nA\n58 726/0080-54\n0i\no,\nCassidf\n08747\nCREAIRS 20071\n.\n\n642,10}\n\nE.\n\n\'\n\n.\n\n-\n\ne\n\n]\n\n6. |\n\n-\n\n7{Rede deknylon para finebiol de saldo. Formecimento\n\n3\n\nB\n\n.\n.\n\n\'\n\n.\n\nR\n\n~\n\ng\n\n1 :()(j\n\n)\n\npar\n\nEMOPER.200.005-0\n\nS\n\n]\n\n. :/()_()\'()\n\n.\n\n 7(),0()\n\n250,004\n\nwn -} 250,00\n\n1,007\n\n*\n\nT\n\n:\n\n267,54\n\no\n\n3.142,00\n\n 2,936,001\n\nN\n\n\'\n\n:\n\nimpermeatntizagao de laje cop asfulto elastorhirico, a base de SBZ\n\n-\n\n4\n\n*\n\nde 40m2, exclusive preparo, protecuo trmica  mecinica\n\n-,\n\n\'\n\nM\n\nB\n\nsubcobertura em fibras continuas de policti[cno de alta densidace,\nA\n\n.\n\nve m\\\'uki.r;lmmto\'p\'ua contrs-caibros em madewrs serada de\n\n*\n\n@\n\n{\n\n/\n\n;\n\n\n\n-\n\nm2\n\n1 59,74\n\n(1,54, 05em, Tyvec o sumldr Fomecimento  m~mlacao\n\ni\n\n;\n\n25,0()\n\n\'3.993,50\n\ne\n\n.\n\nT\n\n\'\n\ne\n\n4\n\n!\n>\n\nK\n\n6.22 Tanque du alvenaria de Ljolos mucigor, revestido com azule-\n\n| \n\n-\n\npermeavel ao-vapor e com resistencis a\'passagem :lc\'agun. wehusi\n\nSCORGY - 11005 oz~o\n\n.\n\n.\n\nN\n\nEMOP 16.025.010-0\n\nN\n\no~\nSO\n\nQe\n\nFo\'\n\n\n\nI\n\nU K,%_,.:_\n\n)\n\ndenvios com refor ) o uma tela de polister de gramatura minun4\n\n_\n. \n\na\n\na\n\n4\n\no\n\nPy\n\n.\n\nprinM em wina demiio  3, Skg/m2 de asfa',856,'en'),('a:4:{s:5:\"title\";s:26:\"Kodak Capture Pro Software\";s:6:\"author\";s:26:\"Kodak Capture Pro Software\";s:9:\"pageCount\";s:2:\"62\";s:10:\"hasOutline\";b:1;}',857,'en'),('a:4:{s:4:\"name\";s:42:\"Acrobat PDF 1.4 - Portable Document Format\";s:7:\"version\";s:3:\"1.4\";s:12:\"registryName\";s:6:\"PRONOM\";s:11:\"registryKey\";s:6:\"fmt/18\";}',858,'en'),('a:3:{s:4:\"type\";s:9:\"ingestion\";s:8:\"dateTime\";s:20:\"2023-10-18T11:06:01Z\";s:22:\"linkingAgentIdentifier\";a:3:{i:0;a:2:{s:4:\"type\";s:19:\"preservation system\";s:5:\"value\";s:20:\"Archivematica-1.12.2\";}i:1;a:2:{s:4:\"type\";s:15:\"repository code\";s:5:\"value\";s:3:\"ORG\";}i:2;a:2:{s:4:\"type\";s:21:\"Archivematica user pk\";s:5:\"value\";s:1:\"1\";}}}',859,'en'),('a:4:{s:4:\"type\";s:26:\"message digest calculation\";s:8:\"dateTime\";s:20:\"2023-10-18T11:06:01Z\";s:17:\"outcomeDetailNote\";s:64:\"59a2be38541fbce4d7a66a10b3b8f37ad9f0d7d43ebdbd800d76aa26ec6c26c7\";s:22:\"linkingAgentIdentifier\";a:3:{i:0;a:2:{s:4:\"type\";s:19:\"preservation system\";s:5:\"value\";s:20:\"Archivematica-1.12.2\";}i:1;a:2:{s:4:\"type\";s:15:\"repository code\";s:5:\"value\";s:3:\"ORG\";}i:2;a:2:{s:4:\"type\";s:21:\"Archivematica user pk\";s:5:\"value\";s:1:\"1\";}}}',860,'en'),('a:4:{s:4:\"type\";s:11:\"virus check\";s:8:\"dateTime\";s:20:\"2023-10-18T11:06:03Z\";s:7:\"outcome\";s:4:\"Pass\";s:22:\"linkingAgentIdentifier\";a:3:{i:0;a:2:{s:4:\"type\";s:19:\"preservation system\";s:5:\"value\";s:20:\"Archivematica-1.12.2\";}i:1;a:2:{s:4:\"type\";s:15:\"repository code\";s:5:\"value\";s:3:\"ORG\";}i:2;a:2:{s:4:\"type\";s:21:\"Archivematica user pk\";s:5:\"value\";s:1:\"1\";}}}',861,'en'),('a:4:{s:4:\"type\";s:12:\"name cleanup\";s:8:\"dateTime\";s:20:\"2023-10-18T11:06:04Z\";s:17:\"outcomeDetailNote\";s:166:\"Original name=\"%transferDirectory%objects/Processo 2010008091 - Vol VI_ocred.pdf\"; cleaned up name=\"%transferDirectory%objects/Processo_2010008091_-_Vol_VI_ocred.pdf\"\";s:22:\"linkingAgentIdentifier\";a:3:{i:0;a:2:{s:4:\"type\";s:19:\"preservation system\";s:5:\"value\";s:20:\"Archivematica-1.12.2\";}i:1;a:2:{s:4:\"type\";s:15:\"repository code\";s:5:\"value\";s:3:\"ORG\";}i:2;a:2:{s:4:\"type\";s:21:\"Archivematica user pk\";s:5:\"value\";s:1:\"1\";}}}',862,'en'),('a:5:{s:4:\"type\";s:21:\"format identification\";s:8:\"dateTime\";s:20:\"2023-10-18T11:06:29Z\";s:7:\"outcome\";s:8:\"Positive\";s:17:\"outcomeDetailNote\";s:6:\"fmt/18\";s:22:\"linkingAgentIdentifier\";a:3:{i:0;a:2:{s:4:\"type\";s:19:\"preservation system\";s:5:\"value\";s:20:\"Archivematica-1.12.2\";}i:1;a:2:{s:4:\"type\";s:15:\"repository code\";s:5:\"value\";s:3:\"ORG\";}i:2;a:2:{s:4:\"type\";s:21:\"Archivematica user pk\";s:5:\"value\";s:1:\"1\";}}}',863,'en'),('a:5:{s:4:\"type\";s:10:\"validation\";s:8:\"dateTime\";s:20:\"2023-10-18T11:06:41Z\";s:7:\"outcome\";s:12:\"partial pass\";s:17:\"outcomeDetailNote\";s:51:\"format=\"bytestream\"; result=\"Well-Formed and valid\"\";s:22:\"linkingAgentIdentifier\";a:3:{i:0;a:2:{s:4:\"type\";s:19:\"preservation system\";s:5:\"value\";s:20:\"Archivematica-1.12.2\";}i:1;a:2:{s:4:\"type\";s:15:\"repository code\";s:5:\"value\";s:3:\"ORG\";}i:2;a:2:{s:4:\"type\";s:21:\"Archivematica user pk\";s:5:\"value\";s:1:\"1\";}}}',864,'en'),('a:4:{s:4:\"type\";s:13:\"normalization\";s:8:\"dateTime\";s:20:\"2023-10-18T11:10:56Z\";s:17:\"outcomeDetailNote\";s:97:\"%SIPDirectory%objects/Processo_2010008091_-_Vol_VI_ocred-b3ad3349-226b-4d38-aeed-2feab3aaa2ce.pdf\";s:22:\"linkingAgentIdentifier\";a:3:{i:0;a:2:{s:4:\"type\";s:19:\"preservation system\";s:5:\"value\";s:20:\"Archivematica-1.12.2\";}i:1;a:2:{s:4:\"type\";s:15:\"repository code\";s:5:\"value\";s:3:\"ORG\";}i:2;a:2:{s:4:\"type\";s:21:\"Archivematica user pk\";s:5:\"value\";s:1:\"1\";}}}',865,'en'),('c7a3242b-54b1-46e6-b0ac-6ce3a5b57207',866,'en'),('9d9ba739-8b5f-493a-be9f-f57517008428',867,'en'),('ELENILSOM SILVA\nDO\nNASCIMENTO:05327\n637425\n\nAssinado digitalmente por ELENILSOM SILVA DO\nNASCIMENTO:05327637425\nND: C=BR, O=ICP-Brasil, OU=Presencial, OU=\n01554285000175, OU=Secretaria da Receita Federal do\nBrasil - RFB, OU=RFB e-CPF A3, OU=(em branco), CN=\nELENILSOM SILVA DO NASCIMENTO:05327637425\nRazo: Eu atesto a preciso e a integridade deste documento\nLocalizao:\nData: 2023.09.27 10:07:48-03\'00\'\nFoxit PDF Reader Verso: 12.1.1\n\no\nESTADO DO RIO DE JANEIRO\nPREFEITURA MUNICIPAL DE ANGRA DOS REIS\n\n201008}\nf\n\nNumero do\nProcesso:\n\nData de Entrada:\n\n[\n| Unidade de Orizem:\n\n8091/2010\n\n:\n\n13/05/2010\n\n567-SOH-SECRETARIA MUNICIPAL DE OBRAS,\n2 g1TACAO E SERVICOS PUBLICOS\n\nTipo de Processo:\n\n227 - DESPESA.\n\nTipo de Assunto;\n\n429 - DESPESA\n\n\"INTERESSADO:\n\n\"\n\n\n\nLICITAGAO\n\nCPF/CINPJ:\n\nEnderego:\n\nTelefone:\n\nDescricao:\n\n, Bairro: - CEP:- - Cidade:\n\n() Ramal:\n\n~\n\nMM 0282/2010/SOH REFERENTE A\nCONTRATAGAO DE EMPRESA PARA EXECUCAO\nDA OBRA DE REFORMA DA ESCOLA MUNICIPAL\nPEDRO SOARES - PROVETA - ILHA GRANDE ANGRA DOS REIS. R$\n\nS v\n\ni)\n\nNFS-e - Nota Fiscal de Servigo Eletrnica Prefeiltura de Angra dos Reis\n\nPgina 1 de 1\n\nPREFEITURA DE ANGRA DOS REIS\nSECRETARIA MUNICIPAL\n\nv\n\n;\n\nPRESTADOR DE SERVICOS\n CPF/CNPJ:\n\n09.426.728/0001-54\n\nNumegggg%%g 4\n\nDE FAZENDA\nA\n\n201203090947672800015\n\nInscrigdo Municipal: 0024591\n\nNome/Razo Social: ACLIVE CONSTRUCGES LTDA\nL\nEnderego: RUA C 164, BLOCO-01 -APTO-306 - PRAIA DO JARDIM - CEP: 23800-000\nMunicipio: Angra dos Reis\n\nData e Hora de Emisso\n09/03/2012 10:20:42\n\nLMR3-ZAND\n\n|\n\nInscrigo Estadual:\n\nPROC\n\n8094 /4 O\nyy439,\n\nRO~\n\nUF: RJ\n\nASe\n\nf\nDE SERVICOS\n\nTOMADOR\n\n78490349\n\no\n\na8\n\nbttt\n\n%\n\nv\n\nNome/Raz&o Social:\n\nPREFEITURA MUNICIPAL DE ANGRA DOS REIS\nCPF/CNPJ:29.172.467/0001-09\nEnderego:\nMunicipio:\n\nDISCRIMINA(}AO\nREFORMA\nPROVETA\nMM.:\n\nDA E.M. PEDRO\n- ILHA GRANDE\n\n282/2010\n\n14 MEDIGAO\n\nRETENGAO\n\nInscrigado Municipal: 0000001\n\nPRC NILO PECANHA 186 - CENTRO - CEP: 23900\n1000\nAngra dos Rels\nUF:RJ\n| E-mail; e-e-\n\n- FINAL\n\nINSS\n\n(( %\n\n} f\n\nDOS SERVICOS\n\nN\n\n[\n\nv\n\nSOARES\n\n05.:130/2010\n\nPERIODO:\n\nS/ MAO\n\n\\\n\nN3.:0276/201|U\n\n07/01/2012\n\nA 05/02/2012\n\nDE OBRA = R53127,13\n\n : 400/%01@\nWLP 343\n\nCCl/ SOP\n| LANCADO MO SIG FIS\nA3 107 | 12\n\nlbrditpe L947\n\nVALOR TOTAL DA|NOTA = R$ 127.139,22\n\nCdigo do Servigo\n\n2609134 - CONSTRUCAO\nValor Total das Dedugbes (R$)\n\nCIVIL\nBase de Ciculo (R$)\n\n60.956,68\n\nAlfquotg (%)\n\n76.283,54\n\nValor do ISS (R$)\n\n6,00%\n\nCrdito p/ Abatimento do IPTU\n\n3.814,17\n\n0,00\n\nOUTRAS INFORMACOES\n\n- Esta NFS-e foi emitida com respaldo na Lei n 1.445/2\n003 e ng Decreto n 7.359/2010\n- O ISS desta NFS-e sera RETIDO pelo Tomador de\nServigo qus devera recolher alravs da Guia de NFS-e\n- (*) Documento emitido por ME ou EPP optante pelo SIMPLE\nS|NACICNAL .\n- Esta NFS-e ndo gera crdito.\n.\n\nCerttifico a exscucdo\n\ndo(s) servigo$\n\nprestados coniomqe Giurimninado acima,\n\nAngres B\n\nRuis]\n\nQ9.7\n\n6 jw/__.f_z__\n\nN\n\nN\n15\n\nhttps://www.spe.angra.rj.gov.br/NF SE/contribuinte/ncta\nprint.aspx?ccm=24591&nf=9. .\n\noeifd\n\ns\n\nga4\n\n09/03/2012\n\nPR\n[\n1\n\nf]\n\nvy\n\n.\n\n[\n\no~\n\nAsE\nL\n\nALLIVE CONSTRUGYES\nL TOA\n\nDATA:\n\n|\n[\n\nDEMONSTRATIVO\n142 MEDICAO - FINAL\nOBRA: REFORMA DA ESCOLA MUNICIPAL PEDRO SOARES\n\nel\n\n13/02/2012\n\n|\nMM.: 282/2010\n0S.: 130/2010\n\nPeriodo: 07/01/2012 A 05/02/2012\n| QUANT. | UNID.\n[ 4763,25|\nm2\n0,00\nm2\n609,04\nm2\n609,04\nm2\n[3.321,00]\nkg\n[3.321,00]\nkg\n33,21\nm3\n10,00\nm2\n49,15\nm\n7,56\nm2\n2,00\nun\n0,00\nm2\n1,00\npar\n1,00\nun\n2,00\nun\n4,00\nun\n4,00\nun\n4,00\nun\n| 24,00\nm2\n| 171,21\nm2\n| 343,00\nun\n17,12\nm3\n| 147,00\nvj\n40,00\nvj\n[4.752,00\nrf\n40,00\nvj\n14,00\nun\n1,00\nun\n4,00\nun\n| 117,00\nm2\n4,00\nun\n| 21,00\nun\n| 16,00\nun\n6,00\nun\n1,00\nun\n2,00\nun\n2,00\nun\n7,00\nun\n4,00\nun\n1,00\nun\n[1.677,80]\nm2\n100,00\nun\n1,00\nun\n1,00\nun\n1,00\nun\n| 25,00\nun\n\nY\n\n|\n\nLOCAL: PROVETA\n\nITEM\n2.12\n2.14\n4.1\n4,2\n4.3\n4.4\n4.6\n8.1\n12.7\n16.6\n16.7\n16.8\n16.17\n16.18\n16.22\n16.23\n16.24\n16.25\n16.38\n17.1\n17.2\n17.3\n18.1\n18.3\n18.4\n18.5\n19.1\n19.6\n19.7\n19.10\n19.14\n19.20\n19.27\n20.5\n20.25\n21.1\n21.2\n23.8\n23.10\n24.3\n25\n26\n27.1\n27.2\n27.3\n27.10\n\nM 809 M0\nAB19) ...\n\nNE.: 0276/2011\nR$ UNIT.\n4,00\n10,00\n25,00\n12,00\n5,00\n3,00\n350,00\n200,00\n75,00\n150,00\n300,00\n3,50\n70,00\n250,00\n500,00\n20,00\n25,00\n40,00\n500,00\n3,00\n6,00\n120,00\n1.370,00\n700,00\n25,00\n1.000,00\n230,00\n100,00\n200,00\n50,00\n80,00\n320,00\n25,00\n50,00\n450,00\n200,00\n370,00\n650,00\n850,00\n8.500,00\n0,75\n1.260,00\n989,09\n2.636,83\n236,61\n9,79\n\nQ. MEDIDA [Q. ACUMUL.|\n-96,00\n4763,25\n-178,75\n0,00\n102,44\n09,04\n102,44\n609,04\n1.294,60 | 3321,00\n1.294,60 | 3321,00\n7,88\n33,21\n10,00\n10,00\n-18,26\n49,15\n7,56\n7,56\n2,00\n2,00\n-1.161,95\n0,00\n1,00\n1,00\n1,00\n1,00\n2,00\n2,00\n4,00\n4,00\n4,00\n4,00\n4,00\n4,00\n7,70\n24,00\n171,21\n171,21\n343,00\n343,00\n17,12\n17,12\n5,00\n147,00\n2,00\n40,00\n190,00\n4752,00\n6,00\n40,00\n14,00\n14,00\n1,00\n1,00\n4,00\n4,00\n70,20\n117,00\n4,00\n4,00\n21,00\n21,00\n16,00\n16,00\n6,00\n6,00\n1,00\n1,00\n2,00\n2,00\n2,00\n2,00\n3,00\n7,00\n1,00\n4,00\n1,00\n1,00\n1.677,80 | 1677,80\n5,00\n100,00\n1,00\n1,00\n1,00\n1,00\n1,00\n1,00\n25,00\n25,00\n\nTi7+ SCATUfTI0 UG OU0Za\n\nggg da kroids dz B4 oooEs\n1at 2843\n\nR$ MEDIDO\n-384.00\n-1787,50\n2561,00\n1229,28\n6473,00\n3883,80\n2758,00\n2000,00\n-13639,46\n1134,00\n600,00\n-4066,83\n70,00\n250,00\n1003,00\n80,00\n100,00\n160,00\n3850,00\n513,63\n2058,00\n2054,40\n6850,00\n1400,00\n4750,00\n60C0,00\n3220,00\n100,00\n800,00\n3510,00\n320,00\n6720,00\n400,00\n300,00\n450,00\n460,00\n740,00\n1650,00\n850,00\n8500,00\n1258,35\n6300,00\n989,09\n2636,83\n236,61\n244,75\n\nR$ ACUMUL.\n19053,00\n0,00\n15226,00\n7308,48\n16605,00\n9963,00\n11623,50\n2000,00\n3686,25\n1134,00\n600,00\n0,00\n70,00\n250,00\n1000,00\n80,00\n100,00\n160,00\n12000,00\n513,63\n2058,00\n2054,40\n201390,00\n28060,00\n118800,00\n40000,00\n3220,00\n100,00\n800,00\n5850,00\n320,00\n6720,00\n400,00\n309,00\n450,00\n400,00\n740,00\n4550,00\n3400,00\n8500,00\n1258,35\n126000,00\n989,09\n2636,83\n236,61\n244,75\n\nPROC. K403\nLM O\ni:;:_;\n\ne\n- 27:11\n\n27.12\n27.13\n\nAssio\n\n.439%\n\n.. &um\n\n25,00\n\nun\n\n12,39\n\n| 320,00\n2,00\n\n25,00\n\nm\nun\n\n25,00\n\n2,52\n288,61\n\n309,75\n\n320,00\n2,00\n\n320,00\n2,00\n\n309,75\n\n806,40\n577,22\n\n806,40\n577,22\n\n27.14\n\n26,00\n\nm\n\n44,78\n\n27.15\n\n26,00\n\n26,00\n\nm\n\n26,00\n\n20,57\n\n1164,28\n\n1164,28\n\n27.16\n27.17\n27.18\n27.19\n27.20\n27.21\n27.25\n27.26\n27.29\n\n26,00\n\n18,00\n4,00\n4,00\n2,00\n2,00\n39,00\n| 432,00\n20,00\n2,00\n\nun\nun\nun\nrolo\nun\nun\nm?2\nun\nun\n\n26,00\n\n20,82\n\n18,00\n\n18,00\n\n5,78\n5,53\n4,23\n699,25\n136,06\n\n534,82\n374,76\n\n9,62\n80,46\n1.514,50\n\n4,00\n4,00\n2,00\n2,00\n13,00\n432,00\n20,00\n\n534,82\n374,76\n\n4,00\n4,00\n2,00\n2,00\n36,00\n432,00\n20,00\n\n2,00\n\nun\n\n143,03\n\n2,00\n12,00\n\n23,12\n22,12\n8,46\n1398,50\n1768,78\n4155,84\n1609,20\n3029,00\n1716,36\n\n23,12\n22,12\n8,46\n1398,50\n5306,34\n4155,84\n1609,20\n3029,00\n1716,36\n\n27.42\n\n12,00\n\n12,00\n\n27.45\n\n6,00\n\nun\n\n95,85\n\n27.46\n\n6,00\n\n17,00\n\n6,00\n\nun\n\n575,10\n\n271,66\n\n575,10\n\n27.47\n28.1\n\n2,00\n1,00\n\n17,00\n\nun\nun\n\n17,00\n\n373,84\n863,25\n\n4618,22\n\n2,00\n1,00\n\n4618,22\n\n2,00\n1,00\n\n747,69\n863,25\n\n747,69\n863,25\n\n515,84\n17964,24\n\n515,84\n17964,24\n\n1131,66\n1131,66\n\n1131,66\n1131,66\n\n28.2\n\n2,00\n\nun\n\n257,92\n\n28.3\n\n2,00\n\n855,44\n\nm?2\n\n855,44\n\n28.4\n28.5\n\n1,00\n1,00\n\n2,00\n855,44\n\nun\nun\n\n21,00\n1.131,66\n1.131,66\n\n1,00\n1,00\n\n1,00\n1,00\n\nTOTAL\n\nR$ 127.139,22 | R$ 2.475.776,40\n\nVALOR CONTRATADO:\n\nR$ 2.472.266,40\n\nVALOR DA MEDIGAO ATUAL:\nSALDO A FATURAR:\n\nR$ 127.139,22\nR$ 0,00\n\n426 7/2 l0001-_54\n\n{ano Sodres Jorddo\nCREA/R\n\n.\n\n2007 108747\n\nS\n\n\nPrefeitura Municipal de Angra dos Roix\n\nProc.m\n\n130\n\n m_\n\n) Secretaria Municipal de Obras, Habitagao e Servigos Publicos\n;\n\nOrde}da_erg:p No\nACLIVE CONSTRUGOES\n\nS\n\n~s\n\nGerncia de Procedimentos e Gestao Administrativa\n\nFavorecido:\n\n\n\nPMR\n\nEstado do Rio de Janeirc\n\nN\n\n130/2010/S.0.H\n\n\n7\n\nLTDA\n\nOBRA DE REFORMA DA ESCOLA MUNICIPAL PEDRO SOARES,\n\n| Servigo:\n\ni\n\nMemorando:\n\nContrato:\nPrazo:\n\n.\n\ng\n\n089/2010 DE-17/11/10\n\n-\n\nValor:\n\n\n\n282/2010\n\nR$\n\n540 dias\n\n2.223.\n$2223.500,00\n\nEmpenho:\n\nLicitagdo/Modalidade:\n[\n\n.\n\n,\n\nBairro: PROVETA\n\n\'\n\n3699/2010\n\nJ08/2010/SAD.SSLC\n\nCONCORRENCIA\n\nPela presente Ordem de Servigo, fica afirma acime, autorizada a Iniciar os servigos acima\ndescritos os quais serdo executados de acordo com o engentisiro desta secretaria , abaixo\nfirmado, que exercera a fiscalizagao dos mesmos.\n\nA\n\n.\n\nAngra dos Reis,\n.\n\n7 3 de\n\n.\n\nL J\n\nAdriana Soares de Ofiveiza\n( /\nSubgecretsria de Ediicaghes\n\n.\nare\n\n-\n\n4\"7\'/0\n\nDe@orrdLo\n\net\n\nSubsecmtaro Competente\n\nsH E\nSS\n\nAN\n\nw\n\nSp@&\nSecretaria Mumc\' al de Obras\nSefficos Publicos\n\nMatr. 20844\n\no\na\\)a@o\n\noP@\\\\cos\n\ns\n\n007 108747\n/ REAIRJ 2\n\nQNSTRUGOES LTDA\nCNPJ 09426 728/0001-54\nCasstano Soafes Jordda\n\nCREA/RJ 2007 108747\n\n-\n\n:\n\n\'\n\n\n\ng\n\n.\n\n.\n\n.\n\n-\n\n.\n\npres\n\n8091/tO\n\nr..\n\n1322\n\n-\n\n.\n.\n\ni\n\n/\n\n\\\n\n.\n\n.\n\n.\n\nf\n\n)\n\nf\n\n.\n\n.\n.\n\n)\n\n\n\nAE\'\"\n. Bromenss ctsessimses r2\n\nA\n\n\n\n\n\nA\n\n-\n\n\n\n:\n\nt\n\n[l\n\n.\n\n[N\n\ne\nerumsseresy\nat D pweare\n\nv\n\n$o~,4_//zo\n\npPRCT\n\n:\n\n:\n\n.\n\no\nESTADO DO RIO DE JANEIRO\n\'PREFEI\'TURA MUNICIPAL DE ANGRA DOS REIS\n\n.\n\nCNPJ: 29. 172. 467/0001-09\n\n)\n((H e\n) /u\n?G ,\n\nL\n:\n\nIAss\n\n\\{\\,\n\n:\n\n_\n\nSECRETARIA MUNICIPAL DE OBRAS, HABITACAO E SERVIGOS PUBLICOS\nP\n\n000276 /2011\n\nN.\n\nEMPENHO\n\nDE\n\nNOTA\n\n/\nP\n\n .\n\nCLASSE: CONSTRUCAO E REFORMA DE PROPRIOS MUNICIPAIS\n\n-\n\n\" Data de Elaboragdo....:\nNiimero da Conta........ :\n\n~\n\n\n\n\n\n- CNPJ/CPF 09.426.728/0001-54\n\n.\n\nCREDOR : 26271 ,-ACLIVE CONSTRU(;C)ES LTDA\n.\nATUAGAO : PRESTACAO DE SERVICOS\nRECURSO : ORCAMENTARIO\nCLASSIFICAGAO : ESTIMATIVO\n\n1.485.115,00\n\n\"+ VALOR:\n\n-\n\n.\n\n03/01/2011\nN\n\nESPECIFICAGAO DA DESPESA 842\'-20.07.339039.12.361.0166.2.339.05.00\n20 -PODER EXECUTIVO\n:\n7 -SECRETARIA MUNICIPAL DE OBRAS HABITAGAO E SERVICGS PUBLICOS\n.\n339039 -OUTROS SERVICOS DE TERCEIROS - PESSOA JURIDlCA\n12. EDUCACAO\n361 -ENSINO FUNDAMENTAL 166 - IMPLANTAGAO E AMPLIACAO DE NOVAS UNIDADES EDUCA(,IONAIS\n\n.\n\n2339~ MANUTENCAO E CONSERVAGCAO DE UNIDADES ESCOLARES\'\n\' 5 SALARIO EDUCAGAO\n\n1.822.000,00\n\n-\n\nVALOR ORCADO\n\n.\nSALDO ANTERIORDAVERBA\n:\n\" VALOR DO EMPENHO .\nSALDO ATUAL DA DOTACAO\n\n\n\nPROCESSO:\n\n809172010\n\no\n\n.\n\n\n\nL4\n\nAN\n\n.\n\n,\n\n-\n\n1.485.115,00\n148511500 .\nY I\nI\n\n.\n\n:\nR\n\n\'\nHISTORICO DO EMPENHO:\nMIM 0024/2010/SOH REFERENTE A REEMPENHO DOSALDC DA NE; 3699/2010 E COMPL EMETO AO\' CONTRATO\n\n\'\n\n- N 089/2010 DA OBRA DE REFORMA DA ESCOLA MUNICIPAL PEDRO SOARES NO PROV:TA lLHA GRANDE ANGRA DOS REIS. PROC. 809|/2010\n\nFUNDO::\n\n\n\nPROCESSO\n\nLICITATORIO:\n\nCONTRATO\nMODALIDADE\nN/ \\\'05 _\n\nra de Controke Interng\n\nRESPONSAVEL\n\n\" Matr. 20452\nDv/ 634\n\n\n-\n\nREC\n\n:\n\n.j@\n\nOR\n\nris DESPESA\n\nELENIZE CAMBEIRO SANTANA\n\' &0\nS\"o.asae.ed Q,OW \'\nol\n\nReoeb(n)(emos) da PREFEITURA MUNICIPAL DE ANGRA\'L & REIS a importanciaacima especificada.\n-9\n/\n\nPagoem_\n\nN\n\n\'\n\ne\n\n)\n\n_\n\nv\n\n.\n\n.\n\n.\n\nN\n\n\'\n\nCredor\n\nte\n\n/\n\nSOH.\no\n\n.\n&\\ L\n\n6&\n\nG\n\nv\n\n\'\n\n.\n: : CONCORRENCIA PARA COMPRAS E SERVICOS\nJULGAMENTO: 2 - MENOR PRECO GLOBAL\n/2010\n008\n\nWsafegw%agmespegwdo desta\"Nota de EmPenho\n\nP/\n\n.\n\n)\n\n\\\n\n_\n\n!\n\nsaanlea |,\n\nPROC. W?\n\nA324 -\n\nFoL\n\nRELATORIO DIARIO DE OBRA\n\n~\n\nJoa\n\nCLIENTE: Q\\T\\\\\\AR\n\nMOTIVO:\n\nTEMPO\n\nlCJ\n\n\n\n.B\"Qx\\_m so\n\nAL\nS | som+\n\nDIA DA SEMANA\n\n\'\n\nPRAZO CONTRATUIAL\n\nDIAS DECORRIDOS\n\nPRORROGAGAO\n\nDIAS RESTANTES\n\nSy\n\nS\\\nFISCALlZAGi\\O\n\nCONTRATADA\n\n%\'&bmbo\n\ne,\n-\n\n.\n\nS\n\n|\n\n0N\n\n\\ -\n\nE {9% VACOY\n: :)2 (mm@\np\\km;&u\n\ne\n\n\\f&b\n\nN\n:LQ QR\n\n(RQ\n\n\\Y:D\'DJ\\ZQ#AZSL\n.:\n\n\n\\r(\\i(\\@\n\nws\\g@&\'\n\nSthense\n\nQ@(&;%\n\n\'\n\n- \\ Onlo;\nQ-&mb\\f}@ | (\\\\K ;j\\ji\\&!\\f\\t)\n\nR\n\nA\n\nl\\\n\nQ L SN\n\n\n\nDIAS D!\'EATRASO\n\nPRAZO EFETIVO\n\nDURAGAO\n\n\n\nRS\n\n\'\n\n\'\n\n-\n\nS\n\nQ4F\n\nQoo lq\n\ne Sooms\n\nCl/ CHUVA\n\n\n\n. .\n\nj\n\nW\n\n-\n\n7\n\n4\n\n/A\n:\nGOESHFOA\nT!\nACLIVE CONS\n0001-54\no 1 g 426 728/ [} L20\n) Kwsim\n_crEHR1 2007 10\n\nCONTRATADA\n..//\'\\\n\n\'\n\n\'\n\nL=\n\ney Iy\n\nPROC. N S0IL/Q....]\nFOLIA b N30\n\nRELATORIO DIARIO DE OBRA\n\n- | pata\n\n| cLiente: Pf(\\g\n\nNeLIVEAT\nT\n\'2\n\nIE:(E)I\\:\"PO\n\n(&3\n\n\n[ / cHuvA\n\nBRA @M\n\n,;.% Ql\' am@-\n\nDIA DA SEMANA\n\nM.\n\n&\n\nG QM&CQQD@&.\n\n&L\\%\n\nDIAS DECORRIDOS\n\nNEATUAL\n\n)\nPRORROGACAO\n\nDIAS RESTANTES\n\ni\n\n.\n\n<E | puragAo\n\n\n9y\n\nD\\Vg\\\n\nPRAZOS\n\nMOTIVO:\n\n. .\n\nVO\nPRAZOFET\n\nT\n\n.\n\nDIASDE ATRASO\n\nFISCAL|ZAC,AO o\n\nCONTRATADA\n\nST\n@@Qf@@&\n\n&QM\\MO\\\n\nA&\\@m )\\f\\\\(\\(z S\n\n._\n\n(C\\xm\\\\mm\n\nAN\n\n)\n\ne,\n\nA\n,\\-\":/\nNG\n\n\'y QUL\"\n,\"..\n\nT\'agm?{ % 7 R\ng@!n\ne (-r\n\nCONTRATADA\n\nFMIZAQAO\n\nT\n\n_\n\nRELATORIO DIARIO DE OBRA\n| cuente: PW\\R\n\nASHYE [ R\n.O\n\n\" TEMPO\n\ne  0 Beyio S\n\nMOTIVO\n\n< |\n<\n\nDIAS DECORRIDOS\n\n.\n\n=\n\nPRAZO (EjETI\'VO\n\nDIAS DE\'ATRASO\n\nQU\n\nCONTRATADA\nA\n\n|\n\nDIAS RESTANTES\n.\n\nT\n\n/QO-L&\n\n[S0dE | 99\nPRORROGAGAO -\n\nDURAGAO\n\no\n\n1 Q\n\n4o\n\n[ / cHuva\n\n\n\nI\nDIA DA SEMANA\n\nPRAZO,CONTR\'ATUAL\n\nS | X som\n\n\nDATA\n\nFISCALIZAGAO\n\nQ.\n\nPROG. 4 8094 110..._\n\n-\n\nFOLIe: \'\nRt\n\n_a\n\n43486\n>\n-\n\n\\(\\i\\\\k\\\'\\ AN\n\n|\n\n:\n\n-\n\nAcuvl./ON\nGogs LTOA\n09 aml\n=54\n\nC\n\nAIRJ 206108125\n\nCONTRATADA\n\n-\n\nF|SCAL|ZA!;7\\0\n\n:\n\nRELATRIO DIARIO DE OBRA\nCL\'ENTE\n\nACLIVE\n\nREiE\n\n\np(g\\g&\n\n=AY @z,c\\v\\@ C@g&x\n\nMOTIVO:\n\nQl &@j\n-\n\n[J / cHuva\n\nAN\n\nST\n\n&1@3\n\nPRORROGAGAO -\n\nDIAS RESTANTES\n.\n\nDURAGAO\n\nPRAZO EFETIVO\n\no\n\n\n\nL\\Q\n\nB\n\n.\n\nCONTRATADA\n\n-\n\nFISCALIZAGAO\n\nQmiklmo_\n\nPROGC\n\nDugs_px:s ATRASO\n\n|\n\n8.055_4 7.//0._. i\n\n13 C: o\n\n.\'/)3,2,4....\"\".-\n\n~\n\n\\\nQ&@:g %g@\n\nQe\n\ndno\n\n)\n\n.\'xc\\\\i\\(\\acccix{Qn\n\nACLI\n\n\'\n\nc\n-\n\nCONSI\n\npJ. 09\n\no\n\n\n\n\'\n\nES LTDA\n728/ 001\n\nSpares ]\n\nCRE\n\n. cul\nR\nT e g 0. A O\nCONTRATADA\n\n\";\"\'FlSCp(ZAgAO\n\n|\n\'\n\nPRAZO SL\\Q\nCONTRATUAL | | DIAS DECORRIDOS |\n\n-\n\n\n\n16\n\nDIADASEMANA\n\n[osma @mmg\n\n<o\' || & Tempo\nsom\n\n- | para\n\noo\n\n\'/\n\nRELATORIO DIARIO DE OBRA\n\n#\n\nCLIENTE PW\\QR\n\nZALA EEM\\ND\n\nSt\nlo\' |\n\n\'S\n\n93 Q)@am\': M, Q@);\\@ C)@m, T%\n\n\nMOTIVO\n\nTEMPO\n\n:\n\n|Isom\n\n\n\ne\n\nQ.L\n\nL 351\n\n|PrAZO SonTRATUAL | S1AS 222CRR DoS\n\nSio\n\nXl / cHuva\n\na\n\nPURAGAO\n\nPRCRICGAGAD -\n\nDIS REZTANTES\n\nPRAZCEFETVG\n\nDIAZ CE ATRASD\n\nH\n\n-\n\nS\n\nCONTRATADA\n\nPR\n\nO\n\nNa&Rla\nQ@&@:m@ Y\n.\n\n\\dq @/\\Q}\\\n\n~\n\n\\\n\n.\n\n-\n\nRn2 4 1\"{{\"\n\n439y\n\n.\n\nl\n\n\n\n7:\n\n/|\n\nA\n\nOy\n09478\nNP8\nares T2ZBIORTSJoeo\n\n\n\nU;;{AIRJW\'?\n.\n\n-\n\n. CONTRATADA\n\n;\n]\n\nA\n\n=~\n\n|\n\nF|SCALIIZAQ AO\n\nd WN;MR\\Q\n\n-~\n\n\n\n.-\n\nFisEuzAgo\n\n1\n\n|}\n\nJ\n\n |\n\n76t\nO_EQ\n\nR\n\n-\n\n|\n\nN/\n\n|RELATGRIO DIARIO DE OBRA\nCLIENTE\n\n@mg\n\n\"\n\ng\n\nMOTIVO:\n\nA5, O/ Sald\n\nJla SA SEMANA\n\nACLIVE\n\no)\n\n\' DATA\n\nQ\n\ncowerivear: | OBRA Qo\\(m\\m%\nTEMPO\nX\n.\nO | ] BOM\n[J crcHuva\n5N\n\n-\n\n,j\n\nT\n\nfw\n\n-\n\n|FL\n\nShaaale, | 959\n\nQo_gg RS AR\n\n.\n\nPRAZO COR MTRATUSL\n\nDURAGAO\n\n_\n\nDieS RESTANTES\n\"\n\nFRAZO ZFETWVS\n5\\! t:, .\n\no\n\nCONTRATADA\n\n|\n\nPR \':.\n\ngn%/#?\n\nN\n\n- >\n\nALY\n\n@&@,gigb\n\nacios\n\ne\nCONTRATADA\n\nCIaS DE ATRASC\n\nFISCALIZAGAO\n\n\\\\\\@\\@\nPxml\n\n| DASDECGAR DOS\n\nLoy\nPRCRROZAGAC\n/\n\n-\n\n\\/u\n\nFnsc\\AtliA(;AO\n\n,\n\nBN\n\nI\n.2\n\nS\n\nN\n\nDrm AR\n\nBm@lm L A\nTEMPO\n\np@/\\m S oover,\n\nMOTIVO.\n\nJBom\n\nN\n\nDIAS CESCRFIZOS\n\n A\n\n3 A3RIZIANTES n\n1\n\nDURACAO\n\ns\n\n&q&\nF20ZRCGATAC\n\n.\n\n\n<\n\n\"D\n\nFREZC :J;DiNTI?QTLI_}\\L\n\n7] / cHuva\n\n-\n\ng\n\nDid D4 ST AAA\n\n_O\'\n\n| cuene:\n\nDaTa:\n\n.gc\n\nRELATORIO DIARIO DE OBRA\n\nFRAZO EFETIVD\nR\n\n!:; D STRASC\nTR\n\n249\n\nCONTRATADA\n\n.\n\nFISCALIZAGAO\n\n\n\nY\n\n7RO\n\nA\n\n)\nONSIROGOES\n\nACQVEC\nmm\nN\n(i_\n\nSoares\nonl\n\n1082\n\nLTDA\n54\nrddo\n\n-CREAIKJLN\n\n1\n\n\'\n\n\n\n:l\n\nB\n\ni l wg S0\n\nCONTRATADA\n\nTHRAD FC\n\n_;\n\nff\\q\'\n\n5 J:-\"\n\nA\nol\n\ni \'3 7Y\nFlsc,&LLZAcAo\n\n-\n\n|\n]\n\nLE;\n\n33\n\nl\n\nY\n\'2.\n\nT\n\nNy\n\n\\.:1.\n\n1 fig gl\no\n\nANEN;\n\nn\n\nP\\\\N\\SI\n\nRELATORIO DIARIO DE OBRA__\n| cuiente: @m\n\nACLIVE\nIO\' \'\n\nQR\n\noBrA; L% \\m\\m =\n\nCONSTRUGCOES\n\n- | bATA8,0 Ql @Q@\nDIA DA SEMANA\n\nQ@AQ\n\n|Senste,\n\nC\\@QM\n\nYO\n\n.\n\n-1\n\nDURAGAO\n\n\n\n&\n\nCONTRATADA\n\n|\n\nSHO\n\n\n\nFISCALIZAGAO\nPROL. ! Bo 0.\nP\n\n_f,\\.(._.._...\n\n@&(@J[},&Q\n\n&)\n\n/]\n\nViovelena\n\nQi\n\nG\n\nS\n\n~\n\n7\n.\n\n.| DIAS DI:EATRASO\n\nPRAZOEFETIVO\n\nLislune (orods\n\nN\n\nDIAS RESTANTES\n\nPRORROGAGAO -\n\n] c/ cHuvAa\n\n\n\nS5\n\nPRAZO CONTRATUAL | DIAS DECORRIDOS\n\nMOTIVO\n\n TEMPO\n\nS | i1 som\n\nN\n\nl\n\nGR\n\n/\n\n!\n\nP\n.\n\nCONTRATADA\n\n-,\n\ntnrtl)\n\nM.\n\nSC(J-\n\nke\np\n\n {\"\n\n.\'3\"\"3\"7\n\n\'FISCALIZAGAO\n\ne\n\n:\n\n|\n\nRELATORIO DIARIO DE OBRA\nCLIENTE\n\nACLIVE\n\nCoNsTRUGOES\no|\n\nDATA\n\n__B_/Ol\nM\n\n@X&\\R&\n\nm\n\nDIA DA SEMANA\n\nE\n\n\\\'\\[\\ QQQ\\\\))\\@\n\n\' M\n\nTtEMPO\n\nPRAZ\n\nS|geom\n\n\n% C/ CHUVA\n\n5\n\nDURAGAO\n\n=5\n2\n\n|\n\no\n\n.\n\n&&\n\nNTRATUAL | DIAS DECORRIDOS\n\n0L\\Q |\n\nPRORROGAGAO\n\nCONTRATADA\n\nDIAS RESTANTES\n\n_\nPRAZQEFETNVO\n\n|\n\n.\n\n| DiAS DE ATRASO\n\ns\n\nFISCALIZAGAO\n\nSRR\n\nPROC\n\nv goaslte|\n\nFOLbee o B8\nol\n\nDo\n\nM\n\nAss.\n\nPy\n\nB\nA ae sy\n\n\n\ni EQ\'J\n~ CONTRATADA\n\n\'\n\no\n\npeyertsU\nR\n\nHMZAQAO\n\n\'-\n\net\nCamird\nsunirme\nst\n\nRELATORIO ARIODEOBRA\nDIARIO DEOBRA\n@Q&\\Q&m\nOBRAMOTIVO:\nST\n\' TE_MPO\n12\'_\ng_\n\n< |\n\n[\n\nPy\n\n|\n\n|\nCONTRATADA\n\n\'\n\nL\n\n@f@wa%g@\n\nSUQ \'\n\nke8034//70 T\n\noo\n\nS\n\nR\n\n\\Q\" Qe\n\nACLIVE\n\n.\n\n.\n\n.\n\n\n\n-\n\n(assigho Soares ] rddo\nArerR\nCRERRY12007 108747\n\n.\n\n.\n\n-\n\nCONSJRUGOFSTTDR\n\nondd_0a 458 728/0001-54\n\n7\n\n/\n\nTt1;9{39 ek \' s\nu.\n\n~ CONTRATADA\n\n.\n\n,...\'}};i...:i (_%} ;,...:::;z:*:..:.i\n\n-\n\nQo\n\n,\n\nD|AS DEATRASO\n\nEFETIVO\n\nB u\n\nrggm@wam\n\n.\n\n\nF ISCALIZACIT\\O\n\n,\n\nNAO\n\nM(RXQ&\n\nDIAS RESTANTES\n\ns\n\nPRAZO\n\ni\n\no\n\nPim\\\n\nSHo-\n\npuragAo\n\'\n\nDIAS DECORRIDOS\n\nPRORROGAGAO\n\no\n\nv\n\ngs\n\nOb{@\\\nPRAZO CONTRATUAL\n\n:\n\n;\n.\n\nB\n\ncicHuva\n\ne\n\nXAVpa&\\f\\@ Emm,\n\nP\n\n\n\nX BOM\n\n0w @ ,bl @m& i\n\'\n\nD\n\n_\nACLIVE |ouar PINRR\n\'O\'|\n\n]\n\nE\n\n-\n\n.\n\n\'\n\nqL\n\n,\n\nLo\n\n/\n\nFlsc\\AZ?\\c;Ao :\n\nRELATRIO DIARIO DE OBRA\nCLIENTE\n\nP\\;\\R\n\n.\n\n.\n\n\\\n\ng\n\n& TEMPO\nBom\n[\n\n5\n\nOBRA\n\nmm\n\nMOTIVO:\n\n_\n\nl cHuva\n\n\n\n|\n\n@\n\ne\n\n\\\\T&\n\n&5$\n.\n\nPRAZO CONTRATUAL\n| DIAS DECORRIDOS\nSUO\n\n\n\n\'\n\n.\n\n&M&\nT-\n\n|\n.\n\n.\n\n|\n\n\\\\,\\\n\n.\n\n.\n\nDURAGAO\n\no\n\nE\n\n\'\n\nDIADASEMANA\n\nACLIVE\nCONSTRUGCOES\n\n2Ol\n\n| oA\n\n4\n\n|\n\n:\n\nPRORROGAGAO\n\nDIAS RESTANTES\n\nPRAZO EFETIVOe DIAS DE\'ATRASO\n\n|\n\nYO\n\nCONTRATADA\n\n|\n\nFISCALIZACAO\n\nT\n\n-\n\nPROC, MO gow//o\n\n\'&WQQ\n\nQAo\n\num\\:;\\}g\\\\@&\n\nc\n\'\n\n\n\nJ 09 42\n\n\n\n.\n\nQo\n\nl_,\nStengod\n\n\" G-\n\n--7m<_.-\n\n:\n\nES LTDA\n23/1 54\n\n:\n\n\n\no\n\nnnf(\n\n:\n\n.\n\n-\n\n]\n/\n\n\n\n~\n.\n\n-\n\nM.\n\n.\nv\n\nC))00/1{\"\\7\nA\n\nThizon !1 e PRl\net\n\nCONTRATADA\n\n- -\n\n-\n\n\'\n\n/\n\nFIS(SA_ IZAGAO\n\n-\n\nR\n\n-\n\nRELATORIO DIARIO DE OBRA\n\n|\n\nDATA\n\n@& @m@f\n&&/\n\n| cuente: @\\%R\n\nA\n\n[R\n\nACLIVE\nTEMPO\nBOM\n\n\n\n[J / cHuvA\n\n| DIAS DECORRIDOS|\nPRAZO.CONTRATUAL\n.\n(5&\\0\n\nMOTIVO:\n\nDIAS RESTANTES\n\nPRORROGAGAO\n\nd\n\n.\n\ng\n\nDURACA_O\n\nRAZO\n\n.\'\n\n\n\nPROC, M 8034/4Q-m-\n\n,\n\n2y Baco.\n\nA\n\nMY RO,\n\n/)23:7..\n\';\nH\n3)\n:H\n\ni\n@\n\n.\n\nDIAS DE\'ATRASO\n\nFISCALIZAGAO\n\nCONTRATADA\n\n\n.\n\nOWO\n\n~\n\n|\n\na\n\nEFFTIVO\n\nAM@%LAQ_@@\\&\n\n/\n\nR\n\nsTon\nAGLIVEPJ coy(2%01UM\n((:Nasil\n\n0\n\nQafFJJOT\n\n0\n\n!\n;\n]\n\nCratO3o\nA f-fg f\n\nU\\ uuv.._.\n\nARG\n\nPk\n\nel\n_\n\nr_\',:\n(h( \'\\\n\nCONTRATADA\n\n,\'{\n\nFtsbA(UZA(;Ao\n\n|\n\n-....\n\nm\n\nEw Gdis Seows [Padle\n\n9%Q,%\n\nf\n\no\n\n,5\n\nDIA DA SEMANA\n\na\n\nr\n\n\n\n\'\n\nRELATORIO DIARIO DE OBRA\n| CLIENTE\n\nM\\AR\n\n-\n\nACLIVE\n\no\n\n4 o\n|0BoM\n\n\n\n._ C/ CHUVA\n\n|\ng\n\n\'\n\n.\n\nPRAZQC??\\.ITRATUALVDIAS DECORRIDOS\n\nSlo\nPRORROGAGAO\n\nv\n\n_\n\no\n\nDIAS RESTANTES\n\n*\n\n:\n\'\n\'\nDIAS DE\'ATRASO\n\nPRAZO EFETIVO\n\nDURACAO\n\nSYUo\n\n.\n\no\n\nCONTRATADA\n\nFISCALIZAGI\\O\n\n,\n\nL\n\n\n\n\'\n\nPROC 1o $094 D\n\nCulTing\n\nM\n\n&m\\@\'f\\?\n\nR\n\n\'\n\nI=e\n\ni\n\n-\n\nM\n\n. -\n\net 50\n\n-\n\n_\n\no\n\n33_/QH\n\nDIADASEMANA\n\n\n\n:\n\ns\n\nMOTIVO\n\n\' TEMPO\n\no\n\nE. N\\ Q}\\@ %?)%\n\nAGLRLE | oona %mm\ng\n\n| pATA\n\nI\n\no, Ohna\n\naogs\\_\\\'Di\\\n\nRCEH\n\n;ONZG 77BI0po o4\n\n__CNRJ\n\n7 SoareSL}Yfmo\n\nR\n\n\n\nL\n\n\'\n.\n\n\n\n.\n\no\n\n\'\n\n\n\n46%_\n\n| \\\n\n:\n\n.\n\'\n\n:\n\n.\n.\n\n/\n\n/\n\nr:.\':.L\n\nCONTRATADA\n\nS\n\nkd_seAUZA(;Ao\n\n\\\n\n\n\nD|ADASEMANA\n\n\'CLIENTE: \'\\DW\\% R\n\nACLIVE\ne\n\nOBRA km,\\mm\\@{ F N\\\n\n| \'&6_0\nPRAZO CONTRATUAL | DIAS DECORRIDOS\n\nSHo\n\nS IR som\nD\n\ng\n\nL\n\n%&M\n\nMOTIVO\n\n\" TEMPO\n\ne\n\n3090 @ma\'\n\nDATA\n\nRELATORIO DIARIO DE OBRA\n\nDIAS RESTANTES\n\nPRORROGAGAO\n\nC/ CHUVA\n\n\n\n-\n\n<% | ouragho.\n\n.\n\nPRAZO EFETIVO\n\nS\n\nDIAS DE ATRASO\n\nSE\\Q\n\na\n\nFlSCALlZA(;Ao\n\nCONTRATADA\nQ@\\&\\)@%x\n\nQAo\n\n|\n\nPRI, M 8094/40\n\nG\\N\\o\\\n\nAlone\n;\n\nAN\n\ns\n\n\\ -\n\ng\n\n.\n\nI\n\nN\n|\n\n/\n\nB\n~\n\n\n\nACLIVE S\n\nCNP)\n\n/\n\nES LTDA\n-54\n0001\n728\\\n942\n\nCasshangSonres\n\ni w\n\n- CREH\n\n\'\n\nT;;mr JiE c\\ Siling pie e\nLx\n\nL\\\n\ntCH (\"(\n\nCONTRATADA\n\nTR\n\ne\n\n3\n\n.\n\nTRELATORIO DIARIO DE OBRA\ng\nCLIENTE:\n\nOBRA\n\ncoNsTRUGOES\n\n\n=\n\ng\n\nR\n\nPO\nTEM\nBOM\n[] c/ CHUVA\n\n@\n\n(m_gf\\/\\\n\n%)\\Q\n\n\'\n\nMOTIVO\n\n\'\n\n.\n\n.\n\n\n\no\n\n-\n\n.\n\n-\n\nACLIVE\no]\n,g\n\nR0\n\n@\n\nEE\n\n-\n\n/\nm\nDIA DA SEMANA\n\n,\n\no\n\no\n\n)\n\n.\n\n%QYQ\n\nMQ@\n\nQu\\S\\e\n\n%l\n\nRATUAL | DIAS DECORRIDOS\nCONTO\nJPrRAZO SL|\nPRORROGAGAO\n\nDIAS RESTANTES\n\nPRAZO EFETIVO\n\nDIAS DE ATRASO\n\n\n\ni\n\ni\n\nQYo\n\nDURAGAO\n\n=\n\n\'\n\n\"\n\n\\\n\nCONTRATADA\n\n.\n\nEISCALIZA(}AO\n\nPROC + 8094100 - |\n\nAo_Swa\n\n|\n\n\'\n\nFOLeA .\n\nJ9RY\n\n)\nNreyeo (B\n\n.\n\n.\n\nT\'ro e\n\nT\n\nCONTRATADA\n\nHsCAUZAQAo\n\n\':l-\n\n\"\n\n~\n\ng\n\nS\n\ne\n\nR\n\nS | & BOM\n\ng\n\n1M\n\nM. QQQ\\/\\QM\nA\n\nPRORROGAGAO\n\nDIAS RESTANTES\n\nEFETIVO\n\nDIAS DE ATRASO\n\n-\n\n|\n\nPRAZO\ng\n\nDURAGAO\n\nQ.mi\\a_lg\n\n.+\n\noo\n\nda\n\n\'\n\nFlSCALlZAQAO\n\nCONTRATADA\n\nP\n\n.\n\ngeags\n\nkAN\n\nLT\n\nT\n\n| 99\n\n4339\n\nAss.: ___Q)\n\ni \"%m*as.a-._-ew E\n\n9\\\\7\\\\;\\ ANO,\n\n\\\n\n|\n\nYRR R\n\n|\n\noSecorae o Tolon\n\n|\n|\n\n,\n\nSUo\n\n-\n\nA\n\n-\n\nDIAS DECORRIDOS\n\nCONTRATUAL\n\nS40\n\n:\n\n:\n\n/ chuva\n\n@6@/\n\n_ M@\\\nPRAZO\n\n| motivo:\n\n_TEMPO\n\nQ|\n\n\n\nOBM:@mwm\n\nAR\n\n. |FL\n\nDIADASEMANA\n\nv\n\npg\'\\ QR\n\nCLIENTE:\n\no) /m|\n\n . | oama ol\n\n\' O DIARIOoy DE i OBRA\nTor\nRELATORI\n\n=\n\n\n\n|\n\nT4\nACM COMQOEW\nnnnnnnnnn\nCrssidho Soares\nCREAIRT\n\nI/\n\n,\n\n\'\n\nJordd\n\n2007 ToaTes\n\n\n\nCONTRATADA\n\n\'FISCALIZAGAO\n\n|l\n:\n\nK]\nt\n\nCt\n\n*,\n\n.\n\nACLIVE\n\nL\n\nCLIENTE:\n\npata\n\n03/_&@_1&\n\n@m&(l\n\nDIA DA SEMANA\n\ng\n\no\n\n[\n\n.\n\nPRAZO CONTRATUAL\n\nMOTlVO\n\nDIAS DECORRIDOS\n\nJolXla\n\n\'S |som\ng\n\n.\n\nBRA &;@QXny(xs;;E EE W <E;SM\\5 EE5>n%g; \'QLAXNE\n\nTEMPO\n\nRO\n\n|\n\nRELATORIO DIARIO DE OBRA\n\n/ cHuvA\nDURAGAO\n\nPRORROGAGAC\n\nDIAS RESTANTES\n\nPRAZO EFETIVO\n\nDIAS D:E\'ATRASO\n\n|\n\nSUo\n\n1\n\nFISCALIZAQI\\O\n\nCONTRATADA\n\n\'\n\n\'F\"f-\'zo . .. ,?!51./\'_1\")\n\nQ&m\\-\\\n\nISESSNeht=teY\n\nQ\n\n1240\n\nFOL\n\n.\n\nAo\n\nS,\n\nJEET Y\n\n-\n\nN\n\n//; _\nACTIVE\n\nCNP\n\nf ucOES\nLTDA\n\n6726\n\n/\n|\n\n1000454\n\n/\n\n_\'0(,aSsunw 56 \':\nTAl\nsna\nT\nIR\nCREA\n\n4;\n\n[tiaa\nt\n\nCONTRATADA\n\nL\n\nv\'.\n\n[0 ( A\np-\'-\\;\n\n)\n\n]\n\n:\n\'FISCALIZAGAO\n\n.\n\n-\n\nv\n\n!\n\nRELATORIO DIARIO DE OBRA\nCLIENTE\n\nACLIVE\nCONSTRUGCOES\n\n(@]\n\n>\n\n.\n\nCADASIMANG\n\nN\n\nQ&QA@Ty\n\nFRZC\ns\n\no\n\n\n\nDURAGAC\n\n|FL\n\n|\n\nCONTRATUSL\n\n\n\n[  cHuva\n\n-\n\n.\n\n_Sola\n\nMoTIVO:\n\n- o | X] BOM\n\n\nW\\Q\\Q\n\noBRA: @MC\n\nTEMPO\n\no874\n\n-~\n\n)\n\n| D aS DECORE 003\n<\n\nPROFRGEACAD\n\n2ASRESTARTES\n\n.\nPRAZZ EFETIVC\n\no\n\n| 14S CE ATR&SD\n\nSLOY\n\nCONTRATADA\n\nFISCALIZAGAO\n\n\\\n\nQ;;@Sm\n.\n\n,\n\n-\n\noo,\n\nQo\n\nN\n\n\\\n2o\n\n\'\nSo.\n\n/\nLEA A\n\nFAC(L-B,:?\n\n.\n\n;if:\"\\lw\'z. 7\n\nRN\n\n\",:\"\"\"--?,_\n\n.\n\n.\n\ne\n\n=L,\n\ni\n\nFCq!\"ic\n\ni 2\n\n\\\n\n]\n\n)\n\n\\\n:\n\nI\n\nR:\n\n.i\n\ne\n\n\\\n\\\nlt\n\ni\n\nB\ni\ni\n\n-\n\ne\nikDA\nACLIVE\\ congx@gj\'\nCNPJ\n\n|\n\n\n\'\n\n09 4%\\;,\n\n{ assiano\n\nJoraa\n\n,\n\nTUOTH\nCREA/RS 2007\n\n|\n\no\n-}\n\n[\n\n/\n-/\n\nCONTRATADA\n\n3\n\nFISCAIZ&CAD\n\ne\n\no\n\ne\n\n)\n\nL\n\n.\n\n[\n\n)\n\nPRI\n\n:\n\nENRURA MURICDY,IANG\nALTOS\n, Covtontzd\nagioGrss) da Hunisipi RIA\n\n]\n\nRt\n\nFolbaw?\n\n41343 .%\n\n\n,\nNovme da Ewpresas\n\nKipro da Yicsposs\n\nU\n\nEOABULARIO 72 AT\nX\n\nIInlthida Adminisimiivas\n\nJsorvige\n\n{\n\nJcimpsa () convEnia\n\nSOT\n\n(\n\n) silvengiio 4) abrad/senyighs da cogeahes)\n\nEnpecho: A0 /:@M.\n\n]\nSim_\n\n______\n\ncom hase nas condisties ponfmiydas?\n\naain figen] rofeenicg compr\n\n-\n\nt\n\ns\n\nT Dramte\n.\n1) Consta o Jocummento Soprabasdia 1 despesanotas\nseals, 2ncibos o dempustatives?\nA\n)\n:\n) A docunientaggo (falue, Tolhe do medlpHo, notg fizcal)\n=6 neestada, por Teelo menos dois\nstaryi fores, quo pfia b ordensthordg despesa, mypansfvei\ns pole resshimeaio/fisealizaghe do\n3} A\n\n.\n\nDA LIQUIBACAD 4, DESPESA.\nIS\n\n{/ll}(J\n\n\n\n4\n\nProcesso i ML/Q\n\nN\n| HEe aplicaiel\n\n1%\n\n)\n\n.\n\n_\n\ndarnsicdsl de consume ou malogal perminenic\nToi\n\n.\n\nAloslada pelo setor esporsivel (almaxedt do\non palsimiindo)?\n\nL]\n\n.\n4) B favocosido danois, do empenho 6 0 mesmn e 0 efhitenic da\ndeewrionto comprobalftio?\n\nsonbalial estdio jufbomacos?\nB} O (us) crpenho (08) posset {em) saldo o progremasAs fnanccim no mes\nog Ak o mes de\n| JTquidacha da despesa?\nL\n:\n\n.\n\nX\n\n*\n\nX\n\n) A nnfureeadz despesa  campaifvel com n desei\ngio.dhy servigd oy meatonn] dosmits no\n| cotpo 9o doctmento?\n* \"\n.\n&) Vonds =orvisly quo & despesa & aproprnda pelo\nrogme de Corpettntin, u perfodo a gue s\nrefere A deapesa evid, correlo?\n\'\n_\n7) Q B0, 0 wiintexo  o ano Ao instumicto\n\nreconhesimconto dy divida?\n\n\n\n4\n\n\'\n\n3) Yo cusa de despess,da excrcicgo Bptedor DR Tosor\nile\n2w roslos mpagar, houve\n\nS\n\nX\nX\n\nY\n&\n:\n\n.\n\n\")(\n\n-\n\n-\n\n16) Ma entcep\ndn mlevi\nn.al, presiago de servige, setvigo do engenbesh\nou glias pn dosacordo\ncon. o mfrzsl\'asiu, forenms tomadas B:mtflidas\nedminisiativas moyistasoo cotitein/Tepislagia?\n\n_\n\n11} Os dados cadashmis esifio atuahzados no SIOWT\n\ni\n\n)/\n\n-\n\n12y Nos cor de smvigos Eresiados por 2uBromos o3 ROGCOTT\nemUYes, Tol cfejundo o edicrilo\n 0.conitale fo valor para o renolifiomcio des obzlgnges\npaltorals?\n3742 Cnonos\nstz\nsubos do processo 2 Ordeado Servigo & 5 Noin de Reccbi\nmenio do Sevigo?\n14 Mo casy dcmmr.alnnumzag o coatra\npem tad\ndescorleo 12 pagsmento O Tatugy?\n15) Oz reajustz de pregos Tormm caleuiados copfonve previsgn\ncontpiual, espeoialments\n,\nwania an ndics de egjuste?\n\n-\n\n16) Forarn coifidos os-empenfos parm, 05 Teajusles coptmiuals?\n17} Nas aliempiics das quantidaes fos fons coastanics do orgrmen\nto Ay nbrs ou servigo g\n\n|capenbasin fii observado o Bmite contmial?\n.\n18) O fnturmcoio das olwigagies pa~chaluicilc crmpndas, 17 tasd (o Tostiais nastgivel do\nconleAto] estispaldado por laude da Comissio Especial desigeade paraver\nificagia?\n\nb\n\n9) Tedes us campasdo documento Reqisigae e Didoa enconlraurse devidamed\niin\nTrecnchidey?\n_\n20) & chlonlo da didriso] clithuzdy doacoxk com o nomwsg coneessio?\n\n\'\n\n21) Rara JikemeHo doparcele da conyoHisubvencae, ApCSIRCES fn coniasda (5) purboin ()\nanteir (g8) o spreseniasda & aprovada coxfiome 3 tibslestitne Tema do\nConyEuio/Subyengiol?\n\'\n\n223 5. ibzmgin dapareela do convnfo/sobvengTo estdo Bpwdo comLo Cronogramade\n\nDosembolso pra compdmentn das ctapas ou fse provisis?\n.\nCONTBOLE\n\n.\nINTERNG\n\nX\n.\n\nA\n\n]\n\n\n\n-\n\n:\n\nDECLARNIAG DE CONFORRMIDARE,\n\nB Fice: da andlise procedide, DECLARAMOS\n\ngue sstabeleco s legislagEp perbnents & em cspecial 1 Lo\n10122009, s0b yrena do resporsabilidads solid4dn, o\n\nMEQRMIDADE dla pressule tespesa, do apordo COm D\nU 4320764, 2 Tei o B.6A693 e 2 L] Compldneniar i\nestebeleditla no arilpa 74 da Copstifnigge(d Frdeal.\n\nmspnnsTWnwlc e\n\n(F\n\nV b/\n\nu;\n\n.\n\n.\n\n]\n\n-\n\n.\n\n\'\n\nESTADO DO RIO DE JANEIRO\n\nPMAR\n\noroe N 8097/ Goto\n\nPREFEITURA MUNICIPAL DE ANGRA DOS REIS [ ..~ .~\nPAPELETA DE ACOMPANHAMENTO\n\n;23\n\nDespacha e Encaminhamento\n\n0l dx \n\n4G m\n\nbugue NEew 074 (K% 123 735 23), pdid /Z@,wmm.\n%{df :Hlo L\n\nObs.: Utilizar novo formulario somente quando este estiver :otsimente preenchido\n\n-\n\n<\n\nPREFEITURA MUNICIPAL DE ANGRA DOS REIS\nData:\n\n22/03/2012\n\nBanco:\n\n1\n\nConta:\n\nAutorizagaode Dbito - CREDITOEM CONTA . = ..~\nNume-o:\n\nBANCO DO BRASIL SA.\n28047\n\nx\n\n12277\n\nNumero Pagto:\n\n1579\n\n.\n\nB. BRASIL-FNDE\nSALARIO\nEDUCAGAO\n\nTipo\n\nVINCULADA\nBANCO OFICIAL\nA ser creditado\n\nNome Credor\n\nCNPJ/ CPF\n\nACLIVE CONSTRUGOES LTDA\n\n09.426.728/0001-54\n\nNF\n\n94\n\nitem\n\n1\n\nDocumento\n\nOP:2055\n\nBanco/Agncla/Conta Bancaria\n\nNProc.\n\n8091/2010\n\n399/ 1508/0110574\nVirBruto\n\nValor\n\n127.139,22\n\n123.197,92\n\nSub-Total..........\n\nR$\n\n123.197,92\n\nTotal...ovueeeerreenns\n\nR$\n\n123.197,92\n\ne\n\nGIAP\n\n/OF74131 - 22/03/2012 - 09:52:17\n\ns A\n\nA rasa AR\n\nAlterado 27/06/2007 15:34 .\n\n137\n\n%4 0F49300\n- Cadastro de Pessoas\n\n. Cadastro de Pessoas\nAtivo\n\n- T\n{ Tipo de Servigo:\n\nDocumento\n\n\"Pegso0a\n; (jFisica\n\nT\n\nT\n\ne\n\nSG R R\n\n}\nT\n\nreyd\n\nIO}\n\n_JCNPy [p3.42 726000184\n\ne\n\n4 Banco\n\nNome\n\n399}\n_][Hbc\nI\'E5\nBANK BRASIL\n5.4, - BANCO MULTIPLO\no\no\ne\n\nDigito Tipo da Corta\n\n0110_5_]L7_f_J[,..,\n; Situagdo de Conta\n\ni| {atve\n\n[;j\n\nYT\n\ns,\n\nL\n\n\n.\n\nN\n\n)\n\n)\n\n9\n\nESTADO DO RIO DE JANEIRO\n\nA\n\n.\n\n?3 %q\n\n] Q_QK)\n\nPREFEITURA MUNICIPAL DE ANGRA DO4 Reas #\nCONTROLADORIA GERAL DO MUNICIPIO\n woina\n\nORDEMDE\n\nPAGAMENTO\n\nNGMero...........oovveeeee D N\n\nORCAMENTARIA\n\n\"\n\ni\n\ne\n\nRZOSETIO2\n\nData de Emissao....... :\n\n16/03/2012\n\nData de Vericimento.\n\n20/03/2012\n\n:\n\nValor......ccouviiveenrunnnns :\n\nT\n\n127.139,22\n\nCREDOR\nCNPJ /| CPF\n\n:026271 - ACLIVE CONSTRUGOES LTDA\n:09.426.728/0001-54\n\nDESCRIGAO\n\n: REFORMA DA ESCOLA MUNICIPAL PEDRO SOARES ~ PROVETA - ILHA GRANDE - ANGRA DOS REIS.\nmed 142 per 07/01/2012 a 05/02/2012 NFE 94/2012 PROC. 8091/2010\n\nDOTAGAO\n\nEMPENHO / ANO\n\nPROCESSO\n\n10072012\n\n8091/2910\n\n20.07.339039.12.361.0166.2.339.05.00\n\nFONTE\nRubrica\n75\n\nValor Empenhado\n\nVALOR EM O.P.\n\n328.779,00\n\nSALDO\n\nATUAL\n\n328.779,00\n\n0,00\n\n: SALARIO EDUCAGAO\nEspecificagdo\nIss\n\n602\n\n.\n\nValor\n3.814,17\n\n-\n\nI.N.S.S. Retidos De-Empresas\n\n-\n\n127,13\n\nNird)\nr@e@(arques\nISTRATWO\n\nANGRA DOS REIS, 16\n\nLir\n\nARCO/\n\n-t\n\n:\n\nDE 2012\n\n{? %EROZ\n\n.\n\nRESPONSAVEL : PREFEITURA MUNICIPAL DE ANGRA DOS\nREIS\n\nRECIBO\n\nRECEBI(EMOS) DA PFFEi /u RIUNICIPAL DE ANGRA DOS REIS, A IMPORTANCIA ESPECIFICADA ABAIXO:\nOP e\n\n. Re>\n\nDESCONTO........... . RS\nLiQuipo................\n\nR$\n\n127.139,22\n3.941,30\n\n/\n\n123.197,92\n\n)\n}\n\nDOC IDENTIDADE :\nASSINATURA :\n\n. CPF:\n\n:\n\n<}\n\n:\n\n,i\n:3]\n\n/\n\n9\\!\n\nPAGO EMjg_/__Qf_._&_/_fg._i -\n\nL TN\n\nD\n\ney\n\nFALALS\nM\n\n.\n\no\ns\n\ng\n\nN\n\nre\n\ne\n\nESTADO DO RIO DE JANEIRO\n\nPREFEITURA MUNICIPAL DE ANGRA DOS\nCONTROLADORIA GERAL DO MUNiICIPIO\n\nEXTRA-ORCAMENTARIA\n\n02057 /2012\n\nNUMEIO.....ccoerrrrrereene :\nData de Emisso....... :\n\nPAGAMENTO\n\nORDEMDE\n\nRbrica\n16/03/2012\n\nData de Vencimento. :\n\n20/03/2012\n127,13\n\nValor.....ccovnvimniieinnnnns :\nCREDOR\nCNPJ /| CPF\n\n:001662 - INSTITUTO NACIONAL DO SEGURO SOCIAL\n:29.979.036/0001-40\n\nDESCRIGAO\n\n: RTENCAO DE INSS DA FIRMA ACLIVE CONSTRUZOES LTDA\n\nNFE 94/2012\n\nRubrica Especificagao\n602\n1.N.S.S. Retidos De Empresas\nELABORADA POR :CR\nPAGUE - SE AQ\"CREDGR\n\nPROC 8091/2010\n\nCmtlrhN\n\nalofeq\n\nEMITIDA POR MIAR\n\nO VALOR ACIMA ESPECIFICADO NESTA ORDEM :\n\nRESPONSAVEL : PREFEITURA MUNICIPAL DE ANGRA DOS REIS\n\na5l\n\nRECIBO\n\nRECEBHEMS) PA PREFEITURA MUNICIPAL DE ANGRA DOS REIS, A IMPORTANCIA ESPECIFICADA ABAIXO:\n\nOPveece\n\nMo, : R$\n\nDESCONTO............ \nLiQuipo..................\n\n127,13\n\nRS\nR$\n\n0,00\n127,13\n\nDOC IREATINARE  Jg?,\"ipa-\' \' S%?T\"auzgga\n\noW\ne X g R\n;,,;,megguspg\'quanua de\n\"\n\n\" Pagus por este\n\nOV\n\nCl\n\n(CENTO\n\nPF \"\n2\n\nE VINTE\n\nE SETE REAIS\n\nE TREZE\n\np 0\n&~\n\n3 psznase\n\nSie * ChequeNd\n\n/ g\\\nI\n\n\'a\n&\n\nCENTAVOS ) ######\n\n)\n\n###########################################################\n\'\n###################################.#### HHHFEHRERPHEBL\nBB B34\n\n~,i\n\nVe\n\nINSTITUTO\n\n:\n\nNACIONAL\n\nDO SEGURO\n\n+ ANGRA DOS REIS\n& 00.000.000/0460-00\n25-RUA\n\n: CENTRO\n\nDO\n\nCOMERCIO\n\n\'\n\no\n\n\n\n2012\n\ni,\n\nR\n-\n\n239\n\nDESDE\n\n09/2001 \'\n\n+\n\nFERNANDO ARGOLO PIMENTA\n\n\n\n_\n\nSegretrio Municipal de Fazdnda\n\nPMAR\n\niSESSTe\n\nN.186-CENTRO A.DOS REIS\n,\n\nRald\n\nTENGAO: E vedada a uliizago de GPS para recolhimento de receita s valor\nnferior\nao estipulado em Resolugao publicada pelo INSS. A receita\n.\n.\nque resultar valor\ninferior devera ser adicionada & contribuic&o ou importancia correspondente\nnos\nImeses subsegiientes, at que o total seja iqual ou superior a0 valor\nminimo fixado.\n\n\n\nT\n\n<=\nD\n\nNy S~\n2o\n93\n=\n\n| <o 3\n=3\n\n<\n\n25\n\nSw\nTS\n\nn\n\nPAGAMENTO DA NOTA FISCAL E.0094\n\n\"! Q.\n\nH\n\n2z\nS%\n\n&2\n\n[~\n\n5\nO\n\nb\n\nS\n32\n\nt\n\n(2,2\n\n- VENCIMENTO\n\nUso exclusivo INSS)\n\ni E%\n\no~\n\nI\n\n-\n\n4\n\nLo PR3\nB2\n\nNy\nACLIVE CONSTRUCOES LTDA-SITUADA NA PRAGA NILO =&- 82\nPECANHA N.16-SALA-02-CENTRO ANGRA GOS REIS- |8 3&\nCEP.23900-000-CONTRATANTE PREFEITURAMUNICIPAl\n& =%\nDE ANGRA DOS REIS-SITUADA\n\nNA PRACA NILO\n\nLT\n\nI s SO\nB\nSN\n13\nIS8\nH\n\n|\n\n1 - NOME OU RAZAQ SOCIAL/FONE/ENDERECO\n\nMatr 17598\n\ne\n\n=R\n\nGUIA DA PREVIDENCIA SOCIAL\n\nAntonielaBarbosa\n2\nLope\n\ni\n\n:y\n\nS\n\nCoord. de Recursos Financeiros\n\nMINISTERIO DA PREVIDENCIA E ASSISTENCIA SOCIAL - MPAS| 53\no\nINSTITUTO NACIONAL DO SEGURO SOCIAL - ISS\n9\n\n.\n\n5\'\n\nocudsuaortem\n\n\'\n\nPECANHA\n\n)\n\nSOCIAL\n\n7 5 BANCODOBRASIL\n;\n\nE\n{z\nP\"occ;a(\')\' MIZ\n\ng ol ol\n\nConta\n\n.\n\n/\n\ni\n\n|\n\nb\n\ni\n\n182\n\ni)\n\nN\n\n|\n\nYOEL\n\n|\n\nI\n\n1]\n\n1o\n\no\n\n2\n\n\no=x\n\n@\no=\n\n2\n\nWe\n\nL\n\no\n\nW\n\n2640\n04/2012\n\n=\n\nY\n\n|\n\n-\n\nPo.\n\n0042672810015\n127,13\n\ni 24 f\n\ni\n\n5\n\nIl\n\n1\n\n88\n\nS\n\no\n\n_Sd\n2CE\n\n1ExE\n\nISoT\n1388<2_158\n\n1S\nTSRS 58\n\nnao\n\ngk e\ni: 3\n\n=\n\n(==\n\niSE3\n\ng\n5IEFE\n\n& 2 3\n\nE u%J % \nS3=\n\n2- AUTENTICAGAO BANCARIA\n\nB\n\n=\n\n,;:! 2\nManl\nE\n\n\n&\n\nj\n\n_\'|\n\nN\n\n127; 13\n\nM\nIl\n\n&\n\nw0\n\nNFS-e - Nota Fis;/cal de Servigo Eletronica - Prefeitura de Angra dos Reis\n\n|\n\nM\n\n4?24\n\nPREFEITURA DE ANGRADOS REIS =\n\n1\n\nPage 1 of 1\n\n| (0000095\n\nSECRETARIA MUNICIPAL DE FAZENDA\n\nData e Hora de Emisso\n\nNOTA FISCAL DE SERVICOS ELETRONICA -NFS-e\n\n[cant 2012 19:98:34\n\n\\\n\ni,\n\n~\n\n20120402009426728000154]\n\nHQYG-XQNQ\n\nPRESTADOR DE SERVICOS\nCPF/CNPJ:\n\n09.426.728/0001-54\n\nNome/Razo Social:\nEnderego:\n\nInscrigao Municipal: 0024591\n\nACLIVE CONSTRUGOES\n\nRUA C 164, BLOCQ-01\n\nInscrigo Estadual:\n\nLTDA\n\nP\n\n-APTO-306 - PRAIA DO JARDIM - CEF: 23900-000\n\nTOMADOR\nNome/Razo Social:\n\n800\"\n\nR,\n\n]\n\n@)\n\n22014\n\nFolha:\n\nDE SERVICOS\n\nyA\n\nPREFEITURA MUNICIPAL DE ANGRA DOS REIS\n\ng_,@\n\nCPF/CNPJ:29.172.467/0001-09\nEnderego:\n\nA-\n\n*\n\nProc. n2\n\nUF: RJ\n\nMunicipio: Angra dos Reis\n\n78490349\nM.\n\no\n\nInscrigo Municipal: 0000001\n\nPRC NILO PECANHA 186 - CENTRO - CEP: 23900-000\n\nMunicipio: Angra dos Reis\n\nCUFIRJ\n\nE-mail e\n\nDISCRIMINACAO DOS SERVICOS\nREFORMA\n\nDA E.M.\n\nPROVETA\n\nILHA\n\nPEDRO\n\nSOARES\n\nGRANDE\n\nMM.: 282/2010\n05.: 130/2010\n1 MEDIGAO DE RERJUSTE (FINAL)\nPERIODO= 07/10/2011 A 05/02/2012\nRETENGAO\n\nINSS\n\nSOBRE\n\nMAO\n\nDE OBRA\n\n= RS\n\n173,48\n\nNE: 4287 |12\no e\n7{@;41;}90 \"2645\" | LANGADO NO SIG FIS\n4 o4 49\n\nVALOR TOTAL DA NOTA = R$ 173.484,29\nCadigo do Servigo\n2609134 - CONSTRUCAOQ\n\nCIVIL\n\nValor Total das Deduces (R$)\n\n69.393,71\n\nBase de Clculo (R$)\n\nAliguota (%)\n\n104.090,58(\n\n.\n\nValor do 1SS (R$)\n\n5,00%\n\nCrdito p/ Abatimento do IPTU\n\n6.204,52\n\n0,00\n\nOUTRAS INFORMAGOES\n\nS\n\n- Esta NFS- foi emitida com respaldo na Lai n 1.445/2003  no Decretz r 7.359/2010\n- O ISS desta NFS- serd RETIDO pelo Tomador de Senvigo que deverd recolher atravs da Guia de NFS-e\n- (*) Documento emitido por ME ou EPP ogtante pelo SIMPLES NACIOMaL.\n\n- Esta NFS-e no gera crdito.\n\n\'\n_\n:\n\n-bao\ndO{T)\n(52N A VPP\n prestados oo\nnforme Uiscrin\nHnRco acima\n-\n\nCan\n\nAr e\n\ndos RSES\n,_ @/\\\nQ\n\n/\n\n=\n\ng YVQ\n\n72\n\nhttps://www.spe.angra.ri.eov.br/nfse/contribuinte/natanring asnx M nf=05& inserican=245918 rn\n\nn2/04/7017\n\nj\n\nPy\n\n|\n\n=\n\n= P, M. AR,\n\nProc. n2\n\n\n\n\"\n\nFoher___\n\n8044\n\n1o\n\n2399\n[\n\n!\n\nData:05/04/2012\n\nComunicaccdo\nDe:\n\nN021/2012\n\nInterna\n\nSOH.SIU\n\nPara:\n\nSOH.CCI\n\nAssunto\n\n. Estorno de R$\n\n5.411,07 do Contrato 089/2010  Processo 8091/2010\n\n[ Para Conhecimento\n\nD\n\n\'Para Comentario\n\nOJ Conforme Solicitago\n\nFavor Devolver\n\nO Para Aprovagio\n\nSolicito\n\no estorno\n\n:\n\nde R$\n\n5.411,07\n\nPara Providncias\n\n(cinco\n\nmil,\n\nquatrocentos\n\ne onze\n\nreais\n\ne sete\n\ncentavos), devido a redugdo de itens nfo necessarios para conclusdo da obra. Conforme\nplanilha de supressdo e/ou acrscimo encaminhada pelo memorando 030/2012/SOH. Obra\nde Reforma da Escola Municipal Pedro Soares  Proveta.\n\nAtenciosamente,\n\nP M. AR,\n\' Broc,ne _80A14|10\n\n,\n\n|\n\nFolha\n\n\'\nPREFEITURA MUNICIPAL DE ANGRA DOS REIS\n\ndo Dia : 14/03/2012\n\ns\n\nReferente ao Empenho N 1289/12\n\n|CREDOR :\n\nDpata:\nValor:\n\ni\n\n00113/ 2012\n\nN.\n\n(==\n\n11/04/2012\n5.411,07\n\n=1 -\n\nDE ESTORNO\n\ne\n\nNOTA\n\n!.\n\nb\n\nT8\n\n350\n\n26271 - ACLIVE CONSTRUGCOES LTDA\n\nCLASSIFICAGAO : ESTIMATIVO\nNumero da Conta........ : 0842\n\nORGAMENTARIO\n20.07.339039.12.361.0166.2\n.339.05.00\n\nRECURSO :\nDOTAGAO :\n\n20 - PODER EXECUTIVO\n\nESPECIFICAGAO DA DESPESA:\n\n007 - SECRETARIA MUNICIPAL DE OBRAS, HABITAGAO E SERVIGO\n339039 - OUTROS SERVIGOS DE TERCEIROS - PESSOA JURIDICA\n12361 166 2339 -\n\nVALORORGADO:\nSALDO ANTERIOR DAVERBA :\n\nEDUCAGAO\nENSINO FUNDAMENTAL\nIMPLANTAGAO E AMPLIAGAO DE NOVAS UNIDADES EDUCAC\nMANUTENGAO E CONSERVAGAO DE UNIDADES ESCOLARES\n\n800.000.00\n06\n\nVALOR DO ESTORNO :\n\n|\n\nSALDO ATUAL DAVERBA:\n\n5.411}07\n541171\n\nHISTORICO DO ESTORNO:\n\nESTORNO EFETUADO DEVIDO A JUSTIFICATIVA DADA PELO FISCAL THIAGO M. SCATULINO DE\nSOUZA ATRAVES DA C.I. N021/2012.\n\nPROCESSO\n\nLICITATORIO:\n\nCONTRATO :\nMODALY LAD :\n\nCONCORRENGIA PARA OBRAS E SERVIGOS DE ENGENHARIA\nLS\n\nEMITE!Y@A AND18634\n\n\\\n\nGIAP\n\nW A\n\nA\n\nWA\n\nl}#SWN%AVEL AND18634\n\nAN\n\n[0F72212 -11/04/2012 - 14:59:27\n\n008 / 2010\n\nORDENADOR DA DESPESA -\n\nIt\n\n-\n\nAT TRIRREE ST\n&\',\n\n.\n\nv\n\n.\n\n.\n\n.\n\nn\n\n.\n\nN\n\no\n\nREAJUSTE\n;\n\n{LOCAL: PROVETA\n\nA\n\n:\n\n~\n\nN\n\nP\n\nCod\n\nL4\n\n- MEDICAO\n\nUNICA\nIMM.: 282/2010\n\n.\n\n.\n\nPerfodo:\n07/10/2011 A) 05/02/2012A\n;\n\n)\n\n]\nDISCRIMINACAO\n\n.\n\nP\nToial\n\ny\n\n___L____\n\ne,\n\n\'\n\nP\n\n supovtes de madeira Fomecamento  calocagnn\n\n-\n\n\"\n\nM_\n\nAl\n\nIe) Oq\n\n4\n\nL&\n\nFroc. n=\n\n,\n\'\n\nr\n\nR\n\n-\n\n Lo\n\nA2E\n\nL} O\"\'u?\n\nVAR iR\n\nCalpiio sberto ara ofizings  depstios de cantewro de.obras,\n\ni\n\nestruturado em maderra de Jel, cobertura de refhas de cimente-\n\n)\n\ni\n\namganta onduladas, de Smm de espessura, piso ementade  pre-\n\n.\n\nparn o Lerrenio\n\n|\n\n20,000\n\nacvoziie\n\n.\n\nm2 | . 72,001\n\n3.539,00[\n\n:\n\n1\n\n.\n\ny\n\n.\nB\n\nB\n\nde alt v e ate 0,80m de largura\n\nLd\n\n)\n\n-\n\nN\n\n)\n\nI\nH\n\n\\\n\nbam avamento de aput 1405 sanitaros\nIR\n\n.\n\n)I\':e\';(.nl 1384\n\n.\n\nIRengdo de Forro on Jambr de frisos de madeira ou piacas\n\n\\\n\nA uplomes Ade prengado ou semelliantes, exclusive o snpradewrerie\n\n)\n\nEMLPGE o0t 7\n\n\n\n<y\n\n\'\n\n\n\n.\n\n*\n\nfAmacamento de 1Ortes, panelas  emsithios de ar condi-\n\nLMD\n\nN\n\n-\n\nit ado cu aittroy\n\n.\n\n)\n\n.-\n\n14 ,OO\n\nun\n\n.\n\n1 5,00\n\n21 0,,00\n\n1.\n\n3.970,00\n\n-4, 77(),00\n\n1,52,(13\n\nOT 068 .\"3-1-.\'\n\n3\n2.0\n\n.\n\n|aurancamendo de bancada de pia ou banca seca de er\n\nBMUP (5,008 Y )\n\\\n\n2.3\n\n]\n\nientro Jo cauteso s servico\n\\-\n\n2.4\n\n)\n\n)\n\nA S i (R13-0\n\n2.3\n\n1.714,63\n\n{uemohigio mamel de alvenara de tijolos furados, inclusive\nempillim. i\n\n2 2\n\n-\n\n\'\n\n.\n\nDemolighes  retirudas\n\nil\n\n4.214,00.\n\ni\n2\n\n@/\ne\n\n1.440,00f\n\n-\n\n!\n2\n\nS\n\n~\n\nERLOF 02000 06410\n1.2\n\n[~\n10S.1130/2010W\n\nFAMILIA EMOP\nREALOUT2011\n\n\'\n\n{Placa de identificugio de obra Padido PMAR, inclusive\n(et\n\no\n\n\n\n,\nP.Unit. .|Preco Total\n\nN\n\n$Servigos Proliminares\n\n1\n[.1\n\nN\n| UN |\n\n,QTD\n\n.\n\nA\n\n.\n\nj\n1TEM\n\n13/2/2012\n\n.\n\nPEDRO SOARES\n\nESCOLA MUNICIPAL\n\nREFORMADA\n\n~\n\n|~\n\nDEMONSTRATIVO\n\n:\n\nOB8RA:\n\nDATA:\n\n*\n\n\"\n\n=\n\n|\n\nRemngio e Jivisores Jdu mcing, px\';n:nldudzm. Pronsa.\ns\n\noui 4&\':2\'..))&1!5\"\n\n\\\n\nLMD I800) 076-0\n\n:\n\n\n\n\'\n\n)\n2.7\n\n\\\n\nIretieadn de aparethos esportivos, trave  basquet2 1 de cuda\n\nRef AP S T08,023-0\n2.8\n\n\n\n<\n\n[N\n\n\'\n\nAmaneaente de aperetbos de itumigio, inclusive lampesliz\n\n.\n\nEROP 03 G0 140t\n\ni\n:1\n\n1\n\n2.9\n\n{Arancemaio de grades, wadis. alambiados, cercas  portdes\nFALOT G5 00\n\n147\n\n:\n\n-\n\n.\n\n.\n\n.\n\n2.14)\n\n[Remeeiio de cobiorg s telnas aneesis, mchsive macer\n\n\n\nraanere, mediie 0 cotjunto pola uvza seal He cobientura\n\no\n21 5,99\n\n.\n2\n\n19.4(,(1\n\n4, 10381\n\n-\n\n.\n\ne\n\n3.\'970,00\n\n4,776,600\n\nMO 03 ) 30\n\n4..935,)8\n\nT\nI\n\n/\n\n\n211\n\nfoemoligio de revestimento em azuleros, cerdimicas o -\n\nP\n\n]\n\n[l\n\n;\'\n\n3\n\n]\n\nN\n\n-,\n\nThiago M.\nGerente de\n\nACLIVE CO\n\nATOR\n\nCNPJ 09426 728/0001-54\nCassidno Soares Jorddo\nCREA/RJ 2007 108747\n\n-\n\n)\n\n.\n\nAmore um parede.exclusive a camada de assentumento\n\nTO\n\nEMOP 05 001 009-0\n\n>\n\n(8\n\nl\n\n.\n\nProc. n\n\nDeynalicio de rvestinento em argamassa de eal  areia\non Glinentox saibro\n\nrolha:\n\n1Mt P OS 001 007-0\n\n2.13\n\nRetirada de quadio de aula (4.2x1,6)\n\nRef. EMOP 14.006.370-0\n\nDemoligho de piso de ladrilho com respectiva camada de\n\npemassa de assenlamento, inclusiva afastamento late tal dentro do cantewro de servigos,\nBAMOP 05,001 .015-0\n\nAtrancamento de tomadus  iuferruptores\n\n2.16\n\nb o\n\nSINAPE 22420402\nRetwada de bate carteira em madeirn 20em\nRel [IMOP 05 101.078-0\n\n2.17\n\n\"\n\n-\n\ne\n\nRetrada de hebedouro eRtrico de pressio, om ago inox para\n\nreaproveitamento\nRef EMOP\n\n\'\n\n\'\n\n15.004.255-0\n\nRetivadn cindadosa de ranque de ago nex\n\nSBr22TAY\n\nDemoligs. de 1anipue de favagem de panela medido (0,70x0,60)m\n\nCOMP PMAR\n\n)\n\nDemoliglo munal de conereto ermado compreendendo pila\nLen, Vi & Tajes, em estruturs apresentando posiclio espe-\n\nvial, inclusive empithamento lateral dentro do canteiro.\n* s\n\nEMOP 05,001 6021\n\nDemolisiio nogual de piso cimentado, exclusive a base\ne coneieto, inclusive empillamento tateral dentro do\ncanteno d@sevigo\n\n1.193,11\n\nm2\n\n576,33\n\n. m3\n\n18,00\n\n21.475,58\n\n3.970,00\n\n4.776,90\n\n 25.836,00\n\n4.023,00\n\n4.856,00\n\n15.882,79\n\n3.551,00\n\n1.623,88\n\nEULP 05 001 .016-0\nRetirada de guardn-corpo e lerio\n\nSINAPT 22426/00)\n\ns\n\nMovimento deterea\nscavagio manuz! de vala/cava em material de 1* catego- |\nviarei; argila ou pn;.nn a) entre 1,50m  3,00m de profun\ndidade\n\nexclusive escoramento  esgotamente,\n\ns\n(3\n\nTAOP 03 Q01 .062-1\n\n13.188,25\n\nP\n\n.\n\nbscatamento sitnples, sendo aberto, de vala de pouca profindidads. inclusive fomecimento dos maleriais {pegax de pintro\nde 311\nLM\n\n119,47\n\n2PN 9\" e 3 50\"\n\n1.433,04\n\nm2\n\n3.135,00\n\n05.015.002-0\n\n\nReateiro-de vila/cava compictada A mago. 4m canwdus Je\n\n10,00\n\n2.105,30\n\n4.047,00  4.886,00\n\n- ..60,00\n\n4.531,20\n\n2.488,00\n\nHEMUP 03,013 001-1\n\n3.4\n\nPO de pedra, juclusive ansporte\nSINAPT 192701106\n\nInfra estruturs\n\n2.53),76\n-+\n\n30cra de eapessira maxin.\n\n.\n\n)\n\n.\n\nCREA/RJ 2007 108747\n\n3.808,00\n\n6.935,21\n\n4.1\n\nFormas de madeira para moldagem de pegas de concreto\namado cotn tabuas de pinho de 3*, 3 reaproveitamentos\n\nG\nForficeniento, montagem  desmoldagem\n\n663,20\n\n.m2\n\n25,00\n\n16.580,00\n\n3.325,00\n\n12,00\n\n.7.958,40(\n\n3.135,00\n\n19.586,84\n\nEMOP 11 604 020-1 .\n/\n\nEscoramento simples, sendo aberto, e vala de pouca profun\n\n.\n\n.\n\n.\n\n.\n\ndidade, inclusive I\'omcclmo dos materiais (pecas de pinho\nde 3. 1.1/27x9\" 83\" x 6\")\n\ng\n\no\n\n35510\nv\n\nEMOP 05.011.002-0\n\n.\n\n4 1Ak\n1AATIN B\nTIAT]\n\n{OLLIk)\n\ns\n\n=\n\np roc, n\nButra de ago CA-5013, com sahncin ou mossa, cocflicien\n\nFolha:\n\nte de confurmagio superficial minimo(adernceia) igual a\n1,5, diametro e S a 12.5inm, destinada & ammadura de con--\n\n*\n\n1\n\nereto armado, cpmpreendendo fornecimento, 10% de perdas\n\n3.316,00\n\nde ponlus  arame 18\nEMOP 11.009.014-1\n\n7353\n\n5,00\n\n16.580,00\n\n2.146,00\n\n4.497,00\n\nLw\n17.983,66\n\ni\n7\n\n44\n\n.\n\nCorte.dobiagem, montagem  colocaglo e ferragens nas forurag. ago CA-50A vu CA-50B. em burras redondas, coi O\n\n3.316,00\n\nde 8 a125um\n\n9.948,00\n\nkg\n\n3.597,00\n\n4.292,00\n\ny - 11.870,12\n\nEMOP 11011 030-]\nConereto simples, dosado ractonalntente para uma resistncia caracleristica & compiessio de 1 0MPa.inclusive.maten-\n\nv\n\nL]\n\ns, transposte equivalente a 20000m nz horzontal  10,00m\nna vertical, produgio, langamento e adensamento na quanti-\n\ndeyle 2.00m3h\nEMOP\n\n4.0\n\n\n\n.-\n\n23,05\n\nm3 |\n\n 7283\n\nm3\n\n226,00\n\nm2\n\n8:067,50\n\n2.335,00\n\n* 2.748,00\n\nb\n\n9.494,43\n\n350,00\n\n2.740,50\n\n2.335,00\n\n2.748,00\n\n3.225.22\n\n730.00\n\n6.780,00\n\n3.325,00\n\n- 3.928,00\n\n8.009,58\n\n11 003.001-1\n\nConcicto snnples, dosado racionalmente para uma resistncia caracteristica i compressiio de 25MDPa, inclusive\nmateriass, transporte equivalenie a 20,00m na horizontal\n 10,14m na vertical, produgiio, langamento  udnsamen10 na quantidade de 2,00m3/h\nFMOP 11 003 005-1\n\nSuper estrututa\n\nT\nFormas de nusdeirn para moldagem de pegas de conereto armado com parumentos planos, em lajes, vigas. paredes, ele,\nS\n\nI\n\ninclusive tomecimnto dos maleriais  desinoldagem, servindo 1 madeiia 2 veres, tabuas de pinho de 3*,ou madeira\ncquwalente, com 2.5m de espessura, servindo tambm para\n\n_|travessas, (xclusive escoramento\n\nEMOP 11 004 0211\n\nr\n\n-\n\nBana de ago CA-50B, com salincia ou mossa, coeficien\nte de conformagdo superficial minino(aderncia) igual\n\n1,3, didmetro de 8 a 12,5mm, destinada & armadura de conerete armado, compreendendo formecimenta. 10% de perdas\np\n\n5.00\n\nde pontas o arame 18\n\n5.766,00].\n\n4.146,00\n\nEMOP 11.009.014-1\n(o7}\n2o\n\n4.497,00\n\n6.254,13\n\n\n\nCorte.dobiagesn, montagem  colocaghio  ferregens nas formas, ago CA-50A on CA-5013, em barras redonda, com O\n\n3.459,60\n\nde  al2,5mu\n\n3.597,00\n\n- 4.292,00\n\n4.128,05\n\nEMOP 11.001.030-1\nConerato simplzs, doshdo racionalmente para tima restncin camcleristica = conmpressdo de 25MPu, inclusive\nmatersais. tansporte equivalente a 20,00m na honzontal\n 10,00m na vertical, produgdo, langamento  sdensamento na quanfidade de 2,00m3/Mh\n\n2.335,00\n\n350,00\n\nm3\n\n274801 .\n\nEMOP 11,003 005-3\n\nSour\nr\n\ni\n\nW]\n\n{assiano\n\nS0\n\nCREAJRJ 2007 10874\n\na.65454\n\n.\n\n.\n\n\'\n\n_fYedusto\n\n{rarede Jivisora para sanitrios em placa de Yanito cinza endorinhe\n\n\'\n\n-\n\n\n\n.\n\nR\n\n\'\n\nto\nitens 100\" 085  14,007,200 Forecimen\n colocagdo\n\nPINI106108.3.1\n0.2\n\n)\n\nR\n\nR\n\n.\n\n4%40] m2 | 400,00] 19.360,00]\niE\n\n| Alvenaria de vedagio com tyolo cerfirnico furado 9x19x19\n\ni\n\n\n\n2.688,00]\n\n\'\n\n.\n\n\'\n\n,\n\n\n.\n\n.\n\n11,00]\n\n:\n\nm2\n\n46,00\n\n|Alvenaria de blocos de concreto 20x20x40cm, assentes com\n\n- 3.518,00]\n\n\'\n\n)\n,\n\n.\n\n,\n\n7\n\nm2\n\n50,00\n\n)\n\n.\n\n)\n\n.\n\nR;u;\\driax\n\n.\n\n.\n\n3.507,00\n\n3.909,00\n\n3.320,00\n\n814,00\n\n)\ne\n)\n\n|\n\nN\n\nY\n,\n\n-\n\n.\nun\n\n400,00\n\n.\n\n]\n\n\'\n\n-\n\n.\n-\n\nFornecimento  colacagho\n\n]\n\n,\n\n[Porta externa de madsira, almofadada de 0,60x2,10cm com marco\n\nde Tx3.5cm. exclusive ferragens.\n\n)\n\nA\n\n-\n\n.\n\n457,58\n\n3.71 1,00\n\n3.244,00\n\n400,00\n\n400,00\n\nun\n\nN\n\n\n\nEMOP 14006,043-0\n7.4\n\n1 ,00\n\nN\n\nJ\n\n.\n\n.\n)\n\n\'\n\n-\n\ni\n\n[Porta extoma de madeirn, almofidada, de 0,70x2,10m com mirco\nde 753,5cm, exclusive ferragens\nFormeeunento  colocagio\n\n.\n\n]\n\n_\n\n\'\n\nRef, EMOP 14 0060100\n7.3\n\nb\n\n!\n\nvidro com postigo com aduela  alizares, de cedro ou canela,\nexclusive terragens.\n\n3.203.08\n\n3.71 1100\n\n3.244,00\n\n2.800;00\n\n\'\n\nalmofadada, dimensdio 1,00X2,10m caixilho pua\n\n0\n\n\n\n\'\n\n7,00\n\nIRef EMOP 14.006 0100\n{rorta de madena\n\n958,4]\n\n.\n\n:\n\n.\n\n.\n\n21.906,64\n\n\'\n\n{Porta de madeisa almofadads. dimensto 1,80x2,10s0.03m &\n\nFumc\"cimu.mo  colocugdo\n\n\\\n\nSR\n\n-\n\ncanela. exclusive ferragens.\n\n7.2\n\n2.823,0)\n\n.\n\nB 00,00\n\nm2\n\n8,14\n\n:\n\n)\n\ncaizillio para vidro com postige com aduela  ahizares, de cedro ou\n\n\"\n\n17.634,00\n\nA\n\n|Paedude blocos vazados(cobogo), emplacas de concreto |\nS0aS0xSem, furos quadrados, assentes como 12.006.010\n\n7.1\n\n*\n\ni\n352,6R\n\nHMOP 12.005.080-0\n\ni\n\n\'\n\n.\n\nra  medsda pela iwea real,\n\nEMOP 12,008 0150\n\n549.44\nN\n\n0,20m d:: espcssum: de superficte corrida, at 3,00m de altu\n\n6.4\n\n4.393,00\n\n-\n\n.\n\nargnassa de cimenlo  aren, no trago 1:5, em paredes de\n\\\n\n440,00\n\n\n\n.\n*\n\n0.3\n\n\'22.43542]\n\n3.115,000 \n\nL,\n\n.\n\n.\n\ns\n\nT\n\nI\n\nmussa mista de cimento, cul hidralada  arcia .\n\ntago 128 - tipo 1.\n\n)\n\n4 \"?!\n\n{\n\ncm; cspessiea da parcda e, jnhlas de 1 2mm com arga .\n\nPINI042]1.8.2.3\n\n)\n\n:\n\n)\n\no\n\n.\n\n- | Folhas ...\n\nA\n\n[0/\n\n8017\n\nProc. n L\n\'\n\'\n\naponula no piso  na parede, exclusive fomecimento das fer-\n\nA\n\n\'Fjn-.&\n\nnaciotial com 3cm de espessura, polido nas duas faces,\n\nragens de fixagho clo marmbre, portas  suas ferragens {vide\n\n.\n\nJ\n\n-\n\n.\n\n[\n\n\'\n\n.\n\n.\n\n.\n\nR\n\ni\n\n.\n\n6\n\nL\n\nR\n\n,.\n\n0.1\n\n.\n\n-\n\nt\n\n-\n\nFomecimento  colocagio\n\n7__5\n\nPorta de ceidro alimofadada. de 120x210x3,50m, 2 folhas, exclusive\n\n\"\n\n\'\n\n:\n\n.\n\nF)\n\n|\n\n\n\nS,\n\naduela  alizar, fechadura. l\"omecunnlo  golocagiio.\n\nRef, EMOL 14.006 010-0\n7.6\n\n\n\n-\n\nTMOP 14,006 0130\n\nN\n\nhe\n\n[Parta de cedro shnotadada, de 160x210x3,5em; 2 folhas, exclusive\naduela e alizar, fechaduya. Fomecimento e colotacin.\n\nRefl FMOP 14,006 010-0\n7.7\n\n\'\n\n{Portio de ferro 1,50x2,1(em 2 fothas  rta parte superior 2ma\n\n*\n\n.\n\n.\n\n\'\n\n.\n\n. 27,72\n\n:\n\n750,()0\n\n23955,30\n\n4223,00\n\nK 3.665,00\n\n-\n\n\n\n\"Rt SCOFGY - ES 05 15,0200\n7.8\n\nn2\n\n20.7 90,()0\n\n)\n\n.\n\ni\n\n\'\n\n578\" yintack cotn | demfo de 2arcad vende, inclusive fecl adura\ncadeado, Fomecimento e hlslr;lncu\n\n.\n\n.\n\nJarade de 1,50x0.60m, confeccionado em barm chapn ou parfil de\n\nE\n.\n\nPorta de alumimo para banheiro completa, inclusive instalagic\n.\n\nN\n\nfartlica ge <\nisbietd Ediricagin.\n\nVa) 20843\n\n-\n\n/\n\n-\n\n\n\nOx200em\n\nForndeimento  instalagao.\n\n16,20\n\nm2\n\n600,00\n\n9.720,00\n\n2.915,00\n\n3.510,00]\n\n11.704,01\n\n24110\n\nm2\n\n270,00\n\n65.097,00\n\n3.665,00\n\n4.223,00\n\n75.008,08\n\n3.915.00\n\n3.510,00\n\n2.658,69\n\nSIMAPL 4914\n\n7\n\n(frade de fervo para protegio de fanela ou aparethos de ar\nconchicionado, formada de barras quadradasde 3/8\", chumDadas na alienaria Fornecunento  colacagio.\n\nTenor 119021360\n\n-\n\n-\n\nPortiio de aluminio 120x220cm duas folhas de 60cin, Inclus;ive\n\n.\n\nferiageim. Fornecimentd e instalagio\n\n3,68\n\nm2\n\n600,00\n\n2.208,00\n\net\n\nSINADL 4914\n\n. A. R,\n\n3\n\nP\n] Conjuntp de ferragens para junela de madvira, de correr, em\n2 fulhas, constando Je fornecimento sem colocagdo (esta\n\n\'\n\nPrcn\n\ngf\n\n| B ot}\n| R4\n\nLA\n\n.\n\nmcluicda no fornecinento e culocagdio das esquadrias) de.\n\n1355\n\nFchtef\n\n- 4 rodizios de latho com rolamentos (6mm), para irithos; )\n- 3,060m (e tnfho de aluminio tamanho 3,00mx1/4%x1/4\";\nv\n\n- 2 conchas simples em latio, forma retangular, sem furo\n\n16,00\n\n parte central em baxo 1eleve, acabamento cromado;,\n\nEMOP 14.007.145-0\n7.2\n\n.\n\nun\n\n210,00\n\n3.360,00\n\n.\n\n3.749,00\n\n3.991,00]\n\n3.576,89\n\n\n\nL\n\nComungo de forragens para portas de madeira, de 1 folha,\ne,\n\nsoeials ou de sevigo, constando de formegunei-\n\n1o sem colocagdo (esta inclnida no Fornecimento e coloci-\n\nao dag esuadrias), de:\n- Fechudwia tipo gorge, trinco reversivel, em Jatio, acabunento cromado\n- Entrada  roseta circulares, em latdo lamingdo, acatramenta cromado\n- Maganete tipo alavanca, em lat3o, acabamento cromado\n\n\'\n\n.\n\n- 3 dobradigas Je leiro galvanizado de 3% 2.1/2, corit\n\n\'\n\n7,00\n\n pino  holas de ferro.\nEMOP\n\nW\n\n80,00\n\n560,00\n\n1.600,00\n\n19.200,00\n\n830,00\n\n1.326,00\n\n3.749,00{ - 3.991,00\n\n596,15\n\n. 3.244,09\n\n3.711,00\n\n- 21.964,00\n\n3.244,00\n\n3.711,00\n\n\n1.516,89\n\n14.007 0400\n\nConjunto de ferragens para portas de madeira, mtermas, 2\nfoflias de abrir constando de fomecimento sem colocagio\nesta incluida no f8mecimento c calocaghio das esquadrias de.\n\nFeclulura 1ipo ponge, trwco reversivel, em latdo, acaba ~\nmenlo comado,\n- Fntrada  voseta, circulares, em latdo luninado, acaba\nmento eromady,\n- Magangia tipo alavanca, em fatdo acabamento cromado;\n- 6 6 dobra ligas de ferro galvanizado de 3\"x2.) /i\", com\n\n-\n\n-\n\npno de ferco  bolas de latdo;\n\n/7\n\n- 2 fechos de embutir, A0em, emylatdo pohdo.\n\n7.14\n\nEMOP\n\n11.0072.050-0\n\nJunela de correr de 4 folhas, de 200 x 120cw, de cedro, inclusiv e guamigio, exclusive feiragens. Fornecimento e colocagio\n\n12,00\n\nwr\n\nHEAOP 14 006.295-0\n\n3\n\nVauela basculapte em madeira, medindo (0,80 x 1,45m, con. 3\nfothas, cotn acahfmento pars pintura. Exelusive pintura, v dro \n\n1,56\n\nRrragem Fomecimento  mstalaceo.\nSCOFGY < BS 10,20,0050\n\n7.16\n\n-\n\nY\n\nPortao Jde chapa de ferro galvanizado, com efpessura de 0.5mi,\n gllura enire 2m & 3m  wea total de 6m2 a 92, excl\n\nfrchadura\n\n2,\n\nJSCCRFGY - T8 05 15 0050\n\nVidro\n\nThiaga ;..\nGerents de F\n\nmz\n\n650,00\n\n1.365,00\n\n3.665,00\n\n4.223,00\n\nT\n\n1.572.82\n\n.\n\n-\n\n8.\n\nN\n\nVidro temprerado,mcolorde Gmm de esp.,caixithe em madetra,\n\n10,00\n\nalirminio ou lerr,excl fervagens forn.e colace\n\ni\\OP\n\n8.2\n\nm2\n\n\n\n200,00\n\n2.000,007\n\n2.801,00]\n\n3.334,00\n\n80,00\n\n8.486;40{\n\n2.801,00\n\n3.334,004-\n\n10.101.27\n\n75,001\n\n18.080,25}\n\n.3:974,00\n\n4,928,001,\n\n22.420,60\n\n2.380,58\n\n1 004 1210\nA\n\n106,08\n\n\\ idrg liso, incolor, com cspessurn de 6mm Fomto  Instalacao,\n\n2\n\nSCOAGY - S 45.05 0309\n\n- |Coabectura\nCabertura em telhas coloniats, exclusive cumeeira  maderamen10, medidn pela area real de cobertura\n\n241,07\n\nFomecimento e colocaglio\n\nm2\n\nFAD)P 16 002.010-0\n\n9.2\n\na\n-\n\nMadetratnento para cobertura em duas fguas em telhas cyramicaz. constitwdo de cumeewn e tergas de 3% 4,1/2\", casbwoy\nde 31\n\n1727, nipas de 1,5 x Jem, tudo em magaranduba serrs\n\nda. sem tesourg ou pontalete, medido pela area real do wadeun\n\n241,07\n\nmento, Fomecunento  coloeagio\nEMOP 16,001 0500\n\nR\n\nm2\n\n57,00\n\n]\n\n1.5644007\n\n13.740,99\n\nWx:\n\n.\n\n:\n\nROPTH J\"_@_____\n\nHroc. n\n\n1355\n\nChmeeirs para Sobertura em tethas fiancesas ou coloniais\n\n1\n\nFomecimento  colocagao\nEMP\n\nA IR 005,50\n\n| 4\n\n\n\nHolhat\n\n16 902.015-0\n\n45,00\n\n203,30\n\nRufo de aluminio de 0,8x500mm. Fomecimento  colocagio\n\n3.297.00]\n\n7 10.411,67\n\n331800\n\n6.665,33\n\nEMOP 16,008 0110\nCordiio para wnreinate de telhado, executado com arpamassa\n\n-\n\ndv amento, areia  saibio, na tmgo 1.22\n\nJAIOP 16 0413.004-0\n9.6\n\nCulha e chupit de ago g;alvanmx-do n5\"26 com 23m dz de seivolvimento\n\nFomecumento e colocagio.\n\nEMOP 16 00%.001-0\n\n10\n10.1\n\n!\n\nForro\n\nForro de PVC em paineis lineares encaxados enise si  lixadox\nemesintura de madera, dimensbes 100x6000mun\nPINI 95008 6 1\n3\n\n11\n111\n\nRes estimento\n\nChaptsca e parede com argamissa de cimento  aicia\no nago 1.9, espessura\n\n9 mni - Fornecimento  execugaa\n\nEMOP 13.001.010-]\n\n.\n\n)\nK\n\nEmbcto nbisss tinica para parede intema com argamassa\nnfista de cimento, cal  arein, trago 1.2.9, > 20mm\n\nm2\n\nFumecimenio v exectgo\n\nT9.00]\n\n5.704,75\n\nPINLO9TGIR 214\n\n[}\n-\n\nAnilsio esmaltado hso branco ) 5x15 ou 20520cm asgentado\n\ncoin urpamassa pr-fabricada de cimento colante. juntas @\npruma. Fornecnnento e execugio\n\n.oV\n\n17,321,310\n\nm2\n\n35,00}\n\n2.85,00]\n\n3.220,00\n\nni2\n\n7,00\n\n2.855,00f\n\n3.220,60\n\n3.464,20\n\nm2\n\n85.00]\n\n4.146,00\n\n5.185,00\n\n109.277,691\n\nPINLOST06.K 1 7\n\nRejnntamento de azatlejo 15x15 ou 20x20 cni com argimasa pre\ntabricasda, para juatas ale mm\n\nN\n\nPINTU9706.5 32\nCeramica 10x10cm. modelo Arguiteto Portobello ou simular, sulocadn com arganags pr-tabricadn e rej.ntaments\n\n1.028,00\n\n87.380,60]\n\nSBC 095\n\n~\n\n/\n\n\" ACLIVE COpST\n\n\n~\n\nCNPJ\n\nTDA\n\n09426 728/000154\n\nLassipflo\n\nSoaresjorddo\n\nCREAIR_MNNT\n\n108747 @\nw\n\nK\n\nPavimeniaglio interna e externa\n\nN\n\nPso eeriunico esmallado com medidas em tofho de 30x30\n\n-\n\na oy ndem, PETIV Assentado com aypamassa pr-iabricada\n\n2.565,00\n\nde camento colante Fornecumento e exceugdo\n\n2.997,00\n\n3.045,141-\n\n- 3.558,00\n>\n\nPINLIOU6 8 2.2\n\n-\n\nL\n\n12.2\n\nRejuntamento dz piso cenimico com rgamasss pr-\n\nfabricada. dumensocs do piso-300<306x a J00x400x& mm,\n\n57,00\n\nespeanra da junta: 6 mm. Forneeimento  excougio\n\n3.558,00\n\n2.997,60\n\nm?2\n\nPINI69606.8.3 1\n\nP_M.\n\nPiso de alta resstneta, monolitico, moldado po lecal, em*\n\n-\n\nn?\n\naipamassa de cimentos agregados muerais, com evpes-\n\n0.0\n\n_OL/\n\n-d\n\nmeinicos\n\nO custo inchn base suporte emn argamassa\n\nF\n\nde eimento  arcin no trago 13  servente para ceafecgdo,\ntrunsporte da srpamassa  servicos afing  ndo corsidera\njuntas\nEMO?\n\n\n\nL4\n\n12.4\n\n)\n\n152.10\n\n.\n\n9.886,50\n\nm\n\n-\n\n13 3850010\n\n<\n\nsura de 0 8cm, na cor natinal do cimeto  3 polirrentos\n\n11.318,36\n\n3.067,00\n\n2.679,00\n.\n\n.\n\n ontrapisc, base ou cumada regnlarizacors com argantassa e curento e areia 1o trago | 4 com espessula\nde 2.5 cm - Fomecimento  execugio\nMO\n\n.\n\nn2\n\n15,0C\n\nm2\n\n20,09\n\nm\n\n- 9,00\n\n163,35\n\n193,38\n\n3.334,00\n\n3.947,00\n\n3.334,40\n\n3.947,00\n\n1.625,44\n\n2.679,00\n\n3.067,00\n\n4.465,352\n\n13 3011201\n\n2\n\n%\n\no\n\n-\n\n[Piso cuneniado, com 1,5cm de espessura, com argamassa\nde cunento  arera no rago 1.3, alisado a colher, sobre buse\nexrfente\n\nIMOP 13 301 0X%0-1\n\n12.6\n\nRoxdupdde alja registncia, er arganiassa de cLnemo  agregdihors manerans,  [0ain de alturi, na cor natural do cimeuto,\ninclusive 3 polimentos, sendo o cantos sahiertes boleados.\n\n o8 regninuites e Junto 4o Pisv o IMel cana\nMO\n\n12.7\n\n3.900,60\n\n13 385 (5.0\n\nDegran.de escada de atia resistncia, composta de capa\n< espellio. em argmassa de SUNeMo  agregacos minevaus, na cor natural de cimenfo, inclusive 3 polunettos.\n\n\'\n<\n>\n\nEAMOP 13 383.00K-0\n\nRodape cequmicn com 10 em de altury, asserte em pasta de ennea\n\n201.80\n\nto Forncaniento  colocacio.\n\n2.997.00\n\n13,00\n\n-\n\n3.558,00\n\nSCOFGY - RV 30,05 0100\n\nPetorl de grantto emza andorniha nacional\n\nde 2 x 18cm, com 2\n\npolientos, nssente com asgumassa de cimeitto, saibro  arem, 1o trego 1 33  nata e cumento comur, repsitadn cum\ncunento branco\n\nEMOP 13045.040.0\n\n40,00\n\nM\n\n\"2.004,00\n\n3.597,00\n\n3.924,00\n\n2.186,18\n\n-2.596,00\n\n3.646,60\n\n 623,58\n\n-\n\n(Ol Solera cm gramie com altura de. ] 5in e espessum de 2om ussenta\nJu\'com argrimasa pr-fabricada de simente.\n\n)\n\n11,10\n\n4,00\n\n1\n\n444,00\n\nPINIOGRS .13 1\n\nRevesiunento mitertravada com pecas (blosos) de concrete com\ncunento, cov nalural, con resislencia s ceouprssan e 35Puy, .\naltamente vitno-prensados,\n(16 fuces), holmdes (returyniba\n1, com\n|\nLl\n\nte\n\n12.8\n\nespessura <le Gem, tom lodos 0 matertais & eqpamenitos, inzlu\n.\n\n.\n\nsive compactacau com suquete vibratorin. corte dus hlocos page\nmemate, cuny maquing Je junias (serra para concreto  \"colehao!\n\nh oy\n\nde wreia part agsentamento  repugtamento., de acordo com s nor\n.\n\n728/000\\54\nord\n\n-\n\ns NBR 9780  MBR 9781, Pre-moldade UNI-STEIN. mquate\nou simlar,\n\n60,90\n\n-\n\n4.087.00\n\n21.792,00\n\nP_M\n\nSOEROY < B 10,20 6350\n.\n\nQuadra\n\n131\n\nP Frog,n=\n\nvede\n\n7\n\nnnaH\"e\n_OL7\nd\n\nCencreto simples, dosado racioualmente para uma resis-\n\nS\n\ng\n\n.\n\n.\n\ntncia caractonstica a compressdo de 25M1Pq, inclusive\nwales\n\ns, Lansporte equivalente o 20,00m na honzontal\nM\n\n 10.00m na vertical, produgdo, langamento e adensamen- .\n\n27 4\n\n10,556,007\n\n2.335,00\n\n2.748,00\n\nm\n\n2.411,40\n\n1.816,00\n\n2.084,00\n\n2,767,275\n\n200.95] m\n\nT003.75\n\n2.963,00\n\n3.407,00]\n\n1.155,31\n\n20,000\n\n6.032,00\n\n3.334,00\n\n3.947,00\n\n7.141,06\n\n30.16]\n\n1o na quantiladede 2,00m3/h\n\nby\n\nm3 |* 350,00\n\n12.423,08\n\nFAIOP 10 0033.005-1.\n~\n\nTunta de retracac, serrada com disco de diamantes, para pa-imen\ntos de placas de conereto, com Semde profundidae, somsnte o\nconte, exchusive preenchimentd e barras de ligacao  de \n\n200,951\n\ntansferencia.\n\n)\ns )\n\nSCOFGY - BP 10150050\n\nJunta } plastica 27 % 3mm,\n\npara 1 pises continuos\n\nI\'smecmento  colocagao\nFMOWP 13,38 0S1-0\n\"\n\n{3.1\n\ns\n\nementade. e\n\nde cavento  e\n\n1,5em de espessiva, com argamassa\nno trago 1:3, alisado a colher, sobre Lzse\n\nenistente\nPO\n\n13301 080-1\n\nSarcacdo e quadra de edporte, com tintara Supereril ou similer,\n\ne\n\nem 2 demaos Meduda pela area efeliva de pintura\n\nm2\n\n50,00;\n\n1.560,00\n\n2.847,00\n\n3.39%.60\n\n241.281\n\nm2\n\n45.00110.857,60\n\n2.847,00\n\n3.396,00\n\n1.789.25\n\n- T 08 45,0050\n+~\n\nSOG PG\n\n30,001\n\n13.6: Pintard de quadra de esporte em piso cimentadu, com tE1ta 4 base\nJeresua metalice \"hot line, ou sumilas, considerando-= hmpeza\n\nJda superticie  2 demdos de acabamento (1,04)m\nRef SOOI\n\n\n- PT 05450100\n\n1\n\nPintura\n\n14.1\n\nPiture inimzante fungicida\n\nSt APE- 18975\n\n\'\n\n:\n\nM\n\n12.951,32\n=\n\n.\n\n0]\n\n.\n\n14.2\n\nPiniturd com tinilg acribica semi-brithante ou acettada oua\n.\n\n.\n\n.\'\n\n.\n\nfites ot @ exterior, incolor ou colonda, sobre tijolo, e nere-\n\n+\n\nto hbo. cmento-amianto, rvestimento, madeira  terro, nclusive liximnento. tna desnao Je selador acrilico e duas\ndehiaes de acabrunento, inclusive duns demios de messa\nGO\n\n831.08]\n\naerthea\n\nm2\n\n18,001\n\n14.959,44\n\n3.067,00\n\n3.614,00\n\nIMOP 1 018 11840\n\n17.627,46\n\n.\n\nT\n\nPudura interna ou externa sobre ferro. com esmalte #\n\nttico brithante ou acetinado apos lixamento, linpezs,\ndesengorduiamento, uma demao de zaclo.de $eca -\n\npeut 1apida cor laranja e duag demdos de acabaments\nNP\n\n14.4\n\n~\n\n541,84\n\nm2\n\nC 15001\n\n8.127,60\n\n3.669,00]\n\n3.118,00\n\n9.563,88\n.\n\n17 0173200\n\n-\n\n-\n\nPintura mtema ou externa sobre madeira nova, com esmalte sintetice alto bitiho ou acetinado, inclusive | xameir1o, uma Jemdo de vermiz inumizante e impermeabil zants\nwicobor, uma demio do massa coirida u dleo, uma cemiao\nde fundo sinttico mvelador  duas demios de acal aments\n\n- 304,80\n\nm2\n\n26,001\n\n6.096,00\n\n- 3.669,00\n\n3.118,00\n\nEMOT 17,017 1690\n\n\n\nel\n\n~\n\n\\\n\nBancadas  Prateleiras\n\nard\nfhetithe\nexR S\n:\ni\n\n.\n\nv\nCREA/RJ 2007 108747\nS\n\n7.173,26\n\n-\n\nBancada em granito cinza andoninha polida com ;\\,70x0,55.\\0.03n|, A\nB\n\nP\n\n.\n\n.\n\n:\n\n.\n\nfixacla  apuiada em alvenoria chapiscada, embogada e revestida de\n.k\n\n\'\n\n.\n\nM\n\n.\n\nazulejo com 1 cube de ago indY, valvula, sifio  omeua cromardy,\n\ninclusive priteleira em compensado de cedro com wrmario de 2\nJ0ras revestla em Tormica medindn 0,60%0,50m, em venezna \n.\n.\n\ncedro,\n\n\n- Joomr PMAR\n\n_\n\n.\n\n.\n\nY\n\n.\n\n2:000,00 ! 2.()\\)0,06\n.\n\n.\n\n-~\n\n2.881.00\n-\n\nN\n\no\n\nPrg c. nf\n\nBancadk em granito cinza andorinha polida com ?,SOxO,SSXO,()Bxr,\n{ixadda  apowdaem alvenaria chapiscada, embczada  revestida de,\n\nQa.\n\narulejo com | cuba de ago mox, valvala, sifio  tomelia cromada, inclusiv,pmlelcvn em compensado de cedro com armrio de 2\nportas revestida em formica medinda 0,60x0,5Cm, em veneziany e\nP\ni\ncedro\n\nPMAR\n\n)\n=\n\nRS\n\n2.623,81\n\n3.436,00\n\n2.200,00\n\n2.200,00\n\nun\n\n.\n\n\\\n\nL\ng\n\nbe.\n\noM\n\nBacada mn granto ci;\\m andorinha polida com 2,80x0:55x0,(0m,\nfinada  apoiada em alveraia chapiscada, embogada e revestide e\nazulejo cont 3 cuba de louga, valvula, sifio e tomeira cromada,\ninclusive pratelcira em compensindo de cedra com armirio de 2\n-\n\nportasrevestida en fornica medinda 0,60x0,50m, om vencziatz: de\n\"\n\ncedro\n\n7\n\n|\n\n.\n\nCOMRPMAR\n\n-\n\n:\n\n\n\n.\n\n3.436,00\n\n4.600.00\n\n2:300,00\n\n!\n\n\\\n0\n\no\n\n\"\n\n~\n\n(]\n\nhd\n\nBancada em pransto cinza andorinha polida comn 3.70x0,55x0,Bn,\n(i e upoindis\ne ulvenana chiapiseada, erhogada g reveand: de\narulejo com 2 cuba de ago, valvula, sifdo e torheira cromadad,\n.\n\n.\n\n3t\n\n..\n\n<\n\nA\n\n03\n\ninclusive prateleira\nem coimpensado de cedrs\ncom\n\n!\n\\ armario de 2\nv\n\nR\n\nR\n\nportas revesiicla em formica medinda 0,603 50m, em-veneziais de\ntedro\n\nv\n\n1,000\n\n.\n\nv\n\nen | 3.500,00]\n\n2.881,00\n\n\"3.500,0 )\n\n3.436,00\n\n\"\n\n4.174,25\n\nCOMP PMAR\n\nW\n\n\n\nn\n\n\n\n.\n\nf\n\nT\n\n.\n\n<\n\nETui\n\nBanedida m granito cuza andorinha polida com 2,03x0,5550,03m,\n-\n\nN\n\n.\n\nfaon\n\n3\n\ns\n\n{ixada  apotaddy\ne alvenarim chapiscada, embogada e vevestida de v\nazuleio, inclusive prateleira cn compensada de cedro com amrio\n\n&\n\ne 2 portas revestida em {Grouca Medinda 0,60x0,50m em verw\n\n7ians de cedro\n\nCOMPIMAR\n\n1.000,00\n\nan\n\n\n\n100000\n\n\n\nw\n\n-\n\n2.881,00\n\n3.436,00\n\n1.192,64\nD\n\n.\n\nRl\n\n.\n\n.\n\n.\n\n\n\n.\n\noo\n\nPratelewrn em granito cinzs andonnhia apoida em grmitocum\n\nm\n\nmwdide ((,45x0,03 1cin\nCCMIY PMAR\n\n-\n\n\'\n\n.\n\n910,70\n\nT00.00\n\n\n\nT,\n\ni\n\nDiversos\n\n.\n\n2.706,00\n\n3.015.00\n\n1.013,91\n\n3.270,00{\n\n3.487,00\n\n136.36\n\n!\n.\n\nb\n\nTransporte de andaime lubuler\', consideraado-se a drea-de\n\nprojecdo vertical do andaime, exclusive carga, desoarga\n tampo de espera do caminhido.\n\nEMUP 03 020,122:0\n\nB\n\n.\n\n127878\n\nL\n\n-\n\ns\n\nm2xkm\n\n~-\n\n-\n\n.\n\n16.2\n\nNugucl de andairie tubular sobre sapatas fixas, formido\n\n-\n\npor elementos de 2,00m de largua  1,59m de altura, consdeN\n\n=\n\n.\n\nv\n\nLt\n\nrandlo-sc u,areu da projegio veitical de aadaime  pago pelo\n\n-\n\ntempa necessarid & sua utilizagdo. exclurive traisporte dos\n.\n\nclementos do andaune at a obra plataforma ou passarela ce\nK\n\n290,79\n\n]\n\npuiho montiagem  desmontagem dos andaimes.\nLEMOP 05.006:000-1\n\n.\n\n.\n\n4,\n-\n\nn2kms|\n\n>\n\n1.119,00 119900\n\nv\n\n281,05\n\'\n\n\n~\n\n16.3\n\nPlataforma ol passarela-de pinho de 1%, tansiderando-se\naproveitamento de madeia de 29 vezes. exctugive endai IS O\n\nEMUP\n\nGO\n\n.\n\n-\n\nY\n\n290,79\n\nSuporic  moviimentagio\n\n050058 012-1\n\no\n\n.\n\n)\n\ni\n\n872,37\n\n\'m2\n\n\n\nThiago 8. Sefiulina i Spiza\n\n.\n\nGerente de |\n\n{\n\nSOHGI\n.\n\nP\n\n3.680,00\n\n95487\n\n\n\nLN\n\n.\n\n.\n\n\n\n.\n\n\'\n\nv,\n\n3\n\nMovimentagio vertical ou horizontal de plataforaa ou pas\nsarcla\n\n[\n\n.\n\n261,71\n\n.\n\nEMOP 03,008 008-1\n\n.\n\'\n\n\n\n+\n\n\n\nT\n\n. )\n\n,\n261,71\n\nrando-s 4 irea vertical recoberta\n\n6.6\n\ns\n\n93,80\n\n3.687.00\n\n3\n\nMontafent\'e desmontagem de andaime tubuler, consid-\n\nEAOD 05 008.001-0\n\n~\n\nT4.760,00\n\n&\n\n10.4\n\n.\n\n\n\n,\n\nT\n5.687.00\n\n4.760,00\n\nm2\n\nB\n\n938,03\n&\n\nS\n\n\n\"\n\nHspetho de cristal, de dnun de espessura. com molduiade\n\nm2\n\nmudetra - Fomecimento  colocagio\n\nEMOP 14004 Lo0-0\n.l,.\n\n16.7\n\n.\n\n1.134,00\n\n2.801,00\n\n600,00\n\n73.445,00\n\n1.349,79\n\n..\n\n\n\nCon)unto de dugs burras de apoj hbrizontal em ago iroxidivel \n1 142\" parn sanitaros dos portadores de necegsidades especiais\n\n-\n\nA primeira com 1,10m e a scgund.l com 0,90m, fixadcs com com\nAY\n\ntaluange redonda de ago indx (3 2, espessura 3/16\" ch:uubado uy\n\n*2.00\n\nalvenaria com parafuzos auto atarraxantes de ago inoxidavel.\n\n16.8\n\n9\n\n300,00\n\nRS\n\n+\n\n-~\n\nRef SCOFGY - AP 05,10 0134\n\nao\n\nr=3\n\nb\n\n.\n\n.\n\nApicoumentd manuel de conereto, @m superficies verticais,\nmclunve comecno de fattus.\n\nSCOATGY =480 05.20.01 51\n\n-\n\n.\n\n\n\n~\nv\n\nBarra de magoranduba de 20 x 2,5cm, aparcthada ers uma face  nos 1apos, para protegio de paredes de salas de dula\n=\nFomecimentu e colocagio\n.\n~\n\n195,60\n\n35,000\n\n6.846,00\n\n3.243.00\n\n85,00\n\n43.809,00\n\n3.653,00\n\n371,001\n\nhMC){; 14,006 1(;1)4)\n\n1610\n\nAlanbrado para campo de esporte; de 3,00 x 6,00, com uin\n\nmottante a cada 3,00m. emn telagalvanizada n 12+ malha lo-\n\n-\n\nB\n\n.\n\n.\n\nB\n\nsango de Sem, fivada em tubos de ferro galvanizade de 2% coatraventamento de 1,75m; em cida moodulo, estes anmbados\n\n-\n\n\n\nemi bloeos dle concreto, inclasive escavagiio, concretd dos blo08, reateiro, transporte, carga  descarga. exclusive pintura\n\n515.40\n\n\nForiedimento  clocagio\n\n.\n\n:\n\nEMOP 09 0150070\n\nm2\n\n16.11 Tela empolititeno de alta densidade, 100% virgen, com methia\' de\n(SxS Jom. com sesialencin 1 teacao de 250K, Fom.  colocagdo\n\nN\n\n336,00\n\n.\n;\n\n~\n\\\n\n+\n\n5.040.00]\n\nm2\n\nSCOFGY - PL1S 1009060\n\n~\n\n3.680,00\n\n4.028,00\n\n* 5,516,618\n\n2. 73800\n\n02,10\n\ney\n]\n\n>\n\n16.12\n\n2.477.82)\n\nC3:542,00\n\n\n\nCabio de acd gitlvanizado, dunwewode 3/8\", com Al\n\nde fitra, 6\n\nv\n\npermag com 19 hos. Pomecmiento.\n\n378.00]\n\n7.00\n\n54.00\n\n2.572,00\n\nv\n\nSCOAGV - 191 10.05 0350\n\n-\n\nD\n\nLo\n\n.\no\n\nTrave desmontavel para futebal de ssldo, emvtubo de forvo\n-\n\n. 1,00\n\n Jgalvamizado e buchas. Forneenento\n\nEMOP18 200.004-0\n\n,\n\n.\n\n3.142.00\n\n2.936.00\n\n300,00\n\npar - 1.500,00\n\n4\n\n.\n\n1.605,25]. .\n\n.\n\nN\n\nAR\n\nHutrowira para basquete, n@tahics, fixa, cor avaico livre d21,30m,\n\\\n\ncom tabelds de compensado naval, aos e redes Fomecimento \n\n1.0\n\ncolocacao, exclustve furacao do piso!\n\npar\n\nscomay - prasasoso\n.~\n\n16.15\n\n2.300,00\n\n2,500,00\n\n\n2.936,00\n\nT3192,00\n\n2.67541\n\n2:097,00\n\n. 2.191,00\n\n8.358,61\n\nv\n\n.\n\nU\nde 4 projejanes\n\nColocacao\n\ne\n\nequupidos com Jaragida de descarga.\n\nfixadus et poste ds aco reto, inclusive ferrapess de fixacto, .\n\n.\n\n16,00\n\noxtlusive projetores. |\n\n8.000,00\n\n500,00\n\nR\n\nSCQOFGY - (P 50 35.0300\n\n\ns\n\n.\n\n10.16\n\nPosic pyra voleibal em hibo de ferro galvanizado, com cata\n-Jea  buchias\n\nL\n\npar\n\nFomecimeno\n\nEMOP TS 200.002.0\n\n)\n\n.\n\n600,00\n\n.\n\n2.936,00\n\n600,00\n\n7\n\n314200\n\n+\n\n</\n\n&\n\n\n:\n\n4\n\n\'\n\n*\n\n1lind\nAP\n\nde Sovrad\ntdificsgfes\n20843\n\n_ACLIVE CNST\nA\n58 726/0080-54\n0i\no,\nCassidf\n08747\nCREAIRS 20071\n.\n\n642,10}\n\nE.\n\n\'\n\n.\n\n-\n\ne\n\n]\n\n6. |\n\n-\n\n7{Rede deknylon para finebiol de saldo. Formecimento\n\n3\n\nB\n\n.\n.\n\n\'\n\n.\n\nR\n\n~\n\ng\n\n1 :()(j\n\n)\n\npar\n\nEMOPER.200.005-0\n\nS\n\n]\n\n. :/()_()\'()\n\n.\n\n 7(),0()\n\n250,004\n\nwn -} 250,00\n\n1,007\n\n*\n\nT\n\n:\n\n267,54\n\no\n\n3.142,00\n\n 2,936,001\n\nN\n\n\'\n\n:\n\nimpermeatntizagao de laje cop asfulto elastorhirico, a base de SBZ\n\n-\n\n4\n\n*\n\nde 40m2, exclusive preparo, protecuo trmica  mecinica\n\n-,\n\n\'\n\nM\n\nB\n\nsubcobertura em fibras continuas de policti[cno de alta densidace,\nA\n\n.\n\nve m\\\'uki.r;lmmto\'p\'ua contrs-caibros em madewrs serada de\n\n*\n\n@\n\n{\n\n/\n\n;\n\n\n\n-\n\nm2\n\n1 59,74\n\n(1,54, 05em, Tyvec o sumldr Fomecime',868,'en'),('a:5:{s:5:\"title\";s:26:\"Kodak Capture Pro Software\";s:6:\"author\";s:26:\"Kodak Capture Pro Software\";s:9:\"pageCount\";s:2:\"62\";s:10:\"hasOutline\";b:1;s:8:\"hasForms\";b:1;}',869,'en'),('a:4:{s:4:\"name\";s:42:\"Acrobat PDF 1.4 - Portable Document Format\";s:7:\"version\";s:3:\"1.4\";s:12:\"registryName\";s:6:\"PRONOM\";s:11:\"registryKey\";s:6:\"fmt/18\";}',870,'en'),('a:3:{s:4:\"type\";s:9:\"ingestion\";s:8:\"dateTime\";s:20:\"2023-10-18T11:06:01Z\";s:22:\"linkingAgentIdentifier\";a:3:{i:0;a:2:{s:4:\"type\";s:19:\"preservation system\";s:5:\"value\";s:20:\"Archivematica-1.12.2\";}i:1;a:2:{s:4:\"type\";s:15:\"repository code\";s:5:\"value\";s:3:\"ORG\";}i:2;a:2:{s:4:\"type\";s:21:\"Archivematica user pk\";s:5:\"value\";s:1:\"1\";}}}',871,'en'),('a:4:{s:4:\"type\";s:26:\"message digest calculation\";s:8:\"dateTime\";s:20:\"2023-10-18T11:06:01Z\";s:17:\"outcomeDetailNote\";s:64:\"ef4dee3cf488c244542f09f82425904fe9107fd67cf057cd5a54373afc4f685e\";s:22:\"linkingAgentIdentifier\";a:3:{i:0;a:2:{s:4:\"type\";s:19:\"preservation system\";s:5:\"value\";s:20:\"Archivematica-1.12.2\";}i:1;a:2:{s:4:\"type\";s:15:\"repository code\";s:5:\"value\";s:3:\"ORG\";}i:2;a:2:{s:4:\"type\";s:21:\"Archivematica user pk\";s:5:\"value\";s:1:\"1\";}}}',872,'en'),('a:4:{s:4:\"type\";s:11:\"virus check\";s:8:\"dateTime\";s:20:\"2023-10-18T11:06:03Z\";s:7:\"outcome\";s:4:\"Pass\";s:22:\"linkingAgentIdentifier\";a:3:{i:0;a:2:{s:4:\"type\";s:19:\"preservation system\";s:5:\"value\";s:20:\"Archivematica-1.12.2\";}i:1;a:2:{s:4:\"type\";s:15:\"repository code\";s:5:\"value\";s:3:\"ORG\";}i:2;a:2:{s:4:\"type\";s:21:\"Archivematica user pk\";s:5:\"value\";s:1:\"1\";}}}',873,'en'),('a:4:{s:4:\"type\";s:12:\"name cleanup\";s:8:\"dateTime\";s:20:\"2023-10-18T11:06:04Z\";s:17:\"outcomeDetailNote\";s:184:\"Original name=\"%transferDirectory%objects/Processo 2010008091 - Vol VI_ocred_assinado.pdf\"; cleaned up name=\"%transferDirectory%objects/Processo_2010008091_-_Vol_VI_ocred_assinado.pdf\"\";s:22:\"linkingAgentIdentifier\";a:3:{i:0;a:2:{s:4:\"type\";s:19:\"preservation system\";s:5:\"value\";s:20:\"Archivematica-1.12.2\";}i:1;a:2:{s:4:\"type\";s:15:\"repository code\";s:5:\"value\";s:3:\"ORG\";}i:2;a:2:{s:4:\"type\";s:21:\"Archivematica user pk\";s:5:\"value\";s:1:\"1\";}}}',874,'en'),('a:5:{s:4:\"type\";s:21:\"format identification\";s:8:\"dateTime\";s:20:\"2023-10-18T11:06:28Z\";s:7:\"outcome\";s:8:\"Positive\";s:17:\"outcomeDetailNote\";s:6:\"fmt/18\";s:22:\"linkingAgentIdentifier\";a:3:{i:0;a:2:{s:4:\"type\";s:19:\"preservation system\";s:5:\"value\";s:20:\"Archivematica-1.12.2\";}i:1;a:2:{s:4:\"type\";s:15:\"repository code\";s:5:\"value\";s:3:\"ORG\";}i:2;a:2:{s:4:\"type\";s:21:\"Archivematica user pk\";s:5:\"value\";s:1:\"1\";}}}',875,'en'),('a:5:{s:4:\"type\";s:10:\"validation\";s:8:\"dateTime\";s:20:\"2023-10-18T11:06:39Z\";s:7:\"outcome\";s:12:\"partial pass\";s:17:\"outcomeDetailNote\";s:51:\"format=\"bytestream\"; result=\"Well-Formed and valid\"\";s:22:\"linkingAgentIdentifier\";a:3:{i:0;a:2:{s:4:\"type\";s:19:\"preservation system\";s:5:\"value\";s:20:\"Archivematica-1.12.2\";}i:1;a:2:{s:4:\"type\";s:15:\"repository code\";s:5:\"value\";s:3:\"ORG\";}i:2;a:2:{s:4:\"type\";s:21:\"Archivematica user pk\";s:5:\"value\";s:1:\"1\";}}}',876,'en'),('a:4:{s:4:\"type\";s:13:\"normalization\";s:8:\"dateTime\";s:20:\"2023-10-18T11:11:06Z\";s:17:\"outcomeDetailNote\";s:106:\"%SIPDirectory%objects/Processo_2010008091_-_Vol_VI_ocred_assinado-d61b3ebb-f9cf-4cc1-be8c-f74293cd28c9.pdf\";s:22:\"linkingAgentIdentifier\";a:3:{i:0;a:2:{s:4:\"type\";s:19:\"preservation system\";s:5:\"value\";s:20:\"Archivematica-1.12.2\";}i:1;a:2:{s:4:\"type\";s:15:\"repository code\";s:5:\"value\";s:3:\"ORG\";}i:2;a:2:{s:4:\"type\";s:21:\"Archivematica user pk\";s:5:\"value\";s:1:\"1\";}}}',877,'en'),('376bb4c2-0b26-4c26-a476-f3016fdc892f',878,'en'),('9d9ba739-8b5f-493a-be9f-f57517008428',879,'en'),(',to\\\n\nLogh\n\nESTADO DO RIO DE JANEIRO\n\n.o\n\n.\n\nPREFEITURA MUNICIPAL DE ANGRA DOS REIS,\n\ns\n\n4\n!\n\n}\n\n* Unidade de Origem:\n\n13/05/2010\n567 - SOH-SECRETARIA MUNICIPAL DE OBRAS,\n\n|\\ A BiTACAO E SERVICOS PUBLICOS\n\nTipo de Processo.\n\n227 - DESPESA\n\n\\\n\nTipo de Assunto;\n\n429 - DESPESA\n\n]\n\nINTERESSADO:\n\nLICITAGAO\n\nFe\n\nDatadeEntrada:\n\nK\n\nCPFICNPJ:\n\nVLI\n\ne -\n\n}\nMIMP 0282/2010/SOH REFERENTE A\nUGAO\nEXEC\nPARA\nSA\nEMPRE\nCONTRATAGAO DE\nDA OBRA DE REFORMA DA ESCOLA MUNICIPAL\nPEDRO SOARES - PROVETA - ILHA GRANDE ANGRA DOS REIS. R$\n\nPSR\n\nDescricao:\n\n() Ramal:\n\nT\n\nTelefone:\n\n, Bairro: - CEP:- - Cidade:\n\ne\n\nEnderego:\n\nitT\n\n{\n\n8091/2010\n\nProcesso:___\n\nEstado do Rio de Janeiro\nPrefeitura Municipal de Angra dos Reis\n\nFolha n: _4 009\nRuc,\nAss.\n\n-\n\nPublicos\nSecretaria de Obras, Habitago e Servigos\n\nAngra dos Reis,10\n\nMM\n\nde Janeiro\n\n030/2012\n\nN\n\nde\n\n2012\n\n/SOH\n\nA\nSOH\nPrezados Srs.,\n\nde\nAditivo por supressao e/ou acrscimo\nSolicitamos autorizac@o para Termo\nobra, a saber,\nservicos sem alteragao financeira da\n\nACLIVE CONSTRUGOES LTDA\neFavorecido:\nICIPAL PEDRO SOARES\nOBRADE REFORMA DA ESCOLA MUN\neServico:\neBairro:\n\nPROVETA\n\n282/2010/SOH\nsMemo:\n17/11/10\nde\n89\neContrato:\n540 dias\nPrazo Execugao.:\nelicitacio/Modalidade:\n\n\'\n\neValor R$: 2.223.500,00\n3699/10\neNota de Empenho:\n0Ordem de Servigo:\n130/2010/SOH\neData de Inicio da Obra:\n\neTrmino inicial previsto:\n\nCONCORRENCIA 008/2010\n\n276/2011\n\n3503/20 3495/2011\n\n13/12/10\n\n0\\5/%\n\nAtenciosamente,\n\nAUTORIZO\n\n\',\n\n(N\n\n%L)\nORDENADOR DE\n\ne\nS\n\n\nDESPESA,\n\n\"&e\n\no}%\n\n(R . X9\n\nESTADO DO RIO DE JANEIRO\n\n\n=\n\nASS.. .\nPrefeitura Municipal de Angra dos Reis\nSecretaria Municipal de Obras, Habitagao e Servigo-Publico\n\nB\nTk\n\nSubsecretaria de Edificacoes\n\n=\n\n\n\nRELATORIO TECNICO\nAssunto: Termo aditivo de supressdo e/ou acrscimo de servigos\nObra: Reforma da Escola Municipal Pedro Soarzs\nLocal: Proveta\nEmpresa: Aclive Construgdes LTDA\nMemorando: 282/2010\nProcesso : 8091/2010\nContrato: n: 089/2010 de 17/11/2010\n\nTipo de Licitagdo: Concorrncia 008/2010/SAD.SSLC\nNota de Empenho: 3699/2010\nOrdem de Servigo: 130/2010/SOH\nData de assinatura da Ordem de Servigo: 13/12/2010\nPrazo de Execucdo: 420 dias\n\nTrmino inicial, aps assinatura do contrato: 05/02/2012\n\nValor da Obra (P0): R$ 2.223.500,00\nValor aditado:\n\nRS 248.766,40  Memorando\n\nn 420/2011/SOH\n\nSem alteragdo de valor\nJustificativa:\n\nSolicito termo aditivo sem alteraggo de valor, em virtude da apresentago\ndo Projeto executivo de instalagdes hidrossanitarios, eltricas e estrutura, com\n\nisso houve\n\na necessidade\n\nde adequag@o\n\nda planilha para incluir itens ndo\n\nplanilhados e retirar itens que ndo serdo necessarios para finalizar a obra.\nConforme planilha em anexo.\nAngra dos Reis, 10 de janeiro de 2012.\n\nCRONOGRAMA FISICO FINANCEIRO\nOBRA: REFORMA DA E. M. PEDRO SOARES - PROVETA\nLOCAL: ILHA GRANDE\nOrdem de Servigo : 13/12/10\nPeriodo\n\nN\n\nITEM\n\nSERVICO\n\n=\n\n130 Das\n\nValor\ndos\nServicos\n\n%\n\n~\n\n1\n2\n\n[Servigos Preliminares\nDemoligGes e retiradas\n\n1.220,00\n\n7.302,65\n\n720,00\n\n|Movimento de terra\n\n|Infra estrurura\n\nT\n\n5\n\nSuper estrutura\n\n\n\n4\n\n6\n\n|Vedagio\n\n=\n\nEsquadrias\n\n8\n\n|Vidro\n\n9\n\n|Cobertura\n\n10\n\nForro\n\n11\n12\n\n|Revestimento\n[Pavimentagio interna e externa\n\n13\n\nQuadra\n\n15\n\nBancadas e Prateleiras\n\n16\n\n|Diversos\n\n14\n\n17\n\n|Paisagismo\n|Transporte maritimo\n\n19\n\nAgua, esgoto e dguas pluviais\n\n20\n\n|Tnstalagao Eltrica\n\n21\n\nInstalacdo de Incndio\n\n23\n\nLougas, metais e acessorios\n\n24\n25\n26\n\n27\n\n=\n\nK\n&\n\n23.080,00\n17.062,50\n4.000,00\n\n14.841,09\n\n13.900,00\n\n7.275,00\n32.960,00\n\n42.180,00\n\n]\n\nT\n\n\n\n_\n\n\'\n\n|\n\n|\n\n1\n\n]\n:\n\n6.02500\n\n|\n\n3.319,50\n\n26.600,00\n8.800,00\n\n37.075,00\n8.750,00\n\n45.425,00\n11.437,50\n\n8.800,00\n\n2.000,00\n\n1.500,00\n\n__7.500,00\n\n|\n\n137500 |\n\n|\n\nTOTAL DO MES (RS)\n\n123.362,40\n\n~LQR ACUMULADO (RS)\n\n123.362,40\n\n1\n247.081,53\n\n|IB\n\n7.005,60\n\n]\n]\n\n370.538,63\n\n| 494.010,73 |\n\n7.00560\n\n| 123.416,80\n\n_\n\n17.527,25\n\n155.744,00\n_\n\n1\n\n41.000,00\n\n7.005,60\n\n|\n\n|\n\ni\ni\n\n081%\n\n4210400\n\n| 170%\n\not\nTS10.486,40\n\n|T 0.43%\nT5on\n\n15.635 ,00\n\n053%\n\n207 43 4,00\n\n1\n\n39.122,66\n-1.865,00\n\n19,960,60\n\n|\n\n19.544,70\n\n839%\n\n394.821.25 | 15.97%\no\nST\n\n32.361,75\n\n9.845,00\n\n1,3 1%\n\n-\n\n40.760,00\n\n26.980,00\n\n40.500,00\n\n37.300,00\n\n42386,30\n\n2.310,00\n\n59.480,00\n\n4557573\n\n]\n\n1569\n\n=\n]\n\n20.400,00\n\n_\n\n]\n\n7.005,60\n\n7.005,60\n\n-\n\n10.000,00\n\n10.000,00\n\n15.737,40\n\n15.737,40\n\n]\n-\n\n15.737,40\n\n44.520,00\n6 ||_740.903,13\n\n|\n\n:\n\n123.725,60\n\n864.628,73\n\n123.335,60\n\n987.964,33\n\n123.827,60\n\n1111.791,93\n\n495361,27\n\n1.607.153,20\n\n272.686,25\n\n| 1.879.839,45\n\n133.354,17\n\n2.013.193 62|18\n\n| 5.046,03 |\n\n.\n\n19245259\n\nTR \n\n_\n\n]\n\n5.620,00\n\n]\nI\n\n|\n\n92.531,30\n\n36.948,50\n\n]\n\n|\n0\n\n38.248,00\n\n51.888.40 | 2.10%\n\n19.960,60\n\n108.820,00\n\n1\n\n|\n|\n\n| 0.36%\n\n9.593,50\n\n_\n\n7.005,60\n\n037%\nYA\n\n21218,10\n\n0 57%\n\n]\n\n7.005,60\n\n5.140,00\nTXGER\n\n21.218,19\n\n\n\n]\n\n[Servigos Compl\no\n|Limpeza Final da Obra\n|Administragdo Local\n\nl\n\n37.908,00\n\n25.625,00\n\n| 697500\n\n| 2907000\n| 641000 |t\n\n|\n\n21.700,00\n\n8\n\n%\n\n| 17.85500\nY _\n\n1\n\n\n\n]\n\n\n\n|Telefonia e Logica\n\n|Ttens Noves\n\nP\n\n1\n\n31.300,00\n\n40.549,32\n\n40.565,90\n\n\n\n18.275,00\n\n29.355,00\n5.071,65\n\n54.368,06\n\n-874,50\n\n| 886550 [f\n\n\n\n\'\n\n38.625,00\n\n720,00\n\n1.400,00\n\n|\n\n|Pintura\n\n18\n\n22\n\n720,00\n\n1.600,00\n\n24.054,88\n\n3\n\n| 1.140,00\n\n7.78%\n\n0.30%\nBT\n\n3 20%\n\n]\n!\n\n|\n\n2.69%\n|\n\n005%\n\n0.23%\n\n0,44%\n\n3657275 | 148%\n125835 | 0.05%\n5.10%\n\n|\n\n126,000,001\n\n]\n\n118.120.88 | 4.78%\n:\n]\n\ni ACLIVE CONSTRUGOES\nLTDA\n\n2.472.266,40 | 100.0%\n:\n\n.\n\nPROC. w,_@a%[q\nFOLAAN _A0AD.\n\n,\n\nMEMORIA DE CALCULO\n1\n\nServicos Preliminares\n\n1.1\n\nPlaca de identificag@o da obra Padrao PMAR,\n\n2,00\n1.2\n\n2\n2.1\n\nx\n\n1,00\n\ne\n\ninclusive\n\n2,00 m?\n\nGalpao aberto para oficinas e depositos de canteiro de obras,\n120,00\n6,67\n\n/\nx\n\n18,00\n72,00\n\n=\n=\n\n6,67 meses\n480,24 ms\n\n2400\n\nx\n\n500\n\n=\n\n120,00 m?\n\n(Alojamento)\n\nDemolicles e retiradas\nDemolicdo manual de alvenaria de tijolos furadcs, inclusive\n0,80\n\nx\n\n3,00\n\n=\n\n2,40 m?\n\n250\n280\n142,70\n\nx\nx\nx\n\n3,00\n3,00\n- 3,00\n\n=\n=\n=\n\n7,60 m?\n7,50 m?\n428,10 m?\n\n44550\n\nx\n\n0,16\n\n=\n\n71,54 m\n\nPorta banheiro sala 07\n\nDeposito\nCantina\nMuro divisa\n- Parede\n\n2.2\n\n=\n\nLASS\n\n0,20 m\n\nArrancamento de bancada de pia ou banca seca de at\n\nDormitdrio\nCozinha\n\n200\n\nx\n\n0,60\n\n=\n\n200\n\nBanheiro\n\n1,00\n\nx\n\n0,50\n\n=\n\n1,00 m\n\n1,00\n060\n\nx\nx\n\n0,50\n0,50\n\n=\n=\n\n1,00 m\n0,60 m\n\nBanheiro\nArea Servigo\n\n.\n\nm\n\nEscola\nwc secretaria\n\no150\n\nx\n\n0,60\n\n=\n\n1,50 m\n\n1,20\n9,05\n\nx\nx\n\n0,60\n0,60\n\n=\n=\n\n1,20 m\n9.05m\n\nCozinha\n\n775\n\nx\n\n0,60\n\n=\n\nwc masc.\n\n7,75 m\n\n275\n\nx\n\n0,60\n\n=\n\n275 m\n\n275\n\nx\n\n0,60\n\n=\n\n4250\n\nx\n\n0,20\n\n=\n\n\" cantina .\nlaboratorio inf\n\n- we femin\n\nPeitoril\n\n2.3\n1 pav\nvaso\ncuba\nchuv\nmictor\nLavatoric\nAlojame\nvaso\ncuba\nchuv\n\nm\n\n7210 m\n\nArrancamento de aparelhos sanitarios\n\n11,00 unid.\n9,00\n4,00\n3,00\n7,00\n\nunid.\nunid.\nunid.\nunid.\n\n2,00 unid.\n2,00 unid.\n2,00 unid.\n\nTotal:\n\n24\n\nTotal:\n\n275\n\n4250 m\n\n40,00 unid.\n\nRemogao de forro ou lambri de frisos de madei\nra ou placas\n.\nf\n\nGerente de Projetgskie Edificagbes\n\nTiago M .\n\nge Souza\ngenheiro Civil\n\nSOH-GPE - Mat 20843\n\n-~\n\nCorredor\nSls 1 pz\n\n101,05\n3500\n\nx\nx\n\n225\n11,00\n\n=\n=\n\n227,36 m?\n385,00 m?\n\nSls 2 pz\n\n35,00\n\nx\n\n400\n\n=\n\nwC\nCozinha\n\n140,00 m?\n\n22,00\n400\n\nx\nx\n\n200\n6,10\n\n=\n=\n\n44,00 m?\n24 .40 m?\n\n\\Jojament\n\n79,17\n\nx\n\n200\n\n=\n\nTotal:\n\n25\n\n8,00 unid.\n\n1,00 unid.\n\nTotal:\n\nSecretar\n\n101,00 unid.\n\n1,55\n\nx\n\n280\n\n=\n\n18,20\n\nx\n\n280\n\n=\n\nTotal:\n\n2,00 unid.\n2,00 unid.\n2,00 unid.\n\n6,00 unid.\n\nArrancamento de aparelhos de iluminagao, inclusive lam-\n\nsls\ncorredor\nrefeit\ncozinha\n\n72,00\n20,00\n6,00\n10,00\n\ndiredo\nalojame\n\n8,00 unid.\n12,00 unid.\n\nexterno\n\n6,00 unid.\n\nunid.\nunid.\nunid.\nunid.\n\nTotal:\n\nalambr\nCerca\n\nm?\n\n55,30 m?\n\nTotal:\n\njanelas\n\n4,34 m?\n50,96\n\nRetirada de aparelhos esportivos, trave e basquete 1 de cada.\n\nTrave\nTabela\nPoste\n\nportao\n\n979,10 m?\n\nRemogo de divisrias d2 madeira, pr-moldzdas, prensa-\n\nsls\n\n2.9\n\n158,34 m?\n\n-\n\n5,00 unid.\n\ncaixilho\n\n2.8\n\n| Ass.\n\'\n\n39,00 unid.\n45,00 unid.\n3,00 unid.\n\njanelas\n\n2.7\n\nFOLHAN 4040\n\nArrancamento de portas, janelas e caixilhos de ar condi-\n\n1 pav\nportas\njanelas\ncaixilho\n2 pav\nportas\n\n26\n\n[roc, n{_g@dg,o_ |\n\n134,00 unid.\n\nArrancamento de grades, gradis, alambrados, cercas e portdes\n365\n2,00\n2,20\n3,30\n13,00\n160,30\n\nx\nx\nx\nx\nx\nx\n\n300\n210\n1,50\n28,00\n6,00\n200\n\n=\n=\n=\n=\n=\n=\n\n496\n\nX\n\n200\n\n=\n\n10,95\n4,20\n3,30\n92,40\n78,00\n320,60\n\nm?\nm?\nm?\nm?\nm?\nm*\n\n9,92 m?\n\n-\n\nTiago Mugild }de Souza\n@\n\nheiro Civil\n\n519,37 m?\n\nTelhado 1\n\n616,60 m?\n215,44\n\nTelhado 3\n\n199,36 m?\n\nTotal:\n2.11\n\ng1}\n\n3\n\n\n\n|\n\n\n\nm?\n\n1.031,40\n\nx\n\nInclinagde Ceramica\n1,25\n\n=\n\n1.289,25 m?\n\nDemolicdo de revestimento em azulejos, ceramicas ou mar-\n\nmas\nfem\ninfa\ninfo\n\n19,00\n19,00\n8,35\n7,10\n\nx\nx\nx\nx\n\n280\n280\n280\n280\n\n=\n=\n=\n=\n\n53,20\n53,20\n23,38\n19,88\n\nm?\nm?\nm?\nm?\n\ncantina\n\n1360\n\nx\n\n280\n\n=\n\n38,08 m?\n\nrefeitori\ncozinha\nWC C0Z\n\n4140\n28,20\n6,70\n\nx\nx\nx\n\n280\n280\n280\n\n=\n=\n=\n\n2 servig\n3 externz\n\n115,92 m2\n78,96 m?\n18,76 m?\n\n17,00\n7799\n\nx\nx\n\n280\n280\n\n=\n=\n\n47,60 m?\n218,37 m?\n\nwc prof\n\n550\n\nx\n\n280\n\n=\n\n15,40 m?\n\nbanho\ncozinha\n\n16,75\n10,60\n\nx\nx\n\n2,80\n280\n\n=\n=\n\naservig\n\n46,90 m?\n29,68 m?\n\n8,00\n\nx\n\n280\n\n=\n\n22 40 m?\n\nAlojamento\n\nTotal:\n\n212\n\nFOLHANS_\n\nRemog&o de cobertura em telhas francesas, inclusive madei-\n\nTelhado 2\n\nWC\nwce\nwc\nwc\n\n_Q081/40)_.\n\n{ Ass.._\n\nTotal:\n210\n\nPROC.W\n\n781,75 m?\n\nDemolic&o de revestimento em argamassa de:cal e areia\n\nparede\nsl 1\nsl 2\nsl 3\nsl4\nsl S\nsl 6\n\n2400\n2400\n2400\n2400\n2400\n2400\n\nx\nx\nx\nx\nx\nx\n\n3,00\n3,00\n3,00\n300\n3,00\n3,00\n\n=\n=\n=\n=\n=\n=\n\n72,00\n72,00\n72,00\n72,00\n72,00\n72,00\n\ncorredor\nexterno\n\n149,70\n44505\n\nx\nx\n\n3,00\n350\n\n=\n=\n\nTeto\n\n449,10 m?\n1.657,68 m?\n\n19182\n\nx\n\n300\n\n=\n\n75,46 m?\n25,50 m?\n\nm?\nm?\nm?\nm?\nm?\nm?\n\nMuro\n8,50\n\nx\n\n300\n\n=\n\n850\n4270\n40,30\n30,00\n30,00\n13,60\n13,60\n8,90\n\nx\nx\nx\nx\nx\nx\nx\nx\n\n3,00\n3,00\n3,00\n3,00\n300\n3,00\n3,00\n300\n\n=\n=\n=\n=\n=\n=\n=\n=\n\n890\n\nx\n\n3,00\n\n=\n\n26,70 m?\n\n615,00\n\nx\n\n200\n\n=\n\n1.230,00 m?\n4.359,25 m?\n\nTotal:\n2.13\n\n25,50\n128,10\n120,90\n90,00\n90,00\n40,80\n40,80\n26,70\n\nm?\nm?\nm?\nm?\nm?\nm?\nm?\nm?\n\nRetirada de quadro de aula (4,2x1,6)\nGerente de Projetos de fdif] acdes\nTiago Murjle-g/de Souza\n\nd\n\n&peiro Civil\n\nSOH-GPE- Mat 20843\n\nPROC. W _gggaug_.\nFOLHAN__ 1015\nsls\n\n12,00 unid,\n\n2.14\n\nDemolig&o de piso de ladrilho com respectiva camada de\n\nAlojamento\nBanheiro M.\nBanheiro F.\nCozinha\n\n)\n\n\'\n\nArea servico\n\n5,90 m?\n5,90 m?\n7,00 m?\n\nCantina\nDepsito\nrefeitrio\n\n10,25 m?\n6,88 m?\n75,76 m?\n\n3,80 m*\n\n|Cozinha\n\n23,00 m?\n\nEscola\n\nDespensa\n\n6,16 m?\n2,58 m?\n\nbanheiro S| Professores\n\n1,20 m?\n\nDeposito\n\nDepsito\n\n2,46 m?\n\nBanheiro\n\nArea servigo\n\n2,58 m?\n\n495 m?\n\n|Banheiros\n\n48,00 m?\n\nBiblioteca\n\n29,15 m?\n\nSala informatica\n\nCorredor 01\nSecretaria\nSala de Professores\n\n43,60 m?\n15,80 m?\n16,05 m?\n\nCirculago 02\nsala 09\nsala 10\n\nDiretoria\nQuarto 1\n\n8,05 m?\n10,78 m?\n\nsala 11\nSecretaria\n\n35,00\n22,36\n\nQuarto 2\n\n9,80 m?\n\n12,00 m?\n\n\n\n151,55 m?\n35,00 m?\n35,75 m?\nm?\nm?\n\nCirculagao 03\n\n36,40 m?\n\nQuarto 3\nSala/Copa\n\n9,80 m?\n17,25 m?\n\nEscada\nRampa\n\n5,00 m?\n15,20 m?\n\nSala\nSala\nSala\nSala\nSala\nSala\n\n35,00\n35,75\n35,00\n35,00\n35,75\n35,00\n\nRodap\n1 Pav\n2 Pav\n\n01\n02\n03\n04\n05\n06\n\nm?\nm?\nm?\nm?\nm?\nm?\n\nSala 07\n\n30,25 m?\n\nSala 08\n\n31,25 m?\nTotal:\n\n2.15\nsls\ncorredor\nrefeit\ncozinha\ndirecao\nalojame\nexterno\ninformat\n\nTotal:\n2.16\nsls\ncorredor\n\n1.764.86 m?\n\nArrancamento de tomadas e interruptores\n79,00\n19,00\n23,00\n16,00\n78,00\n41,00\n4,00\n33,00\n\nunid.\nunid.\nunid.\nunid.\nunid.\nunid.\nunid.\nunid.\n\n293,00 unid.\nRetirada de bate carteira em madeira 20cm\n11,00\n2,00\n\nx\nx\n\n700\n19,00\n\n=\n=\nTotal:\n\n2.17\nCorred\n\n10,56 m?\n596,83 m?\n169,51 m?\n\n77,00 m\n38,00 m\n115,00\n\nm\n\nRetirada de bebedouro eltrico de pressao, em ago inox para\n3,00 unid\nGerente de Projetos de\n\nTiago Murilo Sffie\n\n|cat;6es\n\nBouza\n\nfenhgiro Civil\n\nSONGHEMat 20843\n\nprOC. N Z0\n044,\nFoLHa N, 4016,\nAss.\n\n2.18\n\nRetirada cuidadosa de tanque de ago inox\n\nbebed\n\n1,00 unid.\n\nmictri\n\n1,00 unid.\n\nTotal:\n\n2,00 unid.\n\n2.19\n\nDemoliao de tanque de lavagem de panela medir.do (0,70x0,60)m\n\ncozinha\nexterno\nTotal:\n\n2.20\n\n2,00 unid.\n1,00 unid.\n3,00 unid.\n\nDemolicdo manual de concreto armado compreerdendo pila\n\npilares\n\n0,15\n\nx\n\n0,30\n\nx\n\nvigas\n\'\n\n0,14\n0,20\n893\n\nx\nx\nx\n\n64,00\n030\n200\n\n=\nx\n=\n\n3,00\n\nguardc\n\n0,30\n\nx\n\n0,30\n\nx\n\n120\n\n011\n\nx\n\n19,00\n\n=\n\n2,09 m?\n\nPiso ext\n\n23,00\n\nx\n\n13,80\n\nx\n\n0,12\n\n=\n\n37,26 m?\n\nPiso inte\n\n34,00\n\nx\n\n550\n\nx\n\nG,10\n\n=\n\n18,70 m?\n\n=\nm?\n\n1,00 m?\n\n=\n\n25,70 m\n\n=\nm?\n\n1,80 m3\n\n=\n\n1,80 m\n\n8.96 m?\n143,90\n1786 m\n\nTotal:\n2.21\nCalgada\npatio\n\n0,14 m?\n\n=\n\n8,93 m?\n\n=\n\n0,11\n\nm?d\n\n84,78 m\n\nDemoligdo manual de piso cimentado, exclusive a base\n116,00\n41,00\n\ninterno\n\n2.22\n\n=\n\nx\nx\n\n0,60\n330\n\n=\n=\n\n92,80 m?\n135,30 m?\n\n30,00\n\nx\n\n17,45\n\n=\n\n523,50\n\nm?\n\n39,00\n6,75\n995\n\nx\nx\nx\n\n19,35\n12,00\n40,77\nTotal:\n\n=\n=\n=\n\n754,65\n81,00\n405,66\n1.992,96\n\nm?\nm?\nm?\nm?\n\nRetirada de guarda-corpo em ferro\n\nRampa quadra\n11,00 m\nFachada\n750 m\nTotal:\n3\n3.1\nMuro\nsapata\n\n1850 m\n\nMovimento de terra\nEscavag@o manual de vala/cava em material de 12 catego-\n\n1,00\n1,00\n\nx\nx\n\n1,00\n29,00\n\nx\n=\n\n0,60\n\nx\n\nG50\n\nx\n\nsapata\n\n1,20\n1,80\n\nX\nx\n\n1,50\n400\n\nx\n=\n\ncintas\n\n060\n\nx\n\n050\n\nx\n\ncintas\n\n1,00\n29,0C\n35,65\n\nwC\n1,C0\n7,20\n\n6,00\n\nGerente de Projetos d\n\nTiago Mugi\n* Mat 20843\n\nprOC. 0 _JORIAE.,\nFOLHAN\nFossa\nFiltro\nsumidou\nCx\nTubulag\n\n3,00\n18,00\n\nx\nx\n\n3,00\n200\n\nx\n=\n\n2,00\n36,00\n\n3,00\n\nx\n\n3,00\n\nx\n\n2,00\n\n=\n\n18,00\n\nx\n\n200\n\n=\n\n36,00\n\nm?\n\n3,00\n\nx\n\n3,00\n\nx\n\n2,00\n\n=\n\n18,00\n\nx\n\n400\n\n=\n\n72,00\n\nm?\n\n200\n\nx\n\n200\n\nx\n\n1,50\n\n6,00\n\nx\n\n30,00\n\n=\n\n180,00\n\n0,60\n\nx\n\n060\n\nx\n\nTotal\n\n3.2\nMuro\nsapata\ncintas\n\nweC\nsapata\n\n=\n\n-\n\nm?\n\n386,00\n\n=\n\n100 e\n\n18,00 m?\n18,00 m?\n6,00 m?\n138,96 m*\n\n526,33 m*\n\nEscoramento simples, sendo aberto, de vala de pouca profun-\n\n1,00\n\nx\n\n1,00\n\nx\n\n1,00\n\nx\n\n2900\n\n=\n\n0,60\n\nx\n\n060\n\nx\n\n1,20\n\nx\n\n1,20\n\nx\n\n144\n\nx\n\n40C\n\n=\n\ncintas\n\n060\n\nx\n\n0,50\n\nx\n\nFossa\n\n3,00\n\nx\n\n3,00\n\nx\n\n9,00\n\nx\n\n200\n\n=\n\nFiltro\n\n3,00\n\nx\n\n3,00\n\nx\n\nSumidoul\n\n9,00\n3,00\n9,00\n\nx\nx\nx\n\n200\n3,00\n200\n\n=\nx\n=\n\n=\n\n29,00\n\n1,00 m?\n\nm?\n85,65\n\n5,76\n\n=\n\n30,83 m\n\n=\n\n1,44 m?\n\nm?\n\n6,00\n\n=\n\n1,80 m?\n\n=\n\n9,00 m?\n\n18,00\n\nm?\n=\n\n9,00 m?\n\n18,00\n\nm?\n=\nm?\n\n9,00 m?\n\n18,00\n\nTotal:\n3.3\n\n=\nm?\n\nA[ 0\n\n121,39 m?\n\nReaterro de vala/cava compactada a mago, em camadas de\n\nMuro\nsapata\n\n0,80\n\nx\n\n0,80\n\nx\n\n0,50\n\n=\n\nx\nx\n\n0,32 m?\n\n2900\n0,30\n\n=\nx\n\n9,28\n\ncintas\n\n0,32\n0,15\n\n85,65\n\nm?\n=\n\n3,85 m\n\nsapata\n\n1,00\n\nx\n\n1,00\n\nx\n\n0,50\n\n=\n\n0,50 m\n\nx\nx\n\n400\n0,50\n\n=\nx\n\n2,00\n\ncintas\n\n0,50\n060\n\n6,00\n\nm?\n=\n\n1,80 m?\n\nFossa\n\n250\n\nx\n\n250\n\nx\n\n2,00\n\n=\n\n12,50 m*\n\nFiltro\n\n12,50\n200\n\nx\nx\n\n200\n200\n\n=\nx\n\n25,00\n2,00\n\nm?\n=\n\n8,00 m*\n\nsumidou\n\n800\n250\n\nx\nx\n\n200\n250\n\n=\nx\n\n16,00\n2,00\n\nm?\n=\n\n12,50 m?\n\n12,50\n1,50\n2,70\n0,30\n\nx\nx\nx\nx\n\n400\n1,50\n30,00\n0,30\n\n50,00\n1,20\n81,00\n400,00\n210,53 m?\n\nm?3\n=\nm?\n=\n\nwc\n\nCx\nTubulag\n\n=\nx\n=\nx\nTotal\n\n2,70 m?\n\n36,00 m\n\nGerente de Projetos-df Edificacdes\n\nTiago\n\nM e\n\nSouza\n\ngadenheiro Civil\nSOFJGPE - Mat 20843\n\nrrcc. e _go94/10.-|\nrouran_\n\ni\n\n178,08\n26,71\n299,00\n35,88\n85,00\n12,75\n\nn\n\nX\nX\nX\n\n8,40\n0,15\n13,00\n0,12\n10,00\n0,15\n\nna\n\nHorta\n\nX\n\nQuadra\n\n21,20\n178,08\n23,00\n299,00\n8,50\n85,00\n\nX\n\nPatio\n\nAsS..\n\nPo6 de pedra, inclusive transporte\n\nX\n\n3.4\n\nEiT\n\nTotal:\n\nFormas de madeira para moldagem de pegas de concreto\n\nWe m.f.\nSls\n\nx\n\n18,35\n\nx\n\n3.321,00 kg\n\n100,00\n\nCorte,dobragem, montagem e colocag&o e ferragens nas for3321\n\n45\n\n18,35\n\nBarra de ago CA-50B, com salincia ou mossa, coeficien\n3321\n\n4.4\n\nx\n\nEscoramento simples, sendo aberto, de vala de pouca profun3321\n\n4.3\n\n75,35 m\n\nInfra estrutura\n\n33,21\n4.2\n\nm?\nm\nm?\nm\nm?\nm\n\nx\n\n3.321,00 kg\n\n100,00\n\nConcreto simples, dosado racionalmente para uma resis8,00\n\nx\n\n34,00\n\nx\n\n5,50\n5,50\n\nX\nX\n\n0,10\n0,10\n23,10\n\nTotal\n\n4.6\n\nConcreto simples, dosado racionalmente para uma resis-\n\n25mpa\n\ncintas\n\n0,50\n8,00\n0,50\n\nx\n1l\n\n0,26 m\nm?\n\n0,02 m?\n\ni\n\nxX\n\n1,04\n\nX\n\nX\nX\nX\nX\n\n0,40\n\nIlx\n\n0,50\n0,10\n0,20\n\n0,80\n4,00\n0,20\n4,00\n0,30\n\nx\n\nConteng\nsapata\n\nX\n\ncintas\n\nX\n\nespera\n\n0,80\n0,26\n0,20\n0,02\n0,15\n\nX\n\nsapata\n\nX\n\nWC crec\n\n0,27 m?\n\n0,10 m?*\n1,69 m\n\nMuro\n\nPirulito\n\n0,20\n\nx\n\nX\nX\nX\n\nespera\n\nX\n\ncintas\n\n0,40\n0,08\n0,20\n0,02\n0,15\n\nX\n\nsapata\n\n0,50\n58,00\n0,30\n58,00\n0,30\n\n0,08 m?\n\n0,20\n\n0,05 m?\n\n0,02 md\n6,48 m\n\nGerente de Projetos d / ificagbes\n&\n\nprOC. w0 SO\ncornane_ A019.8.\nASS.\n0,05\n\nx\n\n58,00\n\n=\n\nPilares\n\n0,15\n\nx\n\n0,30\n\nx\n\nVigas\n\n0,09\n0,156\n0,09\n\nx\nx\nx\n\n58,00\n0,30\n14410\n\n=\nx\n=\n\nTotal:\n5\n5.1\n\nWC crec\npiares\nvigas\n\n=\n\n0,09 m\n\n=\n\n0,09 m?\n\nm?\n2,00\n\n12,97\n\nm?\n\n37,25 m?\n\nx\n\n20,50\n\n=\n\n228,17 m?\n\nx\n\n105,00\n\n=\n\n1.168,65 kg\n\nCorte,dobragem, montagem e colocago e ferragens nas for-\n\n11,13\n5.4\n\n2,00\n\n5,22\n\n\'\n\nBarra de ago CA-50B, com salincia ou mossa, coeficien\n\n11,13\n5.3\n\nm?\n\nSuperestrutura\nFormas de madeira para moldagem de pecas de concreto ar11,13\n\n5.2\n\n2,90\n\nx\n\n105,00\n\n=\n\n1.168,65 kg\n\nConcreto simples, dosado racionalmente para uma resis-\n\n0,15\n0,14\n\nx\nx\n\n0,30\n400\n\nx\n=\n\n0,15\n\nx\n\n0,30\n\nx\n\n0,20\n\nx\n\n0,40\n\nx\n\n2,80\n\n0,22\n\nx\n\n29,00\n\n=\n\n6,38\n\n0,15\n\nx\n\n0,30\n\nx\n\n3,00\n0,56\n\n=\n\n0,14 m?\n\n=\n\n0,27 m?\n\n=\n\n0,22 m\n\n=\n\n3,85 m?\n\nm?\n6,00\n\nMuro\npiares\nvigas\n\n6\n6.1\nBan.Ma\n\nBan.Fe\n\nm?\n85,65\n\nTotal:\n1113 m\nVedacgo\nParede divisoria para sanitarios em placa de granito cinza andorinha\n1,50\n\nx\n\n200\n\n=\n\n3,00 m?\n\n1,50\n1,30\n1,30\n1,30\n1,30\n120\n190\n\nx\nx\nx\nx\nx\nx\nx\n\n200\n2,00\n200\n200\n2,00\n200\n200\n\n=\n=\n=\n=\n=\n=\n=\n\n3,00\n2,60\n2,60\n2,60\n2,60\n2,40\n3,80\n\nm?\nm?\nm?\nm?\nm?\nm?\nm?\n\n1,30\n\nx\n\n200\n\n=\n\n2,60 m?\n\n1,30\n\nx\n\n200\n\n=\n\n2,60 m?2\n\n1,30\n1,30\n1,30\n1,50\n1,60\n1,60\n1,90\n\nx\nx\nx\nx\nx\nx\nx\n\n200\n200\n200\n200\n200\n200\n2,00\n\n=\n=\n=\n=\n=\n=\n=\n\n2,60\n2,60\n2,60\n3,00\n3,00\n3,00\n3,80\n\nm?\nm?\nm?\nm?\nm?\nm?\nm?\n\ne\n\nB\n\nPROC. W mnl-\n\nFOLHANS\n\nTotal:\n\n6.2\nWec crec\n\nDeposit\nCantina\n\n48,40 m?\n\nAlvenaria de vedago com tijolo ceramico furado 9x9x19\n1,50\n1,50\n270\n\nx\nx\nx\n\n1,60\n\nx\n\n300\n\n=\n\n4,80 m?\n\n1,60\n\nx\n\n3,00\n\n=\n\n4,80 m?\n\n3,00\n3,00\n3,00\n\n=\n=\n=\n\n4,50 m?\n4,50 m?\n8,10 m?\n\n2,10\n\nx\n\n300\n\n=\n\n6,30 m?\n\n210\n225\n\nx\nx\n\n3,00\n1,10\n\n=\n=\n\n6,30 m?\n2,48 m?\n\nDiretoria\n\n0,80\n\nx\n\n210\n\n=\n\nEscada\nCozinha\n\n1,68 m?\n\n2,05\n1,10\n\nx\nx\n\n1,20\n080\n\n=\n=\n\n2,46 m?\n0,88 m?\n\nTotal:\n6.3\n\n.\n\n46,80 m?\n\nAlvenaria de blocos de concreto 20x20x40cm, assentes com\n\nMuro\n\n4270\n13,70\n30,00\n40,30\n4218\nCaixas\nParedes\n\nx\nx\nx\nx\nx\n\n200\n200\n200\n200\n2,00\n\n=\n=\n=\n=\n=\n\n85,40\n27,40\n60,00\n80,60\n84,36\n\nm?\nm?\nm?\nm?\nm?\n\n1,20\n\nX\n\n1,20\n\n=\n\n144\n\n1,44 m?\n\nx\n\n400\n\n=\n\n5,73 m?\n\n458\n\nx\n\n200\n\n=\n\n9,153 m?\n\nTotal:\n\n352,68 m?\n\nGerente de ProjejeeAfe\n\nEdificagdes\n\npuri) . de Souza\nEngegheiro Civil\nBE~ Mat 20843\n\nprOC. 1 _J001/4.0.\n\nFouran_ 10895\n\n6.4\n\nParede de blocos vazados(cobogd), emplacas de cancreto\n\nSl\n\n1,60\n128\n\nCorred.\n\n220\n\nx\n\n1,80\n\n=\n\nDepos.\n\n3,95\n\n080\n\nx\n\n080\n\n=\n\n0,64 m?\n\n\'\nRefeitor\n\nx\nx\n\n0,80\n16,00\n\n=\n=\n\n7.1\n\n1,50\n\nx\n\n060\n\n=\n\n0,80 m?\n\nx\nx\nx\n\n0,80\n0,80\n0,80\n\n=\n=\n=\n\n1,60 m?\n1,60 m?\n1,60 m?\n\n200\n\nx\n\n080\n\n=\n\n1,60 m?\n\nPorta de madeira\n18,00 unid.\n\nSI. 2\n\n5,00 unid.\n\nTotal:\n\n23,00 unid\n\n1 pav\n\n14,00 unid.\n\n1 pav\n\n4,00 unid.\n\nRefeit.\n\n7.6\nCorred.\n7.7\nQuadra\n\n32,58m?\n\nEsquadrias\n\nSl 1\n\n7.5\n\nn?\n\n2,00\n2,00\n2,00\n\nTotal:\n7\n\n1,23 m?\n20,43 m?\n\nalmofadada, dimensao 0,80x2,100,03m e\n\nPorta de cedro almofadada, de 120x210x3,5cm, 2 falhas, exclusive\n\n1,00 unid.\n\nPorta de cedro almofadada, de 160x210x3,5cm, 2 Jolhas, exclusive\n2,00 unid.\nPortao de ferro 1,50x2,10 em 2 folhas e na parte superior uma\n\n8servico\n\n1,50\n3,15\n3,30\n\nx\nx\nx\n\n210\n400\n350\n\n=\n=\n=\n\n3,15 m?\n12,60 m?\n11,55 m?\n\nquadra\n\n1,70\n\nx\n\n210\n\n=\n\n3,57 m?\n\nTotal:\n\n27,72 m?\n\n. Gerente de Projetos ,if-Tiago Mo S.\n\nd\n\nSOFGRE~Mat\n\n20843\n\nproc. w3440\nJAeKll\n7.8\n\nPorta de aluminio para banheiro completa, inclusive instalago\n\nWwC mas\n\n0,80\n\nx\n\n1,80\n\n=\n\nx\nx\nx\nx\nx\n\n300\n180\n180\n500\n180\n\n1,44 m?\n\nwc fem\n\n144\n1,30\n0,80\n144\n1,30\n\n=\n=\n=\n=\n=\n\n4,32\n2,34\n144\n7,20\n234\n\nTotal:\n7.9\njanelas\nbascul\n2 pav\n\n16,20 m?\n\nGrade de ferro para protegso de janela ou aparelhos de ar\n240\n3,84\n240\n384\n\nx\nx\nx\nx\n\n160\n40,00\n160\n10,00\n\n=\n=\n=\n=\n\n1475\n\nx\n\n200\n\n=\n\n7,35\n2,45\n\n29,50 m?\n\nx\nx\n\n200\n200\n\n=\n=\n\n14,70 m?\n4,90 m?\n\ngas\n\n3,84\n153,60\n384\n38,40\n\nm?\nm?\nm?\nm?\n\n241,10 m?\n\nTotal:\n7.10\n\nm?\nm\nm?\nm?\nm?\n\nPortao de aluminio 120x220cm duas folhas de 60cm, inclusive\n1,75\n\nx\n\n210\n\n=\n\n3,68\n\nm?\n\n7.11\n\nConjunto de ferragens para janela de madeira, de correr, em\n\n7.12\n\nConjunto de ferragens para portas de madeira, de 1 folhe,\n\n7.13\n\nConjunto de ferragens para portas de madeira, intarnas, 2\n\n7.14\n\nJanela de correr de 4 folhas, de 200 x 120cm, de cedre, inclu-\n\n7.15\n\nJanela basculante em madeira, medindo: (0,80 x 1,45)m, com 3\n15,05\n\n7.16\n\nx\n\n080\n\n=\n\n12,04 m?\n\nPortao de chapa de ferro galvanizado, com espessura de 0,5mm,\n\nQuadra / entrada\n\n2,10\n\nx\n\n1,00\n\n=\n\n210\n\nm?\n\n| PROG, 1 _X081/10,\n\nFOLRANY_40a%2_\n8\n8.1\n\nVidro\nVidro temperado,incolor,de 6mm de esp.,caixilho em madeira,\n\nSecret\n\n1,20\n\nx\n\n110\n\n=\n\n1,32 m?\n\n1,00\n\nx\n\n1,10\n\n=\n\n1,10 m?\n\npas prat\n\n280\n\nx\n\n1,50\n\n=\n\n4,20 m?\n\ncantina\n\n225\n\nx\n\n1,60\n\n=\n\n3,38 m?\n\nTotal:\n\n10,00 m?\n\n8.2\n\nbascula\nPortas\n\n200\n\nx\n\n120\n\n=\n\n2,4C m?\n\n240\n\nx\n\n40,00\n\n=\n\n96,0C m?\n\n0,80\n\nx\n\n080\n\n=\n\n0,6 m?\n\n064\n\nx\n\n10,00\n\n=\n\n6,40 m?\n\n0,20\n\nx\n\n0,80\n\n=\n\n0,16 m?\n\n0,16\n\nx\n\n23,00\n\n=\n\n3,68 m?\n\nTotal:\n\n106,08 m?\n\n9\n\nCobertura\n\n9.1\n\nCobertura em telhas coloniais, exclusive cumeeira e madeiramen-\n\nTelhado 1\n\n626,66\n\nTelhado 2\nTelhado 3\n\n225,44 m?\n199,36 m?\n\nTotal:\n\nm?\n\n1.051,46\n\n=\n\n1.314.33 m?\n\nMadeiramento para cobertura em duas aguas em telhas cera626,66\n\nTelhado 2\nTelhado 3\n\n225,44 m?\n199,36 m?\n\nTotal:\n\nm?\n\n1.05146\n\nInclinagdo Ce~amica\n1,25\n\nx\n\n=\n\n1.314.33 m?\n\nCumeeira para cobertura em telhas francesas ou coloniais\n\nTelhado 1\n\n37,90 m\n64,30 m\n\nTelhado 2\n\n23,15\n\nTelhado 3\n\n2240 m\n\nTotal:\n9.4\n\nInclinagdo Ceramica\n1,25\n\nx\n\nTelhado 1\n\n9.3\n\n\'\n\nVidro liso, incolor, com espessura de 6mm. Fornto e instalacao.\n\njanelas\n\n9.2\n\nAss...\n;\n\nm\n\n147,75 m\n\nRufo de aluminio de 0,8x500mm.\n\nFornecimento e colocagao\n\nCobertura Policarbonato\n\n12,50\n\nx\n\n1,00\n\n=\n\n12,50m?\n\n190,80\n\nx\n\n1,0\n\n=\n\n190,80 m?\n\nTotal:\n\n203,30m?\n\nTelhado\n\nGerente de Projgjesy\n\ng, dificacdes\n\nde Souza\nIGPE\n\n- Mat 20843\n\n.\n\n[oroc _4091/40.\nFOLHAN, AQA\n\n9.5\n\nCord&o para arremate de telhado, executado com argamassa\n\nTelhado 3\n\n160,35 m\n\nTelhado 2\n\n98,75 m\n\nTelhado 1\n\n194,60 m\n\nTotal:\n9.6\n\nh=0,20\n\n90,74 m\n\nCalha em chapa de ago galvanizado n 26 com 25m de de Anular\n\n10\n\nForro\n\n10.1\n\nForro de PVC em painis lineares encaixados entr= si e fixados\n\n1 Pav\n500\n500\n500\n\nx\nx\nx\n\n7,00\n700\n700\n\n=\n=\n=\n\n35,00 m?\n35,00 m?\n35,00 m?\n\n3,40\n\nx\n\n1,75\n\n=\n\n5,95 m?\n\n\\\n\nInclinagao 30 %\nTotal:\n\n144 24 m?\n\nTotal:\n\n2 Pav.\n\n>\n500\n500\n500\n2,00\n545\nInclinagdo 30\n\n11\n11.1\n\nx\nx\nx\nx\nx\n%\n\n700\n700\n715\n16,12\n430\n\n=\n=\n=\n=\n=\n\nTotal:\n\n35,00\n35,00\n35,75\n32,24\n23.44\n\nm?\nm?\nm?\nm?\nm?\n\n16846 m*\n\n312,70 m?\n\n_J\n\nRevestimento\nChapisco em parede com argamassa de cimentc e areia\n\nparede\nsl 1\nsl 2\nsl 3\nsl 4\nsl 5\nsl6\n\n2400\n2400\n2400\n2400\n2400\n2400\n\nx\nx\nx\nx\nx\nx\n\n320\n320\n320\n320\n320\n320\n\n=\n=\n=\n=\n=\n=\n\ncorredor\nexterno\n\n49,70\n61,05\n\nx\nx\n\n320\n3,50\n\n=\n=\n\n159,04 m?\n213,68 m?\n\n832\n6,00\n\nx\nx\n\n360\n3,00\n\n=\n=\n\n24,96 m?\n18,00 m?\n\n76,80\n76,80\n76,80\n76,80\n76,80\n75,80\n\nm?\nm?\nm*\nm?\nm*\nm?\n\nWC novo\n\nGerente de Projetog I de\'Edificagoes\n\nTiago Myrfjo\n\n4\n\nB~ Mat 20843\n\net\n\nFROC\nW 4001 /40\nFOLHA N 4000 14\nTeto\n\n\n\ncorredor\ncozinha\n\n103,50\n110,25\n\nx\nx\n\n1,00\n1,00\n\n=\n=\n\n103,50 m?\n110,25 m?\n\nsl wc\nbibli sec\n\n118,35\n7495\n\nx\nx\n\n1,00\n1,00\n\n=\n=\n\n118,35 m?\n74,95 m?\n\nalojam\n\n7450\n\nx\n\n1,00\n\n=\n\n74,50\n\n8,50\n\nx\n\n220\n\n=\n\n18,70 m?\n\n850\n\nx\n\n220\n\n=\n\n18,70 m?\n\n4270\n40,30\n30,00\n30,00\n13,60\n13,60\n\nx\nx\nx\nx\nx\nx\n\n220\n220\n220\n220\n220\n220\n\n=\n=\n=\n=\n=\n=\n\n93,94\n88,6\n66,0C\n66,00\n29,92\n29,92\n\n890\n\nx\n\n220\n\n=\n\n19,58 m?\n\n8,90\n\nx\n\n220\n\n=\n\n19,58 m?\n\n63,80\n168,95\n500\n3560\n\nx\nx\nx\nx\n\n3,50\n350\n2,00\n200\n\n=\n=\n=\n=\n\n223,39\n591,33\n10,00\n71,20\n\nm?\n\nMuro\n\nm?\nm?\nm?\nm?\nm?\nm?\n\nFachada\n2 pav\n1 pav\nmuro\nempena\n\nm?\nm?\nm?\nm?\n\n63,72\n\nx\n\n300\n\n=\n\n191,16 m?\n\nempena\n\n51,60\n\nx\n\n3,00\n\n=\n\n154,80 m?\n\nInterno\n2 pav\nsl\nsl\nsl\n\n2400\n2430\n23,97\n\nx\nx\nx\n\n150\n150\n1,50\n\n=\n=\n=\n\n36,00 m?\n36,45 m?\n35,96 m?\n\nsecret\ndirecao\ncorredor\ncorredor\n\n14,30\n1470\n16,35\n2060\n\nx\nX\nx\nx\n\n150\n1,50\n1,60\n1,7C\n\n=\n=\n=\n=\n\n21,45\n22,05\n2453\n35,02\n\nescada\n\n1460\n\nx\n\n3,00\n\n=\n\n43,80 m?\n\n1 pav\nbibliot\nsecret\n\n2160\n15,90\n\nx\nx\n\n1,50\n1,50\n\n=\n=\n\n32,40 m?\n23.85 m?\n\nsl profe\n\n20,30\n\nx\n\n1,80\n\n=\n\n30,45 m?\n\ndirecao\nsls\n\n11,70\n190,90\n\nX\nx\n\n1,50\n150\n\n=\n=\n\n17,55 m?\n286,35 m?\n\nsl info\ncorredor\ncorredor\n\n1490\n136,95\n21,55\n\nx\nx\nx\n\n1,60\n1,70\n1,70\n\n=\n=\n=\n\n22,35 m?\n232,82 m?\n36,64 m?\n\nTeto\n\n79,20\n\nx\n\n530\n\n=\n\n419,76 m?\n\nTotal:\n\n11.2\nparede\nsl 1\nsl 2\nsl 3\n\n4.859,25\n\nm?\nm?\nm?\nm?\n\nm?\n\nEmbogo massa Unica para parede interna com argamassa\n\n2400\n2400\n2400\n\nx\nx\nx\n\n320\n320\n320\n\n=\n=\n=\n\n76,80 m?\n76,80 m?\n76,80 m?\n\nBROC. N\"__XQS);ILLOM\n\nX\nX\nX\n\n24,00\n24,00\n24,00\n49,70\n61,05\n\nX\n\nsl 4\nsl 5\nsi6\ncorredor\nexterno\n\nX\n\nFoLrats_15100.6.\n\n3,20\n3,20\n3,20\n3,20\n3,50\n\n76,80\n76,80\n76,8C\n159,04\n\nm?\nm?\nm?\nm?\n\n213,66\n\nm?\n\n3,00\n3,00\n\n24,96\n\nm2\n\n1,00\n1,00\n1,00\n1,00\n1,00\n\n103,59\n110,25\n118,356\n74,95\n74,50\n\nm?\nm?\nm?\nm?\nm?\n\n2,20\n2,20\n2,20\n2,20\n2,20\n2,20\n2,20\n2,20\n2,20\n2,20\n\n18,70\n18,70\n93,94\n88,66\n66,00\n66,00\n\nm?\nm?\nm?\nm?\nm?\nm?\n\n29,92\n\nm?\n\nalojam\n\nxX\n\nX\nX\nX\n\n103,50\n110,25\n118,35\n74,95\n74,50\n\nX\n\nTeto\ncorredor\ncozinha\nsl we\nbibli sec\n\nX\n\n8,32\n6,00\n\nX\n\nwWC novo\n\n18,00 m?\n\no nounon\nnon\noo\nounonouu\n\nX\nX\nX\nX\nX\nX\nX\nX\nX\nX\nX\nX\n\n3,50\n3,50\n2,00\n2,00\n3,00\n3,00\n\ns\n\nempena\n\nX\n\n1 pav\nmuro\nempena\n\n63,80\n168,95\n5,00\n35,60\n63,72\n51,60\n\nX\n\nFachada\n2 pav\n\nX\n\n8,50\n8,50\n42,70\n40,30\n30,00\n30,00\n13,60\n13,60\n8,90\n8,90\n\nX\n\nMuro\n\n29,92 m?\n19,58 m?\n\n19,58 m?\n\n223,30 m?\n591.33 m?\n10.00 m?\n71,20\n\nm?\n\n191,16 m?\n154,80 m2\n\nsls\n\nsl info\ncorredor\ncorredor\n\nX\nX\nX\nX\nX\nX\nX\n\nX\nX\nX\nX\n\ns| profe\ndireco\n\n21,60\n15,90\n20,30\n11,70\n190,90\n14,90\n136,95\n21,55\n\nX\n\nsecret\n\nX\n\n1 pav\nbibliot\n\nX\n\ncorredor\ncorredor\nescada\n\nX\n\nsecret\n\ndiregao\n\n24,00\n24,30\n23,97\n14,30\n14,70\n16,35\n20,60\n14,60\n\nX\n\nInterno\n\n1,50\n1,60\n1,50\n1,50\n1,50\n1,50\n1,70\n3,00\n\n36,00\n36,45\n35,96\n21,45\n22,05\n24,563\n35,02\n43,80\n\nm?\nm?\nm?\nm?\nm?\nm?\nm?\nm?\n\n1,50\n1,50\n1,50\n1,50\n1,50\n1,50\n1,70\n1,70\n\n32,40\n23,85\n50,45\n7,55\n286,35\n22,35\n232,82\n36,64\n\nm?\nm?\nm?\nm?\nm?\nm?\nm?\nm?\n\nproc. Ne_2031/40.\ncoLmAre\nTeto\n\n7920\n\nx\n\n530\n\n=\n\nTotal:\n\n11.3\n\nJOX16\n\n419,76 m?\n4.859,25 m?\n\nAzulejo esmaltado liso branco 15x15 ou 20x20cm assentaco\n\nwC mas\nwc fem\nwc infa\nwc info\ncantina\n\n19,00\n19,00\n835\n710\n13,60\n\nx\nx\nx\nx\nx\n\n300\n300\n3,00\n300\n300\n\n=\n=\n=\n=\n=\n\n57,00\n57,00\n25,05\n21,30\n40,80\n\nm?\nm?\nm?\nm?\nm?\n\ndeposit\n\n11,35\n\nx\n\n300\n\n=\n\n34,05 m?\n\nrefeitori\ncozinha\ndespen\n\n4140\n28,20\n10,40\n\nx\nx\nx\n\n300\n300\n3,00\n\n=\n=\n=\n\n124,20 m?\n84,60 m?\n31,20 m?\n\ndeposit\n\n6,70\n\nx\n\n300\n\n=\n\n20,10 m?\n\nWC COZ\n\n6,70\n\nx\n\n300\n\n=\n\n20,10\n\n2 servig\n\n17,00\n\nx\n\n3,00\n\n=\n\n51,00 m?\n\nwc prof\n\n550\n\nx\n\n3,00\n\n=\n\n16,50 m?\n\nbanho\n\n16,75\n\nx\n\n3,00\n\n=\n\n50,25 m?\n\ncozinha\naservic\n\n10,60\n8,00\n\nx\nx\n\n3,00\n300\n\n=\n=\n\n31,80 m?\n24,00 m?\n\nm?\n\nAlojamento\n\nTotal:\n11.4\n\n688,95 m?\n\nRejuntamento de azulejo 15x15 ou 20x20 cm com argamassa pr\n\nwC mas\nwc fem\nwc infa\n\n19,00\n19,00\n835\n\nx\nx\nx\n\n3,00\n300\n300\n\n=\n=\n=\n\n57,00 m?\n57,00 m?\n25,05 m?\n\nwc info\n\n710\n\nx\n\n3,00\n\n=\n\n21,30 m?\n\ncantina\n\n13,60\n\nx\n\n300\n\n=\n\n40,80\n\ndepsit\nrefeitori\n\n11,35\n4140\n\nx\nx\n\n3,00\n300\n\n=\n=\n\ncozinha\n\n2820\n\nx\n\n3,00\n\n=\n\n84,60\n\ndespen\ndeposit\n\n1040\n6,70\n\nx\nx\n\n300\n3,00\n\n=\n=\n\n31,20 m?\n20,10 m?\n\nwC Oz\n2 servig\n\n6,70\n17,00\n\nx\nx\n\n300\n300\n\n=\n=\n\n20,10 m?\n51,00 m?\n\nm?\n\n34,05 m?\n124,20 m?\nm?\n\nwc prof\nAlojamento\nbanho\n\n550\n\nx\n\n300\n\n=\n\n16,50 m?\n\n16,75\n\nX\n\n300\n\n=\n\n50,25 m?\n\ncozinha\n\n10,60\n\nx\n\n3,00\n\n=\n\n31,80\n\naservic\n\n8,00\n\nx\n\n300\n\n=\n\n24,00 m?\n\nTotal:\n11.5\nFachada\n2 pav\n1 pav\n\nm?\n\n688,95 m?\n\nCeramica 10x10cm, modelo Arquiteto Portobello ou simiiar, colo-\n\n63,80\n168,95\n\nx\nx\n\n350\n350\n\n=\n=\n\n223,30\n591,33\n\nm?\nm?\n\nGerente de Projelos\n\nEdificagdes\n\nSouza\nPE - Mat 20843\n\npROC\n\n. 80240104\n\nX\nX\n\n5,00\n35,60\n51,60\n39,50\n\nX\n\nmuro\nempena\nempena\nexterno |\n\nX\n\nFouHp e QA8 T~\n\n2,00\n2,00\n3,00\n3,50\n\n10,20\n71,20\n164,80\n138,25\n\n| ASS\n\nm*\nm*\nm*\nm*\n\nPerca\n\n36,00 m*\n\n1,50\n1,50\n1,50\n1,50\n1,50\n1,80\n1,70\n3,00\n\n36,45 m?\n35,96 m?\n21,45 m?\n2205 m?\n24 53 m?\n\n35,02 m?\n43,80 m?\n\n1,50\n1,50\n1,50\n1,50\n1,50\n1,50\n1,70\n1,70\n25\n\n3240\n23,85\n30,45\n17.55\n286,35\n22,35\n232.82\n3664\n\nm?\nm?\nm?\nm?\nm?\nm?\nm*\nm*\n\nX\n\nX\nX\nX\nX\nX\nX\nX\n\nX\n\n14,90\n136,95\n21,55\n\nX\n\nsl info\ncorredor\ncorredor\n\nX\n\n21,60\n15,90\n20,30\n11,70\n190,90\n\nX\n\n1 pav\nbibliot\nsecret\nsl profe\ndiregao\nsls\n\nX\n\n14,60\n\nX\n\nescada\n\nX\n\n24,00\n24,30\n23,97\n14,30\n14,70\n16,35\n20,60\n\nX\n\n2 pav\nsl\nsl\nsl\nsecret\ndiregao\ncorredor\ncorredor\n\nX\n\nInterno\n\n2.658,00 m*\n12\n\nPavimentacgo interna e externa\n\n12.1\n\nPiso ceramico esmaltado com medidas em torno de 50x30\n\nAlojamento\nBanheiro M.\n\nBanheiro F.\nCozinha\n\nArea servigco\nEscola\nbanheiro Si Professores\n\n- Depbsito\nArea servico\n\n5,90 m?\n5,90 m?\n\n7,00 m?\n3,80 m?\n1,20 m?\n2,46 m?\n495 m?\n\nCantina\n\nDeposito\nrefeitorio\nCozinha\nDespensa\nDeposito\nBanheiro\nBanheiros\nTotal:\n\n12.2\n\nRejuntamento de piso ceramico com argamassa. pr&-\n\nAlojamento\nBanheiro M.\nBanheiro F.\nCozinha\n\nArea servigo\n\n5,90 m?\n5,90 m?\n\n7,00 m?\n3,80 m?\n\nCantina\nDepsito\nrefeitorio\nCozinha\n\nbanheiro S| Professores\n\n1,20 m?\n\nDespensa\nDeposito\n\nDepsito\n\n2,46 m?\n4,95 m?\n\nBanheiro\nBanheiros\n\nEscola\n\nArea servigo\n\n48,00 w2\n\n.- s otb o\n\nP\n\nAROC. N_&OQI//)()_;\n206,42 m*\n\nTotal:\n\n12.3\n\nPiso de alta resistncia, monolitico, moldado no local, am\n\nBiblioteca\nCorredor 01\nSecretaria\nSala de Professores\nDiretoria\nQuarto 1\nQuarto 2\nQuarto 3\n\nSala/Copa\nSala 01\nSala 02\nSala 03\nSala 04\n\nSala 05\nSala 06\nSala 07\n\nSala 08\n12.4\n\n29,15\n43,60\n15,80\n16,056\n8,05\n10,78\n9,80\n9,80\n17,25\n35,00\n35,75\n35,00\n35,00\n35,75\n35,00\n30,25\n31,25\n\nm?\nm?\nm?\nm?\nm?\nm?\nm?\nm?\nm?\nm?\nm?\nm?\nm?\nm?\nm?\nm?\nm?\n\nSala informatica\n\n12,00 m#\n151,55 m*\n\nCirculagao 02\nsala 09\n\nSED00 e\n\nsala 10\n\nET75\n200\n22,36\n22,40\n\nsala 11\nSecretaria\nCirculacao 03\nEscada\nRampa\nRodap\n\ne\nme\nm?\nm*\n\n,90 m?\n\n566,33 m?\n169,51 rm?\n\n1 Pav\n2 Pav\n\n18,20 m*\n1C.56 m*\n\nTotal:\n\nContrapiso, base ou camada regularizadora com arga-\n\nAlojamento\nBanheiro M.\n\n5,90\n5,90\n7,00\n3,80\n\nBanheiro F.\n\nCozinha\n\nArea servico\n\nm?\nm?\nm?\nm?\n\nEscola\n\nbanheiro Sl Professores\nDepsito\n\n1,20 m?\n2,46 m?\n\nArea servico\n\n4,95 m?\n\nCantina\nDeposito\nrefeitrio\nCozinha\n\nDespensa\nDepbsito\nBanheiro\nBanheiros\nSubtotal:\n\nBiblioteca\nCorredor 01\nSecretaria\nSala de Professores\nDiretoria\n\n29,15\n43,60\n15,80\n16,05\n\nm?\nm?\nm?\nm?\n\nQuarto 1\nQuarto 2\nQuarto 3\nSala/Copa\n\n10,78\n9,80\n9,80\n17,25\n\nSala\nSala\nSala\nSala\nSala\nSala\nSala\nSala\n\n01\n02\n03\n04\n05\n06\n07\n08\n\n35,00 m?\n35,75 m?\n\nQuadra\n\n250,48 m?\n\n8,05 m?\n\nm?\nm?\nm?\nm?\n\n35,00 m?\n35,00 m?\n35,75\n\nm?\n\n1J.25\n\nm?\n\n3.868\n7576\n23.00\n516\n258\n2,56\n48 00\n\nm?\nm?\nm?\nm?\nm?\nm?\nm?\n\n206,42 m?\n\nSala informatica\nCirculagao 02\n\n12,00\n151,58\n35,0\n35,75\n35,0C\n22,36\n36,40\n.00\nis20\n\nsala 09\nsala 10\nsala 11\n\nSecretaria\nCirculagdo 03\nEscada\nRampa\nRodap\n1 Pav\n2 Pav\n\nES5.83 m\n1S51 M2\n\nm?\nm?\nm?\nm?\nm?\nmf\nm*\nm#\nm*\n\n0.86 m*\n\nSubtoiel\n\n35,00 m?\n\n30,25 m?\n31,25 m?\n\nTotal:\nGererle de Projetos,\nTago Nur\n\not\n\nr{;bsa\n\nPROC. N _gagdja |\nFOLHAN NODO\n19\n\n12.5\n\nPiso cimentado, com 1,5cm de espessura, com argamassa\n\nCalgada 01\nCalgada 02\nCalgada 03\n\n12.6\n\n33,00 m?\n39,45 m?\n46,20 m?\n\nTotal:\n\n118,65 m?\n\nRodap de alta resistncia, em argamassa de cimento e agre-\n\nBiblioteca\n\n20,80 m\n\nSala informatica\n\nCorredor 01\nSecretaria\nSala de Professores\nDiretoria\nQuarto 1\nQuarto 2\nQuarto 3\nSala/Copa\nSala 01\nSala 02\nSala 03\nSala 04\nSala 05\nSala 06\nSala 07\n\n3580\n15,10\n18,90\n10,90\n12,60\n11,90\n11,90\n15,80\n2320\n23,50\n23,20\n2320\n23,50\n23,20\n20,40\n\nCirculagao 02\nsala 09\nsala 10\nsala 11\nSecretaria\nCirculagco 03\nEscada\nRampa\n\nSala 08\n\n24,10 m\n\n12.7\n\nm\nm\nm\nm\nm\nm\nm\nm\nm\nm\nm\nm\nm\nm\nm\n\n1 Pav\n2 Pav\nTotal:\n\nDegrau de escada de alta resistncia, composta de capa\n\nEscada 2 pav\nEscada quadra\n\n32,00\n\nx\n\n0,76\n\nX\n\n1,50\n1,60\nTotal:\n\n12.8\n\nRodape ceramico com 10 cm de altura, assente em pasta de cimen\n\nAlojamento\nBanheiro M.\nBanheiro F.\n\n570 m\n570 m\n\nCozinha\n\nArea servico\n\nCantina\nDeposito\n\n10,10 m\n6,46 m\n\n6,80 m\n\nrefeitrio\n\n74,80 m\n\n3,50 m\n\nCozinha\n\n22,70 m\n\nEscola\nbanheiro S| Professores\n\n1,00 m\n\nDespensa\nDepsito\n\nDepsito\n\n240\n\n242\n\nBanheiro\n\nm\n\nTotal:\n\n12.9\n\nm\n\n46,90 m\n\nBanheiros\n\n4,85 m\n\nArea servico\n\n6,05 m\n242 m\n\n201,80 m?\n\nPeitoril de granito cinza andorinha nacional, de 2 x 18cm, com 2\n\n2 pav\njanelas\ncorredor\n\n2,06\n\nx\n\n800\n\n=\n\n16,48 m\n2412 m\n\n1 pav\n\nGerente de Projetos de EdifiedCOes\n\n.4l\n\njanelas\nBascul\n\n206\n\nx\n\n31,00\n\n=\n\n63,86 m\n9,64 m\n\nTotal:\n1210\n\nCozinha\n\naservigo\n\n114,10 m\n\n;\n\nSoleira em granito com altura de 15cm e espessura de 2cm, assenta\n\n0,80\n\nx\n\n200\n\n=\n\n1,60 m\n\n0,70\nx\n0,60 m\n1,75 m\n\n200\n\n=\n\n140\n\nm\n\n3,30 m\n\ngas\n\n1,75 m\n\nal. Coz\n\n0,70 m\n\n1110 m\n\nTotal:\n12.11\n\nRevestimento intertravado com pecas (blocos) de concre:o com\n\nPatio do Alojamento\n\n168,00\n\nPatio Calgada 02\nPatio fundos\n\n50,00 m?\n145,20 m?\n\nm?\n\nTotal:\n13\n13.1\n\n13.2\n\n2300\n\nx\n\n13,11\n\n=\n\n301,53 m?\n\n301,53\n\nx\n\n0,10\n\n=\n\n30,16 m?\n\nJunta de retracao, serrada com disco de diamantes, para pavimen\n\n-\n\n6,57 x\n3,75 x\n\n350\n350\n\n=\n=\n\n6,57\n3,75\n\n23,00\n1311\n\n=\n=\n\n151,11\n49,16\n\nTotal:\n\n6,57 x\n3,75 x\n\n350\n350\n\n=\n=\n\n6,57\n3,75\n\n23,00\n13,11\n\n=\n=\n\n151,11\n49,16\n\nTotal:\n\n200,95 m\n\nPiso cimentado, com 1,5cm de espessura, com argamassa\n23,00\n\n13.5\n\n200,95 m\n\nJunta plastica 27 x 3mm, para pisos continuos\n23,00/\n13,11/\n\n13.4\n\n363,20 m?\n\nQuadra\nConcreto simples, dosado racionalmente para uma resis-\n\n23,00/\n13,11/\n\n13.3\n\nHhe\n\nx\n\n1311\n\n=\n\n301,60 m?\n\nMarcacao de quadra de esporte, com tintura Supercril ou similar,\n\n25mpa\n\nPROC.\nFOLHAN___\n\nN_308.4/40.\n211032\n\nAss...,\n301,60\n13.6\n\nx\n\n010\n\n30,10 m?\n\nPintura de quadra de esporte em piso cimentado, com tinta & hase\n268,09\n\n14\n14.1\n\nx\n\n090\n\n=\n\n241,28 m?\n\nPintura\nPintura imunizante fungicida\n\nTelhado 1\nTelhado 2\nTelhado 3\n\n626,66 m?\n22544 m?\n199,36 m?\n\nTotal:\n14.2\n\n=\n\n1.0561,46\n\nInclinagdo Ceramica\n1,25\n\nx\n\n=\n\n1.314,33 m?\n\nPintura com tinta acrilica semi-brilhante ou acetinada para\n\nInterno\n\n2 pav\nsl\nsl\n\n24,00\n2430\n\nx\nx\n\n1,50\n1,50\n\n=\n=\n\n36,00 m?\n36,45 m?\n\nsl\n\n23,97\n\nx\n\n150\n\n=\n\n35,96 m2\n\nsecret\ndiregao\ncorredor\ncorredor\nescada\n\n1430\n14,70\n16,35\n20,60\n1460\n\nx\nx\nx\nx\nX\n\n1,60\n1,50\n1,50\n1,30\n150\n\n=\n=\n=\n=\n=\n\n21,45\n22,05\n24,53\n26,78\n21,90\n\n1 pav\nbibliot\n\n2160\n\nx\n\n1,60\n\n=\n\n32,40 m?\n\nsecret\nsl profe\ndiregao\n\n15,90\n20,30\n11,70\n\nX\nx\nX\n\n1,50\n1,50\n1,50\n\n=\n=\n=\n\n23,85 m?\n30,45 m?\n17,55 m?\n\nsls\nsl info\n\n190,90\n1490\n\nx\nx\n\n1,50\n160\n\n=\n=\n\n286,35 m?\n22,35 m?\n\ncorredor\n\n136,95\n\ncorredor\n\n2155\n\nx\nx\n\n1,30\n1,30\n\n=\n=\n\n178,04 m?\n28,02 m?\n\n230,85\n\nx\n\n200\n\n=\n\n461,70 m?\n\n12,60\n12,60\n13,30\n19,60\n400\n\nx\nx\nx\nx\nx\n\n250\n250\n250\n250\n20,00\n\n=\n=\n=\n=\n=\n\nteto\nAlojamento\nqt3\nqt2\nqt1\nsl\nteto\n\nTotal:\n14.3\n\n31,50\n31,50\n33,25\n49,00\n80,00\n\nm?\nm?\nm?\nm?\nm?\n\nm?\nm?\nm?\nm?\nm?\n\n1.531,08 m?\n\nPintura interna ou externa sobre ferro, com esmalte sin\n\ngrade\n\n24110\n\nx\n\n200\n\n=\n\n482,20 m?\n\nportao\n\n29,82\n\nX\n\n2,00\n\n=\n\n59,64 m?\n\nTotal:\n\n541,84 m*\n\nKGPE~Mat 20843\n\nPROC N*_JCAA/IS\nA0S\n\nFOLHANS\n14.4\n\nPintura interna ou externa sobre madeira nova, com es-\n\nPorta\n\n0,80\n168\n3,36\n\nx\nx\nx\n\n210\n200\n5500\n\n=\n=\n=\n\n1,68 m\n3,36 m*\n184,80 m?\n\nJanelas\n\n1,00\n1,20\n2,40\n\nx\nx\nx\n\n1,20\n200\n50,00\n\n=\n=\n=\n\n1,20\n2,40 m?\n- 120,00 m*\n\nATy\n\n304.80 m?\n\nTotal:\n15\n15.1\n\nASS.\n\nBancadas e Prateleiras\nBancada em granito cinza andorinha polida com 1,7Cx0,55x0,53m,\n\nCozinha alojamento\n1,00 unidades\n\n15.2\n\nBancada em granito cinza andorinha polida com 2,3Cx{,55x0,53m,\n\nCantina\n15.3\n\n1,00 unidades\nBancada em granito cinza andorinha polida com 2,8Cx(.55x3,22m,\n\nWe masculino\nWe feminino\nTotal:\n15.4\n\n1,00 unidades\nBancada em granito cinza andorinha polida com 2,05x(,55x2,23m,\n\nCozinha\n16.6\n\n2,00 unidades\n\nBancada em granito cinza andorinha polida com 3,7CxC.55x3,23m,\n\nCozinha\n15.5\n\n1,00 unidades\n1,00 unidades\n\n1,00 unidades\nPrateleira em granito cinza andorinha apoiada em granito co:\n\nWc alojamento\n\n1,00 m\n\nWc alojamento\n\n1,00 m\n\nWec creche\nSl professores\nCantina\n\n1,50 m\n1,00 m\n1,60 m\n\nArea de servico\nArea de servico\n\n210 m\n1,00 m\n\nTotal:\n\n9,10 m\n\n16\n\nDiversos\n\n16.1\n\nTransporte de andaime tubular, considerando-se a area dz\n\nFachada maior\n\nkm\n\n16.2\n\n41,00\n\nx\n\n7,00\n\n287,00\n\nx.\n\n4,72\n\n237,00 \n1.354,00 m*km\n\nAluguel de andaime tubular sobre sapatas fixas, formado\n\nM\n\naroC. N_034./40,\nFOLHA N /100\\71 23\nFachada maior\n16.3\n\n41,05\n\n41,05\n\n-\n\n32840\n\nx\n\n8,00\n\nx\n\n0,90\n\n328,40\n\nx\n\n0,80\n\n0,90\n\nx\n\n060\n\n=\n\n0,54 m?\n\nwc inf\nWwc cozin\n\n0,90\n0,90\n\nx\nx\n\n060\n060\n\n=\n=\n\n0,54 m?\n0,54 m?\n\nwC\nwc\nWC\nwc\nwc\n\n270\n2,70\n0,90\n0,90\n0,90\n\nx\nx\nx\nx\nx\n\n080\n080\n060\n060\n060\n\n=\n=\n=\n=\n=\n\n2,16\n2,16\n0,54\n0,54\n0,54\n\nTotal:\n16.7\n\n328,40 m?\n\n=\n\n295,56 m?\n\n=\n\n295,56 m?\n\nm?\nm?\nm?\nm?\nm?\n\n7,56 m?\n\nConjunto de duas barras de apoio horizontal em ago inoxidavel @\n\nwC mas\nwc femi\n\n1,00 unid.\n1,00 unid.\n\nwc aloj\n\n2,00 unid.\n\nTotal:\n\n4,00 unid.\n\n16.8\n\n=\n\nEspelho de cristal, de 4mm de espessura, com moldura de\n\nwc prof\n\nmas\nfem\ncrec\naloj\naloj\n\n328,40 m*ms\n\nMontagem e desmontagem de andaime tubular, conside-\n\nFachada maior 90%\n16.6\n\n=\n\nMovimentag&o vertical ou horizontal de plataforma ou pas\n\nFachada maior 90%\n16.5\n\n8 00\n\nPlataforma ou passarela de pinho de 12, considerando-se\n\nFachada maior\n16.4\n\nx\n\nApicoamento manual de concreto, em superficies verticais,\n\nANULADO\n\n16.10\n\n23,80\n\nx\n\n12,00\n\n=\n\n23,30\n23,30\n13,15\n13,15\n\nx\nx\nx\nx\n\n6,00\n6,00\n6,00\n6,00\n\n=\n=\n=\n=\n\nmuro\n\n17,00\n\nx\n\n300\n\nhorta\n\n9,00\n\nx\n\n3,00\n\n139,80\n139,80\n78,90\n78,90\n\nm?\nm?\nm?\nm?\n\n=\n\n51,00\n\nm?\n\n=\n\n27,00 m?\n\nTotal:\n\nQuadra\n\n60 m\n\nAlambrado para campo de esporte, de 3,00 x 6,00m, com um\n\nQuadra\n\n16.11\n\nN\n[+\n\nsls\n\nBarra de magaranduba de 20 x 2,5cm, aparelhada em uma fa-\n\n}m\n\n16.9\n\n515,40 m?\n\nTela em polietileno de alta densidade, 100% virgem, com matha de\n14,00\n\nx\n\n2400\n\n=\n\n336,00\n\nm?\n\n24\n\n16.12\nQuadra\n16.13\n\nCabo de aco galvanizado, diametro de 3/8\", com alma de fibr, 6\n27,00\n\nx\n\n200\n\n=\n\n54,00 m\n\nTrave desmontavel para futebol de saldo, em tubo de ferro\n\n1,00 par\n16.14\n\nEstrutura para basquete, metalica, fixa, com avanco livre de 1,30m,\n\n1,00 par\n16.15\n\nColocacao de 4 projetores equipados com lampada de descarga,\n\nQuadra\n16,00 unidades\n\n16.16\n\nPoste para voleibol em tubo de ferro gaI;/anizado, com catra\n\n1,00 par\n16.17\n\nRede de nylon para futebol de saldo. Fornecimento\n\n1,00 par\n16.18\n\nRede de voleibol oficial com cabo de ago. Fornecimentq\n1,00 unid.\n\n16.19\nsis 1\nsls 2\n\nQuadro de aula revestido em formica com dimensoes 4,00x1,20m\n9,00 unid.\n3,00 unid.\n\norRoC. N_3034/40| FOLHA N0\n\n\'\n\nPROC. N_3004/40.\n25\n\nY\n\nFoLHAN_ 1026\nAss.\nTotal:\n\n12,00 unid.\n\n16.20\n\nImpermeabilizagao de laje com asfalto elastomrico, a base\nde SBC\nAnulado\n\n16.21\n\nSubcobertura em fibras continuas de polietileno de\nalta densidade,\n\nTelhado 1\nTelhado 2\nTelhado 3\n\n589,90 m?\n201,30 m?\n195,20 m?\n\nTotal:\n16.22\n\n986,40\n\nTotal:\n\n2,00 unidades\n\n2,00 unidades\n4,00 unidades\n\nValvula de escoamento para tanque, 1605 de 1,1/4\", em metal cro-\n\nTanque cozinha\nTanque rea de servigo\nTotal:\n\n2,00 unidades\n2,00 unidades\n4,00 unidades\n\nSifao 1680, de 1.1/2\", em metal cromado.Fornecimeato\n\nTanque cozinha\nTanque area de servigo\n\n2,00 unidades\n2,00 unidades\n4,00 unidades\n\nTotal:\n\n16.26\n\n1.233,00 m?\n\nTorneira para pia ou tanque, 1158 de 1/2\"x18cm aprcxima-\n\nTanque cozinha\n\n16.25\n\n=\n\n2,00 unidades\n\nTanque area de servigo\n\n16.24\n\nInclinagdo Ceramica\n1,25\n\nTanque de alvenaria de tijolos macigos, revestido com azule-\n\nCozinha\n\n16.23\n\nx\n\nCabide indx com 2 ganchos. Fornecimento e colocago.\nAnular\n\n16.27\n\nCaixa de gordura simples, cilindrica, pr-fabricada er anis\n\nCozinhas\n2,00 unid.\n\n16.28\n\nEscavagao manual de vala/cava em material de 12 categoria at 1,5m\n\nCx gord\n\n1,50\n\nx\n\n1,50\n\nx\n\n1,00\n\nCx gord\n\n=\n\n1,50\n\n225\n\nx\n\n1,50\n\nx\n\n1,20\n\n=\n\n2,70 m?\n\nCx insp\nCxinsp\n\n1,20\n1,30\n\nx\nx\n\n1,20\n1,30\n\nx\nx\n\n1,20\n1,50\n\n=\n=\n\nTubulagi\n\n146,40\n\n1,73 m?\n254 m?\n\nx\n\n0,30\n\nx\n\n0,30\n\n=\n\n13,18 m\n\nm?\n\nSouza\n\n\nbiro Civil\nPE- Mal t 20843\n\nPROC. N 300R4 /4\n0)\nFOLHA ave e o2\ni\n\nASS. o,\nTotal:\n16.29\n\n22,40 m\n\nReaterro de vala/cava compactada a mago, em camadas de\n\nCx gord\n\n0,20\n\nx\n\n020\n\nx\n\n3,00\n\n=\n\n0,12 m?\n\nCx gord\nCx insp\nCxinsp\n\n0,20\n0,20\n0,20\n\nx\nx\nx\n\n0,20\n020\n0,20\n\nx\nx\nx\n\n3,00\n3,00\n3,00\n\n=\n=\n=\n\n0,12 m?\n0,12 m?\n0,12 md\n\nTotal:\n16.30\n\n049 m?\n\nCaixa de inspecao (visita)-concreto vibrado 60x82,5cm comfundo\n\nCozinhas\n\n2,00 unid.\n16.31\n\nCalha de beiral, Bella Calha, exclusive condutores.\n\nAnular\n16.32\n\nCondutor para calha de beiral Bella Calha, inclusive conexdes.\n\nAnular\n16.33\n\nFornecimento de projeto executivo de instalacao de luz em\n\n80,35\n16.34\n\n923,95 m?\n\nx\n\n11,60\n\n=\n\n923,95 m?\n\nx\n\n11,50\n\n=\n\n923,95m?\n\nProjeto executivo de rede logica (computadores) em Autocad, em\n\n80,35\n16.37\n\n=\n\nFornecimento de projeto executivo de instalacao de esgcto sanita\n\n80,35\n16.36\n\n11,50\n\nFornecimento de projeto executivo de instalacao de agua em\n80,35\n\n16.35\n\nx\n\nx\n\n11,50\n\n=\n\n923,95 m?\n\nProjeto estrutural para predios escolares e administrativos de 500\n\nAnular\n16.38\n\nCobertura em chapa de policarbonato alveolar, na cor fume, com\n\n775\n17\n17.1\n\n210\n\n=\n\n16,28 m?\n\nPaisagismo\nPlantio de arbustos de 70 a 100cm de altura, formando jerdim,\n\n20,14\n17.2\n\nx\n\nx\n\n850\n\n=\n\n174,21 m?\n\nArbusto para jardim, tipo Lantana, Hibisco, Cedrinho, etc.\n343,00 unid.\n\n-\n\nPROG.N\"_808/ /1)\n\nFOLHAN __ AN K\nAss.:\n17.3\n\nx\n\n850\n\nx\n\n0,10 =\n\n1712 m?\n\nCorrimao de tubo de ferro galvanizado de 1,1/4\", preso por\n\nRampa fachada\n\n6,00 m\n\nRampa quadra\n\n9,00 m\n\nEscada-\n\n22,00 m\n\nEscada\n\n200 m\n39,00 m\n\nTotal:\n18\n18.1\n\n[\n\nAterro com terra preta vegetal, para execugo de gramados,\n20,14\n\n17.4\n\nQ:gg_}\n\nTransporte maritimo\nPreparo e estiva no continente, estiva na ilha e transporte\n\n14 meses\nvj\n400\n\nx\n\n16,00\nVj\n2,00\n\nx\n\n8,00\n\nx\n\nsemana\n400\nmeses\n500\nsemana\n400\nmeses\n\nx\n\n8,00\n\nVj\n3,00\n\nx\n\n3,00\n\nx\n\nsemana\n1,00\nmeses\n1,00\n\n=\n\n16,00 vj\n\n=\n\n80,00 vj\n\n=\n\n8,00 vj\n\n=\n\n64.00 vi\n\n=\n\n3,00 vj\n\n=\n\n3.00 vj\n\nTotal:\n18.2\n\ncadavj\n\nTransporte horizontal de material de 12 categoria ou entulho,\n\n27,91\n2791\n\n18.3\n\n147,00 vj\n\nm?\nx\n\n147,00\n\n=\n\n4.102,67 m?\n\nTransporte de pessoal continente e llha, vice-versa\n\nIda e volta - a cada 10 dias\n14 meses\n13,00\n1,00\n\n18.3\ncada vj\n\nmeses\ndias\n\n300\n1,00\n\n=\n=\n\n39,00 vj\n1,00 vj\n\nTotal:\n\n40,00vj\n\nEnsacamento e transporte de escombros em sacos plasticos, desde\n2791\n\n2791\n18.4\n\nx\nx\n\nm?\n\nx\n\n147,00\n\n=\n\n4.102,67 m*\n\nAlimentacdo para 12 pessoas, sendo: caf de manha, almogo,\n18,00\n22,00\nV\n\nGerente de Projetos AgfEtificagdes\n\nTiago Mujitp S de Souza\nepheiro Civil\n\n,.\n\nAroC. N_3094./40.7\nFOLHAN_\npessoas\n\n. 10D\n\n12,00\n\n18.5\n\n22,00\n\nx\n\n12,00\n\n=\n\n264,00\n\nx\n\n18,00\n\n=\n\n264,00 rf ms\n4.752,00rf\n\nTransporte maritimo da fiscalizago com Lancha \"Runner 260\"\n\npor ms\n14 meses\n6,00\n8,00\n\n19\n\nx\nx\n\n400\n200\n\n=\n=\nTotal:\n\nAgua, esgoto e dquas pluviais\n\n19.1\n\nInstalag&o e assentamento de vaso sanitario individual, em\n\nAlojamento\n\n2,00\n\nunid.\n\nSl. Professores\n\n1,00\n\nunid.\n\nwc femin.\n\n5,00\n\nunid.\n\nWC masc.\n\n3,00\n\nunid.\n\nwc infor.\n\n1,00\n\nunid.\n\nwc creche\n\n1,00\n\nunid.\n\nWC cozinha\n\n1,00\n\nunid.\n\nTotal:\n19.4\n\n14,00 unid.\n\n|Instalagdo e assentamento de lavatrio de uma torneira\n\n1 pav\nwc alojamento\n\n2,00 unid.\n\nwc professores\n\n1,00 unid.\n\nwc informatica\n\n1,00 unid.\n\nWC cozinha\n\n1,00 unid.\n\nwc creche\n\n1,00 unid.\n\nweC masc. Femini\n\n6,00 unid.\nTotal\n\n19.5\n\n24,00 vj\n16,00 vj\n40,00vj\n\n12,00 unidades\n\n|Instalagdo e assentamento de chuveiro(exclusive fornecimen\n\nwc femin.\nWC masc.\n\n2,00\n2,00\n\nunid.\nunid.\n\nwc infor.\nwc creche\n\n1,00\n1,00\n\nunid.\nunid.\n\nwc cozinha\nAlojamento\n\n1,00\n2,00\n\nunid.\nunid.\n\n9,00\n\nunid.\n\nTotal:\n\nr\n\n.\n\nGerente de ProjetogfdefEdificagdes\n\nTiago de\nSQH-GPE\n\nSouza\n- Mat 20843\n\n\\\n\n,\n\nPROC. N_30Q4. /10\nFOLHAN\'__ 10410\n\n[\n19.6\n\nAp\n\n29\n\nInstalagdo e assentamento de mictrio (exclusive forneci-\n\nWC masc\n\n1,00 unidades\n\n19.7\n\nBebedouro eltrlco, tipo press&o com filtro Interno exziusive\n\n1 pav. Prximo da informatica\n4,00 unidades\n19.8\n\nColuna de PVC, de diametro 25mm), exclusive pecas de de-\n\nAgua\n\n96,00\n\n19.9\n\n+\n\n78,00\n\n=\n\n174,00m\n\nColuna de PVC, de diametro 50mm, exclusive pecas de de-\n\nAgua\n\n126,00\n\n+\n\n0,00\n\n=\n\n126,00 m\n\nEsgoto\n\n30,00\n\n+\n\n24,00\n\n=\n\n54,90 m\n\nTotal\n19.10\n\nTubo de queda em PVC de 100mm,\n\nPluvial\nEsgoto\n\n76,00\n41,00\n\n+\n+\n\n0,00\n0,00\n\n180,00 m\ninclusive \"T\" sanitario,\n\n=\n=\n\n76.00 m,\n4100 m\n\nTotal\n19.11\n\nTubo p/ ventilagdo em PVC de 75mm, inclusive conexdes\n\nPluvial\nEsgoto\nAgua\n\n28500\n138,00\n9,00\n\n19.12\n\n+\n+\n+\n\n0,00\n0,00\n0,00\n\n=\n=\n=\nTotal\n\n285,00 m\n138,00 m\n0Cm\n432,00 m\n\nTubo de PVC rigido de 100mm, soldavel,inclusiva\n\nPluvial\nEsgoto\n\n295,00\n189,00\n\n+\n+\n\n0,00\n0,00\n\n=\n=\nTotal\n\n19.13\n\n117,00 m\n\nconexdes\n\n29500 m\n189,00 m\n_\n\n48400 m\n\nCorte e colocago de conexdes em tubo PVC rigida, esgoto,\n\nPluvial\nEsgoto\nAgua\n\n112,00 m\n432,00 m\n273,00 m\n\nTotal\n19.14\n\n81700 m\n\nInstalag&o e assentamento de duchinha manuai para ba-\n\nAlojamento\n\n2,00\n\nunid.\n\nSl. Professores\n\n1,00\n\nunid.\n\nwc creche\n\n1,00\n\nunid.\n\nN\n\nGererite de Projetos g dificacdes\nTiago MugHg/3 . de Souza\n\nPROC. N_3084/40\nFOLHAN_ 1044\n\n\n\n%\nTotal:\n19.15\n\n33,00 unidades\n\nRegistro de gaveta, em bronze, com diametro de 1.1/4\"\n\nConforme projeto\n19.17\n\nunid.\n\nRegistro de gaveta, em bronze, com diametro de 3/4\"\n\nConforme projeto\n19.16\n\n4,00\n\n30\n\n1,00 unidades\n\nRalo sifonado de PVC rigido em pavimento elevado, com\n\nConforme projeto\n1 pav\n20,00 unidades\n19.18\n\nRalo seco (simples) de PVC, de altura regulavel, com grelha,\n\nConforme projeto\n1 pav\n3,00 unidades\n19.19\n\nCaixa de inspegao de concreto pr-moldado, do tipo apro26,00 unidades\n\n19.20\n\nTamp&o de ferro fundido para pogo de visita empregando arga-\n\nFossa filtro gordura 6,00\nCaixa\n15,00\n21.00 unidades\n\n19.21\n\nFossa sptica retangular de camara unica, conforme proje\n\nParte dos wc e cozinha\n1,00 unidade\n\n19.22\n\nFiltro anaerdbico, conforme projeto n 930 SECAL/EMOP,\n\nParte dos wc e cozinha\n1,00 unidade\n\n19.23\n\nSumidouro para 100 contribuintes ligado a fossa, exclusive\n\nParte do alojamento\n2,00 unidade\n\n19.24\n\nFossa sptica retangular de camara Unica, corforme projeto\n\nParte do alojamento\n1,00 unidade\n\n19.25\n\nFiltro anaerbico, conforme projeto n 929 SECAL/EMOP, p/\n\nParte do alojamento\n1,00 unidade\n\nSOH-GPE - Mat 20843\n\n,\n\nPROC. N_ZOQ1JA0)\nFOLHA NS _OH D\n19.26\n\nInstalago e assentamento de caixa de descarga e:evada\n\n11,00 unidade\n19.27\n\nTorneira de boia, em bronze, de presso, de 3/4\"\n\n16,00 unidade\n20\n20.1\n\n[Instalago Eltrica\nPonto de luz equivalente a 2 varas de eletroduto de\n19,00 unidades\n\n20.2\n\nInstalag&o de ponto de tomada, equivalente a 2 veras de\n\n1 pav\n\n128,00 unidades\n\n2 pav\n\n15,00 unidades\n\nTotal:\n\n143,00 unidades\n\n20.3\n\nCaixa de ligagao de PVC para eletroduto flexivel, ratangu -\n\nConforme projeto\n48,00 unidades\n\n20.4\n\nInstalag&o de ponto de telefone, compreendendo\n30,00\n\n20.5\n1 pav\n20.6\n\nunidades\n\nLuminaria de chao para jardim \"modulo de concrato, tamanho\n6,00 unidades\nLuminaria de sobrepor, fixada em laje ou forro, tico\n\n1 pav\n2 pav\n\n31,00 unidades\n0,00 unidades\n\nTotal:\n\n31,00 unidades\n\n20.7\n\nLuminaria de sobrepor, fixada em laje ou forro, tipo calha,\n\n1 pav\n\n116,00 unidades\n\n2 pav\n\n31,00 unidades\n\nTotal:\n\n20.8\n\n10 Pay\n20.9\n\n5 varas de\n\n146,00\n\nunidades\n\nArandela completa, de parede, com receptaculo para lam-\n\n10,00 unidades\nVentilador de teto, com 3 pas em aco galvanizado, inclusive\n\n1 pav\n2 pav\n\n47,00 unidades\n13,00 unidades\n\nTotal:\n\n60,00\n\nunidades\n\n31\n\nBROC. ub_gogq/,m Y\nFOLHANe\n\n20.10\n\nA oYy b\n\n32\n\nEletroduto de PVC flexivel de 1\", exclusive abertura e fechamento\n\n20.11\n\n00 m\no\n\nN\n[o2]\n|_<D\n\nConforme projeto\n\nEletroduto em pvc flexivel, cor amarela, diam. de 3/4\". forn.\n\n20.12\n\n00 m\no\n\nFm(4,-]\n\nConforme projeto\n\nEletroduto em pvc flexivel, cor amarela, diam. de 1/2\". forn. e\n\n20.13\n\n0\n\no\n\n-h\n(=]\nN\n\nConforme projeto\n\nm\n\nFio com isolamento termoplastico, antichama, compreen -\n\nConforme projeto\n\nTotal\n\n132,25 m\n271,68 m\n216,07 m\n620,00 m\n\n20.14\n\nFio com isolamento termoplastico, antichama, compreen -\n\n20.15\n\nFio com isolamento termoplastico, antichama, compreen -\n\nConforme projeto\n\nTotal\n6.617,01\n\n958,57\n946,57\n1.071,59\n94201\n1.418,55\n114,28\n276,46\n888,98\n\nm\nm\nm\nm\nm\nm\nm\nm\n\n6.617,01 m\npontos\n4.912,50\n\n1.704,51 m\n\n20.16\n\nCabo com isolamento termoplastico, compreendendo: pre-\n\n20.17\n\nCabo com isolamento termoplastico, compreendendo: prepa-\n\n56,00\n\nGerente de Projetos \n\nTiago Murj\n\n@aes\n\nPROC.N_ 8024110\nFOLHANC\n\nN0 MY\n\n33\n\nPSS\nIMOOD\n20.18\n\nQuadro de distribuicdo de energia para disjuntores ermo-\n\nConforme projeto\nQuadra\n\nTotal:\n20.19\n\n6,00 unidades\n\nAbertura e fechamento manual de rasgo em alvenarie.\n\n1.704,51\n20.20\n\n-\n\n2,00 =\n\n852,26 m\n\nDisjuntor termomagntico, tripolar, de 10 a 50A x 240V\n\nConforme projeto\n20.21\n\n5,00 unidades\n1,00 unidades\n\n33,00 unidades\n\nDisjuntor termomagntico, bipolar, de 10 a 50A x 240V\n\nAnular\n20.22\n\nDisjuntor termomagntico, unipolar, de 10 a 30A x 240V\n\nAnular\n20.23\n\nDisjuntor termomagntico, tripolar, de 60 a 100A x 24CV\n\nConforme projeto\n\n18,00 unidades\n\n20.24\n\nEntrada de servigo (PC), padrao CERJ, para medico\n\n21\n21.1\n\nInstalagdo de Incndio\nExtintor de incndio, tipo p quimico, de 6kg. Foraecimento\n\n212\n\nExtintor de incndio, tipo gas carbonico, de 6kg comgleto\n\n22\n221\n\nTelefonia e L6gica\nCabo telefnico tipo F1, bitola de 0,6mm2(para instalaz3o\n\n222\n\nInstalacao para ponto de tomada de computador equivalente a\n30 unidades\n\n[3,]\n(2]\n\n00 m\n\nI\n\nCabo coxial para distribuicao de sinal de antens\n\nfo\n\n22.3\n\noroc. N840,\nFOLHAN\n\n10415\n\n_&5_8__..-_.9%\n23\n23.1\n\nLoucas,_metais e acessorios\nVaso sanitario de louga branca, tipo popular, com caixa\n\nAlojamento\n\n|\n\nSI. Professores\nTotal:\n\n23.2\n\n2,00\n\nunid.\n\n1,00\n\nunid.\n\n3,00\n\nunid.\n\nVaso sanitario de louga branca, tipo popular, com medi-\n\nwc femin.\n\n5,00\n\nunid.\n\nWC masc.\n\n3,00\n\nunid.\n\nwc infor.\n\n1,00\n\nunid.\n\nwc creche\n\n1,00\n\nunid.\n\nwc cozinha\n\n1,00\n\nunid.\n\n11,00\n\nunid.\n\nTotal:\n23.3\n\nChuveiro eltrico, em metal cromado de 110/220V. Forneci-\n\nwc femin.\n\n2,00\n\nunid.\n\nWC masc.\n\n2,00\n\nunid.\n\nwc infor.\n\n1,00\n\nunid.\n\nwc creche\n\n1,00\n\nunid.\n\nwc cozinha\n\n1,00\n\nunid.\n\nAlojamento\n\n2,00\n\nunid.\n\n9,00\n\nunid.\n\nTotal:\n\n23.4\n\nPorta papel de louga branca, 15 x 15cm.\n\nwc femin.\n\n5,00\n\nunid.\n\nWC masc.\n\n3,00\n\nunid.\n\nwc infor.\n\n1,00\n\nunid.\n\nwc creche\n\n1,00\n\nunid.\n\n1,00\n\nunid.\n\nAlojamento\n\n2,00\n\nunid.\n\nSi. Professores\n\n1,00\n\nunid.\n\n14,00\n\nunid.\n\n,\n\nwc cozinha\n\nTotal:\n\n34\n\n|\n.\n\nPRoC  3001710\n]\n104\n\nFOLHAN\'___\n\n23.5\n\nSaboneteira\nde louga bran\n15ca,\nx 15cm, sem alca.\n\nwc femin.\n\n5,00\n\nunid.\n\nWC masc.\n\n5,00\n\nunid.\n\nwc infor.\n\n2,00\n\nunid.\n\nwc creche\n\n2,00\n\nunid.\n\nwc cozinha\n\n2,00\n\nunid.\n\nAlojamento\n\n4,00\n\nwunid.\n\nSl. Professores\n\n1,00\n\nLjnid.\n\n21,00\n\nunid.\n\nTotal:\n23.6\n\nPorta-toalha de pape! - acabamento esmaltado\n\nwc femin.\n\n2,00\n\nunid.\n\nWC masc.\n\n2,00\n\nunid.\n\nwc infor.\n\n1,00\n\nunid.\n\nWwC creche\n\n1,00\n\nunid.\n\nwc cozinha\n\n1,00\n\nunid.\n\nAlojamento\n\n2,00\n\nunid.\n\n9,00\n\nunid.\n\nTotal:\n23.7\n\nCabide de louga branca, simples, de 7 x 5cm.\n\nwc femin.\n\n2,00\n\nunid.\n\nWC masc.\n\n2,00\n\nunid.\n\nwc infor.\n\n1,00\n\nunid.\n\nwc creche\n\n1,00\n\nunid.\n\nwc cozinha\n\n1,0C\n\nunid.\n\nAlojamento\n\n2,00\n\nunid.\n\n9,00\n\nunid.\n\nTotal:\n\nPROC. N _803/] /4,3\n\nFOLHAM___ 104X\n| Ass.:\n23.8\nEscola\n\n6,00\n\nunid.\n\nAlojamento\n\n1,00\n\nunid.\n\n7,00\n\nunid.\n\nTotal:\n23.9\n\nDuchinha manual, com registro de pressao 1/2\", mangueira\n\nAlojamento\n\n2,00\n\nunid.\n\nSI. Professores\n\n1,00\n\nunid.\n\nwc creche\n\n1,00\n\nunid\n\n23.10\n\nBebedouro eltrico tipo pressao, em aco inoxidavel, modelo\n\nCorredor\n\n4,00\n\n23.11\n\nunid.\n\nMictrio coletivo de ago inoxidavel, com seo de 580x 300\n\nRefeitorio\n\n1,00\n\nunid.\n\nwc masculino\n\n1,00\n\nunid.\n\n2,00\n\nunid.\n\nTotal:\n\n24\n241\n\n242\n\n1\n\nReservatorio d\'agua de fibra de vidro cilindrico, capacidade\n\nServicos Complementares\nCapacidade 20.000 litros, concreto estruturado, inclusive\n\nExaustor para cozinha, com estrutura em chapa de ferro galanular\n\n243\nCozinha\n\n24.4\nWC crec\nCorredol\n\n24.5\n\nCoifa de aco inox, de 2,10 x 1,20m, de chapa 18.304\n1,00 unid.\n\nLaje pre-moldada Beta 20, para sobrecarga de 3,5KN/m?\n1,77\n900\n\nx\nx\n\n300\n230\n\n=\n=\nTotal:\n\n5,31 m?\n20,70 m?\n26,00 m?\n\nAquecedor solar com coletores/boiler 500l.\n\nConforme projetp\n3,00 unid.\n25\n\nLimpeza Final da Obra\n40,30\n\nx\n\n4164\n\n=\n\n1.678.09 m?\nGerente de Projetos dd\'\n\nTiago Murilo/&7\n\ne\n\nde Souza\n\nPROC.N_O\nX /10\nFOLHAN__\n\n1048\n\n37\n\nAs$ .\n\n26\n\nAdministragdo local: Engenheiros do escritrio (parcial ou fotal),\n100,00\n\nunidades\n\nItens Novos 01\n271\n\nSistema de alrme composto de:\n\n1,00 unidades\n27.2\n\nAparelho de Ar condicionado de 30.000 btw/h, 220v 3hp.\n\n1.00 unidades\n27.3\n\nInstalacdo e assentamento de ar condicionado tipo parede\n1,00 unidades\n\n27.4\n\n27.41\n\nTampo de granito para balcdo iareura 0.80cm\n\nTIampo de granito para pia,_e=30,00mm, largura 0.60m\n\n27.5\n\nBanca de granito cinza andorinha medindo 15.20 x 025m\n\n27.6\n\nApoio em granito cinza andorivha - Fornecimento e execucdo\n\n010\n\nx\n\n36,50\n\n=\n\n3,65 m?\n\n27.7\n\nFrontispicio em granito cinza andorinha\n\n27.8\n\nTesteira em granito cinza andorinha Scm\n\n27.9\n\nTomada RJ 45 Pial dupla sistzma X_- Fornecimento e instalaco\n\n2710\n\nPath cord 1,50 padrdo furukawa - Fornecimento e execucio\n\n27.11\n\nPath cord 2,50 padrdo furukawa - Fornecimento e execucdo\n\n(_Engenheiro Civil\nSOH-GPE - Mat 20843\n\nPROC.N_R31/10\n\nFOLHAN\n| Ass..\n2712\n\n104 O\n\'!!;!_g DR\n\nCabo utp cat 5 e 4 pares furukawa - F. ornecimento\ne execucdo\n\n320,00 m\n27.13\n\nRack de parede 19\" - 7U porta de acrilico,\n\n27.14\n\n27.15\n\nCanaleta Pial 50 x 20 sistema x, inclusive conexdes, pcrafus\nos e\n\n26,00 m\n27.16\n\nTomada Pial DUPLA 2P+T e universal sistema x - F. ornecimento\n18,00 unid.\n\n27.17\n\nTerminal mecanico a compressdo, fabricado com cobre,_para cabo\nde\n\n27.18\n\n27.19\n\n27.20\n\nEstabilizador de tensdo 3 KVA.\n\nFornecimento e instalacdo\n\n2,00 unid.\n27.21\n\nLetras em aco escovado com 30 cm de altura.\n\n27.22\n\nJunta pldstica 17 x 3mm, para pisos continuos\n\n792,10\n27.23\n\nx\n\n250\n\n=\n\n1.980,25m\n\nInstalacdo de um conjunto de 2 pontos de luz,_equivalente a 5 varas\n16,00 unidades\n\n27.23.1\n\nInstalacdo de um conjunto de 4 pontos de luz,_equiva.ente a 7 varas\n4,00 unidades\n\n27.23.2\n\nInstalac@o de um conjunto de 6 pontos de luz, equivalente a 9 varas\n14,00 unidades\n\nTiago\n[ Engnheiro Civil\nSOH-GPE - Mat 20843\n\n,\n\nPROC. N_BOOA/10 |\nFOLHaN\n\n1060\n\nASS.:\n\nA\n\n27.23.3 Instalacdo de um conjunto de 8 pontos de luz, equivalente a 10 varas\n4,00 unidades\n\n27.24\n\nCalha de aluminio 1,00m_em chapa espessura de 0.8mm e desenvol-\n\nTelhado 1\n\n60,85 m\n\nTelhado 2\n\n16,60 m\n\nTelhado 3\n\n6,00 m\n\nTotal:\n27.25\n\n27.26\n\nL=100m\n\n83,45 m*\n\nPintura com tinta acrilica interior e exterior em tijolo, concreto\n\n42,70\n13,70\n30,00\n\nx\nx\nx\n\n250\n250\n250\n\n=\n=\n=\n\n106,75 m?\n34,25 m?\n75,0 m?\n\n216,00\n\nx\n\n2,00\n\n=\n\n432,0 m?\n\nConjunto de ferragem completo nara paineis fixos de vidro\n20,00 unidades\n\n27.27\n\nGuarda corpo de ferro galvanizado, com modulo de 2.20m de\n\nFachada\nEscada\nRampa\n\n6,80 m\n500 m\n11,50 m\n\nTotal:\n27.28\n\n2330 m\n\nMesa de jogos com 4_bancos, tempo de mesa em marmorite\n3,00 unidades\n\n27.29\n\nMesa para ping-pong em concreto armado, de 2,70x1.50m,\n\n2,00 unidades\n27.30\n\nCalha de beiral semi-circular de pvc dn 125. Fornecimento e co-\n\nTotal\n\n23,1\n23,15\n23,15\n12,00\n7,90\n11,70\n21,70\n11,50\n16,50\n760\n18,50\n\nm\nm\nm\nm\nm\nm\nm\nm\nm\nm\nm\n\n176,85 m\n\nSOH-GPE - Mat 20843\n\n\n\nprOC. N_29381/40\nFOLHAN__10 c\\/\\;\n27.31\n\n176,85\n\n-\n\n300\n\n=\n\n58,95 unidades\n\n6,00\n53,00\n\nx\nx\n\n700\n350\n\n=\n=\n\n42,00 unidades\n185,50 unidades\n227,50 m\n\nCantoneira de pvc preforco de canto de parede para aresta viva,\n\n6,00\n24,00\n27.33\n\n40\n\nCondutor para calha de beiral de pve, dn 88. F. ornecimento e co-\n\nTotal\n27.32\n\n-1\n\nx\nx\n\n400\n320\n\n=\n=\n\n24,00\n76,80m\n\nKit para reuso de dgua vfl, com filtro, conjunto flutuante de\n1,00 unidades\n\n27.34\n\nTubo aguaterm de pve com diametro de 22mm inclusivz conexdes\n\nConforme projeto\n27.35\n\nTubo aquaterm de pvc com diametro de 28mm inclusive conexdes\n\nConforme projeto\n27.36\n\n1,00 unidades\n\nRegistro de pressdo com canopla de diametro de 20mm (3/4\")\n\nConforme projeto\n27.42\n\n3,00 unidades\n\nRegistro de gaveta com canopla diametro de 65mm (2.1/2\")\n\nConforme projeto\n27.41\n\n6,00 unidades\n\nRegistro de gaveta com canopla diametro de 50mm (2\")\n\nConforme projeto\n27.40\n\n1,00 unidades\n\nRegistro de gaveta com canopla diametro de 40mm (i.1/2\")\n\nConforme projeto\n27.39\n\n9,00 unidades\n\nRegistro de gaveta com canopla diametro de 32mm (I.1/4\")\n\n\" Conforme projeto\n27.38\n\n144,00 m\n\nT Misturador de transposicdo aguaterm 22mm x 3/4\"\n\nConforme projeto\n27.37\n\n66,00 m\n\n18.00 unidades\n\nValvula de descarga metdlica sem registro com canopla de 1.1/2\"\n\nConforme projeto\n\n12,00 unidades\n\n4\n\nGerente de Projetos deAHificacbes\n\nPrOC. N_& 097 /10\n\n|ForHate\nASS.\n27.43\n\nTubo de pvc para esgoto e aguas pluviais com diametro de 40mm\n\nEsgoto\nAgua\n\n30,00 m\n90,00 m\n\nTotal\n27.43.1\n\n33,00\n\nm\n\nTubo de pvc para aguas fria com _diametro de 60mm\n\nAgua\n27.44\n\nm\n\nTubo de pvc para aguas frja com diametro de 32mm\n\nAgua\n27.43.2\n\n120,00\n\n4200\n\nm\n\nPingadeira de concreto para topo de muros com 0,20m.\n\n4270 m\n40,30 m\n28,50 m\n1360\n890\n865\n\nTotal\n27.45\n\nm\nm\nm\n\n142,65 m\nLavatrio de sobrepor de louca branca, medio luxo,_sem ladrdo\n6,00 unidades\n\n27.46\n\nProjetor de iluminacdo de quadras de esporte, patios e fachadas\n16,00 unidades\n\n27.47\n\nPoste de aluminio preto com 2,00m com vidros e lamradas,\n5,00 unidades\n\n27.48\n\nBarra macaranduba de 7.5\n\nsls\n\n23,80\n\nx\n\n12,00\n\n=\n\n31,15\n11,80\n19,30\n19,30\n\nx\nx\nx\nx\n\n200\n200\n200\n200\n\n=\n=\n=\n=\n\n285,60 m\n\nCorredores\n\nTotal:\n\n62,30\n2360\n38,60\n38,60\n\nm\nm\nm\nm\n\n448,70 m\n\n106\n4\n\nIN\n\n20 b o\\ e\n\n41\n\nPROC.N_\n| FotHan\nAss.____\nITENS NOVOS 2\n28.1\n\nMastro metlico\n1,00 unidades\n\n28.2\n\nTanque de louca\n2,00 unidades\n\n28.3\n\nPintura resina\n\n855,44 m?\n28.4\n\nMictrio em aco inox\n\n1,00 unidades\n28.5\n\nLavatrio em aco inox\n1,00 unidades\n\n909110\n105\noo\n\nv\n\nI\n\n__PREFEITURA MUNICIPAL DE ANGRA DOS REIS - OBRA: REFORMA DA ESCOLA PEDRO SOARES-PROVETA.\n\"\n\n- Data Base 12/09\n\nITEM\n\n1\n1.1\n\nDESCRIMINACAO\n\nDOS SERVICOS\n\nQUANTID.\nCONTR.\n\n2 PLANILHA DE SUPRESSAO E ACRESCIMO DE SERVICOS\nUN\nPRECO\nPRECO\nITEM REDUZIDO\nITEM ACRESCIDO\nUNIT.\nLICIT.\nQUANT\nVALOR\nQUANT\nVALOR\n\n.\n\n.\n\nITI%NS NOVOS\nQUANT | VALOR\n\n.\n\n|\n\nQUANT\n\nNOVOS CONTRATOS\nV.UNIT.\nV. TOTAL\n\n|Servigos Preliminares\n[|Placa de identificagdo da obra Padrio PMAR,\n\ninclusive\n\npintura e suportes de madeira.Fornecimento e colocagio\n\n2,00\n\nm2\n\n250,00\n\n500,00\n\n2,00\n\n250,00\n\n500,00\n\n120,000\n\nm2\n\n72,00\n\n8.640,00\n\n120,00\n\n72,60\n\n8.640,00\n\n71,54\n\nm3\n\n60,00\n\n4.292,40\n\n71,54\n\n60,00\n\n4.292,40\n\n72,10\n\nm\n\n15,00\n\n1.081,50\n\n72,10\n\n15,00\n\n1.081,50\n\n40,00\n\nun\n\n12,00\n\n480,00\n\n40,00\n\n12,00\n\n480,00\n\n979,10]\n\n2\n\n3,00\n\n2.037,30\n\n979,10\n\n3,00\n\n2.937,30\n\n101,00]\n\nun\n\n15,00\n\n1.515,00\n\n101,00\n:\n\n15,00\n\n1.515,00\n\n5530]\n\nm2\n\n4,00\n\n221,20\n\n55,30\n\n4,00\n\n221,20\n\n3,00]\n\npar\n\n10,00\n\n30,00\n\n3,00\n\n10,00\n\npadas\n\n134,00]\n\nwun\n\n3,00\n\n402,00\n\nJArrancamento de grades, gradis, alambrados, cercas e portdes\n\n519,37\n\nm2\n\n10,00\n\n5.193,70\n\nEMOP 02.020.001-0\n1.2\n\n}Galpdo aberto para oficinas e depsitos de canteiro de obras,\n\nestruturado em madeira de lei, cobertura de telhas de cimentoamianto onduladas, de 6mm de espessura, piso cimentado e pre-\n\nparo do terreno.\nEMOP\n\n2\n2.1\n\n02.010.001-0\n\n|Demoligdes e retiradas\n|Demolido manual de alvenaria de tijolos furados, inclusive\n\nempilhamento dentro do canteiro de servigo\nEMOP 05.001.003-0\n2.2\n\nJArrancamento de bancada de pia ou banca seca de at\n\n1,00m de altura e at 0,80m de largura\nEMOP 05.001.146-0\n2.3\n\n|Arrancamento de aparelhos sanitarios\n\nEMOP 05.001.145-0\n2.4\n\n|Remogdo de forro ou lambri de frisos de madeira ou placas\nde aglomerAdo prensado ou semelhantes, exclusive o en-\n\ngradeamenty.\nCMOF 05.001.074-0\n2.5\n\n[JArrancamento de portas, janelas e caixilhos de ar condi-\n\ncionado ou outros\nEMOP 05.001.134-0\n2.6\n\n|Remogio de divisrias de madeira, pr-moldadas, prensa-\n\ndas ou semelhantes\nEMOP 05.001.076-0\n\n|Retirada de aparelhos esportivos, trave e basquete 1 de cada.\nRef. EMOP 05.105.015-0\n\n2.8\n\nJArrancamento de aparelhos de iluminagio, inclusive lam-\n\nEMOP 05.001.144-0\n\n2.9\n\nm|\n\nEMOP 05.001.147-0\n2.10\n\n*\n\nC|R\n\n\';\'\n\n8\n\n134,00\n\n3,00\n\n402,00\n\n1?/\n\n4\n\n%\n\n519,37\n\n10,00\n\n5.193,70\n\n1.289,25\n\n19,00\n\n24.495,75\n\nB\n>\n\n2 L\n\n|RemogHo de cobertura em telhas francesas, inclusive madei-\n\nramente, medido o conjunto pela 4rea real de cobertura\n\n30,00]\n\n\'\n\n1.289,25]\n\nm2\n\n19,00\n\n24.495.75\n\n\n\n\"\n\ne\n\nQ\n\n\no\n\n(@\n=\n\nANY\n\n(:\'/\n\nGerente de ijetoi gogdificactes\nTiag\nSouza\n\nCREAJRJ 2007 108747\n\n<,\n\n2.7\n\n__PREFEITURA\'MUNICIPAL DE ANGRA DOS REIS - OBRA: REFORMA DA ESCOLA PEDRO SOARES - PROVETA\nData Base 12/09\n\n=\nITEM\n\n\n\n<\nDESCRIMINACAO\nDOSP SERVICOS\n\n\n\n2 PLANILHA DE SUPRESSAO E ACRESCIMO DE SERVICOS\nPRECO\nPRECO\nITEM REDUZIDO\nITEM ACRESCIDO\nUNIT.\nLICIT.\nQUANT\nVALOR | QUANT\nVALOR\n\nUANTID.\nQ CONTR.\n\nUN\n\n781,75)\n\nm2\n\n10,00\n\n7.817,50\n\n4.859,25]\n\nm2\n\n4,00\n\n19.437,00\n\n12,00]\n\nun\n\n50,00\n\n600,00\n\nral dentro do canteiro de servigos.\nEMOP 05.001.015-0\n\n178,75]\n\nm2\n\n10,00\n\n1.787,50\n\n|Arrancamento de tomadas e interruptores\n\n293,00\n\nun\n\n9,00\n\n2.637,00\n\n293,00,\n\n9,00\n\n2.637,00\n\n115000\n\nm\n\n1,00\n\n115,00\n\n115,00\n\n1,00\n\n115,00\n\n3,00\n\nwun\n\n30,00\n\n0,00\n\n3,00\n\n30,00\n\n20,00\n\n2,00\n\n30,00\n\n60,00\n\n3,00\n\n30,00\n\n90,00\n\n84,78\n\n110,00\n\n9.325,80\n\n1.992,96\n\n18,00\n\n35.873,28\n\n18,50\n\n20,00\n\n370,00\n\nITENS NOVOS\nQUANT | VALOR\n\nNOVOS CONTRATOS\nV.UNIT.\nV. TOTAL\n\nQUANT\n\nEMOP 05.001.052-0\n2.11\n\n2.12\n\n2.13\n\n2.14\n\n|Demoligdo de revestimento em azulejos, cerdmicas ou marnore em parede, exclusive a camada de assentamento\nEMOF 05.001.009-0\n|Demoligdo de revestimento em argamassa de cal e areia\nou cimento e saibro\nEMOP 05.001.007-0\n|Retirada de quadro de aula (4,2x1,6)\nRef. EMOP 14.006.370-0\n\nR\n\n96,00\n\n384,00\n\n781,75\n\n10,00\n\n7.817,50\n\n4.763,25\n\n4,00\n\n19.053,00\n\n12,00\n\n50,00\n\n600,00\n\n|Demoligio de piso de ladrilho com respectiva camada de\nargamassa de assentamento, inclusive afastamento late -\n\n2.15\n\n178,75]\n\n1.787,50\n\n10,00\n\nSINAPI 22420/002\n2.16\n\n[Retirada de bate carteira em madeira 20cm\nRef. EMOP 05.001.078-0\n\n2.17\n\nJRetirada de bebedouro eltrico de pressio, em ago inox para\n\nreaproveitaniity\nRef. EMOP\n\n15.004.255-0\n\n2.18\n\n|Retirada cuidadosa de tanque de ago inox\nSBC 22742\n\n2,00\n\nun\n\n30,00\n\n60,00\n\n2.19\n\n|Demoligdo de tanque de lavagem de panela medindo (0,70x0,60)m\n\n3,00]\n\nwun\n\n30,00\n\n90,00\n\nCOMP PMAR\n2.20\n\n.\n\n|2emoligdo manual de concreto armado compreendendo pila\n\nres, vigas e lajes, em estrutura apresentando posi3o especial, inclusive empilhamento lateral dentro do canteiro.\n\n84,78}\n\nm3\n\n110,00\n\n9.325,80\n\n1.992,96]\n\nm2\n\n18,00\n\n35.873,28\n\n18,50]\n\nm\n\n20,00\n\n370,00\n\nEMOP 05.001.002-1\n2.21\n\n[Demolido manual de piso cimentado, exclusive a base\nde concreto, inclusive empilhamento lateral dentro do\n\ncanteiro de servigo\n\nEMOP 05.001.016-0\n2.22\n\n|Retirada de guarda-corpo em ferro\n\n3\n3.1\n\n|Movimento de terra\n|Escavagio manual de vala/cava em material de 1 catego-\n\nSINAPI 22426/001\n\na\n\nnYy\n\na\n\nP\n\nS\n\n8\n\nt\n\n.\n\nz\n\n%\na@\n\n3\n\n.\n\nT\n\noL\n!\n\n:\n\nS\nA\n\nGerente de Proj\n\nTiag\ng\n\nD\n\nde Edificagbes\n\ne Souza\nnheiro Civil\n~GPE - Mat 20843\n\n..\n\n_PREFEITURA MUNICIPAL\nDE ANGRA\n\nDOS REIS - OBRA: REFORMA\n\nDA ESCOLA PEDRO SOARES - PROVETA\n\nData Base 12/09\n\nDESCRIMINACAO DOS SERVICOS\n\nITEM\n\nQUANTID.\nCONTR.\n\n2\" PLANILHA DE SUPRESSAO E ACRESCIMO DE SERVICOS\nPRECO\nPRECO\nITEM REDUZIDO\nITEM ACRESCIDO\nUN\nUNIT.\nLICIT.\nQUANT | VALOR\nQUANT\nVALOR\n\nITENS NOVOS\nVALOR\nQUANT\n\nQUANT\n\nNOVOS CONTRATOS\nV. TOTAL\nV.UNIT.\n\nria(areia, argila ou picarra) entre 1,50m e 3,00m de profun\ndidade, exclusive escoramento e esgotamento.\n\n526,33\n\nm3\n\n25,00\n\n13.158,25\n\n526,33\n\n25,00\n\n13.158,25\n\n119,47\n\nm2\n\n12,00\n\n1.433,64\n\n119,47\n\n12,00\n\n1.433,64\n\n210,53\n\nm3\n\n10,00\n\n2.105,30\n\n210,53\n\n10,00\n\n2.105,30\n\n75,35\n\nm3\n\n60,00\n\n4.521,00\n\n75,35\n\n60,00\n\n4.521,00\n\n506,60\n\n25,00\n\n12.665,00\n\n102,44\n\n609,04\n\n25,00\n\n15.226,00\n\n506,60\n\n12,00\n\n6.079,20\n\n102,44\n\n1.229,28\n\n609,04\n\n12,00\n\n7.308,48\n\n5,00\n\n10.132,00\n\n1.294,60\n\n6.473,00\n\n3.321,00\n\n5,00\n\n16.605,00\n\n6.079,20\n\n1.294,60\n\n3.883,80\n\n3.321,00\n\n3,00\n\n9.963,00\n\n23,05\n\n350,00\n\n8.067,50\n\nEMOP 03.001.002-1\n3.2\n\nEscoramento simples, sendo aberto, de vala de pouca profunde 3-1.1/2\"x 9\" e 3\" x 6\")\nEMOP 05.011.002-0\n\n3.3\n\n3.4\n\n4.1\n\n4.2\n\na3\n\nReaterro de vala/cava compactada a mago, em camadas de\n30cm de espessura maxima.\nEMOP 03.013.001-1\nP6 de pedra, inclusive transporte\nSINAPI 19276/006\nInfra estrutara\nFormas de madeira para moldagem de pegas de concreto\narmado com tabuas de pinho de 3, 3 reaproveitamentos\nFomnecimento, montagem e desmoldagem\nEMOP 11.004.020-1\nEscoramento simples, sendo aberto, de vala de pouca profundidade, inclusive fomecimento dos materiais (pegas de pinho\nde3*-1.172\"x 9\" e 3\" x 6\")\nEMUP 05.011.0U2-Y\n\n3\n\ndidade, inclusive fornecimento dos materiais (pegas de pinho\n\nBarra de ago CA-S0B, com salifncia au mossa. coeficien\nte de contormagdo superficial finifo(dadrncia) igual a\n1,5, didametro de 8 a 12,5mm, destinada a armadura de con-\n\ncreto armado, compreendendo fornecimento, 10% de perdas\nde pontas e arame 18\nEMOP 11.009.014-1\n\n44\n\nCorte,dobragem, montagem e colocagdo e ferragens nas formas, aco CA-50A ou CA-50B, em barras redondas, com @\nde 8 a 12,5mm\n\nEMOP\n4.5\n\n2.026,40\n\n2.026,40\n\nkg\n\n23,05\n\nm3\n\n11.011.030-1\n\nConcreto simples, dosado racionalmente para uma resistn-\n\ncia caracteristica & compressdo de 10MPa,inclusive materiais, ifansporte equivalente a 20,00m na horizontal e 10,00m\n\nna vertical, produgdo, langamento e adensamento na quantide de 2,00m3/h\n\n350,00\n\n8.067,50\n\nEMOP 11.003.001-1\n4.6\n\nConcreto simples, dosado racionalmente para uma resistncia caracteristica & compressdo de 25MPa, inclusive\nmateriais, transporte equivalente a 20,00m na horizontal\n\nGerente de Projetdt\n\nTiago\n\nd\n\nificagbes\n\nSouza\nheiro Civil\nSOH-GPE - Mat 20843\n\nPREFEITURA MUNICIPALDE ANGRA DOS REIS - OBRA: REFORMA DA ESCOLA PEDRO SOARES - PROVETA\n\nData Base 12/09\nITEM\n\nDESCRIMINACAO\n\nDOS SERVICOS\n\nQUANTID.\nCONTR.\n\n2\" PLANILHA DE SUPRESSAO E ACRESCIMO DE SERVICOS\nPRECO\nPRECO\nITEM REDUZIDOQ\nITEM ACRESCIDO\nUNIT.\nLICIT.\nQUANT\n\nUN\n\ne 10,00m na vertical, produgdo, langamento e adensamento na quantidade de 2,00m3/h\n\nEMOP\n\n5.1\n\n11.003.005-1\n\n25,33\n\nm3\n\nITENS NOVOS\n\nQUANT | VALOR\n\nQUANT\n\nNOVOS CONTRATOS\nV.UNIT.\nV. TOTAL\n\n350,00\n\n8.865,50\n\n33,21\n\n350,00\n\n11.623,50\n\n30,00\n\n6.780,00\n\n226,00\n\n30,00\n\n6.780,00\n\n5,00\n\n5.766,00\n\n1.153,20\n\n5,00\n\n5.766,00\n\n3,00\n\n3.459,60\n\n1.153,20\n\nm3\n\n350,00\n\n3.055,00\n\nm2\n\n400,00\n\n19.360,00\n\n40,00\n\n1.872,00\n\nSuper estrutura\nFormas de madeira para moldagem de pegas de concreto armado com paramentos planos, em lajes, vigas, paredes, etc,\ninclusive fomecimento dos materiais e desmoldagem, servindo a madeira 2 vezes, tibuas de pinho de 3?, ou madeira\nequivalente, com 2,5cm de espessura, servindo tambm para\ntravessas, exclusive escoramento\n\nEMOP\n52\n\n11.004.021-1\n\n226,00\n\nBarra de ago CA-50B, com salincia ou mossa, coeficien\nte de conformag3o superficial mi',880,'en'),('a:5:{s:5:\"title\";s:26:\"Kodak Capture Pro Software\";s:6:\"author\";s:26:\"Kodak Capture Pro Software\";s:9:\"pageCount\";s:3:\"317\";s:10:\"hasOutline\";b:1;s:8:\"hasForms\";b:1;}',881,'en'),('a:4:{s:4:\"name\";s:42:\"Acrobat PDF 1.6 - Portable Document Format\";s:7:\"version\";s:3:\"1.6\";s:12:\"registryName\";s:6:\"PRONOM\";s:11:\"registryKey\";s:6:\"fmt/20\";}',882,'en'),('a:3:{s:4:\"type\";s:9:\"ingestion\";s:8:\"dateTime\";s:20:\"2023-10-18T11:06:01Z\";s:22:\"linkingAgentIdentifier\";a:3:{i:0;a:2:{s:4:\"type\";s:19:\"preservation system\";s:5:\"value\";s:20:\"Archivematica-1.12.2\";}i:1;a:2:{s:4:\"type\";s:15:\"repository code\";s:5:\"value\";s:3:\"ORG\";}i:2;a:2:{s:4:\"type\";s:21:\"Archivematica user pk\";s:5:\"value\";s:1:\"1\";}}}',883,'en'),('a:4:{s:4:\"type\";s:26:\"message digest calculation\";s:8:\"dateTime\";s:20:\"2023-10-18T11:06:01Z\";s:17:\"outcomeDetailNote\";s:64:\"dbab90518a6935f5877c8297527d11b48b0e67c7a9d4505b0a3c0873bf92f9e5\";s:22:\"linkingAgentIdentifier\";a:3:{i:0;a:2:{s:4:\"type\";s:19:\"preservation system\";s:5:\"value\";s:20:\"Archivematica-1.12.2\";}i:1;a:2:{s:4:\"type\";s:15:\"repository code\";s:5:\"value\";s:3:\"ORG\";}i:2;a:2:{s:4:\"type\";s:21:\"Archivematica user pk\";s:5:\"value\";s:1:\"1\";}}}',884,'en'),('a:4:{s:4:\"type\";s:11:\"virus check\";s:8:\"dateTime\";s:20:\"2023-10-18T11:06:03Z\";s:7:\"outcome\";s:4:\"Pass\";s:22:\"linkingAgentIdentifier\";a:3:{i:0;a:2:{s:4:\"type\";s:19:\"preservation system\";s:5:\"value\";s:20:\"Archivematica-1.12.2\";}i:1;a:2:{s:4:\"type\";s:15:\"repository code\";s:5:\"value\";s:3:\"ORG\";}i:2;a:2:{s:4:\"type\";s:21:\"Archivematica user pk\";s:5:\"value\";s:1:\"1\";}}}',885,'en'),('a:4:{s:4:\"type\";s:12:\"name cleanup\";s:8:\"dateTime\";s:20:\"2023-10-18T11:06:04Z\";s:17:\"outcomeDetailNote\";s:166:\"Original name=\"%transferDirectory%objects/Processo 2010228091 -  Vol V_ocred.pdf\"; cleaned up name=\"%transferDirectory%objects/Processo_2010228091_-__Vol_V_ocred.pdf\"\";s:22:\"linkingAgentIdentifier\";a:3:{i:0;a:2:{s:4:\"type\";s:19:\"preservation system\";s:5:\"value\";s:20:\"Archivematica-1.12.2\";}i:1;a:2:{s:4:\"type\";s:15:\"repository code\";s:5:\"value\";s:3:\"ORG\";}i:2;a:2:{s:4:\"type\";s:21:\"Archivematica user pk\";s:5:\"value\";s:1:\"1\";}}}',886,'en'),('a:5:{s:4:\"type\";s:21:\"format identification\";s:8:\"dateTime\";s:20:\"2023-10-18T11:06:28Z\";s:7:\"outcome\";s:8:\"Positive\";s:17:\"outcomeDetailNote\";s:6:\"fmt/20\";s:22:\"linkingAgentIdentifier\";a:3:{i:0;a:2:{s:4:\"type\";s:19:\"preservation system\";s:5:\"value\";s:20:\"Archivematica-1.12.2\";}i:1;a:2:{s:4:\"type\";s:15:\"repository code\";s:5:\"value\";s:3:\"ORG\";}i:2;a:2:{s:4:\"type\";s:21:\"Archivematica user pk\";s:5:\"value\";s:1:\"1\";}}}',887,'en'),('a:5:{s:4:\"type\";s:10:\"validation\";s:8:\"dateTime\";s:20:\"2023-10-18T11:06:41Z\";s:7:\"outcome\";s:12:\"partial pass\";s:17:\"outcomeDetailNote\";s:51:\"format=\"bytestream\"; result=\"Well-Formed and valid\"\";s:22:\"linkingAgentIdentifier\";a:3:{i:0;a:2:{s:4:\"type\";s:19:\"preservation system\";s:5:\"value\";s:20:\"Archivematica-1.12.2\";}i:1;a:2:{s:4:\"type\";s:15:\"repository code\";s:5:\"value\";s:3:\"ORG\";}i:2;a:2:{s:4:\"type\";s:21:\"Archivematica user pk\";s:5:\"value\";s:1:\"1\";}}}',888,'en'),('a:4:{s:4:\"type\";s:13:\"normalization\";s:8:\"dateTime\";s:20:\"2023-10-18T11:11:52Z\";s:17:\"outcomeDetailNote\";s:97:\"%SIPDirectory%objects/Processo_2010228091_-__Vol_V_ocred-1b18adb5-f854-431b-b270-f5b013100f63.pdf\";s:22:\"linkingAgentIdentifier\";a:3:{i:0;a:2:{s:4:\"type\";s:19:\"preservation system\";s:5:\"value\";s:20:\"Archivematica-1.12.2\";}i:1;a:2:{s:4:\"type\";s:15:\"repository code\";s:5:\"value\";s:3:\"ORG\";}i:2;a:2:{s:4:\"type\";s:21:\"Archivematica user pk\";s:5:\"value\";s:1:\"1\";}}}',889,'en'),('0537f632-7191-48db-a76f-6f30ff7db0df',953,'en'),('87cd4347-a939-48c4-bd2d-4d291cbe7dec',954,'en'),('a:4:{s:4:\"name\";s:25:\"Portable Network Graphics\";s:7:\"version\";s:3:\"1.0\";s:12:\"registryName\";s:6:\"PRONOM\";s:11:\"registryKey\";s:6:\"fmt/11\";}',955,'en'),('a:3:{s:4:\"type\";s:9:\"ingestion\";s:8:\"dateTime\";s:20:\"2024-01-04T05:27:59Z\";s:22:\"linkingAgentIdentifier\";a:3:{i:0;a:2:{s:4:\"type\";s:19:\"preservation system\";s:5:\"value\";s:20:\"Archivematica-1.12.2\";}i:1;a:2:{s:4:\"type\";s:15:\"repository code\";s:5:\"value\";s:3:\"ORG\";}i:2;a:2:{s:4:\"type\";s:21:\"Archivematica user pk\";s:5:\"value\";s:1:\"1\";}}}',956,'en'),('a:4:{s:4:\"type\";s:26:\"message digest calculation\";s:8:\"dateTime\";s:20:\"2024-01-04T05:27:59Z\";s:17:\"outcomeDetailNote\";s:64:\"da5958079be5ca9a930ede12488c65746392483407039dfaf5bfcad92a24c490\";s:22:\"linkingAgentIdentifier\";a:3:{i:0;a:2:{s:4:\"type\";s:19:\"preservation system\";s:5:\"value\";s:20:\"Archivematica-1.12.2\";}i:1;a:2:{s:4:\"type\";s:15:\"repository code\";s:5:\"value\";s:3:\"ORG\";}i:2;a:2:{s:4:\"type\";s:21:\"Archivematica user pk\";s:5:\"value\";s:1:\"1\";}}}',957,'en'),('a:4:{s:4:\"type\";s:11:\"virus check\";s:8:\"dateTime\";s:20:\"2024-01-04T05:28:01Z\";s:7:\"outcome\";s:4:\"Pass\";s:22:\"linkingAgentIdentifier\";a:3:{i:0;a:2:{s:4:\"type\";s:19:\"preservation system\";s:5:\"value\";s:20:\"Archivematica-1.12.2\";}i:1;a:2:{s:4:\"type\";s:15:\"repository code\";s:5:\"value\";s:3:\"ORG\";}i:2;a:2:{s:4:\"type\";s:21:\"Archivematica user pk\";s:5:\"value\";s:1:\"1\";}}}',958,'en'),('a:4:{s:4:\"type\";s:12:\"name cleanup\";s:8:\"dateTime\";s:20:\"2024-01-04T05:28:02Z\";s:17:\"outcomeDetailNote\";s:128:\"Original name=\"%transferDirectory%objects/Diploma Isadora.png\"; cleaned up name=\"%transferDirectory%objects/Diploma_Isadora.png\"\";s:22:\"linkingAgentIdentifier\";a:3:{i:0;a:2:{s:4:\"type\";s:19:\"preservation system\";s:5:\"value\";s:20:\"Archivematica-1.12.2\";}i:1;a:2:{s:4:\"type\";s:15:\"repository code\";s:5:\"value\";s:3:\"ORG\";}i:2;a:2:{s:4:\"type\";s:21:\"Archivematica user pk\";s:5:\"value\";s:1:\"1\";}}}',959,'en'),('a:5:{s:4:\"type\";s:21:\"format identification\";s:8:\"dateTime\";s:20:\"2024-01-04T05:28:05Z\";s:7:\"outcome\";s:8:\"Positive\";s:17:\"outcomeDetailNote\";s:6:\"fmt/11\";s:22:\"linkingAgentIdentifier\";a:3:{i:0;a:2:{s:4:\"type\";s:19:\"preservation system\";s:5:\"value\";s:20:\"Archivematica-1.12.2\";}i:1;a:2:{s:4:\"type\";s:15:\"repository code\";s:5:\"value\";s:3:\"ORG\";}i:2;a:2:{s:4:\"type\";s:21:\"Archivematica user pk\";s:5:\"value\";s:1:\"1\";}}}',960,'en'),('a:5:{s:4:\"type\";s:13:\"transcription\";s:8:\"dateTime\";s:20:\"2024-01-04T05:28:24Z\";s:7:\"outcome\";s:11:\"transcribed\";s:17:\"outcomeDetailNote\";s:96:\"%SIPDirectory%objects/metadata/OCRfiles/Diploma_Isadora-0537f632-7191-48db-a76f-6f30ff7db0df.txt\";s:22:\"linkingAgentIdentifier\";a:3:{i:0;a:2:{s:4:\"type\";s:19:\"preservation system\";s:5:\"value\";s:20:\"Archivematica-1.12.2\";}i:1;a:2:{s:4:\"type\";s:15:\"repository code\";s:5:\"value\";s:3:\"ORG\";}i:2;a:2:{s:4:\"type\";s:21:\"Archivematica user pk\";s:5:\"value\";s:1:\"1\";}}}',961,'en'),('8854484b-2b65-40fa-a9eb-22403af89f54',962,'en'),('87cd4347-a939-48c4-bd2d-4d291cbe7dec',963,'en'),('UnB - Universidade de Braslia\nDEG - Decanato de Ensino de Graduao\nSAA - Secretaria de Administrao Acadmica\nSIGAA - Sistema Integrado de Gesto de Atividades Acadmicas\nCampus Darcy Ribeiro - Asa Norte - Braslia/DF - CEP 70910-900\nCredenciada conforme decreto MEC N 500, de 15 de janeiro de 1962 e publicada no Dirio Oficial da Unio,\nna seo 01, pg. 559, em 16/01/1962.\n\nHistrico Escolar - Emitido em: 03/03/2022 s 10:01\nDados Pessoais\n\nMatrcula: 100000000\n\nNome: Mait de Frana Bicudo\nData de Nascimento: 16/12/1995 Local de Nascimento: BRASIL Nacionalidade: Brasil\nN do documento com rgo expedidor: 000000, (SESP/DF)\nN do CPF: 000.000.000-00\n\nDados do Vnculo do Discente\nARQUIVOLOGIA/FCI BACHAREL - NOTURNO\n\nCurso:\n\nIRA:\n\nStatus: FORMADO\nnfase: Currculo:\n\nIRA: 4.7018 MP: 4.5381\n\n8192/1 -\n\nReconhecimento do Curso: Portaria SERES n 309, 02/08/2011. D.O.U.: 04/08/2011\nUNIFICADA\nPerfil Inicial: 0\n\nAno / Perodo Letivo Inicial: Forma de 2018.1\nSISU-SISTEMA DE SELEO\nIngresso:\n\n8\n/ Mximo):\nPrazo para Concluso (Padro 2023.2 / 2023.2\n\nPerodo Letivo Atual:\nSuspenses: Nenhum\n\nSada:\n\nProrrogaes:\nAno/Perodo de Integralizao: Tipo\n\n0 perodos letivos -\n\nAno/Perodo Letivo de Sada: -\n\nData da Colao de Grau: Data de Sada: - Trabalho de\nConcluso de Curso:-\n\nData da Expedio do Diploma:\n-\n\nComponentes Curriculares Cursados/Cursando\nAno/Perod\no\nLetivo\n\nComponente Curricular\n\nCH\n\nTurm\na\n\nFreq %\n\nNota\n\nSituao\n\n--\n\n*\n\nDEG020\n3\n\nATIVIDADE COMPLEMENTAR\n\n60\n\n--\n\n100,0\n\n-\n\nCUMP\n\n--\n\n*\n\nDEX020\n1\n\nATIVIDADE DE EXTENSO\n\n120\n\n--\n\n100,0\n\n-\n\nCUMP\n\n2013.2\n\n#\n\nDAN002\n2\n\nINTRODUO  ANTROPOLOGIA\n\n60\n\nA\n\n84,0\n\nSS\n\nAPR\n\n2013.2\n\n*\n\nECO001\n9\n\nINTRODUO  ECONOMIA\n\n60\n\nC\n\n100,0\n\nMM\n\nAPR\n\nHIS0084\n\nINTRODUO AO ESTUDO DA HISTRIA\n\n60\n\nB\n\n94,0\n\nMS\n\nAPR\n\nHIS0088\n\nHISTRIA ANTIGA 1\n\n60\n\nA\n\n84,0\n\nMM\n\nAPR\n\nCEM000\n1\n\nA UNIO EUROPIA E A COOPERAO INTERNACIONAL\n\n60\n\nA\n\n100,0\n\n-\n\nTRANC\n\nHIS0090\n\nHISTRIA ANTIGA 2\n\n60\n\nA\n\n100,0\n\nMS\n\nAPR\n\n2013.2\n2013.2\n\n#\n\n2014.1\n\n2014.1\n\n#\n\n2014.1\n\n#\n\nHIS0091\n\nHISTRIA MEDIEVAL 1\n\n60\n\nB\n\n94,0\n\nMS\n\nAPR\n\n2014.1\n\n#\n\nHIS0097\n\nHISTRIA DA AMRICA 1\n\n60\n\nB\n\n80,0\n\nMS\n\nAPR\n\n2014.1\n\n#\n\nHIS0100\n\nHISTRIA DO BRASIL 1\n\n60\n\nB\n\n94,0\n\nMS\n\nAPR\n\n2014.1\n\n*\n\nPOL0011\n\nINTRODUO  CINCIA POLTICA\n\n60\n\nD\n\n90,0\n\nMS\n\nAPR\n\n2014.2\n\n&\n\nHIS0093\n\nHISTRIA MODERNA 1\n\n60\n\nB\n\n80,0\n\nMS\n\nAPR\n\n2014.2\n\n#\n\nHIS0099\n\nHISTRIA DA AMRICA 2\n\n60\n\nB\n\n97,0\n\nMS\n\nAPR\n\n2014.2\n\n#\n\nHIS0102\n\nHISTRIA DO BRASIL 2\n\n60\n\nA\n\n97,0\n\nMS\n\nAPR\n\n2014.2\n\n&\n\nHIS0107\n\nHISTRIA CONTEMPORNEA 2\n\n60\n\nA\n\n87,0\n\nSS\n\nAPR\n\n2014.2\n\n#\n\nHIS0208\n\nHISTRIA CONTEMPORNEA DOS ESTADOS UNIDOS\n\n30\n\nA\n\n97,0\n\nSS\n\nAPR\n\n2014.2\n\n#\n\nIRI0013\n\nINTRODUO AO ESTUDO DAS RELAES INTERNACIONAIS\n\n60\n\nD\n\n100,0\n\nSS\n\nAPR\n\n2015.1\n\n&\n\nHIS0095\n\nHISTRIA MODERNA 2\n\n60\n\nA\n\n80,0\n\nMS\n\nAPR\n\n2015.1\n\n#\n\nHIS0104\n\nHISTRIA DO BRASIL 3\n\n60\n\nA\n\n87,0\n\nMS\n\nAPR\n\n2015.1\n\n*\n\nHIS0106\n\nHISTRIA CONTEMPORNEA 1\n\n60\n\nA\n\n90,0\n\nMM\n\nAPR\n\nPara verificar a autenticidade deste documento entre em\nhttps://sig.unb.br/sigaa/documentos/ informando a matrcula, data de\nemisso e o cdigo de verificao: 4dab55eac9\nUnB - Universidade de Braslia\nDEG - Decanato de Ensino de\nGraduao\nSAA - Secretaria de Administrao\n\nPgina 1 de 4\n\nAcadmica\nSIGAA - Sistema Integrado de Gesto de Atividades Acadmicas\nCampus Darcy Ribeiro - Asa Norte - Braslia/DF - CEP 70910-900\nCredenciada conforme decreto MEC N 500, de 15 de janeiro de 1962 e publicada no Dirio Oficial da Unio,\nna seo 01, pg. 559, em 16/01/1962.\n\nHistrico Escolar - Emitido em: 03/03/2022 s 10:01\nNome: Amanda Raquel Alves Nogueira Matrcula: 180029827 Componentes Curriculares Cursados/Cursando\nAno/Perod\no\nLetivo\n\nComponente Curricular\n\nCH\n\nTurm\na\n\nFreq %\n\nNota\n\nSituao\n\n2015.1\n\n#\n\nHIS0132\n\nHISTRIA DA FRICA\n\n60\n\nA\n\n94,0\n\nMS\n\nAPR\n\n2015.2\n\n#\n\nHIS0080\n\nHISTRIA CONTEMPORNEA 3\n\n60\n\nA\n\n90,0\n\nMS\n\nAPR\n\n2015.2\n\n#\n\nHIS0129\n\nHISTRIA DO BRASIL 4\n\n60\n\nB\n\n77,0\n\nMS\n\nAPR\n\n2015.2\n\n#\n\nHIS0138\n\nHISTRIA MEDIEVAL 2\n\n60\n\nC\n\n90,0\n\nMS\n\nAPR\n\n2015.2\n\n#\n\nHIS0172\n\nTPICOS ESPECIAIS EM HISTRIA DO BRASIL\n\n60\n\nA\n\n84,0\n\nMS\n\nAPR\n\n2015.2\n\n*\n\nLET0118\n\nLNGUA ESPANHOLA 1\n\n60\n\n--\n\n100,0\n\n-\n\nCUMP\n\n2016.1\n\n#\n\nHIS0113\n\nTEORIA DA HISTRIA\n\n60\n\nC\n\n94,0\n\nSS\n\nAPR\n\n2016.1\n\n#\n\nHIS0123\n\nHISTRIA DO EXTREMO ORIENTE\n\n60\n\nA\n\n94,0\n\nSS\n\nAPR\n\n2016.1\n\n#\n\nHIS0126\n\nHISTRIA DA AMRICA 3\n\n60\n\nA\n\n87,0\n\nMS\n\nAPR\n\n2016.1\n\n#\n\nHIS0212\n\nHISTORIOGRAFIA\n\n60\n\nA\n\n100,0\n\nMS\n\nAPR\n\n2016.2\n\n*\n\nFEF0105\n\nPRTICA DESPORTIVA\n\n30\n\nV\n\n100,0\n\nSS\n\nAPR\n\n2016.2\n\n*\n\nHIS0115\n\nMETODOLOGIA DA HISTRIA\n\n60\n\nA\n\n100,0\n\nSS\n\nAPR\n\n2016.2\n\n#\n\nILD0004\n\nESPANHOL INSTRUMENTAL - PROVA DE AVALIAO\n\n30\n\n--\n\n100,0\n\n-\n\nCUMP\n\n2016.2\n\n#\n\nLET0032\n\nGNERO, LNGUA E PODER\n\n60\n\nA\n\n100,0\n\nMS\n\nAPR\n\n2016.2\n\n*\n\nLET0120\n\nLNGUA ESPANHOLA 2\n\n60\n\n--\n\n100,0\n\n-\n\nCUMP\n\n2016.2\n\n*\n\nLET0331\n\nINGLS INSTRUMENTAL 1\n\n60\n\n--\n\n100,0\n\n-\n\nCUMP\n\n2016.2\n\n#\n\nLIP0045\n\nINTRODUO  LINGUSTICA\n\n60\n\nG\n\n100,0\n\nSS\n\nAPR\n\n2016.2\n\n#\n\nPPB001\n4\n\nINTRODUO  PSICOLOGIA\n\n60\n\nD\n\n100,0\n\nSS\n\nAPR\n\n2017.\n\n*\n\nFIL0069\n\nINTRODUO  FILOSOFIA\n\n60\n\nA\n\n90,0\n\nSS\n\nAPR\n\n2017.\n\n#\n\nHIS0003\n\nTRABALHO DE CONCLUSO DE CURSO 1\n\n60\n\nA\n\n100,0\n\nSS\n\nAPR\n\nFEF0105\n\nPRTICA DESPORTIVA\n\n30\n\nP\n\n100,0\n\n-\n\nTRANC\n\n2017.1\n2017.1\n\n#\n\nHIS0028\n\nPRTICA DE PESQUISA HISTRICA\n\n90\n\nA\n\n87,0\n\nMS\n\nAPR\n\n2017.1\n\n#\n\nLET0162\n\nINGLS INSTRUMENTAL 2\n\n60\n\n--\n\n100,0\n\n-\n\nCUMP\n\n2017.2\n\n#\n\nHIS0010\n\nTRABALHO DE CONCLUSO DE CURSO 2\n\n90\n\nA\n\n100,0\n\nSS\n\nAPR\n\nPOL004\n8\n\nPOLTICA E ECONOMIA\n\n60\n\nA\n\n100,0\n\n-\n\nTRANC\n\nPPB007\n2\n\nPESQUISA EM ANLISE COMPORTAMENTAL\n\n60\n\nDC\n\n100,0\n\nSS\n\nAPR\n\n2018.2\n\nENADE\n\nINGRESSANTE - REGULAR: NO HABILITADO AO ENADE 2018 EM RAZO\nDA NATUREZA DO PROJETO PEDAGGICO DO CURSO. DATA DA PROVA:\n25/11/2018\n\n0\n\n--\n\n--\n\n---\n\n--\n\n2018.1\n\nADM002\n3\n\nINTRODUO  ADMINISTRAO\n\n60\n\nL\n\n92,0\n\nMS\n\nAPR\n\n2018.1\n\nFCI0062\n\nINTRODUCAO A ARQUIVOLOGIA\n\n60\n\nA\n\n97,0\n\nSS\n\nAPR\n\n2018.1\n\nFDD000\n4\n\nINSTITUIES DE DIREITO PBLICO E PRIVADO\n\n60\n\nA\n\n91,0\n\nMS\n\nAPR\n\n2017.2\n\n2017.2\n\n#\n\n2018.1\n\n*\n\nJOR007\n8\n\nINTRODUO A COMUNICAO\n\n60\n\nE\n\n100,0\n\nSS\n\nAPR\n\n2018.2\n\n*\n\nADM032\n0\n\nANLISE ORGANIZACIONAL, SISTEMAS E MTODOS\n\n60\n\nD\n\n97,0\n\nSS\n\nAPR\n\n2018.2\n\nFCI0063\n\nARQUIVO CORRENTE 1\n\n60\n\nA\n\n90,0\n\nSS\n\nAPR\n\n2018.2\n\nFDD017\n2\n\nLEGISLAO ADMINISTRATIVA\n\n60\n\nA\n\n100,0\n\nMS\n\nAPR\n\n2018.2\n\n*\n\nGPP003\n7\n\nFUNDAMENTOS DA ADMINISTRAO PBLICA\n\n60\n\nF\n\n85,0\n\nMS\n\nAPR\n\n2019.1\n\n*\n\nADM030\n8\n\nNEGOCIAO\n\n60\n\nC\n\n100,0\n\nSS\n\nAPR\n\n2019.1\n\nFCI0064\n\nARQUIVO CORRENTE 2\n\n60\n\nB\n\n84,0\n\nSS\n\nAPR\n\n2019.1\n\nFCI0076\n\nESTAGIO SUPERVISIONADO 1\n\n120\n\nA\n\n100,0\n\nSS\n\nAPR\n\n2019.2\n\ne\n\nADM002\n5\n\nORGANIZACAO E SISTEMAS\n\n60\n\n--\n\n100,0\n\n-\n\nDISP\n\n2019.2\n\n*\n\nADM007\n0\n\nGOVERNO E ADMINISTRACAO NO BRASIL\n\n60\n\n--\n\n100,0\n\n-\n\nDISP\n\n2019.2\n\n#\n\nADM018\n1\n\nCOMUNICACAO E NEGOCIACAO\n\n60\n\n--\n\n100,0\n\n-\n\nDISP\n\n2019.2\n\n*\n\nADM018\n2\n\nCOMUNICACAO E NEGOCIACAO\n\n60\n\n--\n\n100,0\n\n-\n\nDISP\n\n2019.2\n\n*\n\nDEX019\n7\n\nATIVIDADE DE EXTENSO\n\n30\n\n--\n\n100,0\n\n-\n\nCUMP\n\n2019.2\n\nFCI0050\n\nINFORMATICA DOCUMENTARIA\n\n60\n\nB\n\n97,0\n\nSS\n\nAPR\n\n2019.2\n\nFCI0065\n\nARQUIVO INTERMEDIARIO\n\n60\n\nA\n\n84,0\n\nSS\n\nAPR\n\n2019.2\n\nFCI0071\n\nCONSERVACAO E RESTAURACAO DE DOCUMENTOS\n\n60\n\nC\n\n98,0\n\nSS\n\nAPR\n\n2019.2\n\nHIS0111\n\nHISTRIA SOCIAL E POLTICA DO BRASIL\n\n60\n\n--\n\n100,0\n\n-\n\nDISP\n\n2020.1\n\nFCI0046\n\nANALISE DA INFORMACAO\n\n60\n\nB\n\n100,0\n\nMS\n\nAPR\n\nPara verificar a autenticidade deste documento entre em\nhttps://sig.unb.br/sigaa/documentos/ informando a matrcula, data de\nemisso e o cdigo de verificao: 4dab55eac9\nUnB - Universidade de Braslia\nDEG - Decanato de Ensino de\nGraduao\nSAA - Secretaria de Administrao\n\nPgina 2 de 4\n\nAcadmica\nSIGAA - Sistema Integrado de Gesto de Atividades Acadmicas\nCampus Darcy Ribeiro - Asa Norte - Braslia/DF - CEP 70910-900\nCredenciada conforme decreto MEC N 500, de 15 de janeiro de 1962 e publicada no Dirio Oficial da Unio,\nna seo 01, pg. 559, em 16/01/1962.\n\nHistrico Escolar - Emitido em: 03/03/2022 s 10:01\nNome: Amanda Raquel Alves Nogueira Matrcula: 180029827 Componentes Curriculares Cursados/Cursando\nAno/Perod\no\nLetivo\n\nComponente Curricular\n\nCH\n\nTurm\na\n\nFreq %\n\nNota\n\nSituao\n\n2020.1\n\nFCI0066\n\nDIPLOMATICA E TIPOLOGIA DOCUMENTAL\n\n60\n\n01A\n\n93,0\n\nSS\n\nAPR\n\n2020.1\n\nFCI0067\n\nARQUIVO PERMANENTE 1\n\n60\n\nA\n\n100,0\n\nSS\n\nAPR\n\n2020.2\n\nFCI0068\n\nARQUIVO PERMANENTE 2\n\n60\n\n02A\n\n100,0\n\nMS\n\nAPR\n\n2021.1\n\nFCI0070\n\nPROJETO DE IMPLANTAO DE SISTEMAS ARQUIVISTICOS\n\n60\n\n02A\n\n100,0\n\nSS\n\nAPR\n\n2021.1\n\nFCI0075\n\nPLANEJAMENTO E GESTAO DE INSTITUICAO ARQUIVISTICA\n\n60\n\n02A\n\n93,0\n\nMS\n\nAPR\n\n2021.1\n\nFCI0077\n\nESTAGIO SUPERVISIONADO 2\n\n120\n\n02A\n\n100,0\n\nSS\n\nAPR\n\n2021.1\n\nENADE\n\nCONCLUINTE - REGULAR POR NO SER HABILITADO AO ENADE 2021\nEM RAZO DA NATUREZA DO PROJETO PEDAGGICO DO CURSO.\nDATA DA PROVA: 14/11/2021\n\n0\n\n--\n\n--\n\n---\n\n--\n\nLegenda\n* Comp.\nOptativo\nSIGLA\n\ne Comp. Equivalente a\nObrig.\n\n& Comp. Equivalente a\nOptativo\n\n# Comp.\nEletivo\n\n@ Ativ.\nObrigatria\n\nSIGNIFICADO\n\nSITUAO\n\nAprovado por mdia\n\nAluno aprovado com mdia maior ou igual a 5,0.\n\nCANC\n\nCancelado\n\nMatrcula em turma cancelada.\n\nDISP\n\nDispensado\n\nAproveitou o componente e foi dispensado.\n\nMATR\n\nMatriculado\n\nMatriculado na turma.\n\nReprovado por mdia\n\nAluno com mdia inferior a 5,0.\n\nReprovado por falta\n\nReprovado por no atender os critrios de assiduidade.\n\nREPMF\n\nReprovado por mdia e falta\n\nAluno com mdia inferior a 5,0 alm de no atender aos critrios de assiduidade.\n\nTRANC\n\nTrancado\n\nMatrcula em turma trancada.\n\nCUMP\n\nCumpriu\n\nGanhou o Componente por Aproveitamento.\n\nAPR\n\nREP\nREPF\n\nMenes (Notas)\nSS - 9,0 a 10,0 MS - 7,0 a 8,9 MM - 5,0 a 6,9 MI - 3,0 a 4,9 II - 0,1 a 2,9 SR - 0\n\nCarga Horria Integralizada/Pendente\n\n Ativ. Optativa\n\n% Comp. Equivalente a\nCompl.\n\nObrigatrias\n\nOptativos\n\nComplementares\n\nTotal\n\nExigido\n\n1320 h\n\n1080 h\n\n0h\n\n2400 h\n\nIntegralizado\n\n1320 h\n\n1500 h\n\n0h\n\n2820 h\n\n0h\n\n0h\n\n0h\n\n0h\n\nPendente\n\nEquivalncias:\nCumpriu ADM0319 - ORGANIZAO, MTODOS E SISTEMAS (60h) atravs de ADM0025 - ORGANIZACAO E SISTEMAS (60h)\n\nObservaes:\n- Atividade de Extenso: Empresa Jnior ARCH em 2019/2 - 30 horas\n- Atividade de Extenso: Empresa Jnior ARCH em 2020.1 - 60 horas.\n- Atividade Complementar: Projeto de iniciao cientfica (ProIC), durante os anos de 2019 e 2020 - 60 horas.\n- Atividade de Extenso: Empresa Jnior ARCH em 2020.1 - 60 horas\n\nhttps://sig.unb.br/sigaa/documentos/ informando a matrcula, data de\nemisso e o cdigo de verificao: 4dab55eac9\nPgina 3 de 4\n\nPara verificar a autenticidade deste documento entre em\nUnB - Universidade de Braslia\nDEG - Decanato de Ensino de\nGraduao\nSAA - Secretaria de Administrao\nAcadmica\nSIGAA - Sistema Integrado de Gesto de Atividades Acadmicas\nCampus Darcy Ribeiro - Asa Norte - Braslia/DF - CEP 70910-900\nCredenciada conforme decreto MEC N 500, de 15 de janeiro de 1962 e publicada no Dirio Oficial da Unio,\nna seo 01, pg. 559, em 16/01/1962.\n\nHistrico Escolar - Emitido em: 03/03/2022 s 10:01\nNome: Amanda Raquel Alves Nogueira Matrcula: 180029827\n\nAteno, agora o histrico possui uma verificao automtica de autenticidade e consistncia, sendo portanto dispensvel a assinatura da coordenao do curso ou\nSAA. Favor, ler instrues no rodap.\n\nPara verificar a autenticidade deste documento entre em https://sig.unb.br/sigaa/documentos/ informando a Pgina 4 de 4 matrcula, data de\nemisso e o cdigo de verificao: 4dab55eac9\n\n',964,'en'),('a:2:{s:5:\"title\";s:23:\"Histrico Arquivologia\";s:9:\"pageCount\";s:1:\"6\";}',965,'en'),('a:4:{s:4:\"name\";s:42:\"Acrobat PDF 1.4 - Portable Document Format\";s:7:\"version\";s:3:\"1.4\";s:12:\"registryName\";s:6:\"PRONOM\";s:11:\"registryKey\";s:6:\"fmt/18\";}',966,'en'),('a:3:{s:4:\"type\";s:9:\"ingestion\";s:8:\"dateTime\";s:20:\"2024-01-04T05:27:59Z\";s:22:\"linkingAgentIdentifier\";a:3:{i:0;a:2:{s:4:\"type\";s:19:\"preservation system\";s:5:\"value\";s:20:\"Archivematica-1.12.2\";}i:1;a:2:{s:4:\"type\";s:15:\"repository code\";s:5:\"value\";s:3:\"ORG\";}i:2;a:2:{s:4:\"type\";s:21:\"Archivematica user pk\";s:5:\"value\";s:1:\"1\";}}}',967,'en'),('a:4:{s:4:\"type\";s:26:\"message digest calculation\";s:8:\"dateTime\";s:20:\"2024-01-04T05:27:59Z\";s:17:\"outcomeDetailNote\";s:64:\"21a313f3ce3ceeb81ca58ef9f1004a5a8c0a9eb57d27162457cb88ecd1cb0e45\";s:22:\"linkingAgentIdentifier\";a:3:{i:0;a:2:{s:4:\"type\";s:19:\"preservation system\";s:5:\"value\";s:20:\"Archivematica-1.12.2\";}i:1;a:2:{s:4:\"type\";s:15:\"repository code\";s:5:\"value\";s:3:\"ORG\";}i:2;a:2:{s:4:\"type\";s:21:\"Archivematica user pk\";s:5:\"value\";s:1:\"1\";}}}',968,'en'),('a:4:{s:4:\"type\";s:11:\"virus check\";s:8:\"dateTime\";s:20:\"2024-01-04T05:28:01Z\";s:7:\"outcome\";s:4:\"Pass\";s:22:\"linkingAgentIdentifier\";a:3:{i:0;a:2:{s:4:\"type\";s:19:\"preservation system\";s:5:\"value\";s:20:\"Archivematica-1.12.2\";}i:1;a:2:{s:4:\"type\";s:15:\"repository code\";s:5:\"value\";s:3:\"ORG\";}i:2;a:2:{s:4:\"type\";s:21:\"Archivematica user pk\";s:5:\"value\";s:1:\"1\";}}}',969,'en'),('a:4:{s:4:\"type\";s:12:\"name cleanup\";s:8:\"dateTime\";s:20:\"2024-01-04T05:28:02Z\";s:17:\"outcomeDetailNote\";s:132:\"Original name=\"%transferDirectory%objects/Historico Isadora.pdf\"; cleaned up name=\"%transferDirectory%objects/Historico_Isadora.pdf\"\";s:22:\"linkingAgentIdentifier\";a:3:{i:0;a:2:{s:4:\"type\";s:19:\"preservation system\";s:5:\"value\";s:20:\"Archivematica-1.12.2\";}i:1;a:2:{s:4:\"type\";s:15:\"repository code\";s:5:\"value\";s:3:\"ORG\";}i:2;a:2:{s:4:\"type\";s:21:\"Archivematica user pk\";s:5:\"value\";s:1:\"1\";}}}',970,'en'),('a:5:{s:4:\"type\";s:21:\"format identification\";s:8:\"dateTime\";s:20:\"2024-01-04T05:28:05Z\";s:7:\"outcome\";s:8:\"Positive\";s:17:\"outcomeDetailNote\";s:6:\"fmt/18\";s:22:\"linkingAgentIdentifier\";a:3:{i:0;a:2:{s:4:\"type\";s:19:\"preservation system\";s:5:\"value\";s:20:\"Archivematica-1.12.2\";}i:1;a:2:{s:4:\"type\";s:15:\"repository code\";s:5:\"value\";s:3:\"ORG\";}i:2;a:2:{s:4:\"type\";s:21:\"Archivematica user pk\";s:5:\"value\";s:1:\"1\";}}}',971,'en'),('a:5:{s:4:\"type\";s:10:\"validation\";s:8:\"dateTime\";s:20:\"2024-01-04T05:28:08Z\";s:7:\"outcome\";s:4:\"pass\";s:17:\"outcomeDetailNote\";s:59:\"format=\"PDF\"; version=\"1.4\"; result=\"Well-Formed and valid\"\";s:22:\"linkingAgentIdentifier\";a:3:{i:0;a:2:{s:4:\"type\";s:19:\"preservation system\";s:5:\"value\";s:20:\"Archivematica-1.12.2\";}i:1;a:2:{s:4:\"type\";s:15:\"repository code\";s:5:\"value\";s:3:\"ORG\";}i:2;a:2:{s:4:\"type\";s:21:\"Archivematica user pk\";s:5:\"value\";s:1:\"1\";}}}',972,'en'),('a:4:{s:4:\"type\";s:13:\"normalization\";s:8:\"dateTime\";s:20:\"2024-01-04T05:28:20Z\";s:17:\"outcomeDetailNote\";s:80:\"%SIPDirectory%objects/Historico_Isadora-14793cec-4730-405c-a382-0e1a6488c91f.pdf\";s:22:\"linkingAgentIdentifier\";a:3:{i:0;a:2:{s:4:\"type\";s:19:\"preservation system\";s:5:\"value\";s:20:\"Archivematica-1.12.2\";}i:1;a:2:{s:4:\"type\";s:15:\"repository code\";s:5:\"value\";s:3:\"ORG\";}i:2;a:2:{s:4:\"type\";s:21:\"Archivematica user pk\";s:5:\"value\";s:1:\"1\";}}}',973,'en');
/*!40000 ALTER TABLE `property_i18n` ENABLE KEYS */;
UNLOCK TABLES;

--
-- Table structure for table `relation`
--

DROP TABLE IF EXISTS `relation`;
/*!40101 SET @saved_cs_client     = @@character_set_client */;
/*!50503 SET character_set_client = utf8mb4 */;
CREATE TABLE `relation` (
  `id` int NOT NULL,
  `subject_id` int NOT NULL,
  `object_id` int NOT NULL,
  `type_id` int DEFAULT NULL,
  `start_date` date DEFAULT NULL,
  `end_date` date DEFAULT NULL,
  `source_culture` varchar(16) NOT NULL,
  PRIMARY KEY (`id`),
  KEY `relation_FI_2` (`subject_id`),
  KEY `relation_FI_3` (`object_id`),
  KEY `relation_FI_4` (`type_id`),
  CONSTRAINT `relation_FK_1` FOREIGN KEY (`id`) REFERENCES `object` (`id`) ON DELETE CASCADE,
  CONSTRAINT `relation_FK_2` FOREIGN KEY (`subject_id`) REFERENCES `object` (`id`) ON DELETE CASCADE,
  CONSTRAINT `relation_FK_3` FOREIGN KEY (`object_id`) REFERENCES `object` (`id`) ON DELETE CASCADE,
  CONSTRAINT `relation_FK_4` FOREIGN KEY (`type_id`) REFERENCES `term` (`id`) ON DELETE CASCADE
) ENGINE=InnoDB DEFAULT CHARSET=utf8mb4 COLLATE=utf8mb4_0900_ai_ci;
/*!40101 SET character_set_client = @saved_cs_client */;

--
-- Dumping data for table `relation`
--

LOCK TABLES `relation` WRITE;
/*!40000 ALTER TABLE `relation` DISABLE KEYS */;
INSERT INTO `relation` VALUES (430,194,193,177,NULL,NULL,'en'),(431,196,195,177,NULL,NULL,'en'),(432,198,197,177,NULL,NULL,'en'),(433,200,199,177,NULL,NULL,'en'),(434,207,206,177,NULL,NULL,'en'),(435,208,208,177,NULL,NULL,'en'),(436,209,209,177,NULL,NULL,'en'),(437,210,210,177,NULL,NULL,'en'),(438,212,211,177,NULL,NULL,'en'),(439,202,201,177,NULL,NULL,'en'),(440,203,203,177,NULL,NULL,'en'),(441,204,204,177,NULL,NULL,'en'),(442,205,205,177,NULL,NULL,'en'),(1039,586,1028,161,NULL,NULL,'pt_BR'),(1051,1045,1028,152,NULL,NULL,'pt_BR'),(1104,1102,1103,178,NULL,NULL,'en'),(1115,1102,1111,178,NULL,NULL,'en'),(1144,1142,1143,178,NULL,NULL,'en'),(1156,1154,1155,178,NULL,NULL,'en'),(1164,1154,1163,178,NULL,NULL,'en'),(1173,1154,1172,178,NULL,NULL,'en'),(1182,1154,1181,178,NULL,NULL,'en'),(1191,1154,1190,178,NULL,NULL,'en'),(1224,1222,1223,178,NULL,NULL,'en'),(1235,1222,1231,178,NULL,NULL,'en'),(1292,1290,1291,178,NULL,NULL,'en'),(1300,1290,1299,178,NULL,NULL,'en'),(1309,1290,1308,178,NULL,NULL,'en'),(1318,1290,1317,178,NULL,NULL,'en'),(1327,1290,1326,178,NULL,NULL,'en'),(1405,1402,1403,178,NULL,NULL,'en'),(1415,1402,1413,178,NULL,NULL,'en');
/*!40000 ALTER TABLE `relation` ENABLE KEYS */;
UNLOCK TABLES;

--
-- Table structure for table `relation_i18n`
--

DROP TABLE IF EXISTS `relation_i18n`;
/*!40101 SET @saved_cs_client     = @@character_set_client */;
/*!50503 SET character_set_client = utf8mb4 */;
CREATE TABLE `relation_i18n` (
  `description` text,
  `date` varchar(1024) DEFAULT NULL,
  `id` int NOT NULL,
  `culture` varchar(16) NOT NULL,
  PRIMARY KEY (`id`,`culture`),
  CONSTRAINT `relation_i18n_FK_1` FOREIGN KEY (`id`) REFERENCES `relation` (`id`) ON DELETE CASCADE
) ENGINE=InnoDB DEFAULT CHARSET=utf8mb4 COLLATE=utf8mb4_0900_ai_ci;
/*!40101 SET character_set_client = @saved_cs_client */;

--
-- Dumping data for table `relation_i18n`
--

LOCK TABLES `relation_i18n` WRITE;
/*!40000 ALTER TABLE `relation_i18n` DISABLE KEYS */;
INSERT INTO `relation_i18n` VALUES (NULL,NULL,430,'en'),(NULL,NULL,431,'en'),(NULL,NULL,432,'en'),(NULL,NULL,433,'en'),(NULL,NULL,434,'en'),(NULL,NULL,435,'en'),(NULL,NULL,436,'en'),(NULL,NULL,437,'en'),(NULL,NULL,438,'en'),(NULL,NULL,439,'en'),(NULL,NULL,440,'en'),(NULL,NULL,441,'en'),(NULL,NULL,442,'en'),(NULL,NULL,1039,'pt_BR'),(NULL,NULL,1051,'pt_BR'),(NULL,NULL,1104,'en'),(NULL,NULL,1115,'en'),(NULL,NULL,1144,'en'),(NULL,NULL,1156,'en'),(NULL,NULL,1164,'en'),(NULL,NULL,1173,'en'),(NULL,NULL,1182,'en'),(NULL,NULL,1191,'en'),(NULL,NULL,1224,'en'),(NULL,NULL,1235,'en'),(NULL,NULL,1292,'en'),(NULL,NULL,1300,'en'),(NULL,NULL,1309,'en'),(NULL,NULL,1318,'en'),(NULL,NULL,1327,'en'),(NULL,NULL,1405,'en'),(NULL,NULL,1415,'en');
/*!40000 ALTER TABLE `relation_i18n` ENABLE KEYS */;
UNLOCK TABLES;

--
-- Table structure for table `repository`
--

DROP TABLE IF EXISTS `repository`;
/*!40101 SET @saved_cs_client     = @@character_set_client */;
/*!50503 SET character_set_client = utf8mb4 */;
CREATE TABLE `repository` (
  `id` int NOT NULL,
  `identifier` varchar(1024) DEFAULT NULL,
  `desc_status_id` int DEFAULT NULL,
  `desc_detail_id` int DEFAULT NULL,
  `desc_identifier` varchar(1024) DEFAULT NULL,
  `upload_limit` float DEFAULT NULL,
  `source_culture` varchar(16) NOT NULL,
  PRIMARY KEY (`id`),
  KEY `repository_FI_2` (`desc_status_id`),
  KEY `repository_FI_3` (`desc_detail_id`),
  CONSTRAINT `repository_FK_1` FOREIGN KEY (`id`) REFERENCES `actor` (`id`) ON DELETE CASCADE,
  CONSTRAINT `repository_FK_2` FOREIGN KEY (`desc_status_id`) REFERENCES `term` (`id`) ON DELETE SET NULL,
  CONSTRAINT `repository_FK_3` FOREIGN KEY (`desc_detail_id`) REFERENCES `term` (`id`) ON DELETE SET NULL
) ENGINE=InnoDB DEFAULT CHARSET=utf8mb4 COLLATE=utf8mb4_0900_ai_ci;
/*!40101 SET character_set_client = @saved_cs_client */;

--
-- Dumping data for table `repository`
--

LOCK TABLES `repository` WRITE;
/*!40000 ALTER TABLE `repository` DISABLE KEYS */;
INSERT INTO `repository` VALUES (6,NULL,NULL,NULL,NULL,NULL,'en'),(517,'UAVMB',NULL,NULL,NULL,-1,'pt_BR');
/*!40000 ALTER TABLE `repository` ENABLE KEYS */;
UNLOCK TABLES;

--
-- Table structure for table `repository_i18n`
--

DROP TABLE IF EXISTS `repository_i18n`;
/*!40101 SET @saved_cs_client     = @@character_set_client */;
/*!50503 SET character_set_client = utf8mb4 */;
CREATE TABLE `repository_i18n` (
  `geocultural_context` text,
  `collecting_policies` text,
  `buildings` text,
  `holdings` text,
  `finding_aids` text,
  `opening_times` text,
  `access_conditions` text,
  `disabled_access` text,
  `research_services` text,
  `reproduction_services` text,
  `public_facilities` text,
  `desc_institution_identifier` varchar(1024) DEFAULT NULL,
  `desc_rules` text,
  `desc_sources` text,
  `desc_revision_history` text,
  `id` int NOT NULL,
  `culture` varchar(16) NOT NULL,
  PRIMARY KEY (`id`,`culture`),
  CONSTRAINT `repository_i18n_FK_1` FOREIGN KEY (`id`) REFERENCES `repository` (`id`) ON DELETE CASCADE
) ENGINE=InnoDB DEFAULT CHARSET=utf8mb4 COLLATE=utf8mb4_0900_ai_ci;
/*!40101 SET character_set_client = @saved_cs_client */;

--
-- Dumping data for table `repository_i18n`
--

LOCK TABLES `repository_i18n` WRITE;
/*!40000 ALTER TABLE `repository_i18n` DISABLE KEYS */;
INSERT INTO `repository_i18n` VALUES (NULL,NULL,NULL,NULL,NULL,NULL,NULL,NULL,NULL,NULL,NULL,NULL,NULL,NULL,NULL,6,'en'),(NULL,NULL,NULL,NULL,NULL,NULL,NULL,NULL,NULL,NULL,NULL,NULL,NULL,NULL,NULL,517,'pt_BR');
/*!40000 ALTER TABLE `repository_i18n` ENABLE KEYS */;
UNLOCK TABLES;

--
-- Table structure for table `rights`
--

DROP TABLE IF EXISTS `rights`;
/*!40101 SET @saved_cs_client     = @@character_set_client */;
/*!50503 SET character_set_client = utf8mb4 */;
CREATE TABLE `rights` (
  `id` int NOT NULL,
  `start_date` date DEFAULT NULL,
  `end_date` date DEFAULT NULL,
  `basis_id` int DEFAULT NULL,
  `rights_holder_id` int DEFAULT NULL,
  `copyright_status_id` int DEFAULT NULL,
  `copyright_status_date` date DEFAULT NULL,
  `copyright_jurisdiction` varchar(1024) DEFAULT NULL,
  `statute_determination_date` date DEFAULT NULL,
  `statute_citation_id` int DEFAULT NULL,
  `source_culture` varchar(16) NOT NULL,
  PRIMARY KEY (`id`),
  KEY `rights_FI_2` (`basis_id`),
  KEY `rights_FI_3` (`rights_holder_id`),
  KEY `rights_FI_4` (`copyright_status_id`),
  KEY `rights_FI_5` (`statute_citation_id`),
  CONSTRAINT `rights_FK_1` FOREIGN KEY (`id`) REFERENCES `object` (`id`) ON DELETE CASCADE,
  CONSTRAINT `rights_FK_2` FOREIGN KEY (`basis_id`) REFERENCES `term` (`id`) ON DELETE SET NULL,
  CONSTRAINT `rights_FK_3` FOREIGN KEY (`rights_holder_id`) REFERENCES `actor` (`id`) ON DELETE SET NULL,
  CONSTRAINT `rights_FK_4` FOREIGN KEY (`copyright_status_id`) REFERENCES `term` (`id`) ON DELETE SET NULL,
  CONSTRAINT `rights_FK_5` FOREIGN KEY (`statute_citation_id`) REFERENCES `term` (`id`) ON DELETE SET NULL
) ENGINE=InnoDB DEFAULT CHARSET=utf8mb4 COLLATE=utf8mb4_0900_ai_ci;
/*!40101 SET character_set_client = @saved_cs_client */;

--
-- Dumping data for table `rights`
--

LOCK TABLES `rights` WRITE;
/*!40000 ALTER TABLE `rights` DISABLE KEYS */;
/*!40000 ALTER TABLE `rights` ENABLE KEYS */;
UNLOCK TABLES;

--
-- Table structure for table `rights_holder`
--

DROP TABLE IF EXISTS `rights_holder`;
/*!40101 SET @saved_cs_client     = @@character_set_client */;
/*!50503 SET character_set_client = utf8mb4 */;
CREATE TABLE `rights_holder` (
  `id` int NOT NULL,
  PRIMARY KEY (`id`),
  CONSTRAINT `rights_holder_FK_1` FOREIGN KEY (`id`) REFERENCES `actor` (`id`) ON DELETE CASCADE
) ENGINE=InnoDB DEFAULT CHARSET=utf8mb4 COLLATE=utf8mb4_0900_ai_ci;
/*!40101 SET character_set_client = @saved_cs_client */;

--
-- Dumping data for table `rights_holder`
--

LOCK TABLES `rights_holder` WRITE;
/*!40000 ALTER TABLE `rights_holder` DISABLE KEYS */;
/*!40000 ALTER TABLE `rights_holder` ENABLE KEYS */;
UNLOCK TABLES;

--
-- Table structure for table `rights_i18n`
--

DROP TABLE IF EXISTS `rights_i18n`;
/*!40101 SET @saved_cs_client     = @@character_set_client */;
/*!50503 SET character_set_client = utf8mb4 */;
CREATE TABLE `rights_i18n` (
  `rights_note` text,
  `copyright_note` text,
  `identifier_value` text,
  `identifier_type` text,
  `identifier_role` text,
  `license_terms` text,
  `license_note` text,
  `statute_jurisdiction` text,
  `statute_note` text,
  `id` int NOT NULL,
  `culture` varchar(16) NOT NULL,
  PRIMARY KEY (`id`,`culture`),
  CONSTRAINT `rights_i18n_FK_1` FOREIGN KEY (`id`) REFERENCES `rights` (`id`) ON DELETE CASCADE
) ENGINE=InnoDB DEFAULT CHARSET=utf8mb4 COLLATE=utf8mb4_0900_ai_ci;
/*!40101 SET character_set_client = @saved_cs_client */;

--
-- Dumping data for table `rights_i18n`
--

LOCK TABLES `rights_i18n` WRITE;
/*!40000 ALTER TABLE `rights_i18n` DISABLE KEYS */;
/*!40000 ALTER TABLE `rights_i18n` ENABLE KEYS */;
UNLOCK TABLES;

--
-- Table structure for table `setting`
--

DROP TABLE IF EXISTS `setting`;
/*!40101 SET @saved_cs_client     = @@character_set_client */;
/*!50503 SET character_set_client = utf8mb4 */;
CREATE TABLE `setting` (
  `name` varchar(255) DEFAULT NULL,
  `scope` varchar(255) DEFAULT NULL,
  `editable` tinyint DEFAULT '0',
  `deleteable` tinyint DEFAULT '0',
  `source_culture` varchar(16) NOT NULL,
  `id` int NOT NULL AUTO_INCREMENT,
  `serial_number` int NOT NULL DEFAULT '0',
  PRIMARY KEY (`id`)
) ENGINE=InnoDB AUTO_INCREMENT=178 DEFAULT CHARSET=utf8mb4 COLLATE=utf8mb4_0900_ai_ci;
/*!40101 SET character_set_client = @saved_cs_client */;

--
-- Dumping data for table `setting`
--

LOCK TABLES `setting` WRITE;
/*!40000 ALTER TABLE `setting` DISABLE KEYS */;
INSERT INTO `setting` VALUES ('plugins',NULL,0,0,'en',1,0),('version',NULL,0,0,'en',2,0),('milestone',NULL,0,0,'en',3,0),('upload_dir',NULL,0,0,'en',4,0),('reference_image_maxwidth',NULL,1,0,'en',5,0),('hits_per_page',NULL,1,0,'en',6,0),('multi_repository',NULL,1,0,'en',7,0),('sort_treeview_informationobject',NULL,1,0,'en',8,0),('sort_browser_user',NULL,1,0,'en',9,0),('sort_browser_anonymous',NULL,1,0,'en',10,0),('defaultPubStatus',NULL,1,0,'en',11,0),('informationobject','default_template',1,0,'en',12,0),('actor','default_template',1,0,'en',13,0),('repository','default_template',1,0,'en',14,0),('informationobject','ui_label',1,0,'en',15,0),('actor','ui_label',1,0,'en',16,0),('creator','ui_label',1,0,'en',17,0),('repository','ui_label',1,0,'en',18,0),('function','ui_label',1,0,'en',19,0),('term','ui_label',1,0,'en',20,0),('subject','ui_label',1,0,'en',21,0),('collection','ui_label',1,0,'en',22,0),('holdings','ui_label',1,0,'en',23,0),('place','ui_label',1,0,'en',24,0),('name','ui_label',1,0,'en',25,0),('digitalobject','ui_label',1,0,'en',26,0),('physicalobject','ui_label',1,0,'en',27,0),('mediatype','ui_label',1,0,'en',28,0),('materialtype','ui_label',1,0,'en',29,0),('facetstitle','ui_label',1,0,'en',30,0),('genre','ui_label',1,0,'en',31,0),('globalSearch','ui_label',1,0,'en',32,0),('institutionSearchHoldings','ui_label',1,0,'en',33,0),('fullTreeviewCollapseOpenedButtonText','ui_label',1,0,'en',34,0),('fullTreeviewCollapseClosedButtonText','ui_label',1,0,'en',35,0),('authority_record_relationships','ui_label',1,0,'en',36,0),('en','i18n_languages',1,0,'en',37,0),('fr','i18n_languages',1,1,'en',38,0),('es','i18n_languages',1,1,'en',39,0),('nl','i18n_languages',1,1,'en',40,0),('pt','i18n_languages',1,1,'en',41,0),('oai_authentication_enabled','oai',1,0,'en',42,0),('oai_repository_code','oai',1,0,'en',43,0),('resumption_token_limit','oai',1,0,'en',44,0),('oai_admin_emails','oai',1,0,'en',45,0),('oai_additional_sets_enabled','oai',1,0,'en',46,0),('inherit_code_informationobject',NULL,1,0,'en',47,0),('toggleDescription',NULL,0,0,'en',48,0),('toggleLogo',NULL,0,0,'en',49,0),('toggleTitle',NULL,0,0,'en',50,0),('toggleIoSlider',NULL,0,0,'en',51,0),('toggleLanguageMenu',NULL,0,0,'en',52,0),('toggleCopyrightFilter',NULL,0,0,'en',53,0),('toggleMaterialFilter',NULL,0,0,'en',54,0),('check_for_updates',NULL,0,0,'en',55,0),('explode_multipage_files',NULL,0,0,'en',56,0),('show_tooltips',NULL,0,0,'en',57,0),('accession_mask',NULL,0,0,'en',58,0),('accession_counter',NULL,0,0,'en',59,0),('separator_character',NULL,0,0,'en',60,0),('repository_quota',NULL,1,0,'en',61,0),('sword_deposit_dir',NULL,0,0,'en',62,0),('enable_institutional_scoping',NULL,0,0,'en',63,0),('require_ssl_admin',NULL,0,0,'en',64,0),('require_strong_passwords',NULL,0,0,'en',65,0),('limit_admin_ip',NULL,0,0,'en',66,0),('privacy_notification_enabled',NULL,0,0,'en',67,0),('privacy_notification',NULL,1,0,'en',68,0),('isad_immediate_source','element_visibility',0,0,'en',69,0),('isad_appraisal_destruction','element_visibility',0,0,'en',70,0),('isad_notes','element_visibility',0,0,'en',71,0),('isad_physical_condition','element_visibility',0,0,'en',72,0),('isad_control_description_identifier','element_visibility',0,0,'en',73,0),('isad_control_institution_identifier','element_visibility',0,0,'en',74,0),('isad_control_rules_conventions','element_visibility',0,0,'en',75,0),('isad_control_status','element_visibility',0,0,'en',76,0),('isad_control_level_of_detail','element_visibility',0,0,'en',77,0),('isad_control_dates','element_visibility',0,0,'en',78,0),('isad_control_languages','element_visibility',0,0,'en',79,0),('isad_control_scripts','element_visibility',0,0,'en',80,0),('isad_control_sources','element_visibility',0,0,'en',81,0),('isad_control_archivists_notes','element_visibility',0,0,'en',82,0),('isad_archival_history','element_visibility',0,0,'en',83,0),('rad_general_notes','element_visibility',0,0,'en',84,0),('rad_conservation_notes','element_visibility',0,0,'en',85,0),('rad_rights_notes','element_visibility',0,0,'en',86,0),('rad_physical_condition','element_visibility',0,0,'en',87,0),('rad_immediate_source','element_visibility',0,0,'en',88,0),('rad_control_description_identifier','element_visibility',0,0,'en',89,0),('rad_control_institution_identifier','element_visibility',0,0,'en',90,0),('rad_control_rules_conventions','element_visibility',0,0,'en',91,0),('rad_control_status','element_visibility',0,0,'en',92,0),('rad_control_level_of_detail','element_visibility',0,0,'en',93,0),('rad_control_dates','element_visibility',0,0,'en',94,0),('rad_control_language','element_visibility',0,0,'en',95,0),('rad_control_script','element_visibility',0,0,'en',96,0),('rad_control_sources','element_visibility',0,0,'en',97,0),('rad_archival_history','element_visibility',0,0,'en',98,0),('digital_object_url','element_visibility',0,0,'en',99,0),('digital_object_file_name','element_visibility',0,0,'en',100,0),('digital_object_geolocation','element_visibility',0,0,'en',101,0),('digital_object_media_type','element_visibility',0,0,'en',102,0),('digital_object_mime_type','element_visibility',0,0,'en',103,0),('digital_object_file_size','element_visibility',0,0,'en',104,0),('digital_object_uploaded','element_visibility',0,0,'en',105,0),('physical_storage','element_visibility',0,0,'en',106,0),('rad_title_responsibility_area','element_visibility',0,0,'en',107,0),('rad_edition_area','element_visibility',0,0,'en',108,0),('rad_material_specific_details_area','element_visibility',0,0,'en',109,0),('rad_dates_of_creation_area','element_visibility',0,0,'en',110,0),('rad_physical_description_area','element_visibility',0,0,'en',111,0),('rad_publishers_series_area','element_visibility',0,0,'en',112,0),('rad_archival_description_area','element_visibility',0,0,'en',113,0),('rad_notes_area','element_visibility',0,0,'en',114,0),('rad_standard_number_area','element_visibility',0,0,'en',115,0),('rad_access_points_area','element_visibility',0,0,'en',116,0),('rad_description_control_area','element_visibility',0,0,'en',117,0),('isad_identity_area','element_visibility',0,0,'en',118,0),('isad_context_area','element_visibility',0,0,'en',119,0),('isad_content_and_structure_area','element_visibility',0,0,'en',120,0),('isad_conditions_of_access_use_area','element_visibility',0,0,'en',121,0),('isad_allied_materials_area','element_visibility',0,0,'en',122,0),('isad_notes_area','element_visibility',0,0,'en',123,0),('isad_access_points_area','element_visibility',0,0,'en',124,0),('isad_description_control_area','element_visibility',0,0,'en',125,0),('global_login_button','element_visibility',0,0,'en',126,0),('findingAidFormat',NULL,1,0,'en',127,0),('findingAidModel',NULL,1,0,'en',128,0),('publicFindingAid',NULL,1,0,'en',129,0),('premisAccessRight',NULL,0,0,'en',130,0),('default_repository_browse_view',NULL,0,0,'en',131,0),('default_archival_description_browse_view',NULL,0,0,'en',132,0),('digital_object_derivatives_pdf_page_number',NULL,0,0,'en',133,0),('treeview_type',NULL,1,0,'en',134,0),('stripExtensions',NULL,1,0,'en',135,0),('slug_basis_informationobject',NULL,0,0,'en',136,0),('permissive_slug_creation',NULL,1,0,'en',137,0),('generate_reports_as_pub_user',NULL,1,0,'en',138,0),('identifier_mask',NULL,1,0,'en',139,0),('identifier_counter',NULL,1,0,'en',140,0),('identifier_mask_enabled',NULL,1,0,'en',141,0),('menu_locking_info',NULL,0,0,'en',142,0),('dacs_physical_access','element_visibility',1,0,'en',143,0),('dacs_identity_area','element_visibility',1,0,'en',144,0),('dacs_content_area','element_visibility',1,0,'en',145,0),('dacs_conditions_of_access_area','element_visibility',1,0,'en',146,0),('dacs_acquisition_area','element_visibility',1,0,'en',147,0),('dacs_materials_area','element_visibility',1,0,'en',148,0),('dacs_notes_area','element_visibility',1,0,'en',149,0),('dacs_control_area','element_visibility',1,0,'en',150,0),('dacs_access_points_area','element_visibility',1,0,'en',151,0),('premisAccessRightValues',NULL,0,0,'en',152,0),('copyright_disallow','access_statement',0,0,'en',153,0),('copyright_conditional','access_statement',0,0,'en',154,0),('license_disallow','access_statement',0,0,'en',155,0),('license_conditional','access_statement',0,0,'en',156,0),('statute_disallow','access_statement',0,0,'en',157,0),('statute_conditional','access_statement',0,0,'en',158,0),('policy_disallow','access_statement',0,0,'en',159,0),('policy_conditional','access_statement',0,0,'en',160,0),('donor-3_disallow','access_statement',0,0,'en',161,0),('donor-3_conditional','access_statement',0,0,'en',162,0),('siteTitle',NULL,0,0,'en',163,0),('siteBaseUrl',NULL,0,0,'en',164,0),('siteDescription',NULL,0,0,'en',165,0),('pt_BR','i18n_languages',1,1,'en',166,0),('escape_queries',NULL,1,1,'en',167,0),('audit_log_enabled',NULL,0,0,'en',168,0),('draft_notification_enabled',NULL,0,0,'en',169,0),('google_maps_api_key',NULL,0,0,'en',170,0),('cache_xml_on_save',NULL,0,0,'en',171,0),('treeview_show_browse_hierarchy_page',NULL,0,0,'en',172,0),('treeview_allow_full_width_collapse',NULL,0,0,'en',173,0),('treeview_show_identifier',NULL,0,0,'en',174,0),('treeview_show_level_of_description',NULL,0,0,'en',175,0),('treeview_show_dates',NULL,0,0,'en',176,0),('treeview_full_items_per_page',NULL,0,0,'en',177,0);
/*!40000 ALTER TABLE `setting` ENABLE KEYS */;
UNLOCK TABLES;

--
-- Table structure for table `setting_i18n`
--

DROP TABLE IF EXISTS `setting_i18n`;
/*!40101 SET @saved_cs_client     = @@character_set_client */;
/*!50503 SET character_set_client = utf8mb4 */;
CREATE TABLE `setting_i18n` (
  `value` text,
  `id` int NOT NULL,
  `culture` varchar(16) NOT NULL,
  PRIMARY KEY (`id`,`culture`),
  CONSTRAINT `setting_i18n_FK_1` FOREIGN KEY (`id`) REFERENCES `setting` (`id`) ON DELETE CASCADE
) ENGINE=InnoDB DEFAULT CHARSET=utf8mb4 COLLATE=utf8mb4_0900_ai_ci;
/*!40101 SET character_set_client = @saved_cs_client */;

--
-- Dumping data for table `setting_i18n`
--

LOCK TABLES `setting_i18n` WRITE;
/*!40000 ALTER TABLE `setting_i18n` DISABLE KEYS */;
INSERT INTO `setting_i18n` VALUES ('a:15:{i:0;s:10:\"sfDcPlugin\";i:2;s:11:\"sfEacPlugin\";i:3;s:11:\"sfEadPlugin\";i:4;s:13:\"sfIsaarPlugin\";i:5;s:12:\"sfIsadPlugin\";i:6;s:12:\"arDacsPlugin\";i:7;s:12:\"sfIsdfPlugin\";i:8;s:14:\"sfIsdiahPlugin\";i:9;s:12:\"sfModsPlugin\";i:10;s:11:\"sfRadPlugin\";i:11;s:12:\"sfSkosPlugin\";i:12;s:13:\"qtSwordPlugin\";i:16;s:11:\"arOaiPlugin\";i:19;s:15:\"arRestApiPlugin\";i:29;s:16:\"arDominionPlugin\";}',1,'en'),('184',2,'en'),('2',3,'en'),('uploads',4,'en'),('480',5,'en'),('10',6,'en'),('1',7,'en'),('none',8,'en'),('lastUpdated',9,'en'),('alphabetic',10,'en'),('159',11,'en'),('isad',12,'en'),('isaar',13,'en'),('isdiah',14,'en'),('Descripci arxivstica',15,'ca'),('Descripci arxivstica',15,'ca@valencia'),('Archivn popisy',15,'cs'),('Disgrifiad archifol',15,'cy'),('Archivische Beschreibung',15,'de'),('Archivische Beschreibung',15,'de-CH'),(' ',15,'el'),('Archival description',15,'en'),('Descripcin archivstica',15,'es'),('Artxibo deskribapena',15,'eu'),('Description archivistique',15,'fr'),('Descricin arquivstica',15,'gl'),('Opis arhivskog gradiva',15,'hr'),('Iratlers',15,'hu'),('Deskripsi Arsip',15,'id'),('Lsandi samantekt',15,'is'),('Descrizione archivistica',15,'it'),('',15,'ja'),(' ',15,'ka'),(' ',15,'ko'),('Archivistische beschrijving',15,'nl'),('Opis archiwalny',15,'pl'),('Descrio arquivstica',15,'pt'),('Descrio arquivstica',15,'pt_BR'),('Descrio arquivstica',15,'pt-BR'),('Descriere arhiva',15,'ro'),(' ',15,'ru'),('Arhivski popis',15,'sl'),(' ',15,'sr'),('Arkivbeskrivning',15,'sv'),('',15,'th'),('Arxiv tavsifi',15,'uz'),('M t lu tr',15,'vi'),('',15,'zh'),('Registre d\'autoritat',16,'ca'),('Registre d\'autoritat',16,'ca@valencia'),('Cofnod awdurdod',16,'cy'),('Normdatei',16,'de'),('Normdatei',16,'de-CH'),(' ',16,'el'),('Authority record',16,'en'),('Registro de autoridad',16,'es'),('Autoretza erregistroa',16,'eu'),('Notice d\'autorit',16,'fr'),('Rexistro de autoridade',16,'gl'),('Normirani zapis',16,'hr'),('Iratkpz',16,'hu'),('Pencipta Arsip',16,'id'),('Nafnspjald',16,'is'),('Record d\'autorit',16,'it'),('',16,'ja'),(' ',16,'ka'),('',16,'ko'),('Geauthoriseerde beschrijving',16,'nl'),('Haso wzorcowe',16,'pl'),('Registo de autoridade',16,'pt'),('Registro de autoridade',16,'pt_BR'),('Registro de autoridade',16,'pt-BR'),('Zapis o ustvarjalcu',16,'sl'),(' ',16,'sr'),('Auktoritetspost',16,'sv'),('',16,'th'),('Avtoritet yozuv',16,'uz'),('Authority record',16,'vi'),('',16,'zh'),('',17,'ar'),('Productor',17,'ca'),('Productor',17,'ca@valencia'),('Crwr',17,'cy'),('Urheber/Bestandsbildner',17,'de'),('Urheber/Bestandsbildner',17,'de_AT'),('Urheber/Bestandsbildner',17,'de_CH'),('Urheber/Bestandsbildner',17,'de-AT'),('Urheber/Bestandsbildner',17,'de-CH'),('',17,'el'),('Creator',17,'en'),('Creador',17,'es'),('Sortzailea',17,'eu'),('Producteur',17,'fr'),('Creador',17,'gl'),('Stvaratelj',17,'hr'),('Iratkpz',17,'hu'),('Pencipta',17,'id'),('Skjalamyndari',17,'is'),('Soggetto produttore',17,'it'),('',17,'ja'),('',17,'ka'),('',17,'ko'),('Archiefvormer',17,'nl'),('Twrca',17,'pl'),('Produtor',17,'pt'),('Produtor',17,'pt_BR'),('Produtor',17,'pt-BR'),('',17,'ru'),('',17,'ru_RU'),('Ustvaril',17,'sl'),('  ',17,'sr'),('Arkivbildare',17,'sv'),('',17,'ta'),('',17,'th'),('Yaratc',17,'tr'),('ngi sng to',17,'vi'),('',17,'zh'),('Instituci arxivstica',18,'ca'),('Instituci arxivstica',18,'ca@valencia'),('Sefydliad archifol',18,'cy'),('Archiv',18,'de'),('Archiv',18,'de-CH'),(' ',18,'el'),('Archival institution',18,'en'),('Institucin archivstica',18,'es'),('Artxibo erakundea',18,'eu'),('',18,'fa'),('Service d\'archives',18,'fr'),('Institucin arquivstica',18,'gl'),('Arhivska ustanova',18,'hr'),('Levltr',18,'hu'),('Institusi Arsip',18,'id'),('Vrslustofnun',18,'is'),('Istituzione archivistica',18,'it'),('',18,'ja'),(' ',18,'ka'),('',18,'ko'),('Archiefinstelling',18,'nl'),('Instytucja archiwalna',18,'pl'),('Instituio de arquivo',18,'pt'),('Instituio arquivstica',18,'pt_BR'),('Entidade custodiadora',18,'pt-BR'),(' ',18,'ru'),('Arhivska ustanova',18,'sl'),(' ',18,'sr'),('Arkivinstitution',18,'sv'),('',18,'th'),('Arxiv muassasasi',18,'uz'),('T chc lu tr',18,'vi'),('',18,'zh'),('Funci',19,'ca'),('Funci',19,'ca@valencia'),('Ffwythiant',19,'cy'),('Funktion',19,'de'),('Funktion',19,'de-CH'),('',19,'el'),('Function',19,'en'),('Funcin',19,'es'),('Funtzioa',19,'eu'),('Fonction',19,'fr'),('Funcin',19,'gl'),('Funkcija',19,'hr'),('Funkci',19,'hu'),('Fungsi',19,'id'),('Virkni',19,'is'),('Funzione',19,'it'),('',19,'ja'),('',19,'ka'),('',19,'ko'),('Functie',19,'nl'),('Funkcja',19,'pl'),('Funo',19,'pt'),('Funo',19,'pt_BR'),('Funo',19,'pt-BR'),('Functia',19,'ro'),('Funkcija',19,'sl'),('',19,'sr'),('Funktion',19,'sv'),('',19,'th'),('Cc chc nng',19,'vi'),('',19,'zh'),('Terme',20,'ca'),('Terme',20,'ca@valencia'),('Term',20,'cy'),('Begriff',20,'de'),('Begriff',20,'de-CH'),('',20,'el'),('Term',20,'en'),('Trmino',20,'es'),('Terminoa',20,'eu'),('Terme',20,'fr'),('Termo',20,'gl'),('Pojam',20,'hr'),('Kifejezs',20,'hu'),('Istilah',20,'id'),('Termine',20,'it'),('',20,'ja'),('',20,'ka'),('',20,'ko'),('Term',20,'nl'),('Termin',20,'pl'),('Termo',20,'pt'),('Termo',20,'pt_BR'),('Termo',20,'pt-BR'),('Izraz',20,'sl'),('',20,'sr'),('Term',20,'sv'),('',20,'th'),('Atama',20,'uz'),('Han',20,'vi'),('',20,'zh'),('',21,'ar'),('Matria',21,'ca'),('Matria',21,'ca@valencia'),('Pwnc',21,'cy'),('Gegenstand',21,'de'),('Gegenstand',21,'de_AT'),('Gegenstand',21,'de_CH'),('Gegenstand',21,'de-AT'),('Gegenstand',21,'de-CH'),('',21,'el'),('Subject',21,'en'),('Materia',21,'es'),('Gaia',21,'eu'),('Sujet',21,'fr'),('Tema',21,'gl'),('Predmet',21,'hr'),('Trgy',21,'hu'),('Subjek',21,'id'),('Vifangsefni',21,'is'),('Soggetto',21,'it'),('',21,'ja'),(' (, , )',21,'ka'),('',21,'ko'),('Onderwerp',21,'nl'),('Temat',21,'pl'),('Assunto',21,'pt'),('Assunto',21,'pt_BR'),('Assunto',21,'pt-BR'),('',21,'ru'),('',21,'ru_RU'),('Tematika',21,'sl'),('',21,'sr'),('mne',21,'sv'),('',21,'ta'),('',21,'th'),('Mavzu',21,'uz'),('Tng',21,'vi'),('',21,'zh'),('Fons',22,'ca'),('Fons',22,'ca@valencia'),('Fonds',22,'cy'),('Fonds',22,'de'),('Fonds',22,'de-CH'),('',22,'el'),('Fonds',22,'en'),('Fondo',22,'es'),('Fondoak',22,'eu'),('Fonds',22,'fr'),('Fondos',22,'gl'),('Fondovi',22,'hr'),('Fond',22,'hu'),('Fonds',22,'id'),('Safn',22,'is'),('Fondo',22,'it'),('',22,'ja'),('',22,'ka'),('',22,'ko'),('Archief',22,'nl'),('Zespoy',22,'pl'),('Arquivo',22,'pt'),('Fundos',22,'pt_BR'),('Fundos',22,'pt-BR'),('Fonduri',22,'ro'),('',22,'ru'),('Fondi',22,'sl'),('',22,'sr'),('Arkiv',22,'sv'),('',22,'th'),('Cc phng',22,'vi'),('',22,'zh'),('',23,'ar'),('Fons',23,'ca'),('Fons',23,'ca@valencia'),('Daliadau',23,'cy'),('Bestnde',23,'de'),('Bestnde',23,'de_AT'),('Bestnde',23,'de_CH'),('Bestnde',23,'de-AT'),('Bestnde',23,'de-CH'),('Holdings',23,'en'),('Fondos',23,'es'),('Inbertsioak',23,'eu'),('',23,'fa'),('Fonds',23,'fr'),('Fondos',23,'gl'),('Graa',23,'hr'),('llomny',23,'hu'),('Khazanah',23,'id'),('Skjalamagn',23,'is'),('Patrimoni',23,'it'),('',23,'ja'),('',23,'ka'),('',23,'ko'),('Bestanden',23,'nl'),('Zasoby posiadane',23,'pl'),('Acervos documentais',23,'pt'),('Acervo',23,'pt_BR'),('Acervo',23,'pt-BR'),('Arhivsko gradivo',23,'sl'),('',23,'sr'),('Bestnd',23,'sv'),('',23,'ta'),('',23,'th'),('Ngn v',23,'vi'),('',23,'zh'),('',24,'ar'),('Lloc',24,'ca'),('Lloc',24,'ca@valencia'),('Lle',24,'cy'),('Ort',24,'de'),('Ort',24,'de_AT'),('Ort',24,'de_CH'),('Ort',24,'de-AT'),('Ort',24,'de-CH'),('',24,'el'),('Place',24,'en'),('Lugar',24,'es'),('Lekua',24,'eu'),('',24,'fa'),('Lieu',24,'fr'),('Lugar',24,'gl'),('Mjesto',24,'hr'),('Hely',24,'hu'),('Tempat',24,'id'),('Staur',24,'is'),('Luogo',24,'it'),('',24,'ja'),('',24,'ka'),('',24,'ko'),('Plaats',24,'nl'),('Miejsce',24,'pl'),('Local',24,'pt'),('Local',24,'pt_BR'),('Local',24,'pt-BR'),('',24,'ru'),('',24,'ru_RU'),('Kraj',24,'sl'),('',24,'sr'),('Plats',24,'sv'),('',24,'ta'),('',24,'th'),('Mekan',24,'tr'),('Joy',24,'uz'),('a im',24,'vi'),('',24,'zh'),('',25,'ar'),('Nom',25,'ca'),('Nom',25,'ca@valencia'),('Enw',25,'cy'),('Name',25,'de'),('Name',25,'de_AT'),('Name',25,'de_CH'),('Name',25,'de-AT'),('Name',25,'de-CH'),('',25,'el'),('Name',25,'en'),('Nombre',25,'es'),('Izena',25,'eu'),('',25,'fa'),('Nom',25,'fr'),('Nome',25,'gl'),('Ime',25,'hr'),('Nv',25,'hu'),('Nama',25,'id'),('Nafn',25,'is'),('Nome',25,'it'),('',25,'ja'),('',25,'ka'),('',25,'ko'),('Naam',25,'nl'),('Nazwa',25,'pl'),('Nome',25,'pt'),('Nome',25,'pt_BR'),('Nome',25,'pt-BR'),('Nume',25,'ro'),('',25,'ru'),('',25,'ru_RU'),('Ime',25,'sl'),('/',25,'sr'),('Namn',25,'sv'),('',25,'ta'),('',25,'th'),('Nomi',25,'uz'),('Tn',25,'vi'),('',25,'zh'),('Objecte digital',26,'ca'),('Objecte digital',26,'ca@valencia'),('Gwrthrych digidol',26,'cy'),('Digitales Objekt',26,'de'),('Digitales Objekt',26,'de-CH'),(' ',26,'el'),('Digital object',26,'en'),('Objeto digital',26,'es'),('Objektu digitala',26,'eu'),('Document numrique',26,'fr'),('Obxecto dixital',26,'gl'),('Digitalni objekt',26,'hr'),('Digitlis objektum',26,'hu'),('Objek Digital',26,'id'),('Stafrn eining',26,'is'),('Oggetto digitale',26,'it'),('',26,'ja'),(' ',26,'ka'),('',26,'ko'),('Digitaal object',26,'nl'),('Obiekt cyfrowy',26,'pl'),('Objeto digital',26,'pt'),('Objeto digital',26,'pt_BR'),('Objeto digital',26,'pt-BR'),(' ',26,'ru'),('Digitalni objekt',26,'sl'),(' ',26,'sr'),('Digitalt objekt',26,'sv'),('',26,'th'),('Raqamli resurs',26,'uz'),('Digital object',26,'vi'),('',26,'zh'),(' ',27,'ar'),('Unitat d\'installaci',27,'ca'),('Unitat de magatzematge',27,'ca@valencia'),('Storfa ffisegol',27,'cy'),('Aufbewahrung',27,'de'),('Aufbewahrung',27,'de_AT'),('Standort',27,'de_CH'),('Aufbewahrung',27,'de-AT'),('Standort',27,'de-CH'),(' ',27,'el'),('Physical storage',27,'en'),('Unidad de almacenaje',27,'es'),('Biltegi fisikoa',27,'eu'),('Localisation physique',27,'fr'),('Almacenamento fsico',27,'gl'),('Fiziko spremite',27,'hr'),('Troleszkz',27,'hu'),('Penyimpanan Fisik',27,'id'),('Deposito',27,'it'),('',27,'ja'),(' ',27,'ka'),(' ',27,'ko'),('Fysieke opslag',27,'nl'),('Fizyczne miejsce przechowywania',27,'pl'),('Depsito fsico',27,'pt'),('Depsito fsico',27,'pt_BR'),('Depsito fsico',27,'pt-BR'),('Fizina hramba',27,'sl'),('',27,'sr'),('Fysisk frvaringsplats',27,'sv'),(' ',27,'ta'),('',27,'th'),('Fizik saqlov',27,'uz'),('vt l',27,'vi'),('',27,'zh'),(' ',28,'ar'),('Tipus de suport',28,'ca'),('Tipus de suport',28,'ca@valencia'),('Math o gyfrwng',28,'cy'),('Medienart',28,'de'),('Medienart',28,'de_AT'),('Medienart',28,'de_CH'),('Medienart',28,'de-AT'),('Medienart',28,'de-CH'),(' ',28,'el'),('Media type',28,'en'),('Tipo de soporte',28,'es'),('Medio Mota',28,'eu'),(' ',28,'fa'),('Type de support',28,'fr'),('Tipo de medio',28,'gl'),('Vrsta medija',28,'hr'),('Mdia tpus',28,'hu'),('Jenis media',28,'id'),('Ger mila',28,'is'),('Tipo di supporto',28,'it'),('',28,'ja'),(' ',28,'ka'),(' ',28,'ko'),('mediatype',28,'nl'),('Typ medium',28,'pl'),('Tipo de suporte',28,'pt'),('Tipo de mdia',28,'pt_BR'),('Tipo de mdia',28,'pt-BR'),('Tipul media',28,'ro'),(' ',28,'ru'),(' ',28,'ru_RU'),('Vrsta medija',28,'sl'),(' ',28,'sr'),('Mediatyp',28,'sv'),(' ',28,'ta'),('',28,'th'),('Resurs turi',28,'uz'),('Loi truyn thng',28,'vi'),('',28,'zh'),('Tipus de material',29,'ca'),('Tipus de material',29,'ca@valencia'),('Math o ddeunydd',29,'cy'),('Materialart',29,'de'),('Materialart',29,'de-CH'),(' ',29,'el'),('Material type',29,'en'),('Tipo de material',29,'es'),('Material mota',29,'eu'),('Type de document',29,'fr'),('Tipo de material',29,'gl'),('Vrsta gradiva',29,'hr'),('Anyag tpus',29,'hu'),('Jenis bahan arsip',29,'id'),('Efnisform',29,'is'),('Tipo di materiale',29,'it'),('',29,'ja'),(' ',29,'ka'),(' ',29,'ko'),('Soort materiaal',29,'nl'),('Typ materiau',29,'pl'),('Tipo de material',29,'pt'),('Tipo de material',29,'pt_BR'),('Tipo de material',29,'pt-BR'),(' ',29,'ru'),('Vrsta gradiva',29,'sl'),(' ',29,'sr'),('Materialtyp',29,'sv'),('',29,'th'),('Material turi',29,'uz'),('Loi ti liu',29,'vi'),('',29,'zh'),('Filtreu els resultats per:',30,'ca'),('Restringir resultats per:',30,'ca@valencia'),('Cyfyngwch eich canlyniadau yn l:',30,'cy'),('Grenzen Sie Ihre Trefferzahl ein durch:',30,'de'),('Grenzen Sie Ihre Trefferzahl ein durch:',30,'de-CH'),('  ',30,'el'),('Narrow your results by:',30,'en'),('Restringir resultados por:',30,'es'),('Murriztu zure emaitzak:',30,'eu'),('Affiner les rsultats par :',30,'fr'),('Refinar os resultados por:',30,'gl'),('Ogranii rezultate za:',30,'hr'),('Tallatok szktse:',30,'hu'),('Hasil filter berdasarkan:',30,'id'),('rengja niurstur:',30,'is'),('Restringi i risultati per:',30,'it'),('',30,'ja'),('     .:',30,'ko'),('Limite os seus resultados por:',30,'pt'),('Limite seus resultados por:',30,'pt_BR'),('Limite seus resultados por:',30,'pt-BR'),('Omejite rezultate:',30,'sl'),('  :',30,'sr'),('Avgrnsa skresultatet:',30,'sv'),('Natijalarni saralash:',30,'uz'),('Thu hp kt qu ca bn bng cch',30,'vi'),(' ',30,'zh'),('Genre',31,'cy'),('Genre',31,'de'),('Genre',31,'de-CH'),('Genre',31,'en'),('Tipo',31,'es'),('Genre',31,'fr'),('Xnero',31,'gl'),('anr',31,'hr'),('Mfaj',31,'hu'),('Genre',31,'id'),('Genere',31,'it'),('',31,'ja'),('Gnero',31,'pt'),('Gnero',31,'pt_BR'),('Gnero',31,'pt-BR'),('',31,'ru'),('Zvrst',31,'sl'),('',31,'sr'),('Handlingstyp',31,'sv'),('Tr',31,'tr'),('',31,'zh'),('',32,'ar'),('Cerca',32,'ca'),('Cercar',32,'ca@valencia'),('Hledat',32,'cs'),('Chwilio',32,'cy'),('Suche',32,'de'),('Suche',32,'de_AT'),('Suche',32,'de_CH'),('Suche',32,'de-AT'),('Suche',32,'de-CH'),('',32,'el'),('Search',32,'en'),('Bsqueda',32,'es'),('Bilatu',32,'eu'),('',32,'fa'),('Rechercher',32,'fr'),('Bsqueda',32,'gl'),('Trai',32,'hr'),('Keress',32,'hu'),('Pencarian',32,'id'),('Leit',32,'is'),('Cerca',32,'it'),('',32,'ja'),('',32,'ka'),('',32,'ko'),('zoeken',32,'nl'),('Szukaj',32,'pl'),('Pesquisar',32,'pt'),('Pesquisar',32,'pt_BR'),('Pesquisar',32,'pt-BR'),('Cautati',32,'ro'),('',32,'ru'),('',32,'ru_RU'),('Ii',32,'sl'),('',32,'sr'),('Sk',32,'sv'),('',32,'ta'),('',32,'th'),('Qidiruv',32,'uz'),('Tm kim',32,'vi'),('',32,'zh'),('Chwiliwch ein casgliad',33,'cy'),('Durchsuche: unsere Sammlungen',33,'de'),('Unsere Bestnde durchsuchen',33,'de-CH'),('Search our collection',33,'en'),('Chercher dans nos collections',33,'fr'),('Trai nau zbirku',33,'hr'),('Keress a gyjtemnynkben',33,'hu'),('Telusuri khazanah arsip kami',33,'id'),('Cerca la',33,'it'),('Pesquise na nossa coleco',33,'pt'),('Pesquise nossa coleo',33,'pt_BR'),('Busque nossa coleo',33,'pt-BR'),('  ',33,'sr'),('Sk i vr samling',33,'sv'),('Cuddio\'r hierarchaeth',34,'cy'),('Hide hierarchy',34,'en'),('Cacher la hirarchie',34,'fr'),('Sakrij hijerarhiju',34,'hr'),('Ocultar hierarquia',34,'pt'),('Ocultar hierarquia',34,'pt_BR'),('Dangos hierarchaeth',35,'cy'),('Show hierarchy',35,'en'),('Prikai hijerarhiju',35,'hr'),('Mostrar hierarquia',35,'pt'),('Mostrar hierarquia',35,'pt_BR'),('Cysylltiadau cofnod awdurdod',36,'cy'),('Authority record relationships',36,'en'),('Notice d\'autorit - relations',36,'fr'),('Veze normiranog zapisa',36,'hr'),('Relacionamentos de registro de autoridade',36,'pt'),('Relacionamentos de registro de autoridade',36,'pt_BR'),('en',37,'en'),('fr',38,'en'),('es',39,'en'),('nl',40,'en'),('pt',41,'en'),('0',42,'en'),('',43,'en'),('100',44,'en'),('',45,'en'),('0',46,'en'),('1',47,'en'),('1',48,'en'),('1',49,'en'),('0',50,'en'),('1',51,'en'),('1',52,'en'),('1',53,'en'),('1',54,'en'),('0',55,'en'),('0',56,'en'),('1',57,'en'),('%Y-%m-%d/#i',58,'en'),('0',59,'en'),('-',60,'en'),('-1',61,'en'),('/mnt/atomdip',62,'en'),('0',63,'en'),('0',64,'en'),('0',65,'en'),('',66,'en'),('0',67,'en'),('This website uses cookies to enhance your ability to browse and load content. [More Info.](/privacy)',68,'en'),('1',69,'en'),('1',70,'en'),('1',71,'en'),('1',72,'en'),('1',73,'en'),('1',74,'en'),('1',75,'en'),('1',76,'en'),('1',77,'en'),('1',78,'en'),('1',79,'en'),('1',80,'en'),('1',81,'en'),('1',82,'en'),('1',83,'en'),('1',84,'en'),('1',85,'en'),('1',86,'en'),('1',87,'en'),('1',88,'en'),('1',89,'en'),('1',90,'en'),('1',91,'en'),('1',92,'en'),('1',93,'en'),('1',94,'en'),('1',95,'en'),('1',96,'en'),('1',97,'en'),('1',98,'en'),('1',99,'en'),('1',100,'en'),('1',101,'en'),('1',102,'en'),('1',103,'en'),('1',104,'en'),('1',105,'en'),('1',106,'en'),('1',107,'en'),('1',108,'en'),('1',109,'en'),('1',110,'en'),('1',111,'en'),('1',112,'en'),('1',113,'en'),('1',114,'en'),('1',115,'en'),('1',116,'en'),('1',117,'en'),('1',118,'en'),('1',119,'en'),('1',120,'en'),('1',121,'en'),('1',122,'en'),('1',123,'en'),('1',124,'en'),('1',125,'en'),('1',126,'en'),('pdf',127,'en'),('inventory-summary',128,'en'),('1',129,'en'),('disseminate',130,'en'),('card',131,'en'),('table',132,'en'),('1',133,'en'),('fullWidth',134,'en'),('0',135,'en'),('0',136,'en'),('0',137,'en'),('0',138,'en'),('%Y-%m-%d/#i',139,'en'),('0',140,'en'),('0',141,'en'),('a:2:{s:6:\"byName\";a:16:{i:0;s:10:\"accessions\";i:1;s:17:\"browseInstitution\";i:2;s:9:\"clipboard\";i:3;s:13:\"globalReplace\";i:4;s:6:\"groups\";i:5;s:10:\"importSkos\";i:6;s:4:\"jobs\";i:7;s:5:\"login\";i:8;s:6:\"logout\";i:9;s:9:\"myProfile\";i:10;s:7:\"plugins\";i:11;s:7:\"privacy\";i:12;s:8:\"settings\";i:13;s:15:\"staticPagesMenu\";i:14;s:10:\"taxonomies\";i:15;s:5:\"users\";}s:4:\"byId\";a:8:{i:0;i:1;i:1;i:4;i:2;i:7;i:3;i:2;i:4;i:10;i:5;i:3;i:6;i:5;i:7;i:9;}}',142,'en'),('1',143,'en'),('1',144,'en'),('1',145,'en'),('1',146,'en'),('1',147,'en'),('1',148,'en'),('1',149,'en'),('1',150,'en'),('1',151,'en'),('a:5:{s:9:\"copyright\";a:9:{s:12:\"allow_master\";i:1;s:15:\"allow_reference\";i:1;s:11:\"allow_thumb\";i:1;s:18:\"conditional_master\";i:0;s:21:\"conditional_reference\";i:1;s:17:\"conditional_thumb\";i:1;s:15:\"disallow_master\";i:0;s:18:\"disallow_reference\";i:0;s:14:\"disallow_thumb\";i:0;}s:7:\"license\";a:9:{s:12:\"allow_master\";i:1;s:15:\"allow_reference\";i:1;s:11:\"allow_thumb\";i:1;s:18:\"conditional_master\";i:0;s:21:\"conditional_reference\";i:1;s:17:\"conditional_thumb\";i:1;s:15:\"disallow_master\";i:0;s:18:\"disallow_reference\";i:0;s:14:\"disallow_thumb\";i:0;}s:7:\"statute\";a:9:{s:12:\"allow_master\";i:1;s:15:\"allow_reference\";i:1;s:11:\"allow_thumb\";i:1;s:18:\"conditional_master\";i:0;s:21:\"conditional_reference\";i:1;s:17:\"conditional_thumb\";i:1;s:15:\"disallow_master\";i:0;s:18:\"disallow_reference\";i:0;s:14:\"disallow_thumb\";i:0;}s:6:\"policy\";a:9:{s:12:\"allow_master\";i:1;s:15:\"allow_reference\";i:1;s:11:\"allow_thumb\";i:1;s:18:\"conditional_master\";i:0;s:21:\"conditional_reference\";i:1;s:17:\"conditional_thumb\";i:1;s:15:\"disallow_master\";i:0;s:18:\"disallow_reference\";i:0;s:14:\"disallow_thumb\";i:0;}s:7:\"donor-3\";a:9:{s:12:\"allow_master\";i:1;s:15:\"allow_reference\";i:1;s:11:\"allow_thumb\";i:1;s:18:\"conditional_master\";i:0;s:21:\"conditional_reference\";i:1;s:17:\"conditional_thumb\";i:1;s:15:\"disallow_master\";i:0;s:18:\"disallow_reference\";i:0;s:14:\"disallow_thumb\";i:0;}}',152,'en'),('Mae mynediad i\'r cofnod hwn yn cael ei gyfyngu gan ei fod yn cynnwys gwybodaeth bersonol neu gyfrinachol. Cysylltwch \'r Archifydd Cyfeiriol i gael mwy o wybodaeth am gael mynediad at y cofnod hwn.',153,'cy'),('Der Zugang zu diesen Unterlagen ist beschrnkt, da sie personenbezogene oder vertrauliche Informationen enthalten. Bitte nehmen Sie Kontakt mit dem zustndigen Archivar auf, um mehr Informationen ber die Nutzung dieser Unterlagen zu erhalten.',153,'de'),('Der Zugang zu diesen Unterlagen ist beschrnkt, da sie personenbezogene oder vertrauliche Informationen enthalten. Bitte nehmen Sie Kontakt mit dem zustndigen Archivar auf, um mehr Informationen ber die Nutzung dieser Unterlagen zu erhalten.',153,'de_AT'),('Der Zugang zu diesen Unterlagen ist beschrnkt, da sie personenbezogene oder vertrauliche Informationen enthalten. Bitte nehmen Sie Kontakt mit dem zustndigen Archivar auf, um mehr Informationen ber die Nutzung dieser Unterlagen zu erhalten.',153,'de_CH'),('Access to this record is restricted because it contains personal or confidential information. Please contact the Reference Archivist for more information on accessing this record.',153,'en'),('El acceso a este registro est restringido, ya que contiene informacin personal o confidencial. Por favor, pngase en contacto con el Archivero de referencia para obtener ms informacin sobre cmo acceder a este registro.',153,'es'),('L\'accs  ce dossier est limit car il contient des informations personnelles ou confidentielles. S\'il vous plat, communiquer avec l\'archiviste pour plus d\'informations sur l\'accs  ce dossier.',153,'fr'),('Pristup ovom zapisu je ogranien, jer sadri osobne ili povjerljive podatke. Kontaktiraj arhivara za daljnje informacije o pristupu ovom zapisu.',153,'hr'),('Nincsen hozzfrse ehhez a dokumentumhoz mert szemlyes vagy bizalmas informcit tartalmaz. Az dokumentumhoz val hozzfrssel kapcsolatban krjk, lpjen kapcsolatba az ajnlott levltrossal!',153,'hu'),('Akses ke arsip ini dibatasi karena arsip tersebut mengandung informasi pribadi atau rahasia. Silahkan menghubungi Arsiparis di Layanan untuk mendapatkan informasi lebih lanjut untuk mengakses arsip ini.',153,'id'),('L\'accesso a questo record  limitato, perch contiene informazioni personali o confidenziali. Si prega di contattare l\'archivista per maggiori informazioni relative all\'accesso a questo record.',153,'it'),('',153,'ja'),('          .      .',153,'ko'),('O acesso a este registo  restrito porque contem informao pessoal ou confidencial. Por favor contacte o Arquivista responsvel para mais informao.',153,'pt'),('O acesso a este registo  restrito porque contem informao pessoal ou confidencial. Por favor contacte o Arquivista responsvel para mais informao.',153,'pt_BR'),('Dostop do dokumentacije je omejen, ker vsebuje osebne ali zaupne informacije. Prosimo, obrnite se na arhivarja in pridobite ve informacij o dostopu.',153,'sl'),('          .        .',153,'sr'),('tkomst till handlingen r begrnsad drfr att den innehller knslig information. Var god kontakta jourhavande arkivarie fr mer information om tkomst till handlingen.',153,'sv'),('Hujjatdan ko`rish ta\'qiqlangan, chunki shaxsiy yoki maxfiy bo`lishi mumkin. Arxiv ma\'lumotnoma xizmatiga murojaat qiling.',153,'uz'),(', . , .',153,'zh'),('Nid yw\'r cofnod wedi cael ei adolygu am wybodaeth bersonol neu gyfrinachol eto. Cysylltwch \'r Archifydd Cyfeiriol i ofyn am fynediad a chychwyn adolygiad mynediad.',154,'cy'),('This record has not yet been reviewed for personal or confidential information. Please contact the Reference Archivist to request access and initiate an access review.',154,'en'),('Este registro an no ha sido revisado por su informacin personal o confidencial. Por favor, pngase en contacto con el Archivero para solicitar el acceso e iniciar una revisin de acceso.',154,'es'),('Cet enregistrement n\'a pas encore fait l\'objet d\'une vrification pour les informations personnelles ou confidentielles. S\'il vous plat communiquer avec l\'archiviste de rfrence pour demander l\'accs et procder  une vrification.',154,'fr'),('Ovaj zapis jo nije pregledan zbog osobnih ili povjerljivih podataka. Kontaktiraj arhivare za postavljanje zahtjeva za pristup zapisu i pokretanje ispitivanja uvjeta pristupa.',154,'hr'),('Ez az irat mg nem volt fellvizsglva szemlyes vagy bizalmas informcik szempontjbl. Lpjen kapcsolatba az ajnlott levltrossal, hogy hozzfrst krjen s elinduljon a hozzfrsi vizsglat.',154,'hu'),('Questo record non  stato riesaminato in relazione alle informazioni personali o confidenziali. Si prega di contattare l\'archivista per richiedere l\'accesso ed avviare un esame delle condizioni d\'accesso.',154,'it'),('Este registo ainda no foi revisto para obter informaes pessoais ou confidenciais. Por favor contacte o Arquivista em referncia para solicitar o acesso e comear uma reviso de acesso.',154,'pt'),('Este registo ainda no foi revisto para obter informaes pessoais ou confidenciais. Por favor contacte o Arquivista em referncia para solicitar o acesso e comear uma reviso de acesso.',154,'pt_BR'),('Ni e ugotovljeno, ali zapis vsebuje osebne ali zaupne podatke. Prosimo, obrnite se na arhivarja in zaprosite za dostop ali dajte pobudo za preverbo dostopa.',154,'sl'),('         .  ,           .',154,'sr'),('Denna handling har inte blivit granskad ang. personuppgifter eller hemlig information. Var god kontakta jourhavande arkivarie fr att be om tillgng och pbrja en tkomstgranskning.',154,'sv'),('. , .',154,'zh'),('Mae mynediad i\'r cofnod hwn yn cael ei gyfyngu gan ei fod yn cynnwys gwybodaeth bersonol neu gyfrinachol. Cysylltwch \'r Archifydd Cyfeiriol i gael mwy o wybodaeth am gael mynediad at y cofnod hwn.',155,'cy'),('Der Zugang zu diesen Unterlagen ist beschrnkt, da sie personenbezogene oder vertrauliche Informationen enthalten. Bitte nehmen Sie Kontakt mit dem zustndigen Archivar auf, um mehr Informationen ber die Nutzung dieser Unterlagen zu erhalten.',155,'de'),('Der Zugang zu diesen Unterlagen ist beschrnkt, da sie personenbezogene oder vertrauliche Informationen enthalten. Bitte nehmen Sie Kontakt mit dem zustndigen Archivar auf, um mehr Informationen ber die Nutzung dieser Unterlagen zu erhalten.',155,'de_AT'),('Der Zugang zu diesen Unterlagen ist beschrnkt, da sie personenbezogene oder vertrauliche Informationen enthalten. Bitte nehmen Sie Kontakt mit dem zustndigen Archivar auf, um mehr Informationen ber die Nutzung dieser Unterlagen zu erhalten.',155,'de_CH'),('Access to this record is restricted because it contains personal or confidential information. Please contact the Reference Archivist for more information on accessing this record.',155,'en'),('El acceso a este registro est restringido, ya que contiene informacin personal o confidencial. Por favor, pngase en contacto con el Archivero de referencia para obtener ms informacin sobre cmo acceder a este registro.',155,'es'),('L\'accs  ce dossier est limit car il contient des informations personnelles ou confidentielles. S\'il vous plat, communiquer avec l\'archiviste pour plus d\'informations sur l\'accs  ce dossier.',155,'fr'),('Pristup ovom zapisu je ogranien, jer sadri osobne ili povjerljive podatke. Kontaktiraj arhivara za daljnje informacije o pristupu ovom zapisu.',155,'hr'),('Nincsen hozzfrse ehhez a dokumentumhoz mert szemlyes vagy bizalmas informcit tartalmaz. Az dokumentumhoz val hozzfrssel kapcsolatban krjk, lpjen kapcsolatba az ajnlott levltrossal!',155,'hu'),('Akses ke arsip ini dibatasi karena arsip tersebut mengandung informasi pribadi atau rahasia. Silahkan menghubungi Arsiparis di Layanan untuk mendapatkan informasi lebih lanjut untuk mengakses arsip ini.',155,'id'),('L\'accesso a questo record  limitato, perch contiene informazioni personali o confidenziali. Si prega di contattare l\'archivista per maggiori informazioni relative all\'accesso a questo record.',155,'it'),('',155,'ja'),('          .      .',155,'ko'),('O acesso a este registo  restrito porque contem informao pessoal ou confidencial. Por favor contacte o Arquivista responsvel para mais informao.',155,'pt'),('O acesso a este registo  restrito porque contem informao pessoal ou confidencial. Por favor contacte o Arquivista responsvel para mais informao.',155,'pt_BR'),('Dostop do dokumentacije je omejen, ker vsebuje osebne ali zaupne informacije. Prosimo, obrnite se na arhivarja in pridobite ve informacij o dostopu.',155,'sl'),('          .        .',155,'sr'),('tkomst till handlingen r begrnsad drfr att den innehller knslig information. Var god kontakta jourhavande arkivarie fr mer information om tkomst till handlingen.',155,'sv'),('Hujjatdan ko`rish ta\'qiqlangan, chunki shaxsiy yoki maxfiy bo`lishi mumkin. Arxiv ma\'lumotnoma xizmatiga murojaat qiling.',155,'uz'),(', . , .',155,'zh'),('Nid yw\'r cofnod wedi cael ei adolygu am wybodaeth bersonol neu gyfrinachol eto. Cysylltwch \'r Archifydd Cyfeiriol i ofyn am fynediad a chychwyn adolygiad mynediad.',156,'cy'),('This record has not yet been reviewed for personal or confidential information. Please contact the Reference Archivist to request access and initiate an access review.',156,'en'),('Este registro an no ha sido revisado por su informacin personal o confidencial. Por favor, pngase en contacto con el Archivero para solicitar el acceso e iniciar una revisin de acceso.',156,'es'),('Cet enregistrement n\'a pas encore fait l\'objet d\'une vrification pour les informations personnelles ou confidentielles. S\'il vous plat communiquer avec l\'archiviste de rfrence pour demander l\'accs et procder  une vrification.',156,'fr'),('Ovaj zapis jo nije pregledan zbog osobnih ili povjerljivih podataka. Kontaktiraj arhivare za postavljanje zahtjeva za pristup zapisu i pokretanje ispitivanja uvjeta pristupa.',156,'hr'),('Ez az irat mg nem volt fellvizsglva szemlyes vagy bizalmas informcik szempontjbl. Lpjen kapcsolatba az ajnlott levltrossal, hogy hozzfrst krjen s elinduljon a hozzfrsi vizsglat.',156,'hu'),('Questo record non  stato riesaminato in relazione alle informazioni personali o confidenziali. Si prega di contattare l\'archivista per richiedere l\'accesso ed avviare un esame delle condizioni d\'accesso.',156,'it'),('Este registo ainda no foi revisto para obter informaes pessoais ou confidenciais. Por favor contacte o Arquivista em referncia para solicitar o acesso e comear uma reviso de acesso.',156,'pt'),('Este registo ainda no foi revisto para obter informaes pessoais ou confidenciais. Por favor contacte o Arquivista em referncia para solicitar o acesso e comear uma reviso de acesso.',156,'pt_BR'),('Ni e ugotovljeno, ali zapis vsebuje osebne ali zaupne podatke. Prosimo, obrnite se na arhivarja in zaprosite za dostop ali dajte pobudo za preverbo dostopa.',156,'sl'),('         .  ,           .',156,'sr'),('Denna handling har inte blivit granskad ang. personuppgifter eller hemlig information. Var god kontakta jourhavande arkivarie fr att be om tillgng och pbrja en tkomstgranskning.',156,'sv'),('. , .',156,'zh'),('Mae mynediad i\'r cofnod hwn yn cael ei gyfyngu gan ei fod yn cynnwys gwybodaeth bersonol neu gyfrinachol. Cysylltwch \'r Archifydd Cyfeiriol i gael mwy o wybodaeth am gael mynediad at y cofnod hwn.',157,'cy'),('Der Zugang zu diesen Unterlagen ist beschrnkt, da sie personenbezogene oder vertrauliche Informationen enthalten. Bitte nehmen Sie Kontakt mit dem zustndigen Archivar auf, um mehr Informationen ber die Nutzung dieser Unterlagen zu erhalten.',157,'de'),('Der Zugang zu diesen Unterlagen ist beschrnkt, da sie personenbezogene oder vertrauliche Informationen enthalten. Bitte nehmen Sie Kontakt mit dem zustndigen Archivar auf, um mehr Informationen ber die Nutzung dieser Unterlagen zu erhalten.',157,'de_AT'),('Der Zugang zu diesen Unterlagen ist beschrnkt, da sie personenbezogene oder vertrauliche Informationen enthalten. Bitte nehmen Sie Kontakt mit dem zustndigen Archivar auf, um mehr Informationen ber die Nutzung dieser Unterlagen zu erhalten.',157,'de_CH'),('Access to this record is restricted because it contains personal or confidential information. Please contact the Reference Archivist for more information on accessing this record.',157,'en'),('El acceso a este registro est restringido, ya que contiene informacin personal o confidencial. Por favor, pngase en contacto con el Archivero de referencia para obtener ms informacin sobre cmo acceder a este registro.',157,'es'),('L\'accs  ce dossier est limit car il contient des informations personnelles ou confidentielles. S\'il vous plat, communiquer avec l\'archiviste pour plus d\'informations sur l\'accs  ce dossier.',157,'fr'),('Pristup ovom zapisu je ogranien, jer sadri osobne ili povjerljive podatke. Kontaktiraj arhivara za daljnje informacije o pristupu ovom zapisu.',157,'hr'),('Nincsen hozzfrse ehhez a dokumentumhoz mert szemlyes vagy bizalmas informcit tartalmaz. Az dokumentumhoz val hozzfrssel kapcsolatban krjk, lpjen kapcsolatba az ajnlott levltrossal!',157,'hu'),('Akses ke arsip ini dibatasi karena arsip tersebut mengandung informasi pribadi atau rahasia. Silahkan menghubungi Arsiparis di Layanan untuk mendapatkan informasi lebih lanjut untuk mengakses arsip ini.',157,'id'),('L\'accesso a questo record  limitato, perch contiene informazioni personali o confidenziali. Si prega di contattare l\'archivista per maggiori informazioni relative all\'accesso a questo record.',157,'it'),('',157,'ja'),('          .      .',157,'ko'),('O acesso a este registo  restrito porque contem informao pessoal ou confidencial. Por favor contacte o Arquivista responsvel para mais informao.',157,'pt'),('O acesso a este registo  restrito porque contem informao pessoal ou confidencial. Por favor contacte o Arquivista responsvel para mais informao.',157,'pt_BR'),('Dostop do dokumentacije je omejen, ker vsebuje osebne ali zaupne informacije. Prosimo, obrnite se na arhivarja in pridobite ve informacij o dostopu.',157,'sl'),('          .        .',157,'sr'),('tkomst till handlingen r begrnsad drfr att den innehller knslig information. Var god kontakta jourhavande arkivarie fr mer information om tkomst till handlingen.',157,'sv'),('Hujjatdan ko`rish ta\'qiqlangan, chunki shaxsiy yoki maxfiy bo`lishi mumkin. Arxiv ma\'lumotnoma xizmatiga murojaat qiling.',157,'uz'),(', . , .',157,'zh'),('Nid yw\'r cofnod wedi cael ei adolygu am wybodaeth bersonol neu gyfrinachol eto. Cysylltwch \'r Archifydd Cyfeiriol i ofyn am fynediad a chychwyn adolygiad mynediad.',158,'cy'),('This record has not yet been reviewed for personal or confidential information. Please contact the Reference Archivist to request access and initiate an access review.',158,'en'),('Este registro an no ha sido revisado por su informacin personal o confidencial. Por favor, pngase en contacto con el Archivero para solicitar el acceso e iniciar una revisin de acceso.',158,'es'),('Cet enregistrement n\'a pas encore fait l\'objet d\'une vrification pour les informations personnelles ou confidentielles. S\'il vous plat communiquer avec l\'archiviste de rfrence pour demander l\'accs et procder  une vrification.',158,'fr'),('Ovaj zapis jo nije pregledan zbog osobnih ili povjerljivih podataka. Kontaktiraj arhivare za postavljanje zahtjeva za pristup zapisu i pokretanje ispitivanja uvjeta pristupa.',158,'hr'),('Ez az irat mg nem volt fellvizsglva szemlyes vagy bizalmas informcik szempontjbl. Lpjen kapcsolatba az ajnlott levltrossal, hogy hozzfrst krjen s elinduljon a hozzfrsi vizsglat.',158,'hu'),('Questo record non  stato riesaminato in relazione alle informazioni personali o confidenziali. Si prega di contattare l\'archivista per richiedere l\'accesso ed avviare un esame delle condizioni d\'accesso.',158,'it'),('Este registo ainda no foi revisto para obter informaes pessoais ou confidenciais. Por favor contacte o Arquivista em referncia para solicitar o acesso e comear uma reviso de acesso.',158,'pt'),('Este registo ainda no foi revisto para obter informaes pessoais ou confidenciais. Por favor contacte o Arquivista em referncia para solicitar o acesso e comear uma reviso de acesso.',158,'pt_BR'),('Ni e ugotovljeno, ali zapis vsebuje osebne ali zaupne podatke. Prosimo, obrnite se na arhivarja in zaprosite za dostop ali dajte pobudo za preverbo dostopa.',158,'sl'),('         .  ,           .',158,'sr'),('Denna handling har inte blivit granskad ang. personuppgifter eller hemlig information. Var god kontakta jourhavande arkivarie fr att be om tillgng och pbrja en tkomstgranskning.',158,'sv'),('. , .',158,'zh'),('Mae mynediad i\'r cofnod hwn yn cael ei gyfyngu gan ei fod yn cynnwys gwybodaeth bersonol neu gyfrinachol. Cysylltwch \'r Archifydd Cyfeiriol i gael mwy o wybodaeth am gael mynediad at y cofnod hwn.',159,'cy'),('Der Zugang zu diesen Unterlagen ist beschrnkt, da sie personenbezogene oder vertrauliche Informationen enthalten. Bitte nehmen Sie Kontakt mit dem zustndigen Archivar auf, um mehr Informationen ber die Nutzung dieser Unterlagen zu erhalten.',159,'de'),('Der Zugang zu diesen Unterlagen ist beschrnkt, da sie personenbezogene oder vertrauliche Informationen enthalten. Bitte nehmen Sie Kontakt mit dem zustndigen Archivar auf, um mehr Informationen ber die Nutzung dieser Unterlagen zu erhalten.',159,'de_AT'),('Der Zugang zu diesen Unterlagen ist beschrnkt, da sie personenbezogene oder vertrauliche Informationen enthalten. Bitte nehmen Sie Kontakt mit dem zustndigen Archivar auf, um mehr Informationen ber die Nutzung dieser Unterlagen zu erhalten.',159,'de_CH'),('Access to this record is restricted because it contains personal or confidential information. Please contact the Reference Archivist for more information on accessing this record.',159,'en'),('El acceso a este registro est restringido, ya que contiene informacin personal o confidencial. Por favor, pngase en contacto con el Archivero de referencia para obtener ms informacin sobre cmo acceder a este registro.',159,'es'),('L\'accs  ce dossier est limit car il contient des informations personnelles ou confidentielles. S\'il vous plat, communiquer avec l\'archiviste pour plus d\'informations sur l\'accs  ce dossier.',159,'fr'),('Pristup ovom zapisu je ogranien, jer sadri osobne ili povjerljive podatke. Kontaktiraj arhivara za daljnje informacije o pristupu ovom zapisu.',159,'hr'),('Nincsen hozzfrse ehhez a dokumentumhoz mert szemlyes vagy bizalmas informcit tartalmaz. Az dokumentumhoz val hozzfrssel kapcsolatban krjk, lpjen kapcsolatba az ajnlott levltrossal!',159,'hu'),('Akses ke arsip ini dibatasi karena arsip tersebut mengandung informasi pribadi atau rahasia. Silahkan menghubungi Arsiparis di Layanan untuk mendapatkan informasi lebih lanjut untuk mengakses arsip ini.',159,'id'),('L\'accesso a questo record  limitato, perch contiene informazioni personali o confidenziali. Si prega di contattare l\'archivista per maggiori informazioni relative all\'accesso a questo record.',159,'it'),('',159,'ja'),('          .      .',159,'ko'),('O acesso a este registo  restrito porque contem informao pessoal ou confidencial. Por favor contacte o Arquivista responsvel para mais informao.',159,'pt'),('O acesso a este registo  restrito porque contem informao pessoal ou confidencial. Por favor contacte o Arquivista responsvel para mais informao.',159,'pt_BR'),('Dostop do dokumentacije je omejen, ker vsebuje osebne ali zaupne informacije. Prosimo, obrnite se na arhivarja in pridobite ve informacij o dostopu.',159,'sl'),('          .        .',159,'sr'),('tkomst till handlingen r begrnsad drfr att den innehller knslig information. Var god kontakta jourhavande arkivarie fr mer information om tkomst till handlingen.',159,'sv'),('Hujjatdan ko`rish ta\'qiqlangan, chunki shaxsiy yoki maxfiy bo`lishi mumkin. Arxiv ma\'lumotnoma xizmatiga murojaat qiling.',159,'uz'),(', . , .',159,'zh'),('Nid yw\'r cofnod wedi cael ei adolygu am wybodaeth bersonol neu gyfrinachol eto. Cysylltwch \'r Archifydd Cyfeiriol i ofyn am fynediad a chychwyn adolygiad mynediad.',160,'cy'),('This record has not yet been reviewed for personal or confidential information. Please contact the Reference Archivist to request access and initiate an access review.',160,'en'),('Este registro an no ha sido revisado por su informacin personal o confidencial. Por favor, pngase en contacto con el Archivero para solicitar el acceso e iniciar una revisin de acceso.',160,'es'),('Cet enregistrement n\'a pas encore fait l\'objet d\'une vrification pour les informations personnelles ou confidentielles. S\'il vous plat communiquer avec l\'archiviste de rfrence pour demander l\'accs et procder  une vrification.',160,'fr'),('Ovaj zapis jo nije pregledan zbog osobnih ili povjerljivih podataka. Kontaktiraj arhivare za postavljanje zahtjeva za pristup zapisu i pokretanje ispitivanja uvjeta pristupa.',160,'hr'),('Ez az irat mg nem volt fellvizsglva szemlyes vagy bizalmas informcik szempontjbl. Lpjen kapcsolatba az ajnlott levltrossal, hogy hozzfrst krjen s elinduljon a hozzfrsi vizsglat.',160,'hu'),('Questo record non  stato riesaminato in relazione alle informazioni personali o confidenziali. Si prega di contattare l\'archivista per richiedere l\'accesso ed avviare un esame delle condizioni d\'accesso.',160,'it'),('Este registo ainda no foi revisto para obter informaes pessoais ou confidenciais. Por favor contacte o Arquivista em referncia para solicitar o acesso e comear uma reviso de acesso.',160,'pt'),('Este registo ainda no foi revisto para obter informaes pessoais ou confidenciais. Por favor contacte o Arquivista em referncia para solicitar o acesso e comear uma reviso de acesso.',160,'pt_BR'),('Ni e ugotovljeno, ali zapis vsebuje osebne ali zaupne podatke. Prosimo, obrnite se na arhivarja in zaprosite za dostop ali dajte pobudo za preverbo dostopa.',160,'sl'),('         .  ,           .',160,'sr'),('Denna handling har inte blivit granskad ang. personuppgifter eller hemlig information. Var god kontakta jourhavande arkivarie fr att be om tillgng och pbrja en tkomstgranskning.',160,'sv'),('. , .',160,'zh'),('Mae mynediad i\'r cofnod hwn yn cael ei gyfyngu gan ei fod yn cynnwys gwybodaeth bersonol neu gyfrinachol. Cysylltwch \'r Archifydd Cyfeiriol i gael mwy o wybodaeth am gael mynediad at y cofnod hwn.',161,'cy'),('Der Zugang zu diesen Unterlagen ist beschrnkt, da sie personenbezogene oder vertrauliche Informationen enthalten. Bitte nehmen Sie Kontakt mit dem zustndigen Archivar auf, um mehr Informationen ber die Nutzung dieser Unterlagen zu erhalten.',161,'de'),('Der Zugang zu diesen Unterlagen ist beschrnkt, da sie personenbezogene oder vertrauliche Informationen enthalten. Bitte nehmen Sie Kontakt mit dem zustndigen Archivar auf, um mehr Informationen ber die Nutzung dieser Unterlagen zu erhalten.',161,'de_AT'),('Der Zugang zu diesen Unterlagen ist beschrnkt, da sie personenbezogene oder vertrauliche Informationen enthalten. Bitte nehmen Sie Kontakt mit dem zustndigen Archivar auf, um mehr Informationen ber die Nutzung dieser Unterlagen zu erhalten.',161,'de_CH'),('Access to this record is restricted because it contains personal or confidential information. Please contact the Reference Archivist for more information on accessing this record.',161,'en'),('El acceso a este registro est restringido, ya que contiene informacin personal o confidencial. Por favor, pngase en contacto con el Archivero de referencia para obtener ms informacin sobre cmo acceder a este registro.',161,'es'),('L\'accs  ce dossier est limit car il contient des informations personnelles ou confidentielles. S\'il vous plat, communiquer avec l\'archiviste pour plus d\'informations sur l\'accs  ce dossier.',161,'fr'),('Pristup ovom zapisu je ogranien, jer sadri osobne ili povjerljive podatke. Kontaktiraj arhivara za daljnje informacije o pristupu ovom zapisu.',161,'hr'),('Nincsen hozzfrse ehhez a dokumentumhoz mert szemlyes vagy bizalmas informcit tartalmaz. Az dokumentumhoz val hozzfrssel kapcsolatban krjk, lpjen kapcsolatba az ajnlott levltrossal!',161,'hu'),('Akses ke arsip ini dibatasi karena arsip tersebut mengandung informasi pribadi atau rahasia. Silahkan menghubungi Arsiparis di Layanan untuk mendapatkan informasi lebih lanjut untuk mengakses arsip ini.',161,'id'),('L\'accesso a questo record  limitato, perch contiene informazioni personali o confidenziali. Si prega di contattare l\'archivista per maggiori informazioni relative all\'accesso a questo record.',161,'it'),('',161,'ja'),('          .      .',161,'ko'),('O acesso a este registo  restrito porque contem informao pessoal ou confidencial. Por favor contacte o Arquivista responsvel para mais informao.',161,'pt'),('O acesso a este registo  restrito porque contem informao pessoal ou confidencial. Por favor contacte o Arquivista responsvel para mais informao.',161,'pt_BR'),('Dostop do dokumentacije je omejen, ker vsebuje osebne ali zaupne informacije. Prosimo, obrnite se na arhivarja in pridobite ve informacij o dostopu.',161,'sl'),('          .        .',161,'sr'),('tkomst till handlingen r begrnsad drfr att den innehller knslig information. Var god kontakta jourhavande arkivarie fr mer information om tkomst till handlingen.',161,'sv'),('Hujjatdan ko`rish ta\'qiqlangan, chunki shaxsiy yoki maxfiy bo`lishi mumkin. Arxiv ma\'lumotnoma xizmatiga murojaat qiling.',161,'uz'),(', . , .',161,'zh'),('Nid yw\'r cofnod wedi cael ei adolygu am wybodaeth bersonol neu gyfrinachol eto. Cysylltwch \'r Archifydd Cyfeiriol i ofyn am fynediad a chychwyn adolygiad mynediad.',162,'cy'),('This record has not yet been reviewed for personal or confidential information. Please contact the Reference Archivist to request access and initiate an access review.',162,'en'),('Este registro an no ha sido revisado por su informacin personal o confidencial. Por favor, pngase en contacto con el Archivero para solicitar el acceso e iniciar una revisin de acceso.',162,'es'),('Cet enregistrement n\'a pas encore fait l\'objet d\'une vrification pour les informations personnelles ou confidentielles. S\'il vous plat communiquer avec l\'archiviste de rfrence pour demander l\'accs et procder  une vrification.',162,'fr'),('Ovaj zapis jo nije pregledan zbog osobnih ili povjerljivih podataka. Kontaktiraj arhivare za postavljanje zahtjeva za pristup zapisu i pokretanje ispitivanja uvjeta pristupa.',162,'hr'),('Ez az irat mg nem volt fellvizsglva szemlyes vagy bizalmas informcik szempontjbl. Lpjen kapcsolatba az ajnlott levltrossal, hogy hozzfrst krjen s elinduljon a hozzfrsi vizsglat.',162,'hu'),('Questo record non  stato riesaminato in relazione alle informazioni personali o confidenziali. Si prega di contattare l\'archivista per richiedere l\'accesso ed avviare un esame delle condizioni d\'accesso.',162,'it'),('Este registo ainda no foi revisto para obter informaes pessoais ou confidenciais. Por favor contacte o Arquivista em referncia para solicitar o acesso e comear uma reviso de acesso.',162,'pt'),('Este registo ainda no foi revisto para obter informaes pessoais ou confidenciais. Por favor contacte o Arquivista em referncia para solicitar o acesso e comear uma reviso de acesso.',162,'pt_BR'),('Ni e ugotovljeno, ali zapis vsebuje osebne ali zaupne podatke. Prosimo, obrnite se na arhivarja in zaprosite za dostop ali dajte pobudo za preverbo dostopa.',162,'sl'),('         .  ,           .',162,'sr'),('Denna handling har inte blivit granskad ang. personuppgifter eller hemlig information. Var god kontakta jourhavande arkivarie fr att be om tillgng och pbrja en tkomstgranskning.',162,'sv'),('. , .',162,'zh'),('AtoM - AVMB',163,'en'),('http://54.39.157.111:801',164,'en'),('',165,'en'),('pt_BR',166,'en'),(NULL,167,'en'),('0',168,'en'),('0',169,'en'),(NULL,170,'en'),('0',171,'en'),('no',172,'en'),(NULL,172,'pt_BR'),('no',173,'en'),(NULL,173,'pt_BR'),('no',174,'en'),(NULL,174,'pt_BR'),('yes',175,'en'),(NULL,175,'pt_BR'),('no',176,'en'),(NULL,176,'pt_BR'),('50',177,'en'),(NULL,177,'pt_BR');
/*!40000 ALTER TABLE `setting_i18n` ENABLE KEYS */;
UNLOCK TABLES;

--
-- Table structure for table `slug`
--

DROP TABLE IF EXISTS `slug`;
/*!40101 SET @saved_cs_client     = @@character_set_client */;
/*!50503 SET character_set_client = utf8mb4 */;
CREATE TABLE `slug` (
  `object_id` int NOT NULL,
  `slug` varchar(255) CHARACTER SET utf8mb4 COLLATE utf8mb4_bin NOT NULL,
  `id` int NOT NULL AUTO_INCREMENT,
  `serial_number` int NOT NULL DEFAULT '0',
  PRIMARY KEY (`id`),
  UNIQUE KEY `slug_U_1` (`object_id`),
  UNIQUE KEY `slug_U_2` (`slug`),
  CONSTRAINT `slug_FK_1` FOREIGN KEY (`object_id`) REFERENCES `object` (`id`) ON DELETE CASCADE
) ENGINE=InnoDB AUTO_INCREMENT=1278 DEFAULT CHARSET=utf8mb4 COLLATE=utf8mb4_0900_ai_ci;
/*!40101 SET character_set_client = @saved_cs_client */;

--
-- Dumping data for table `slug`
--

LOCK TABLES `slug` WRITE;
/*!40000 ALTER TABLE `slug` DISABLE KEYS */;
INSERT INTO `slug` VALUES (1,'tshe-3y5w-kpz8',1,0),(3,'d2ww-4b5t-g5wr',2,0),(6,'8ce8-3wz9-sdyb',3,0),(7,'home',4,0),(8,'about',5,0),(9,'privacy',6,0),(30,'6prm-kqmg-nxry',7,0),(31,'description-detail-levels',8,0),(32,'actor-entity-types',9,0),(33,'description-statuses',10,0),(34,'levels-of-description',11,0),(35,'subjects',12,0),(36,'actor-name-types',13,0),(37,'note-types',14,0),(38,'repository-types',15,0),(40,'event-types',16,0),(41,'qubit-setting-labels',17,0),(42,'places',18,0),(43,'isdf-function-types',19,0),(44,'historical-events',20,0),(45,'collection-types',21,0),(46,'media-types',22,0),(47,'digital-object-usages',23,0),(48,'physical-object-type',24,0),(49,'relation-type',25,0),(50,'material-type',26,0),(51,'rad-note',27,0),(52,'rad-title-note',28,0),(53,'mods-resource-type',29,0),(54,'dublin-core-types',30,0),(55,'actor-relation-type',31,0),(56,'relation-note-types',32,0),(57,'term-relation-types',33,0),(59,'status-types',34,0),(60,'publication-status',35,0),(61,'function-relation-type',36,0),(62,'accession-resource-type',37,0),(63,'accession-acquisition-type',38,0),(64,'accession-processing-priority',39,0),(65,'accession-processing-status',40,0),(66,'deaccession-scope',41,0),(68,'rights-basis',42,0),(67,'rights-act',43,0),(69,'copyright-status',44,0),(70,'information-object-templates',45,0),(71,'aip-types',46,0),(72,'thematic-area',47,0),(73,'geographic-subregion',48,0),(74,'dacs-note',49,0),(78,'genre',50,0),(75,'premis-rights-statutes',51,0),(79,'job-status',52,0),(80,'actor-occupations',53,0),(81,'user-actions',54,0),(82,'accession-alternative-identifier-type',55,0),(110,'p4c7-fqam-gxae',56,0),(111,'creation',57,0),(113,'custody',58,0),(114,'publication',59,0),(115,'contribution',60,0),(117,'collection',61,0),(118,'accumulation',62,0),(119,'title-note',63,0),(174,'language-note',64,0),(120,'publication-note',65,0),(121,'source-note',66,0),(122,'scope-note',67,0),(123,'display-note',68,0),(128,'archival-material',69,0),(129,'published-material',70,0),(130,'artefact-material',71,0),(131,'corporate-body',72,0),(132,'person',73,0),(133,'family',74,0),(135,'audio',75,0),(136,'image',76,0),(137,'text',77,0),(138,'video',78,0),(139,'other',79,0),(166,'external-uri',80,0),(186,'offline',81,0),(140,'master',82,0),(141,'reference',83,0),(142,'thumbnail',84,0),(143,'compound',85,0),(191,'external-file',86,0),(144,'location',87,0),(145,'container',88,0),(146,'artefact',89,0),(147,'has-physical-object',90,0),(187,'maintaining-repository',91,0),(124,'archivists-note',92,0),(126,'other-descriptive-data',93,0),(125,'general-note',94,0),(148,'parallel-form',95,0),(149,'other-form',96,0),(150,'hierarchical',97,0),(151,'temporal',98,0),(152,'family-2',99,0),(153,'associative',100,0),(154,'description',101,0),(155,'date-display',102,0),(156,'alternative-label',103,0),(157,'associative-2',104,0),(177,'converse-term',105,0),(158,'publication-2',106,0),(159,'draft',107,0),(160,'published',108,0),(127,'maintenance-note',109,0),(161,'name-access-points',110,0),(175,'accrual',111,0),(167,'accession-2',112,0),(168,'right-2',113,0),(169,'donor-2',114,0),(176,'related-material-descriptions',115,0),(162,'hierarchical-2',116,0),(163,'temporal-2',117,0),(164,'associative-3',118,0),(165,'standardized-form',119,0),(170,'copyright',120,0),(171,'license',121,0),(172,'statute',122,0),(173,'policy',123,0),(178,'aip-relation',124,0),(179,'artwork-component',125,0),(180,'artwork-material',126,0),(181,'supporting-documentation',127,0),(182,'supporting-technology',128,0),(183,'in-progress',129,0),(184,'completed',130,0),(185,'error',131,0),(188,'actor-occupation-note',132,0),(189,'creation-2',133,0),(190,'modification',134,0),(192,'accession-alternative-identifier',135,0),(193,'is-the-superior-of',136,0),(194,'is-the-subordinate-of',137,0),(195,'controls',138,0),(196,'is-controlled-by',139,0),(197,'is-the-owner-of',140,0),(198,'is-owned-by',141,0),(199,'is-the-predecessor-of',142,0),(200,'is-the-successor-of',143,0),(201,'is-the-provider-of',144,0),(202,'is-the-client-of',145,0),(203,'is-the-business-partner-of',146,0),(204,'is-the-associate-of',147,0),(205,'is-the-friend-of',148,0),(206,'is-the-parent-of',149,0),(207,'is-the-child-of',150,0),(208,'is-the-sibling-of',151,0),(209,'is-the-spouse-of',152,0),(210,'is-the-cousin-of',153,0),(211,'is-the-grandparent-of',154,0),(212,'is-the-grandchild-of',155,0),(213,'donor-3',156,0),(214,'reproduction',157,0),(215,'distribution',158,0),(216,'broadcasting',159,0),(217,'manufacturing',160,0),(218,'box',161,0),(219,'cardboard-box',162,0),(220,'hollinger-box',163,0),(221,'folder',164,0),(222,'filing-cabinet',165,0),(223,'map-cabinet',166,0),(224,'shelf',167,0),(225,'final',168,0),(226,'revised',169,0),(227,'draft-2',170,0),(228,'full',171,0),(229,'partial',172,0),(230,'minimal',173,0),(231,'fonds',174,0),(232,'subfonds',175,0),(233,'collection-2',176,0),(234,'series',177,0),(235,'subseries',178,0),(236,'file',179,0),(237,'item',180,0),(238,'information-object',181,0),(239,'person-organization',182,0),(240,'creator',183,0),(241,'repository-2',184,0),(242,'term-2',185,0),(243,'subject',186,0),(244,'collection-3',187,0),(245,'holdings',188,0),(246,'archival-description',189,0),(247,'authority-record',190,0),(248,'fonds-2',191,0),(249,'archival-institution',192,0),(250,'international',193,0),(251,'national',194,0),(252,'regional',195,0),(253,'provincial-state',196,0),(254,'community',197,0),(255,'religious',198,0),(256,'university',199,0),(257,'municipal',200,0),(258,'aboriginal',201,0),(259,'educational',202,0),(260,'medical',203,0),(261,'military',204,0),(262,'private',205,0),(263,'place',206,0),(264,'name',207,0),(265,'digital-object',208,0),(266,'physical-object',209,0),(267,'physical-storage',210,0),(268,'media-type',211,0),(269,'open-information-management-toolkit',212,0),(270,'conservation-note',213,0),(271,'architectural-drawing',214,0),(272,'cartographic-material',215,0),(273,'graphic-material',216,0),(274,'moving-images',217,0),(275,'multiple-media',218,0),(276,'object',219,0),(277,'philatelic-record',220,0),(278,'sound-recording',221,0),(279,'technical-drawing',222,0),(280,'textual-record',223,0),(281,'edition',224,0),(282,'physical-description',225,0),(283,'conservation',226,0),(284,'accompanying-material',227,0),(285,'publishers-series',228,0),(286,'alpha-numeric-designations',229,0),(287,'rights',230,0),(288,'variations-in-title',231,0),(289,'source-of-title-proper',232,0),(290,'parallel-titles-and-other-title-information',233,0),(291,'continuation-of-title',234,0),(292,'statements-of-responsibility',235,0),(293,'attributions-and-conjectures',236,0),(294,'part',237,0),(295,'text-2',238,0),(296,'cartographic',239,0),(297,'notated-music',240,0),(298,'sound-recording-2',241,0),(299,'sound-recording-musical',242,0),(300,'sound-recording-nonmusical',243,0),(301,'still-image',244,0),(302,'moving-image',245,0),(303,'three-dimensional-object',246,0),(304,'software-multimedia',247,0),(305,'mixed-material',248,0),(306,'collection-4',249,0),(307,'dataset',250,0),(308,'event-2',251,0),(309,'image-2',252,0),(310,'interactive-resource',253,0),(311,'moving-image-2',254,0),(312,'physical-object-2',255,0),(313,'service',256,0),(314,'software',257,0),(315,'sound',258,0),(316,'still-image-2',259,0),(317,'text-3',260,0),(318,'function-2',261,0),(319,'subfunction',262,0),(320,'business-process',263,0),(321,'activity',264,0),(322,'task',265,0),(323,'transaction',266,0),(324,'public-transfer',267,0),(325,'private-transfer',268,0),(326,'deposit',269,0),(327,'gift',270,0),(328,'purchase',271,0),(329,'transfer',272,0),(330,'high',273,0),(331,'medium',274,0),(332,'low',275,0),(333,'complete',276,0),(334,'incomplete',277,0),(335,'in-progress-2',278,0),(336,'whole',279,0),(337,'part-2',280,0),(338,'delete',281,0),(339,'discover',282,0),(340,'display',283,0),(341,'disseminate',284,0),(342,'migrate',285,0),(343,'modify',286,0),(344,'replicate',287,0),(345,'under-copyright',288,0),(346,'public-domain',289,0),(347,'unknown',290,0),(348,'isad-g-2nd-ed-international-council-on-archives',291,0),(349,'dublin-core-version-1-1-dublin-core-metadata-initiative',292,0),(350,'mods-version-3-3-u-s-library-of-congress',293,0),(351,'rad-july-2008-version-canadian-council-of-archives',294,0),(352,'dacs-2nd-ed-society-of-american-archivists',295,0),(353,'aboriginal-peoples',296,0),(354,'agriculture',297,0),(355,'arts-and-culture',298,0),(356,'communication',299,0),(357,'education',300,0),(358,'environment',301,0),(359,'family-domestic-life',302,0),(360,'genealogical',303,0),(361,'geography',304,0),(362,'industry-manufacturing-and-commerce',305,0),(363,'labour',306,0),(364,'law-and-justice',307,0),(365,'medicine-and-health',308,0),(366,'military-2',309,0),(367,'natural-resources',310,0),(368,'politics-and-government',311,0),(369,'populations',312,0),(370,'recreation-leisure-sports',313,0),(371,'religion',314,0),(372,'science-and-technology',315,0),(373,'social-organizations-and-activities',316,0),(374,'transportation',317,0),(375,'travel-and-exploration',318,0),(376,'conservation-2',319,0),(377,'citation',320,0),(378,'alphanumeric-designations',321,0),(379,'variant-title-information',322,0),(380,'processing-information',323,0),(381,'record-keeping-activity',324,0),(382,'advertisements',325,0),(383,'albums',326,0),(384,'architecture',327,0),(385,'blank-forms',328,0),(386,'books',329,0),(387,'broadsides',330,0),(388,'cartoons-commentary',331,0),(389,'catalogs',332,0),(390,'cityscapes',333,0),(391,'clippings',334,0),(392,'correspondence',335,0),(393,'diaries',336,0),(394,'drawings',337,0),(395,'ephemera',338,0),(396,'essays',339,0),(397,'ethnography',340,0),(398,'fieldnotes',341,0),(399,'illustrations',342,0),(400,'interviews',343,0),(401,'landscapes',344,0),(402,'leaflets',345,0),(403,'manuscripts',346,0),(404,'maps',347,0),(405,'miscellaneous-documents',348,0),(406,'motion-pictures',349,0),(407,'music',350,0),(408,'narratives',351,0),(409,'paintings',352,0),(410,'pamphlets',353,0),(411,'periodicals',354,0),(412,'petitions',355,0),(413,'photographs',356,0),(414,'physical-objects',357,0),(415,'poetry',358,0),(416,'portraits',359,0),(417,'postcards',360,0),(418,'posters',361,0),(419,'prints',362,0),(420,'programs',363,0),(421,'recording-logs',364,0),(422,'scores',365,0),(423,'sheet-music',366,0),(424,'timetables',367,0),(425,'transcriptions',368,0),(426,'signatures-note',369,0),(427,'cast-note',370,0),(428,'credits-note',371,0),(429,'record-group',372,0),(430,'8gx4-btwr-zzmk',373,0),(431,'xs7k-5784-q4zx',374,0),(432,'tm4p-33s9-kxp6',375,0),(433,'m5ym-pdwa-rnd7',376,0),(434,'m9xz-6swh-rse6',377,0),(435,'bhzx-5ke6-3cqf',378,0),(436,'tnyp-aq6r-en3p',379,0),(437,'pqpr-5kq9-nwrh',380,0),(438,'g9ka-4fdp-by6w',381,0),(439,'h54p-xynq-3ffs',382,0),(440,'74h9-hkh7-ga5d',383,0),(441,'wzg4-ye59-dhd4',384,0),(442,'tf5b-xaq2-zmmb',385,0),(443,'sww2-bb48-9pr2',386,0),(444,'teste',387,0),(501,'rio-de-janeiro-municipio-neutro-rj',439,0),(502,'mesa-diretora-do-senado-da-3a-sessao-ordinaria-da-20a-legislatura',440,0),(503,'escravidao-no-brasil-1539-1888',441,0),(504,'assembleia-geral',442,0),(510,'a4yq-ny9m-7qt2',445,0),(517,'universidade-avmb',453,0),(518,'universidade-avmb-2',454,0),(519,'fundo',455,0),(520,'mtsb-prp4-kyqz',456,0),(521,'msdp-sh2c-6673',457,0),(522,'reitoria',458,0),(523,'secao',459,0),(525,'yasb-t8ma-d6xt',460,0),(527,'gabinete-do-reitor',461,0),(528,'subsecao',462,0),(529,'subserie',463,0),(531,'gabinete-do-reitor-2',464,0),(532,'6pck-kcq2-ddky',465,0),(533,'atos-resolucoes-e-instrucoes-da-reitoria',466,0),(534,'atos-da-reitoria',467,0),(535,'dossie-processo',468,0),(536,'atos-da-reitoria-1995',469,0),(537,'image-01',470,0),(538,'ato-da-reitoria-1995-0005-pdf',471,0),(539,'ato-da-reitoria-1995-0005-141-jpg',472,0),(540,'ato-da-reitoria-1995-0005-142-jpg',473,0),(541,'image-02',474,0),(542,'ato-da-reitoria-1995-0004-pdf',475,0),(543,'ato-da-reitoria-1995-0004-141-jpg',476,0),(544,'ato-da-reitoria-1995-0004-142-jpg',477,0),(545,'image-03',478,0),(546,'ato-da-reitoria-1995-0003-pdf',479,0),(547,'ato-da-reitoria-1995-0003-141-jpg',480,0),(548,'ato-da-reitoria-1995-0003-142-jpg',481,0),(549,'image-04',482,0),(550,'ato-da-reitoria-1995-0002-pdf',483,0),(551,'ato-da-reitoria-1995-0002-141-jpg',484,0),(552,'ato-da-reitoria-1995-0002-142-jpg',485,0),(553,'image-05',486,0),(554,'ato-da-reitoria-1995-0001-pdf',487,0),(555,'ato-da-reitoria-1995-0001-141-jpg',488,0),(556,'ato-da-reitoria-1995-0001-142-jpg',489,0),(557,'vida-academica-dos-alunos-dos-cursos-de-graduacao',490,0),(558,'anxh-fr2h-65n6',491,0),(559,'documentacao-academica',492,0),(560,'emissao-de-diploma',493,0),(561,'registro',494,0),(586,'aluno-a-amanda-nogueira-3',515,0),(602,'aluno-isadora-rios-souza',536,0),(606,'ciencia-da-informacao',537,0),(610,'4zrw-qpmh-r6w3',540,0),(620,'keds-q5rb-gxaa',550,0),(632,'98h9-hrrb-rzaf',560,0),(642,'phh4-trk7-3ssd',570,0),(654,'94g8-2y9n-8hde',580,0),(664,'658f-rzkd-dam4',590,0),(676,'x5k2-fx2c-5f7k',600,0),(686,'xzck-xbsp-3agm',610,0),(698,'qhd4-yfxt-fcmp',620,0),(708,'gwka-rn8f-eb7w',630,0),(720,'8c6z-5h8b-y2bc',640,0),(730,'pm4n-rbdp-zdgy',650,0),(742,'zrb6-67w6-h6p8',660,0),(752,'2rpw-7dr6-bg4c',670,0),(759,'boas-vindas',678,0),(765,'mser-6d6h-cb3n',681,0),(775,'z43w-dq8t-6hwc',691,0),(787,'3r3b-c5dr-6s43',701,0),(797,'8qda-za3h-2e4a',711,0),(809,'acdq-hxeg-5wnd',721,0),(819,'5zqc-arhs-4y72',731,0),(831,'4z73-rydk-neez',741,0),(841,'t4tb-hs6f-6tpa',751,0),(853,'pb36-qe6n-ensb',761,0),(863,'yyw7-bf6n-5893',771,0),(875,'73yp-d2he-2ztq',781,0),(885,'acba-bge6-s9yp',791,0),(897,'wqwa-wgnm-rgem',801,0),(907,'482s-crx3-97rp',811,0),(914,'7786-xdry-b86t',819,0),(920,'cnxp-ty7g-4aeh',822,0),(930,'ck7w-ssra-93gr',832,0),(937,'documentos-dos-estudantes',840,0),(938,'departamento-de-ciencia-da-informacao',841,0),(940,'documentacao-academica-2',842,0),(942,'assentamentos-individuais-dos-alunos-dossie-dos-alunos',843,0),(944,'aluna-amanda-nogueira',844,0),(947,'comprovante-de-residencia-1',845,0),(948,'comprovante-residencia-amanda-nogueira-jpg',846,0),(949,'comprovante-residencia-amanda-nogueira-141-jpg',847,0),(950,'comprovante-residencia-amanda-nogueira-142-jpg',848,0),(951,'diploma-de-conclusao-do-ensino-medio-1',849,0),(952,'canva-cinza-com-borda-diploma-do-ensino-m-dio-certificado-knwevtjaqs4-jpg',850,0),(953,'canva-cinza-com-borda-diploma-do-ensino-m-dio-certificado-knwevtjaqs4-141-jpg',851,0),(954,'canva-cinza-com-borda-diploma-do-ensino-m-dio-certificado-knwevtjaqs4-142-jpg',852,0),(956,'image-01-2',853,0),(957,'rg-e-cpf-amanda-nogueira-pdf',854,0),(958,'rg-e-cpf-amanda-nogueira-141-jpg',855,0),(959,'rg-e-cpf-amanda-nogueira-142-jpg',856,0),(965,'6cpn-nwrr-29ye',859,0),(975,'p2af-pprf-km63',869,0),(982,'qkbm-5z24-522a',877,0),(983,'bpq5-ryw5-m3r8',878,0),(984,'9t59-w9q8-b24f',879,0),(985,'2g8z-2xe4-x8dp',880,0),(986,'9d8d-36hr-e6h2',881,0),(987,'tbkw-3kqk-zhdp',882,0),(988,'bpr3-t5xw-rsff',883,0),(990,'2x9a-66ef-cxdr',884,0),(992,'tda7-x7xf-5zkd',885,0),(995,'rd52-eywz-fdpt',887,0),(997,'seqr-m3p8-gpwz',888,0),(999,'ydq2-seaw-7gaa',889,0),(1000,'egfq-qty5-f45f',890,0),(1007,'c8xw-herm-zs4c',893,0),(1017,'cz9m-s5et-w2qw',903,0),(1025,'dragoes',911,0),(1026,'goiania-go',912,0),(1027,'goiania-go-2',913,0),(1028,'daenerys-targaryen',914,0),(1030,'pedra-do-dragao',915,0),(1031,'porto-real',916,0),(1034,'aula-2-autoridade-exemplo-pessoa-png',917,0),(1035,'aula-2-autoridade-exemplo-pessoa-141-jpg',918,0),(1036,'aula-2-autoridade-exemplo-pessoa-142-jpg',919,0),(1039,'yb72-6pbg-cy9p',920,0),(1040,'d4wn-n6dc-hb5g',921,0),(1045,'casa-targaryen',923,0),(1048,'aula-2-autoridade-exemplo-entidade-coletiva-jpg',924,0),(1049,'aula-2-autoridade-exemplo-entidade-coletiva-141-jpg',925,0),(1050,'aula-2-autoridade-exemplo-entidade-coletiva-142-jpg',926,0),(1051,'w3gd-wpad-yaan',927,0),(1055,'rqgp-sdqn-rb6c',928,0),(1056,'testefrancisco',929,0),(1072,'eqfx-7pah-9cgk',941,0),(1094,'tz68-8a9k-ae29',960,0),(1103,'princesa-isabel-foto-jpg',968,0),(1104,'zxgh-zfxy-w7fe',969,0),(1105,'bfe2b032-9734-4961-8d4b-6ac4a156c588-princesa-isabel-foto-jpg',970,0),(1106,'bfe2b032-9734-4961-8d4b-6ac4a156c588-princesa-isabel-foto-141-jpg',971,0),(1107,'bfe2b032-9734-4961-8d4b-6ac4a156c588-princesa-isabel-foto-142-jpg',972,0),(1108,'bfe2b032-9734-4961-8d4b-6ac4a156c588-princesa-isabel-foto-141-jpg-2',974,0),(1109,'bfe2b032-9734-4961-8d4b-6ac4a156c588-princesa-isabel-foto-142-jpg-2',976,0),(1111,'autografo-do-projeto-de-lei-da-extincao-da-escravidao-no-brasil',977,0),(1115,'gmgq-hy77-r6w9',978,0),(1116,'xesz-hy7t-yp3z',979,0),(1117,'62df3f8d-6f69-4dcc-81fa-d39c66616305-projeto-de-lei-da-extincao-da-escravidao-no-brasil-pdf',980,0),(1118,'62df3f8d-6f69-4dcc-81fa-d39c66616305-projeto-de-lei-da-extincao-da-escravidao-no-brasil-141-jpg',981,0),(1119,'62df3f8d-6f69-4dcc-81fa-d39c66616305-projeto-de-lei-da-extincao-da-escravidao-no-brasil-142-jpg',982,0),(1120,'62df3f8d-6f69-4dcc-81fa-d39c66616305-projeto-de-lei-da-extincao-da-escravidao-no-brasil-141-jpg-2',984,0),(1121,'62df3f8d-6f69-4dcc-81fa-d39c66616305-projeto-de-lei-da-extincao-da-escravidao-no-brasil-142-jpg-2',986,0),(1123,'prefeitura-iart',987,0),(1124,'ordem-de-pagamento',988,0),(1125,'instituto-estadual-do-ambiente-inea',989,0),(1131,'6nen-ddzc-kehn',992,0),(1138,'despesa',1000,0),(1139,'licitacao',1001,0),(1143,'ordem-de-pagamento-assinada',1002,0),(1144,'mz4a-68qd-g5a3',1003,0),(1145,'e2qk-nysg-xg93',1004,0),(1146,'d18ce342-e7b9-42e0-ba81-c11dbb61f9c6-ordem-de-pagamento-assinado-pdf',1005,0),(1147,'d18ce342-e7b9-42e0-ba81-c11dbb61f9c6-ordem-de-pagamento-assinado-141-jpg',1006,0),(1148,'d18ce342-e7b9-42e0-ba81-c11dbb61f9c6-ordem-de-pagamento-assinado-142-jpg',1007,0),(1149,'d18ce342-e7b9-42e0-ba81-c11dbb61f9c6-ordem-de-pagamento-assinado-141-jpg-2',1009,0),(1150,'d18ce342-e7b9-42e0-ba81-c11dbb61f9c6-ordem-de-pagamento-assinado-142-jpg-2',1011,0),(1155,'processo-2010008091-vol-vi-pdf',1012,0),(1156,'gn7t-dzyh-w9fm',1013,0),(1157,'f19e782d-77c4-4135-a864-04b3e1585ff7-processo-2010008091-vol-vi-pdf',1014,0),(1158,'f19e782d-77c4-4135-a864-04b3e1585ff7-processo-2010008091-vol-vi-141-jpg',1015,0),(1159,'f19e782d-77c4-4135-a864-04b3e1585ff7-processo-2010008091-vol-vi-142-jpg',1016,0),(1160,'f19e782d-77c4-4135-a864-04b3e1585ff7-processo-2010008091-vol-vi-141-jpg-2',1018,0),(1161,'f19e782d-77c4-4135-a864-04b3e1585ff7-processo-2010008091-vol-vi-142-jpg-2',1020,0),(1163,'processo-2010008091-vol-vi-assinado',1021,0),(1164,'4d6n-abt9-5mqq',1022,0),(1165,'fktg-d4q7-z5m8',1023,0),(1166,'f12b4d41-3198-406e-8e6c-544c78aa338a-processo-2010008091-vol-vi-assinado-pdf',1024,0),(1167,'f12b4d41-3198-406e-8e6c-544c78aa338a-processo-2010008091-vol-vi-assinado-141-jpg',1025,0),(1168,'f12b4d41-3198-406e-8e6c-544c78aa338a-processo-2010008091-vol-vi-assinado-142-jpg',1026,0),(1169,'f12b4d41-3198-406e-8e6c-544c78aa338a-processo-2010008091-vol-vi-assinado-141-jpg-2',1028,0),(1170,'f12b4d41-3198-406e-8e6c-544c78aa338a-processo-2010008091-vol-vi-assinado-142-jpg-2',1030,0),(1172,'processo-2010008091-vol-vi-ocred',1031,0),(1173,'sef2-8fmt-3gb8',1032,0),(1174,'ng5x-xgpz-9mt4',1033,0),(1175,'be22351b-fcfd-4109-8346-f55e8786947b-processo-2010008091-vol-vi-ocred-pdf',1034,0),(1176,'be22351b-fcfd-4109-8346-f55e8786947b-processo-2010008091-vol-vi-ocred-141-jpg',1035,0),(1177,'be22351b-fcfd-4109-8346-f55e8786947b-processo-2010008091-vol-vi-ocred-142-jpg',1036,0),(1178,'be22351b-fcfd-4109-8346-f55e8786947b-processo-2010008091-vol-vi-ocred-141-jpg-2',1038,0),(1179,'be22351b-fcfd-4109-8346-f55e8786947b-processo-2010008091-vol-vi-ocred-142-jpg-2',1040,0),(1181,'processo-2010008091-vol-vi-ocred-assinado',1041,0),(1182,'cmca-3d66-abpg',1042,0),(1183,'hddz-kyz6-ec2q',1043,0),(1184,'3fb45772-2ff4-40a1-87a2-fa47080308fb-processo-2010008091-vol-vi-ocred-assinado-pdf',1044,0),(1185,'3fb45772-2ff4-40a1-87a2-fa47080308fb-processo-2010008091-vol-vi-ocred-assinado-141-jpg',1045,0),(1186,'3fb45772-2ff4-40a1-87a2-fa47080308fb-processo-2010008091-vol-vi-ocred-assinado-142-jpg',1046,0),(1187,'3fb45772-2ff4-40a1-87a2-fa47080308fb-processo-2010008091-vol-vi-ocred-assinado-141-jpg-2',1048,0),(1188,'3fb45772-2ff4-40a1-87a2-fa47080308fb-processo-2010008091-vol-vi-ocred-assinado-142-jpg-2',1050,0),(1190,'processo-2010228091-vol-v-ocred',1051,0),(1191,'8xb4-f5cr-fwww',1052,0),(1192,'42ba-2283-7ce6',1053,0),(1193,'a4dc4164-aba8-474a-8385-090dfb25da42-processo-2010228091-vol-v-ocred-pdf',1054,0),(1194,'a4dc4164-aba8-474a-8385-090dfb25da42-processo-2010228091-vol-v-ocred-141-jpg',1055,0),(1195,'a4dc4164-aba8-474a-8385-090dfb25da42-processo-2010228091-vol-v-ocred-142-jpg',1056,0),(1196,'a4dc4164-aba8-474a-8385-090dfb25da42-processo-2010228091-vol-v-ocred-141-jpg-2',1058,0),(1197,'a4dc4164-aba8-474a-8385-090dfb25da42-processo-2010228091-vol-v-ocred-142-jpg-2',1060,0),(1204,'gfzg-p823-84fk',1063,0),(1214,'dthx-xk56-fyb3',1073,0),(1223,'princesa-isabel-foto-jpg-2',1081,0),(1224,'bgk5-w58a-abw9',1082,0),(1225,'ae52caed-0bc9-4752-b70f-ffba831273f2-princesa-isabel-foto-jpg',1083,0),(1226,'ae52caed-0bc9-4752-b70f-ffba831273f2-princesa-isabel-foto-141-jpg',1084,0),(1227,'ae52caed-0bc9-4752-b70f-ffba831273f2-princesa-isabel-foto-142-jpg',1085,0),(1228,'ae52caed-0bc9-4752-b70f-ffba831273f2-princesa-isabel-foto-141-jpg-2',1087,0),(1229,'ae52caed-0bc9-4752-b70f-ffba831273f2-princesa-isabel-foto-142-jpg-2',1089,0),(1231,'autografo-do-projeto-de-lei-da-extincao-da-escravidao-no-brasil-2',1090,0),(1235,'ywq8-3p65-69qq',1091,0),(1236,'yead-4tse-mna7',1092,0),(1237,'8141404b-cde2-4af0-9f28-c69dcc03d66d-projeto-de-lei-da-extincao-da-escravidao-no-brasil-pdf',1093,0),(1238,'8141404b-cde2-4af0-9f28-c69dcc03d66d-projeto-de-lei-da-extincao-da-escravidao-no-brasil-141-jpg',1094,0),(1239,'8141404b-cde2-4af0-9f28-c69dcc03d66d-projeto-de-lei-da-extincao-da-escravidao-no-brasil-142-jpg',1095,0),(1240,'8141404b-cde2-4af0-9f28-c69dcc03d66d-projeto-de-lei-da-extincao-da-escravidao-no-brasil-141-jpg-2',1097,0),(1241,'8141404b-cde2-4af0-9f28-c69dcc03d66d-projeto-de-lei-da-extincao-da-escravidao-no-brasil-142-jpg-2',1099,0),(1255,'g95w-gs6e-z86d',1111,0),(1264,'3aky-tt44-48wy',1121,0),(1273,'hrz9-fdge-n2a4',1131,0),(1282,'ec87-rbts-nwat',1141,0),(1291,'processo-2010008091-vol-vi-pdf-2',1149,0),(1292,'6x2w-bg9p-eqe8',1150,0),(1293,'57d40aef-ea37-4f83-b601-e706c3387a7b-processo-2010008091-vol-vi-pdf',1151,0),(1294,'57d40aef-ea37-4f83-b601-e706c3387a7b-processo-2010008091-vol-vi-141-jpg',1152,0),(1295,'57d40aef-ea37-4f83-b601-e706c3387a7b-processo-2010008091-vol-vi-142-jpg',1153,0),(1296,'57d40aef-ea37-4f83-b601-e706c3387a7b-processo-2010008091-vol-vi-141-jpg-2',1155,0),(1297,'57d40aef-ea37-4f83-b601-e706c3387a7b-processo-2010008091-vol-vi-142-jpg-2',1157,0),(1299,'processo-2010008091-vol-vi-assinado-2',1158,0),(1300,'23r2-4zs9-5mw6',1159,0),(1301,'c6xt-hf82-e3cp',1160,0),(1302,'35e01300-f1cb-4bd4-9b87-4347af25dff4-processo-2010008091-vol-vi-assinado-pdf',1161,0),(1303,'35e01300-f1cb-4bd4-9b87-4347af25dff4-processo-2010008091-vol-vi-assinado-141-jpg',1162,0),(1304,'35e01300-f1cb-4bd4-9b87-4347af25dff4-processo-2010008091-vol-vi-assinado-142-jpg',1163,0),(1305,'35e01300-f1cb-4bd4-9b87-4347af25dff4-processo-2010008091-vol-vi-assinado-141-jpg-2',1165,0),(1306,'35e01300-f1cb-4bd4-9b87-4347af25dff4-processo-2010008091-vol-vi-assinado-142-jpg-2',1167,0),(1308,'processo-2010008091-vol-vi-ocred-2',1168,0),(1309,'ygk2-m2pr-sbqx',1169,0),(1310,'6736-cncb-7f4r',1170,0),(1311,'62e92ac6-db51-424c-a6c0-b542a4b10baf-processo-2010008091-vol-vi-ocred-pdf',1171,0),(1312,'62e92ac6-db51-424c-a6c0-b542a4b10baf-processo-2010008091-vol-vi-ocred-141-jpg',1172,0),(1313,'62e92ac6-db51-424c-a6c0-b542a4b10baf-processo-2010008091-vol-vi-ocred-142-jpg',1173,0),(1314,'62e92ac6-db51-424c-a6c0-b542a4b10baf-processo-2010008091-vol-vi-ocred-141-jpg-2',1175,0),(1315,'62e92ac6-db51-424c-a6c0-b542a4b10baf-processo-2010008091-vol-vi-ocred-142-jpg-2',1177,0),(1317,'processo-2010008091-vol-vi-ocred-assinado-2',1178,0),(1318,'328e-r99b-q55h',1179,0),(1319,'wzzx-fk3g-ags3',1180,0),(1320,'c7a3242b-54b1-46e6-b0ac-6ce3a5b57207-processo-2010008091-vol-vi-ocred-assinado-pdf',1181,0),(1321,'c7a3242b-54b1-46e6-b0ac-6ce3a5b57207-processo-2010008091-vol-vi-ocred-assinado-141-jpg',1182,0),(1322,'c7a3242b-54b1-46e6-b0ac-6ce3a5b57207-processo-2010008091-vol-vi-ocred-assinado-142-jpg',1183,0),(1323,'c7a3242b-54b1-46e6-b0ac-6ce3a5b57207-processo-2010008091-vol-vi-ocred-assinado-141-jpg-2',1185,0),(1324,'c7a3242b-54b1-46e6-b0ac-6ce3a5b57207-processo-2010008091-vol-vi-ocred-assinado-142-jpg-2',1187,0),(1326,'processo-2010228091-vol-v-ocred-2',1188,0),(1327,'x6na-nqqs-97wy',1189,0),(1328,'k4at-b794-9pry',1190,0),(1329,'376bb4c2-0b26-4c26-a476-f3016fdc892f-processo-2010228091-vol-v-ocred-pdf',1191,0),(1330,'376bb4c2-0b26-4c26-a476-f3016fdc892f-processo-2010228091-vol-v-ocred-141-jpg',1192,0),(1331,'376bb4c2-0b26-4c26-a476-f3016fdc892f-processo-2010228091-vol-v-ocred-142-jpg',1193,0),(1332,'376bb4c2-0b26-4c26-a476-f3016fdc892f-processo-2010228091-vol-v-ocred-141-jpg-2',1195,0),(1333,'376bb4c2-0b26-4c26-a476-f3016fdc892f-processo-2010228091-vol-v-ocred-142-jpg-2',1197,0),(1340,'qdwx-dc9r-p3r6',1200,0),(1350,'azkh-bxwz-ze33',1210,0),(1362,'rpwy-bdhn-q8d6',1220,0),(1372,'q2tk-zm8c-wdea',1230,0),(1384,'rfkn-tax3-2mcg',1240,0),(1394,'wqrc-ngd2-q8pw',1250,0),(1403,'diploma-isadora-rios',1258,0),(1405,'kmxm-and3-66nn',1259,0),(1406,'r4rp-fp3b-3haw',1260,0),(1407,'0537f632-7191-48db-a76f-6f30ff7db0df-diploma-isadora-jpg',1261,0),(1408,'0537f632-7191-48db-a76f-6f30ff7db0df-diploma-isadora-141-jpg',1262,0),(1409,'0537f632-7191-48db-a76f-6f30ff7db0df-diploma-isadora-142-jpg',1263,0),(1410,'0537f632-7191-48db-a76f-6f30ff7db0df-diploma-isadora-141-jpg-2',1265,0),(1411,'0537f632-7191-48db-a76f-6f30ff7db0df-diploma-isadora-142-jpg-2',1267,0),(1413,'historico-isadora-rios',1268,0),(1415,'w8t9-bqr5-82q4',1269,0),(1416,'fxdx-sk4f-hk5q',1270,0),(1417,'8854484b-2b65-40fa-a9eb-22403af89f54-historico-isadora-pdf',1271,0),(1418,'8854484b-2b65-40fa-a9eb-22403af89f54-historico-isadora-141-jpg',1272,0),(1419,'8854484b-2b65-40fa-a9eb-22403af89f54-historico-isadora-142-jpg',1273,0),(1420,'8854484b-2b65-40fa-a9eb-22403af89f54-historico-isadora-141-jpg-2',1275,0),(1421,'8854484b-2b65-40fa-a9eb-22403af89f54-historico-isadora-142-jpg-2',1277,0);
/*!40000 ALTER TABLE `slug` ENABLE KEYS */;
UNLOCK TABLES;

--
-- Table structure for table `static_page`
--

DROP TABLE IF EXISTS `static_page`;
/*!40101 SET @saved_cs_client     = @@character_set_client */;
/*!50503 SET character_set_client = utf8mb4 */;
CREATE TABLE `static_page` (
  `id` int NOT NULL,
  `source_culture` varchar(16) NOT NULL,
  PRIMARY KEY (`id`),
  CONSTRAINT `static_page_FK_1` FOREIGN KEY (`id`) REFERENCES `object` (`id`) ON DELETE CASCADE
) ENGINE=InnoDB DEFAULT CHARSET=utf8mb4 COLLATE=utf8mb4_0900_ai_ci;
/*!40101 SET character_set_client = @saved_cs_client */;

--
-- Dumping data for table `static_page`
--

LOCK TABLES `static_page` WRITE;
/*!40000 ALTER TABLE `static_page` DISABLE KEYS */;
INSERT INTO `static_page` VALUES (7,'en'),(8,'en'),(9,'en'),(759,'en');
/*!40000 ALTER TABLE `static_page` ENABLE KEYS */;
UNLOCK TABLES;

--
-- Table structure for table `static_page_i18n`
--

DROP TABLE IF EXISTS `static_page_i18n`;
/*!40101 SET @saved_cs_client     = @@character_set_client */;
/*!50503 SET character_set_client = utf8mb4 */;
CREATE TABLE `static_page_i18n` (
  `title` varchar(1024) DEFAULT NULL,
  `content` text,
  `id` int NOT NULL,
  `culture` varchar(16) NOT NULL,
  PRIMARY KEY (`id`,`culture`),
  CONSTRAINT `static_page_i18n_FK_1` FOREIGN KEY (`id`) REFERENCES `static_page` (`id`) ON DELETE CASCADE
) ENGINE=InnoDB DEFAULT CHARSET=utf8mb4 COLLATE=utf8mb4_0900_ai_ci;
/*!40101 SET character_set_client = @saved_cs_client */;

--
-- Dumping data for table `static_page_i18n`
--

LOCK TABLES `static_page_i18n` WRITE;
/*!40000 ALTER TABLE `static_page_i18n` DISABLE KEYS */;
INSERT INTO `static_page_i18n` VALUES ('Willkommen','Das ist die standardmige Homepage von AtoM. Dabei handelt es sich um eine Beta-Version, die nach wie vor weiter entwickelt und getestet wird.\n\nAtoM ist eine vollstndig webbasierte Anwendung zur Archiverschlieung. Sie basiert auf den Standards des <a href=\"http://www.ica.org/\">Internationalen Archivrats</a> (ICA). <i>AtoM</i> ist ein Akronym fr <i>Access to Memory</i>.\n\nDer ICA und seine <a href=\"http://ica-atom.org/about#partners\">Projekpartner</a> machen diese Anwendung als Open-Source-Software zugnglich, um archivischen Institutionen eine frei zugnglichen und einfach zu benutzende Mglichkeit anzubieten, ihre Bestnde online vorzustellen. Auf der Seite <a href=\"about\">ber AtoM</a> erfahren Sie Nheres zum Projekt.\n\n<h2>Hilfe</h2>\n\nBentzen Sie das online <a href=\"http://ica-atom.org/docs\">Bentzerhandbuch</a> um mehr ber die Funktionen dieses Programms zu erfahren oder whlen Sie die Schaltflche\n<i>blttern</i>, um einige Beispieldaten zu sehen.',7,'de'),('Bem-vindo','Pgina padro de apresentao do AtoM.',7,'en'),('Bienvenido','Esta es la pgina por defecto de AtoM.\n\nAtoM es una aplicacin diseada para la descripcin de archivos con soporte web completo basada en los estndares del <a href=\"http://www.ica.org/\">Consejo Internacional de Archivos</a> (CIA/ICA). <i>AtoM</i> es el acrnimo de <i>Access to Memory</i> (Acceso a la Memoria).\n\nEl CIA/ICA y sus <a href=\"http://ica-atom.org/about#partners\">colaboradores</a> en el proyecto estn desarrollando esta aplicacin de recursos de software abierto para que las instituciones archivsticas puedan hospedar online su informacin de un modo fcil y gratuito. Consulte <a href=\"acerca\">about page</a> para conocer ms informacin acerca del proyecto AtoM.\n\nConsulte la <a href=\"http://ica-atom.org/docs\">documentacin</a> online para saber ms acerca de cmo usar el software o presione el botn <i>navegar</i> situado en la parte derecha de la pantalla para ver algunos ejemplos',7,'es'),('Bienvenue','Vous tes sur la page daccueil dAtoM. Il sagit dune version bta encore en phase active de dveloppement et de test.\n\nAtoM est une application Web de description archivistique qui repose sur les normes du <a href=\"http://www.ica.org/ \"> Conseil International des Archives</a>(CIA). <i>AtoM</i> est un acronyme signifiant: <i> Access to Memory </i> [Accs  la Mmoire].\n\nLe CIA et <a href=\"http://ica-atom.org/about#partners\">ses partenaires associs au projet</a> veillent  faire de cette application un logiciel libre afin de fournir aux services darchives une solution gratuite et facile demploi pour la mise en ligne de leurs fonds darchives. Pour en apprendre plus sur le projet du CIA, voyez la <a href=\"about\">page   propos </a>.\n\nConsultez la <a href=\"https://www.ica-atom.org/doc/Main_Page/fr \">documentation en ligne</a> pour en apprendre plus sur lutilisation du logiciel , ou bien cliquez sur le bouton <i>Naviguer </i>  droite pour voir quelques exemples de donnes en ligne.',7,'fr'),('Benvido','Esta  a pxina por defecto de AtoM. Esta  a versin beta que anda esta en desenvolvemento e proba.\n\nAtoM  unha aplicacin completa baseada na web para a descricin arquivstica. Emprega os estndares do <a href=\"http://www.ica.org/\">Consello Internacional de Arquivos </a> (ICA). <i>AtoM</i>  o acrnimo de <i>Acceso  Memoria </i>.\n\nO ICA e os seus <a href=\"http://ica-atom.org/about#partners\">colaboradores no proxecto </a> estn traballando para que a aplicacin sexa dispoible como software de cdigo aberto e proporcione s institucins arquivsticas unha opcin de balde e doada de empregar para publicar en lia as sas coleccins arquivsticas. Vexa a <a href=\"about\">pxina about</a> para aprender mis sobre o proxecto AtoM.\n\nVexa a documentacin <a href=\"http://ica-atom.org/docs\">online</a> para aprender mis sobre o uso do software e prema o botn <i>examinar</i>  dereita para ver algns exemplos.',7,'gl'),('Selamat Datang','Ini adalah halaman utama AtoM. Ini adalah versi beta yang masih dalam pengembangan dan pengujian secara aktif.\n\nAtoM adalah aplikasi berbasis web untuk deskripsi arsip yang berdasar pada <a href=\"http://www.ica.org/\"> International Council on Archives</a> (ICA) standar. <i>AtoM</i> adalah singkatan dari <i>Access to Memory</i>.\n\nICA dan rekanannya <a href=\"http://ica-atom.org/about#partners\">proyek  kolaborator</a> membuat aplikasi ini sebagai aplikasi <i>open source</i> agar dapat mendukung institusi arsip secara terbuka dan memudahkan untuk mengelola koleksi arsip mereka secara online.\n\nLihat <a href=\"about\">Tentang AtoM</a> untuk mempelajari lebih lanjut tentang proyek aplikasi AtoM.\n\nLihat online <a href=\"http://ica-atom.org/docs\">dokumentasi</a> untuk mempelajari lebih lanjut menggunakan aplikasi ini atau gunakan <i>browse</i> pada bagian kanan untuk melihat beberapa sample data.',7,'id'),('Benvenuti','Questa  la pagina predefinita di AtoM.\n\nAtoM  un applicazione per la descrizione archivistica interamente online, basata sugli standard dell\'<a href=\"http://www.ica.org/\">International Council on Archives</a> (ICA). AtoM  un acronimo per <i>Access to Memory</i>.\n\nICA e i suoi <a href=\"http://ica-atom.org/about#partners\">collaboratori nel progetto</a> stanno sviluppando questa applicazione open source per fornire alle istituzioni archivistiche una semplice e gratuita opzione per rendere disponibile in linea il loro patrimonio archivistico. Si veda la pagina delle <a href=\"about\">informazioni</a> per ulteriori indicazioni sul progetto AtoM.\n\n possibile consultare la <a href=\"http://ica-atom.org/docs\">documentazione</a> per informazioni su come utilizzare il software o, utilizzando il pulsante <i>naviga</i> sulla destra,  possibile vedere alcuni esempi.',7,'it'),('','AtoM<a href=\"http://www.ica.org/\"></a> ICA AtomAccess to Memory\n\nICA<a href=\"http://ica-atom.org/about#partners\"> </a>ICA Atom <a href=\"about\">about page</a> \n\n<a href=\"http://ica-atom.org/docs\">documentation</a>  <i>browse</i> ',7,'ja'),('','  AtoM   .        ,       .\n\nAtoM       ,   <a href=\"http://www.ica.org/\">  </a> (ICA) . <i>AtoM</i>  <i>Access to Memory</i> .\n\nICA   <a href=\"http://ica-atom.org/about#partners\"> </a>                     .  <a href=\"about\"> </a> AtoM    .\n\n <a href=\"http://ica-atom.org/docs\"></a>       <i></i>     .',7,'ka'),('','  AtoM 1.0.7. .      . \n\nAtoM \'\'(ICA)     .AtoM   (Access to Memory) .\n\nICA ICA \' \'               . AtoM       \' \' .  \n\n        \'\' ,     \'\'  .    ',7,'ko'),('Welkom','Dit is de standaard homepage voor AtoM. Dit is een beta versie, nog onder ontwikkeling en testen.\n\nAtoM is een volledig web based applicatie voor het beschrijven van archieven, gebaseerd op <a href=\"http://www.ica.org/\">International Council on Archives</a> (ICA) standaarden. <i>AtoM</i> is een acroniem voor <i>Access to Memory</i>.\n\nDe ICA en zijn <a href=\"http://ica-atom.org/about#partners\">project partners</a> stellen deze applicatie beschikbaar als open source software, om archiefinstellingen te voorzien van een vrij en gemakkelijk te gebruiken voorziening om hun archiefcollecties online te zetten. Zie de <a href=\"about\">over pagina</a> voor meer informatie over het AtoM project.\n\nZie de online <a href=\"http://ica-atom.org/docs\">documentatie</a> voor meer informatie over het gebruik van de software of toets de <i>browse</i> knop aan de rechterkant om enkele voorbeelden te bekijken.',7,'nl'),('Witamy','To jest strona domowa AtoM. Jest to wersja beta, nadal podlegajca aktywnym testom i zmianom.\n\nAtoM jest opartym w peni na technologii web oprogramowaniem do opisu archiwalnego bazujcym na standardach <a href=\"http://www.ica.org/\">Midzynarodowej Rady Archiww (ICA)</a>. <i>AtoM</i> jest akronimem angielskich sw <i>Access to Memory</i>.\n\nMidzynarodowa Rada Archiww, wraz z <a href=\"http://ica-atom.org/about#partners\">partnerami projektu</a> tworz to oprogramowanie na zasadach open source, aby umoliwi instytucjom archiwalnym atw i swobodn metod publikowania swoich kolekcji online.\n\nZapoznajcie si ze stron <a href=\"about\">O projekcie</a> aby dowiedzie si wicej na temat AtoM.\n\nZachcamy rwnie do skorzystania z <a href=\"http://ica-atom.org/docs\">dokumentacji</a> aby dowiedzie si wicej na temat uytkowania programu lub kliknicia odnonika <i>browse</i> po prawej stronie, aby przeglda przykadowe dane demonstracyjne.',7,'pl'),('Bem-vindo','Esta  a pgina padro para o AtoM.\n\nAtoM  um aplicativo de descrio arquivstica integralmente voltado para web e baseado em <a href=\"http://www.ica.org/\">Conselho Internacional de Arquivos</a> (CIA) normas. <i>AtoM</i>  um acrnimo para <i>Access to Memory [Acesso  Memria]</i>.\n\nO CIA e seus <a href=\"http://ica-atom.org/about#partners\">colaboradores neste projeto</a> esto disponibilizando este aplicativo como software de fonte aberta para prestar apoio a entidades custodiadoras como uma opo gratuita e de fcil uso para colocar seus acervos arquivsticos online. Veja <a href=\"about\">about page</a> para saber mais sobre o projeto AtoM.\n\nVeja a <a href=\"http://ica-atom.org/docs\">documentao</a> para saber mais como utilizar o software ou pressione o boto <i>navegador</i> no lado direito para ver alguns exemplos.',7,'pt'),('Dobrodoli','To je privzeta domaa stran programa AtoM. Gre za beta verzijo, ki se aktivno razvija in testira.\n\nAtoM je v celoti spletni arhivski program, ki temelji na standardih Mednarodnega arhivskega sveta (ICA) <a href=\"http://www.ica.org/\">International Council on Archives</a> (ICA) standards. <i>AtoM</i> Atom je kratica za dostop do pomnilnika.\n\nS pomojo ICA in <a href=\"http://ica-atom.org/about#partners\">drugih sodelavcev pri projektu</a> je program dostopen kot odprtokodna programska oprema, ki institucijam z arhivi ponuja brezplano in preprosto monost objave svojih arhivskih zbirk na spletu. Glejte <a href=\"about\">o strani</a> za ve informacij o projektu AtoM.\n\nOglejte si spletno dokumentacijo <a href=\"http://ica-atom.org/docs\">dokumentacija</a> za ve informacij o uporabi programa ali kliknite gumb <i>ii</i> na desni strani za ogled primerov.',7,'sl'),('',' default homepage  AtoM \n\nAtoM   <a href=\"http://www.ica.org/\">International Council on Archives</a> (ICA) standards. <i>AtoM</i>  <i>Access to Memory</i>.\n\nICA <a href=\"http://ica-atom.org/about#partners\">  project </a>  open source software  <a href=\"about\"> about page </a>  AtoM project\n\n <a href=\"http://ica-atom.org/docs\"> documentation</a>    <i>browse</i> ',7,'th'),('Quant a',NULL,8,'ca'),('Sobre',NULL,8,'ca@valencia'),('Ynghylch',NULL,8,'cy'),('ber','Dies ist die vorgegebene Seite <i>ber</i> der Open-Source Anwendung zur archivischen Erschlieung AtoM. Fr den Einstieg in AtoM bentzen Sie die <a href=\"http://ica-atom.org/docs\">Dokumentation</a>. Hier erfahren Sie, wie Sie die Anwendung an die Gestaltung ihrer Webseite anpassen und editieren knnen.\n\nAtoM ist ein <a href=\"http://ica-atom.org/about#partners\">gemeinschaftliches Projekt</a>. Es mchte der internationalen archivarischen Gemeinschaft eine freie, auf Open-Source basierende Software-Anwendung zur Verfgung stellen, um Archivbestnde in bereinstimmung mit den ICA-Standards erschlieen zu knnen.\n\nZiel ist es, eine einfache, vielsprachige, komplett webbasierte Anwendung zur Verfgung zu stellen, die es Institutionen erlaubt, ihre Archivbestnde online vorzustellen.',8,'de'),('ber',NULL,8,'de-CH'),('',NULL,8,'el'),('About','This is the default <i>About</i> page for the AtoM open source archival description application. See the online <a href=\"http://ica-atom.org/docs\">documentation</a> to learn how to get started with AtoM, including how to customize and edit this page to suit your own website.\n\nAtoM is a <a href=\"http://ica-atom.org/about#partners\">collaborative project</a> with the aim to provide the international archival community with a free, open source software application to manage archival descriptions in accord with ICA standards.\n\nThe goal is to provide an easy to use, multilingual application that is fully web based and will allow institutions to make their archival collections available online.',8,'en'),('Acerca','sta es la pgina por defecto <i>Acerca</i> de la aplicacin para descripcin archivstica de cdigo abierto AtoM. Para informacin sobre cmo utilizar AtoM, personalizar y editar esta pgina segn las caractersticas de su propio sitio Web, consulte <a href=\"http://ica-atom.org/docs\">documentation</a> .\n\nEl proyecto AtoM <a href=\"http://ica-atom.org/about#partners\">collaborative project</a> tiene por objetivo proporcionar a la comunidad archivstica internacional una aplicacin gratuita de cdigo abierto para la administracin descripciones archivsticas en cumplimiento con estndares ICA.\n\nLa meta es poner a disposicin del usuario una aplicacin multilinge, de fcil uso y situada en la red, que permita a las instituciones publicar sus colecciones archivsticas en lnea.',8,'es'),('Buruz',NULL,8,'eu'),(' ',NULL,8,'fa'),(' propos','Vous tes sur la page <i> propos</i> du logiciel libre de description archivistique AtoM. Voir la <a href=\"http://ica-atom.org/docs\">documentation en ligne </a> pour apprendre  utiliser AtoM, l\'adapter  vos besoins et modifier cette page afin qu\'elle convienne  votre propre site Web.\n\nAtoM est un <a href=\"http://ica-atom.org/about#partners\">projet collaboratif</a> ayant pour but de fournir  la communaut archivistique internationale une application gratuite, disponible en code source libre, permettant de grer des descriptions archivistiques conformment aux normes de l\'ICA.\n\nLe but est de fournir une application facile  utiliser, multilingue et entirement base sur le Web qui permettra aux institutions de rendre accessible en ligne leurs collections archivistiques.',8,'fr'),('Acerca',NULL,8,'gl'),('Informacije',NULL,8,'hr'),('Info',NULL,8,'hu'),('Tentang Kami',NULL,8,'id'),('Um',NULL,8,'is'),('Riguardo','Questa  la pagina predefinita per le <i>Informazioni su</i> AtoM, un\'applicazione open-source per la descrizione archivistica. Si veda la <a href=\"http://ica-atom.org/docs\">documentazione</a> in linea per informazioni su come iniziare con AtoM, come personalizzare e tradurre questa pagina per adattarla al proprio sito web.\n\nAtoM  un <a href=\"http://ica-atom.org/about#partners\">progetto collaborativo</a> con lo scopo di mettere a disposizione della comunit archivistica internazionale un software gratis, libero e open source per gestire le descrizioni archivistiche nel rispetto degli standard ICA.\n\nL\'obiettivo  fornire un\'applicazione semplice e multilingua, accessibile interamente online e che permetta alle istituzioni di rendere fruibili online i propri fondi.',8,'it'),('',NULL,8,'ja'),('',NULL,8,'ka'),('About','   AtoM      .  AtoM      \'\' .          .\n\nAtoM   ICA                 .\n\n                   .',8,'ko'),('Over','Dit is de standaard <i>over...</i> pagina voor de AtoM open-source archivistisch beschrijvingsapplicatie. Kijk naar de online <a href=\"http://ica-atom.org/docs\">documentatie</a> om te leren hoe van start te gaan met deze applicatie, inclusief het aanpassen en bewerken van deze pagina om binnen uw eigen webpagina in te passen.\n\nAtoM is een <a href=\"http://ica-atom.org/about#partners\">samenwerkingsproject</a> met het doel om de internationale archiefwereld te voorzien van een vrij, open-source software applicatie om hun archiefbeschrijvingen te beheren conform de ICA-standaarden.\n\nHet doel is om een eenvoudig te gebruiken, meertalige applicatie, dat volledig web-gebaseerd is beschikbaar te stellen. Het geeft instellingen de mogelijkheid om hun archiefcollecties online beschikbaar te stellen.',8,'nl'),('O...',NULL,8,'pl'),('Sobre','Essa  a pgina padro <i>Sobre</i> do AtoM, um aplicativo de cdigo-fonte aberto para descrio arquivstica. Acesse a <a href=\"http://ica-atom.org/docs\">documentao</a> online para aprender como comear a usar o AtoM, incluindo como personalizar e editar essa pgina para inclu-la em seu site.\n\nAtoM  <a href=\"http://ica-atom.org/about#partners\">projeto colaborativo</a> que visa prover a comunidade arquivstica internacional de um software aplicativo gratuito e de cdigo-fonte aberto, para gerenciamento de descries arquivsticas em conformidade s normas do Conselho Internacional de Arquivos (ICA).\n\nO objetivo  disponibilizar um aplicativo fcil de usar, multilngue, e totalmente baseado na web, permitindo que instituies possam disponibilizar seus acervos arquivsticos on-line.',8,'pt'),('Sobre',NULL,8,'pt_BR'),('Sobre',NULL,8,'pt-BR'),('O programu','To je prednastavljena <i>About</i> stran za AtoM odprtokodno aplikacijo za popisovanje arhivskega gradiva. Glej \"online\" <a href=\"http://ica-atom.org/docs\">documentation</a>, kjer izve ve o tem kako zaeti delo s programom, vkljuno s tem, kako preoblikovati in urediti to stran za lastne potrebe.\n\nICA in njegovi <a href=\"http://ica-atom.org/about#partners\">sodelavci v projektu</a> so pripravili za potrebe mednarodne arhivske skupnosti prosto dostopno in odprtokodno aplikacijo za upravljanje arhivskih opisov v skladu z ICA standardi.\n\nNa cilj je pripraviti uporabno, vejezikovno spletno aplikacijo, ki bo omogoala ustanovam \"on line\" predstavitev njihovih arhivskih zbirk.',8,'sl'),('',NULL,8,'sr'),('Om',NULL,8,'sv'),('Ma\'lumot',NULL,8,'uz'),('V',NULL,8,'vi'),('',NULL,8,'zh'),('Polisi Preifatrwydd',NULL,9,'cy'),('Privacy Policy','##Website visitors##\n\nThis Access to Memory (AtoM) site is designed to allow users to browse and search for the holdings of archives, libraries and museums. Public users will not be asked to log in and will not be asked for any personally identifying information.\n\nHowever, like many modern websites, AtoM collects cookies in order to enable browsing and loading of certain types of content. A cookie is a string of information that a website stores on a visitors computer, and that the visitors browser provides to the website each time the visitor returns. Visitors to AtoM sites who do not wish to have cookies placed on their computers should set their browsers to refuse cookies. However, certain features may not function properly without the aid of cookies.\n\nAtoM supports integration with Google Analytics (https://www.google.com/analytics/) for the purposes of gathering statistics on page views, site usage, user location, and other data on site visits. All data collected by Google Analytics are stored and processed by Google, according to the Google Ads Data Processing Terms. (https://privacy.google.com/businesses/processorterms/)\n\nNone of the information gathered through the use of cookies or Google Analytics is used for any purpose other than the ones described above.\n\n##Logged-in users##\n\nUsers who log in have user accounts with usernames and passwords. These data are collected solely for the purpose of enabling users to log in to the software and are not disclosed to third parties. All AtoM user passwords are stored in encrypted form to enhance data security.',9,'en'),('Politique de confidentialit',NULL,9,'fr'),('Politika privatnosti',NULL,9,'hr'),('Kebijakan Privasi',NULL,9,'id'),('',NULL,9,'ja'),('Poltica de privacidade',NULL,9,'pt'),('Poltica de Privacidade',NULL,9,'pt_BR'),('Sekretesspolicy',NULL,9,'sv'),('Bem vindo','<!-- Google tag (gtag.js) -->\n<script async src=\"https://www.googletagmanager.com/gtag/js?id=G-ZFM6REHK5K\"></script>\n<script>\n  window.dataLayer = window.dataLayer || [];\n  function gtag(){dataLayer.push(arguments);}\n  gtag(\'js\', new Date());\n\n  gtag(\'config\', \'G-ZFM6REHK5K\');\n</script>',759,'en');
/*!40000 ALTER TABLE `static_page_i18n` ENABLE KEYS */;
UNLOCK TABLES;

--
-- Table structure for table `status`
--

DROP TABLE IF EXISTS `status`;
/*!40101 SET @saved_cs_client     = @@character_set_client */;
/*!50503 SET character_set_client = utf8mb4 */;
CREATE TABLE `status` (
  `object_id` int NOT NULL,
  `type_id` int DEFAULT NULL,
  `status_id` int DEFAULT NULL,
  `id` int NOT NULL AUTO_INCREMENT,
  `serial_number` int NOT NULL DEFAULT '0',
  PRIMARY KEY (`id`),
  KEY `status_FI_1` (`object_id`),
  KEY `status_FI_2` (`type_id`),
  KEY `status_FI_3` (`status_id`),
  CONSTRAINT `status_FK_1` FOREIGN KEY (`object_id`) REFERENCES `object` (`id`) ON DELETE CASCADE,
  CONSTRAINT `status_FK_2` FOREIGN KEY (`type_id`) REFERENCES `term` (`id`) ON DELETE CASCADE,
  CONSTRAINT `status_FK_3` FOREIGN KEY (`status_id`) REFERENCES `term` (`id`) ON DELETE CASCADE
) ENGINE=InnoDB AUTO_INCREMENT=127 DEFAULT CHARSET=utf8mb4 COLLATE=utf8mb4_0900_ai_ci;
/*!40101 SET character_set_client = @saved_cs_client */;

--
-- Dumping data for table `status`
--

LOCK TABLES `status` WRITE;
/*!40000 ALTER TABLE `status` DISABLE KEYS */;
INSERT INTO `status` VALUES (1,158,159,1,0),(444,158,159,2,0),(519,158,159,11,0),(522,158,159,12,0),(527,158,159,13,0),(533,158,159,14,0),(534,158,159,15,0),(536,158,159,16,0),(537,158,159,17,0),(541,158,159,18,0),(545,158,159,19,0),(549,158,159,20,0),(553,158,159,21,0),(557,158,159,22,0),(559,158,159,23,0),(560,158,159,24,0),(561,158,159,25,0),(586,158,159,37,0),(602,158,159,43,0),(937,158,160,74,0),(938,158,160,75,0),(940,158,160,76,0),(942,158,160,77,0),(944,158,160,78,0),(947,158,160,79,0),(951,158,160,80,0),(956,158,159,81,0),(1103,158,159,91,0),(1111,158,159,92,0),(1123,158,159,93,0),(1124,158,159,94,0),(1125,158,159,95,0),(1138,158,159,97,0),(1139,158,159,98,0),(1143,158,159,99,0),(1155,158,159,100,0),(1163,158,159,101,0),(1172,158,159,102,0),(1181,158,159,103,0),(1190,158,159,104,0),(1223,158,159,107,0),(1231,158,159,108,0),(1291,158,159,114,0),(1299,158,159,115,0),(1308,158,159,116,0),(1317,158,159,117,0),(1326,158,159,118,0),(1403,158,159,125,0),(1413,158,159,126,0);
/*!40000 ALTER TABLE `status` ENABLE KEYS */;
UNLOCK TABLES;

--
-- Table structure for table `taxonomy`
--

DROP TABLE IF EXISTS `taxonomy`;
/*!40101 SET @saved_cs_client     = @@character_set_client */;
/*!50503 SET character_set_client = utf8mb4 */;
CREATE TABLE `taxonomy` (
  `id` int NOT NULL,
  `usage` varchar(1024) DEFAULT NULL,
  `parent_id` int DEFAULT NULL,
  `source_culture` varchar(16) NOT NULL,
  PRIMARY KEY (`id`),
  KEY `taxonomy_FI_2` (`parent_id`),
  CONSTRAINT `taxonomy_FK_1` FOREIGN KEY (`id`) REFERENCES `object` (`id`) ON DELETE CASCADE,
  CONSTRAINT `taxonomy_FK_2` FOREIGN KEY (`parent_id`) REFERENCES `taxonomy` (`id`) ON DELETE CASCADE
) ENGINE=InnoDB DEFAULT CHARSET=utf8mb4 COLLATE=utf8mb4_0900_ai_ci;
/*!40101 SET character_set_client = @saved_cs_client */;

--
-- Dumping data for table `taxonomy`
--

LOCK TABLES `taxonomy` WRITE;
/*!40000 ALTER TABLE `taxonomy` DISABLE KEYS */;
INSERT INTO `taxonomy` VALUES (30,NULL,NULL,'en'),(31,NULL,30,'en'),(32,NULL,30,'en'),(33,NULL,30,'en'),(34,NULL,30,'en'),(35,NULL,30,'en'),(36,NULL,30,'en'),(37,NULL,30,'en'),(38,NULL,30,'en'),(40,NULL,30,'en'),(41,NULL,30,'en'),(42,NULL,30,'en'),(43,NULL,30,'en'),(44,NULL,30,'en'),(45,NULL,30,'en'),(46,NULL,30,'en'),(47,NULL,30,'en'),(48,NULL,30,'en'),(49,NULL,30,'en'),(50,NULL,30,'en'),(51,NULL,30,'en'),(52,NULL,30,'en'),(53,NULL,30,'en'),(54,NULL,30,'en'),(55,NULL,30,'en'),(56,NULL,30,'en'),(57,NULL,30,'en'),(59,NULL,30,'en'),(60,NULL,30,'en'),(61,NULL,30,'en'),(62,NULL,30,'en'),(63,NULL,30,'en'),(64,NULL,30,'en'),(65,NULL,30,'en'),(66,NULL,30,'en'),(67,NULL,30,'en'),(68,NULL,30,'en'),(69,NULL,30,'en'),(70,NULL,30,'en'),(71,NULL,30,'en'),(72,NULL,30,'en'),(73,NULL,30,'en'),(74,NULL,30,'en'),(75,NULL,30,'en'),(78,NULL,30,'en'),(79,NULL,30,'en'),(80,NULL,30,'en'),(81,NULL,30,'en'),(82,NULL,30,'en');
/*!40000 ALTER TABLE `taxonomy` ENABLE KEYS */;
UNLOCK TABLES;

--
-- Table structure for table `taxonomy_i18n`
--

DROP TABLE IF EXISTS `taxonomy_i18n`;
/*!40101 SET @saved_cs_client     = @@character_set_client */;
/*!50503 SET character_set_client = utf8mb4 */;
CREATE TABLE `taxonomy_i18n` (
  `name` varchar(1024) DEFAULT NULL,
  `note` text,
  `id` int NOT NULL,
  `culture` varchar(16) NOT NULL,
  PRIMARY KEY (`id`,`culture`),
  CONSTRAINT `taxonomy_i18n_FK_1` FOREIGN KEY (`id`) REFERENCES `taxonomy` (`id`) ON DELETE CASCADE
) ENGINE=InnoDB DEFAULT CHARSET=utf8mb4 COLLATE=utf8mb4_0900_ai_ci;
/*!40101 SET character_set_client = @saved_cs_client */;

--
-- Dumping data for table `taxonomy_i18n`
--

LOCK TABLES `taxonomy_i18n` WRITE;
/*!40000 ALTER TABLE `taxonomy_i18n` DISABLE KEYS */;
INSERT INTO `taxonomy_i18n` VALUES (NULL,NULL,30,'en'),('Nivell de detall de la descripci',NULL,31,'ca'),('Nivell de detall de la descripci',NULL,31,'ca@valencia'),('Lefelau Manylion Disgrifiad',NULL,31,'cy'),('Detaillierungsgrad der Erschlieung',NULL,31,'de'),('Detaillierungsgrad der Erschliessung',NULL,31,'de-CH'),('  ',NULL,31,'el'),('Description Detail Levels',NULL,31,'en'),('Nivel de detalle de la descripcin',NULL,31,'es'),('Xehetasun Deskribapen Mailak',NULL,31,'eu'),('Niveaux de dtail de la description',NULL,31,'fr'),('Detalles dos niveis da descricin',NULL,31,'gl'),('Razine detalja opisa',NULL,31,'hr'),('Lers Rszlet Szintek',NULL,31,'hu'),('Level detail deskripsi',NULL,31,'id'),('Livelli della completezza della descrizione',NULL,31,'it'),('',NULL,31,'ja'),('  ',NULL,31,'ka'),('',NULL,31,'ko'),('Niveaus van detailbeschrijving',NULL,31,'nl'),('Poziomy szczegw opisu',NULL,31,'pl'),('Descrio dos nveis de detalhe',NULL,31,'pt'),('Nveis de Detalhe da Descrio',NULL,31,'pt_BR'),('Nveis de Detalhe da Descrio',NULL,31,'pt-BR'),('Stopnja podrobnosti popisa',NULL,31,'sl'),('  ',NULL,31,'sr'),('Detaljniver fr beskrivning',NULL,31,'sv'),('   ',NULL,31,'th'),('Tavsif ma\'lumot darajasi',NULL,31,'uz'),('Levels chi tit m t',NULL,31,'vi'),('',NULL,31,'zh'),('Tipus d\'Actor',NULL,32,'ca'),('Tipus d\'Actor',NULL,32,'ca@valencia'),('Mathau o Endid Actor',NULL,32,'cy'),('Rechtspersnlichkeit',NULL,32,'de'),('Entittstypen Aktenbildner',NULL,32,'de-CH'),('Actor Entity Types',NULL,32,'en'),('Tipos de Actor',NULL,32,'es'),('Aktore Erakunde Motak',NULL,32,'eu'),('Types d\'entits acteurs',NULL,32,'fr'),('Vrste entiteta stvaratelja',NULL,32,'hr'),('Iratkpz entits tpusok',NULL,32,'hu'),('Tipe Entiti Aktor',NULL,32,'id'),('Tipi di entit dell\'Agente',NULL,32,'it'),('',NULL,32,'ja'),('  ',NULL,32,'ka'),('  ',NULL,32,'ko'),('Soorten entiteiten',NULL,32,'nl'),('Typy jednostek sprawcy/powoda',NULL,32,'pl'),('Tipos de entidades produtoras',NULL,32,'pt'),('Tipos de Autores',NULL,32,'pt_BR'),('Tipos de Autores',NULL,32,'pt-BR'),('Vrste entitet delovalcev',NULL,32,'sl'),('  ',NULL,32,'sr'),('Entitetstyper fr aktr',NULL,32,'sv'),('Actor Entity',NULL,32,'th'),('Muallif ijrochi obyekt turi',NULL,32,'uz'),('Loi thc th Actor',NULL,32,'vi'),('',NULL,32,'zh'),('Estat de la descripci',NULL,33,'ca'),('Estat de la descripci',NULL,33,'ca@valencia'),('Statws Disgrifiad',NULL,33,'cy'),('Erschlieungsstatus',NULL,33,'de'),('Erschliessungsstati',NULL,33,'de-CH'),(' ',NULL,33,'el'),('Description Statuses',NULL,33,'en'),('Estado de la descripcin',NULL,33,'es'),('Deskribapen Egoerak',NULL,33,'eu'),('Statut de la description',NULL,33,'fr'),('Estados da descricin',NULL,33,'gl'),('Stanja opisa',NULL,33,'hr'),('Lers sttuszok',NULL,33,'hu'),('Status Deskripsi',NULL,33,'id'),('Stati della descrizione',NULL,33,'it'),('',NULL,33,'ja'),('    ',NULL,33,'ka'),(' ',NULL,33,'ko'),('Beschrijvingsstatus',NULL,33,'nl'),('Statusy opisu',NULL,33,'pl'),('Estado da descrio',NULL,33,'pt'),('Estado da descrio',NULL,33,'pt_BR'),('Estado da descrio',NULL,33,'pt-BR'),('Statusi popisa',NULL,33,'sl'),(' ',NULL,33,'sr'),('Beskrivningsstatus',NULL,33,'sv'),('',NULL,33,'th'),('Tavsif statuslari',NULL,33,'uz'),('M t a v',NULL,33,'vi'),('',NULL,33,'zh'),('  ',NULL,34,'ar'),('Nivells de descripci',NULL,34,'ca'),('Nivells de descripci',NULL,34,'ca@valencia'),('Lefelau disgrifiad',NULL,34,'cy'),('Erschlieungsstufe',NULL,34,'de'),('Erschlieungsstufe',NULL,34,'de_AT'),('Erschliessungsstufe',NULL,34,'de_CH'),('Erschlieungsstufe',NULL,34,'de-AT'),('Erschliessungsstufe',NULL,34,'de-CH'),(' ',NULL,34,'el'),('Levels of description',NULL,34,'en'),('Niveles de descripcin',NULL,34,'es'),('Deskribapen mailak',NULL,34,'eu'),('Niveaux de description',NULL,34,'fr'),('Niveis de descricin',NULL,34,'gl'),('Razina opisa',NULL,34,'hr'),('Lersi szintek',NULL,34,'hu'),('Level Deskripsi',NULL,34,'id'),('rep lsingar',NULL,34,'is'),('livelli di descrizione',NULL,34,'it'),('',NULL,34,'ja'),(' ',NULL,34,'ka'),(' ',NULL,34,'ko'),('Beschrijvingsniveaus',NULL,34,'nl'),('Nveis de descrio',NULL,34,'pt'),('Nveis de descrio',NULL,34,'pt_BR'),('Nveis de descrio',NULL,34,'pt-BR'),('Nivoji popisa',NULL,34,'sl'),(' ',NULL,34,'sr'),('Beskrivningsniver',NULL,34,'sv'),(' ',NULL,34,'ta'),('',NULL,34,'th'),('Tavsif darajalari',NULL,34,'uz'),('Level m t',NULL,34,'vi'),('',NULL,34,'zh'),('',NULL,35,'ar'),('Matries',NULL,35,'ca'),('Matries',NULL,35,'ca@valencia'),('Pynciau',NULL,35,'cy'),('Themen',NULL,35,'de'),('Themen',NULL,35,'de_AT'),('Themen',NULL,35,'de_CH'),('Themen',NULL,35,'de-AT'),('Themen',NULL,35,'de-CH'),('',NULL,35,'el'),('Subjects',NULL,35,'en'),('Materias',NULL,35,'es'),('Gaiak',NULL,35,'eu'),('Sujets',NULL,35,'fr'),('Materias',NULL,35,'gl'),('Predmeti',NULL,35,'hr'),('Tmk',NULL,35,'hu'),('Subjek',NULL,35,'id'),('Vifangsefni',NULL,35,'is'),('Soggetti',NULL,35,'it'),('',NULL,35,'ja'),('',NULL,35,'ka'),('',NULL,35,'ko'),('Onderwerpen',NULL,35,'nl'),('Assuntos',NULL,35,'pt'),('Assuntos',NULL,35,'pt_BR'),('Assuntos',NULL,35,'pt-BR'),('',NULL,35,'ru'),('',NULL,35,'ru_RU'),('Osebe',NULL,35,'sl'),('',NULL,35,'sr'),('mnen',NULL,35,'sv'),('',NULL,35,'ta'),('',NULL,35,'th'),('Mavzular',NULL,35,'uz'),('Ch ',NULL,35,'vi'),('',NULL,35,'zh'),('Tipus de Nom d\'Actor',NULL,36,'ca'),('Tipus de Nom d\'Actor',NULL,36,'ca@valencia'),('Mathau o Enw Actor',NULL,36,'cy'),('Bezeichnung',NULL,36,'de'),('Namenstypen Aktenbildner',NULL,36,'de-CH'),('Actor Name Types',NULL,36,'en'),('Tipos de Nombre de Actor',NULL,36,'es'),('Aktore Izen Motak',NULL,36,'eu'),('Types de noms d\'acteurs',NULL,36,'fr'),('Tipos de nome de actor',NULL,36,'gl'),('Vrste imena stvaratelja',NULL,36,'hr'),('Iratkpz nv tpusok',NULL,36,'hu'),('Tipe Nama Aktor',NULL,36,'id'),('Tipi di nome dell\'Agente',NULL,36,'it'),('',NULL,36,'ja'),('  ',NULL,36,'ka'),('  ',NULL,36,'ko'),('Soorten naam van entiteiten',NULL,36,'nl'),('Typy nazw sprawcy/powoda',NULL,36,'pl'),('Tipos de nome de entidades produtoras',NULL,36,'pt'),('Tipos de Nomes de Autores',NULL,36,'pt_BR'),('Tipos de Nomes de Autores',NULL,36,'pt-BR'),('Vrste imen delovalcev',NULL,36,'sl'),(' / ',NULL,36,'sr'),('Namntyper fr aktr',NULL,36,'sv'),('',NULL,36,'th'),('Muallif ijrochi nomi turi',NULL,36,'uz'),('Loi tn actor',NULL,36,'vi'),('',NULL,36,'zh'),('Tipus de notes',NULL,37,'ca'),('Tipus de notes',NULL,37,'ca@valencia'),('Mathau o nodyn',NULL,37,'cy'),('Anmerkungsarten',NULL,37,'de'),('Anmerkungsarten',NULL,37,'de-CH'),(' ',NULL,37,'el'),('Note types',NULL,37,'en'),('Tipos de notas',NULL,37,'es'),('Ohar motak',NULL,37,'eu'),('Types de notes',NULL,37,'fr'),('Tipos de nota',NULL,37,'gl'),('Vrste napomena',NULL,37,'hr'),('Megjegyzs tpusok',NULL,37,'hu'),('Tipe catatan',NULL,37,'id'),('Gerir athugasemda',NULL,37,'is'),('Tipi di nota',NULL,37,'it'),('',NULL,37,'ja'),(' ',NULL,37,'ka'),(' ',NULL,37,'ko'),('Soorten aantekeningen',NULL,37,'nl'),('Tipos de nota',NULL,37,'pt'),('Tipos de notas',NULL,37,'pt_BR'),('Tipos de notas',NULL,37,'pt-BR'),(' ',NULL,37,'ru'),('Vrste opomb',NULL,37,'sl'),(' ',NULL,37,'sr'),('Anmrkningstyper',NULL,37,'sv'),('',NULL,37,'th'),('Izoh turlari',NULL,37,'uz'),('Loi ghi ch',NULL,37,'vi'),('',NULL,37,'zh'),('Tipus d\'institucions arxivstiques',NULL,38,'ca'),('Tipus d\'Institucions Arxivstiques',NULL,38,'ca@valencia'),('Mathau o gadwrfa',NULL,38,'cy'),('Archivtypen',NULL,38,'de'),('Archivtypen',NULL,38,'de-CH'),(' ',NULL,38,'el'),('Repository Types',NULL,38,'en'),('Tipos de Instituciones Archivsticas',NULL,38,'es'),('Errepositorio Motak',NULL,38,'eu'),('Types de dpts',NULL,38,'fr'),('Tipos de repositorios',NULL,38,'gl'),('Vrste repozitorija',NULL,38,'hr'),('Levltr tpusok',NULL,38,'hu'),('Jenis repositori',NULL,38,'id'),('Ger varveislustaar',NULL,38,'is'),('Tipologie di deposito',NULL,38,'it'),('',NULL,38,'ja'),(' ',NULL,38,'ka'),(' ',NULL,38,'ko'),('Soorten bewaarplaatsen',NULL,38,'nl'),('Tipos de entidades detentoras',NULL,38,'pt'),('Tipos de Entidades Custodiadoras',NULL,38,'pt_BR'),('Tipos de Entidades Custodiadoras',NULL,38,'pt-BR'),(' ',NULL,38,'ru'),('Vrste skladia',NULL,38,'sl'),(' ',NULL,38,'sr'),('Arkivinstitutionstyper',NULL,38,'sv'),('',NULL,38,'th'),('Muassasa turlari',NULL,38,'uz'),('Loi repository',NULL,38,'vi'),('',NULL,38,'zh'),('Tipus d\'activitat',NULL,40,'ca'),('Tipus d\'activitat',NULL,40,'ca@valencia'),('Mathau o ddigwyddiad',NULL,40,'cy'),('Ereignistyp',NULL,40,'de'),('Ereignistypen',NULL,40,'de-CH'),(' ',NULL,40,'el'),('Event Types','Used to describe the types of Events that Actors and InformationObjects are related to.',40,'en'),('Tipos de Actividad',NULL,40,'es'),('Ekitaldi Motak',NULL,40,'eu'),('Types d\'vnement',NULL,40,'fr'),('Tipo de evento',NULL,40,'gl'),('Vrste dogaaja',NULL,40,'hr'),('Esemnytpusok',NULL,40,'hu'),('Tipe Event',NULL,40,'id'),('Gerir atburar',NULL,40,'is'),('Tipi di evento',NULL,40,'it'),('',NULL,40,'ja'),(' ',NULL,40,'ka'),('() ',NULL,40,'ko'),('Soorten gebeurtenisen',NULL,40,'nl'),('Tipos de evento',NULL,40,'pt'),('Tipos de Eventos',NULL,40,'pt_BR'),('Tipos de Eventos',NULL,40,'pt-BR'),(' ',NULL,40,'ru'),('Vrste dogodka',NULL,40,'sl'),(' ',NULL,40,'sr'),('Hndelsetyper',NULL,40,'sv'),('',NULL,40,'th'),('Loi Event',NULL,40,'vi'),('',NULL,40,'zh'),('Etiquetes de parmetres de Qubit',NULL,41,'ca'),('Etiquetes de configuraci de Qubit',NULL,41,'ca@valencia'),('Labeli Gosodiadau Qubit',NULL,41,'cy'),('Qubit Einstellungskennzeichen',NULL,41,'de'),('Qubit Einstellungskennzeichen',NULL,41,'de-CH'),('Qubit Setting Labels','An internal, uneditable taxonomy used to store and translate alternate app setting labels used in different Qubit distributions',41,'en'),('Etiquetas de configuracin de Qubit',NULL,41,'es'),('Qubit Etiketen Ezarpenak',NULL,41,'eu'),('tiquettes des paramtres Qubit',NULL,41,'fr'),('Etiquetas de configuracin de Qubit',NULL,41,'gl'),('Oznake Qubit postavke',NULL,41,'hr'),('Qubit belltsok cmki',NULL,41,'hu'),('Label Pengaturan Qubit',NULL,41,'id'),('Etichette delle impostazioni di Qubit',NULL,41,'it'),('Qubit',NULL,41,'ja'),('  ',NULL,41,'ka'),('  ',NULL,41,'ko'),('Qubit instellings labels',NULL,41,'nl'),('Etykiety ustawie Qubit',NULL,41,'pl'),('Etiquetas de configurao do Qubit',NULL,41,'pt'),('Etiquetas de Definies Qubit',NULL,41,'pt_BR'),('Etiquetas de Definies Qubit',NULL,41,'pt-BR'),('Nastavitvene oznake orodja Qubit',NULL,41,'sl'),('  Qubit',NULL,41,'sr'),('Qubit Instllningsetiketter',NULL,41,'sv'),('Qubit sozlama yorliqlari',NULL,41,'uz'),('Qubit cc thit lp nhn',NULL,41,'vi'),('',NULL,41,'zh'),('',NULL,42,'ar'),('Llocs',NULL,42,'ca'),('Llocs',NULL,42,'ca@valencia'),('Lleoedd',NULL,42,'cy'),('Orte',NULL,42,'de'),('Orte',NULL,42,'de_AT'),('Orte',NULL,42,'de_CH'),('Orte',NULL,42,'de-AT'),('Orte',NULL,42,'de-CH'),('',NULL,42,'el'),('Places',NULL,42,'en'),('Lugares',NULL,42,'es'),('Lekuak',NULL,42,'eu'),(' ',NULL,42,'fa'),('Lieux',NULL,42,'fr'),('Lugares',NULL,42,'gl'),('Mjesta',NULL,42,'hr'),('Helyek',NULL,42,'hu'),('Tempat',NULL,42,'id'),('Stair',NULL,42,'is'),('Luoghi',NULL,42,'it'),('',NULL,42,'ja'),('',NULL,42,'ka'),('',NULL,42,'ko'),('Plaatsen',NULL,42,'nl'),('Miejsca',NULL,42,'pl'),('Locais',NULL,42,'pt'),('Locais',NULL,42,'pt_BR'),('Locais',NULL,42,'pt-BR'),('',NULL,42,'ru'),('',NULL,42,'ru_RU'),('Kraji',NULL,42,'sl'),('',NULL,42,'sr'),('Platser',NULL,42,'sv'),('',NULL,42,'ta'),('',NULL,42,'th'),('Mekanlar',NULL,42,'tr'),('Joylar',NULL,42,'uz'),('a im',NULL,42,'vi'),('',NULL,42,'zh'),('ISDF Tipus de funci',NULL,43,'ca'),('ISDF Tipus de Funci',NULL,43,'ca@valencia'),('Mathau Ffwythiant ISDF',NULL,43,'cy'),('ISDF Funktionen',NULL,43,'de'),('ISDF Funktionen',NULL,43,'de-CH'),('ISDF Function Types',NULL,43,'en'),('ISDF Tipos de Funcion',NULL,43,'es'),('ISDF Funtzio Motak',NULL,43,'eu'),('ISDF Types de Fonction',NULL,43,'fr'),('ISDF Tipos de Funcion',NULL,43,'gl'),('ISDF vrste funkcija',NULL,43,'hr'),('ISDF Funkci Tpusok',NULL,43,'hu'),('ISDF Function Types',NULL,43,'id'),('Tipologie di funzioni ISDF',NULL,43,'it'),('ISDF ',NULL,43,'ja'),('ISDF  ',NULL,43,'ka'),('ISDF  ',NULL,43,'ko'),('ISDF Functie Soorten',NULL,43,'nl'),('Tipos de Funes ISDF',NULL,43,'pt'),('Tipos de funo ISDF',NULL,43,'pt_BR'),('Tipos de funo ISDF',NULL,43,'pt-BR'),('Vrsta funkcij ISDF',NULL,43,'sl'),(' ISDF ',NULL,43,'sr'),('ISDF funktionstyper',NULL,43,'sv'),('ISDF  ',NULL,43,'th'),('ISDF loi chc nng',NULL,43,'vi'),('ISDF ',NULL,43,'zh'),('Historial d\'activitats',NULL,44,'ca'),('Historial d\'activitats',NULL,44,'ca@valencia'),('Digwyddiadau Hanesyddol',NULL,44,'cy'),('Historische Ereignisse',NULL,44,'de'),('Historische Ereignisse',NULL,44,'de-CH'),(' ',NULL,44,'el'),('Historical Events',NULL,44,'en'),('Sucesos histricos',NULL,44,'es'),('Gertaera Historikoak',NULL,44,'eu'),('vnements historiques',NULL,44,'fr'),('Acontecementos histricos',NULL,44,'gl'),('Povijesni dogaaji',NULL,44,'hr'),('Trtnelmi esemnyek',NULL,44,'hu'),('Peristiwa Sejarah',NULL,44,'id'),('Sgulegir viburir',NULL,44,'is'),('Eventi storici',NULL,44,'it'),('',NULL,44,'ja'),(' ',NULL,44,'ka'),(' ',NULL,44,'ko'),('Historische gebeurtenissen',NULL,44,'nl'),('Eventos histricos',NULL,44,'pt'),('Eventos histricos',NULL,44,'pt_BR'),('Eventos histricos',NULL,44,'pt-BR'),('Zgodovinski dogodki',NULL,44,'sl'),(' ',NULL,44,'sr'),('Historiska hndelser',NULL,44,'sv'),('',NULL,44,'th'),('S kin lch s',NULL,44,'vi'),('',NULL,44,'zh'),('Tipus de colleccions',NULL,45,'ca'),('Tipus de colleccions',NULL,45,'ca@valencia'),('Mathau o gasgliad',NULL,45,'cy'),('Bestandsart',NULL,45,'de'),('Bestandsart',NULL,45,'de-CH'),(' ',NULL,45,'el'),('Collection Types',NULL,45,'en'),('Tipos de Coleccin',NULL,45,'es'),('Bilduma Motak',NULL,45,'eu'),('Types de collections',NULL,45,'fr'),('Tipos de coleccins',NULL,45,'gl'),('Vrste zbirki',NULL,45,'hr'),('Gyjtemny tpusai',NULL,45,'hu'),('Tipe Koleksi',NULL,45,'id'),('Gerir sndarsafns',NULL,45,'is'),('Tipi di raccolta',NULL,45,'it'),('',NULL,45,'ja'),(' ',NULL,45,'ka'),(' ',NULL,45,'ko'),('Soorten collectie',NULL,45,'nl'),('Typy kolekcji',NULL,45,'pl'),('Tipos de acervo',NULL,45,'pt'),('Tipos de Coleo',NULL,45,'pt_BR'),('Tipos de Coleo',NULL,45,'pt-BR'),(' ',NULL,45,'ru'),('Vrste zbirke',NULL,45,'sl'),(' ',NULL,45,'sr'),('Samlingstyper',NULL,45,'sv'),('',NULL,45,'th'),('Loi Collection',NULL,45,'vi'),('',NULL,45,'zh'),('Tipus de suports',NULL,46,'ca'),('Tipus de suports',NULL,46,'ca@valencia'),('Mathau o gyfrwng',NULL,46,'cy'),('Medienarten',NULL,46,'de'),('Medienarten',NULL,46,'de-CH'),(' ',NULL,46,'el'),('Media Types',NULL,46,'en'),('Tipos de Soportes',NULL,46,'es'),('Medio Motak',NULL,46,'eu'),('Types de supports',NULL,46,'fr'),('Tipos de medio',NULL,46,'gl'),('Vrste medija',NULL,46,'hr'),('Mdia Tpusok',NULL,46,'hu'),('Jenis media',NULL,46,'id'),('Gerir mila',NULL,46,'is'),('Media Type',NULL,46,'it'),('',NULL,46,'ja'),(' ',NULL,46,'ka'),(' ',NULL,46,'ko'),('Bestandsformaten',NULL,46,'nl'),('Tipos de suporte',NULL,46,'pt'),('Tipos de Mdias',NULL,46,'pt_BR'),('Tipos de Mdias',NULL,46,'pt-BR'),(' ',NULL,46,'ru'),('Vrste medija',NULL,46,'sl'),(' ',NULL,46,'sr'),('Mediatyper',NULL,46,'sv'),('',NULL,46,'th'),('Media turlari',NULL,46,'uz'),('Loi truyn thng',NULL,46,'vi'),('',NULL,46,'zh'),('s dels Objectes Digitals',NULL,47,'ca'),('Usos dels Objectes Digitals',NULL,47,'ca@valencia'),('Defnydd Gwrthrychau Digidol',NULL,47,'cy'),('Reprsentationsformen digitaler Objekte',NULL,47,'de'),('Reprsentationsformen digitaler Objekte',NULL,47,'de-CH'),('Digital Object Usages',NULL,47,'en'),('Usos de los Objetivos Digitales',NULL,47,'es'),('Objektu Digitalaren Erabilerak',NULL,47,'eu'),('Usages d\'objets numriques',NULL,47,'fr'),('Usos dos obxectos dixitais',NULL,47,'gl'),('Upotrebe digitalnog objekta',NULL,47,'hr'),('Digitlis objektum felhasznlsok',NULL,47,'hu'),('Penggunaan Objek Digital',NULL,47,'id'),('Usi dell\'oggetto digitale',NULL,47,'it'),('',NULL,47,'ja'),('  ',NULL,47,'ka'),('  ',NULL,47,'ko'),('Gebruik digitaal object',NULL,47,'nl'),('Usos do objeto digital',NULL,47,'pt'),('Usos do objeto digital',NULL,47,'pt_BR'),('Usos do objeto digital',NULL,47,'pt-BR'),('Raba digitalnega objekta',NULL,47,'sl'),('  ',NULL,47,'sr'),('Digitalt objekt-anvndningar',NULL,47,'sv'),(' Usages',NULL,47,'th'),('Raqamli resurs foydalanish ko`rsatkichi',NULL,47,'uz'),('Cach i ai digital object',NULL,47,'vi'),('',NULL,47,'zh'),('Physical Object Type',NULL,48,'ca'),('Physical Object Type',NULL,48,'ca@valencia'),('Math o Wrthrych Ffisegol',NULL,48,'cy'),('Art des Physischen Objekts',NULL,48,'de'),('Art des Physischen Objekts',NULL,48,'de-CH'),('  ',NULL,48,'el'),('Physical Object Type',NULL,48,'en'),('Physical Object Type',NULL,48,'es'),('Objektu Fisiko Mota',NULL,48,'eu'),('Type d\'objet physique',NULL,48,'fr'),('Tipo de obxecto fsico',NULL,48,'gl'),('Vrsta fizikog objekta',NULL,48,'hr'),('Fizikai objektum tpusa',NULL,48,'hu'),('Tipe fisik objek',NULL,48,'id'),('Tipo di oggetto fisico',NULL,48,'it'),('',NULL,48,'ja'),('  ',NULL,48,'ka'),('  ',NULL,48,'ko'),('Soorten fysieke objecten',NULL,48,'nl'),('Tipo de objeto tridimensional',NULL,48,'pt'),('Tipo de Objeto Fsico',NULL,48,'pt_BR'),('Tipo de Objeto Fsico',NULL,48,'pt-BR'),('  ',NULL,48,'ru'),('Vrsta fizinega objekta',NULL,48,'sl'),('  ',NULL,48,'sr'),('Fysisk objekttyp',NULL,48,'sv'),('',NULL,48,'th'),('Fizik resurs turi',NULL,48,'uz'),('Loi vt l',NULL,48,'vi'),('',NULL,48,'zh'),('Tipus de relaci',NULL,49,'ca'),('Tipus de relaci',NULL,49,'ca@valencia'),('Math o gyswllt',NULL,49,'cy'),('Bezugsart',NULL,49,'de'),('Bezugsart',NULL,49,'de-CH'),('Relation Type',NULL,49,'en'),('Tipo de Relacin',NULL,49,'es'),('Erlazio Mota',NULL,49,'eu'),('Type de relation',NULL,49,'fr'),('Tipo de relacin',NULL,49,'gl'),('Vrsta veze',NULL,49,'hr'),('Kapcsolat tpusa',NULL,49,'hu'),('Tipe Relasi',NULL,49,'id'),('Ger tengsla',NULL,49,'is'),('Tipo di relazione',NULL,49,'it'),('',NULL,49,'ja'),(',  ',NULL,49,'ka'),(' ',NULL,49,'ko'),('Soorten relaties',NULL,49,'nl'),('Tipo de relao',NULL,49,'pt'),('Tipo de relao',NULL,49,'pt_BR'),('Tipo de relao',NULL,49,'pt-BR'),('Tipul de relatie',NULL,49,'ro'),('Vrsta povezave',NULL,49,'sl'),(' ',NULL,49,'sr'),('Relationstyp',NULL,49,'sv'),('',NULL,49,'th'),('Munosabat turi',NULL,49,'uz'),('Loi mi quan h',NULL,49,'vi'),('',NULL,49,'zh'),('Tipus de material',NULL,50,'ca'),('Tipus de material',NULL,50,'ca@valencia'),('Math o Ddeunydd',NULL,50,'cy'),('Materialart',NULL,50,'de'),('Materialart',NULL,50,'de-CH'),(' ',NULL,50,'el'),('Material Type',NULL,50,'en'),('Tipo de Material',NULL,50,'es'),('Material Mota',NULL,50,'eu'),('Types de documents',NULL,50,'fr'),('Tipo de material',NULL,50,'gl'),('Vrsta gradiva',NULL,50,'hr'),('Anyag tpus',NULL,50,'hu'),('Jenis bahan arsip',NULL,50,'id'),('Efnisform',NULL,50,'is'),('Tipo di materiale',NULL,50,'it'),('',NULL,50,'ja'),(' ',NULL,50,'ka'),(' ',NULL,50,'ko'),('Soort materiaal',NULL,50,'nl'),('Tipo de material',NULL,50,'pt'),('Tipo de material',NULL,50,'pt_BR'),('Tipo de Material',NULL,50,'pt-BR'),(' ',NULL,50,'ru'),('Vrsta gradiva',NULL,50,'sl'),(' ',NULL,50,'sr'),('Materialtyp',NULL,50,'sv'),('',NULL,50,'th'),('Material turi',NULL,50,'uz'),('Loi ti liu',NULL,50,'vi'),('',NULL,50,'zh'),('Nota de les RAD',NULL,51,'ca'),('Nota de normes RAD',NULL,51,'ca@valencia'),('Nodyn RAD',NULL,51,'cy'),('RAD Eintrag',NULL,51,'de'),('RAD Eintrag',NULL,51,'de-CH'),('RAD Note','Note types that occur specifically within the Canadian Council of Archives\' \'Rules for Archival Description (RAD)\'',51,'en'),('Nota de normas RAD',NULL,51,'es'),('RAD Oharra',NULL,51,'eu'),('Note RDDA',NULL,51,'fr'),('Nota RAD',NULL,51,'gl'),('Napomena uz RAD',NULL,51,'hr'),('RAD jegyzet',NULL,51,'hu'),('RAD Catatan',NULL,51,'id'),('RAD - Athugasemd',NULL,51,'is'),('Nota (RAD)',NULL,51,'it'),('RAD',NULL,51,'ja'),('RAD ',NULL,51,'ka'),('RAD ',NULL,51,'ko'),('Opis RAD',NULL,51,'pl'),('Nota RAD',NULL,51,'pt'),('Nota RAD',NULL,51,'pt_BR'),('Nota RAD',NULL,51,'pt-BR'),('Opomba glede RAD',NULL,51,'sl'),('RAD ',NULL,51,'sr'),('RAD-anmrkning',NULL,51,'sv'),('RAD',NULL,51,'th'),('RAD izohi',NULL,51,'uz'),('Ghi ch RAD',NULL,51,'vi'),('(RAD)',NULL,51,'zh'),('Nota sobre els ttols de les RAD',NULL,52,'ca'),('Nota sobre ttols segons RAD',NULL,52,'ca@valencia'),('Nodyn Teitl RAD',NULL,52,'cy'),('RAD Titeleintrag',NULL,52,'de'),('RAD Titeleintrag',NULL,52,'de-CH'),('RAD Title Note','Title note types that occur specifically within the Canadian Council of Archives\' \'Rules for Archival Description (RAD)\'',52,'en'),('Nota sobre ttulos segn RAD',NULL,52,'es'),('RAD Izenburuaren Oharra',NULL,52,'eu'),('Note de titre RDDA',NULL,52,'fr'),('Napomena uz naslov RAD-a',NULL,52,'hr'),('RAD Cmsor',NULL,52,'hu'),('RAD Catatan Judul',NULL,52,'id'),('RAD - Athugasemd um titil',NULL,52,'is'),('Nota al titolo (RAD)',NULL,52,'it'),('RAD',NULL,52,'ja'),('RAd  ',NULL,52,'ka'),('RAD  ',NULL,52,'ko'),('Tytu noty RAD',NULL,52,'pl'),('Nota ao ttulo RAD',NULL,52,'pt'),('Ttulo da Nota RAD',NULL,52,'pt_BR'),('Ttulo da Nota RAD',NULL,52,'pt-BR'),('Opomba naslova v zvezi z RAD',NULL,52,'sl'),('RAD   ',NULL,52,'sr'),('RAD-titelanmrkning',NULL,52,'sv'),('RAD',NULL,52,'th'),('RAD Sarlavha izohi',NULL,52,'uz'),('Ghi ch tiu  RAD',NULL,52,'vi'),('(RAD)',NULL,52,'zh'),('MODS Resource Type',NULL,53,'ca'),('MODS Resource Type',NULL,53,'ca@valencia'),('Math o Adnodd MODS',NULL,53,'cy'),('MODS Ressourcentyp',NULL,53,'de'),('MODS Ressourcentyp',NULL,53,'de-CH'),('MODS Resource Type',NULL,53,'el'),('MODS Resource Type','Fixed values for the typeOfResource element as prescribed by the The Library of Congress\' \'Metadata Object Description Schema (MODS)\'',53,'en'),('Tipo de Recurso MODS',NULL,53,'es'),('MODS Baliabide Mota',NULL,53,'eu'),('Types de ressources MODS',NULL,53,'fr'),('Vrsta MODS resursa',NULL,53,'hr'),('MODS Forrs Tpus',NULL,53,'hu'),('MODS Resource Type',NULL,53,'id'),('Tipo di risorsa MODS',NULL,53,'it'),('MODS ',NULL,53,'ja'),('MODS  ',NULL,53,'ka'),('MODS  ',NULL,53,'ko'),('Tipo de recurso MODS',NULL,53,'pt'),('Tipo de Recurso MODS',NULL,53,'pt_BR'),('Tipo de Recurso MODS',NULL,53,'pt-BR'),('Vrsta vira MODS',NULL,53,'sl'),('  MODS',NULL,53,'sr'),('MODS resurstyp',NULL,53,'sv'),('Loi ti nguyn MODS',NULL,53,'vi'),('MODS ',NULL,53,'zh'),('Tipus de recursos Dublin Core',NULL,54,'ca'),('Dublin Core Types',NULL,54,'ca@valencia'),('Mathau Dublin Core',NULL,54,'cy'),('Dublin Core Typen',NULL,54,'de'),('Dublin Core Typen',NULL,54,'de-CH'),('Dublin Core Types','Fixed values for the DC Type element as prescribed by the DCMI Type Vocabulary',54,'en'),('Tipos segn Dublin Core',NULL,54,'es'),('Dublin Core Motak',NULL,54,'eu'),('Types Dublin Core',NULL,54,'fr'),('Tipos Dublin Core',NULL,54,'gl'),('Dublin Core vrste',NULL,54,'hr'),('Dublin Core tpusok',NULL,54,'hu'),('Tipe Dublin Core',NULL,54,'id'),('Dublin Core Tegund',NULL,54,'is'),('Tipi Dublin Core',NULL,54,'it'),('',NULL,54,'ja'),('  ',NULL,54,'ka'),(' ',NULL,54,'ko'),('Tipos Dublin Core',NULL,54,'pt'),('Tipos da Dublin Core',NULL,54,'pt_BR'),('Tipos da Dublin Core',NULL,54,'pt-BR'),('Vrste po standardu Dublin Core',NULL,54,'sl'),('   Dublin Core',NULL,54,'sr'),('Dublin Core Typer',NULL,54,'sv'),('Dublin Core',NULL,54,'uz'),('Loi Dublin Core',NULL,54,'vi'),('',NULL,54,'zh'),('Tipus de Relaci amb l\'Actor',NULL,55,'ca'),('Tipus de Relaci amb l\'Actor',NULL,55,'ca@valencia'),('Math o Berthynas Actor',NULL,55,'cy'),('Art der Beziehung zum Akteur',NULL,55,'de'),('Verwandtschaftstyp Aktenbildner',NULL,55,'de-CH'),('Actor Relation Type','Actor-to-Actor relationship categories defined by the ICA ISAAR (CPF) specification, 2nd Edition, Section 5.3.2, \'Category of relationship\'.',55,'en'),('Tipo de Relacin con el Actor',NULL,55,'es'),('Aktore Erlazio Mota',NULL,55,'eu'),('Type de relation entre acteurs',NULL,55,'fr'),('Tipo de relacin de actor',NULL,55,'gl'),('Vrsta veze stvaratelja',NULL,55,'hr'),('Iratkpz kapcsolat tpusok',NULL,55,'hu'),('Tipe Relasi Aktor',NULL,55,'id'),('Tipi di relazione dell\'Agente',NULL,55,'it'),('',NULL,55,'ja'),('  ',NULL,55,'ka'),('  ',NULL,55,'ko'),('Soort relatie tussen actoren',NULL,55,'nl'),('Typy powiza sprawcy/powoda',NULL,55,'pl'),('Tipo de relao de entidades produtoras',NULL,55,'pt'),('Tipo de Relao com o Autor',NULL,55,'pt_BR'),('Tipo de Relao com o Autor',NULL,55,'pt-BR'),('Vrste povezav med delovalci',NULL,55,'sl'),('  ',NULL,55,'sr'),('Relationstyper fr aktr',NULL,55,'sv'),('Actor Relation',NULL,55,'th'),('Muallif ijrochi aloqa turi',NULL,55,'uz'),('Loi lin quan Actor',NULL,55,'vi'),('',NULL,55,'zh'),('Tipus de Notes sobre les relacions',NULL,56,'ca'),('Tipus de Notes sobre Relacions',NULL,56,'ca@valencia'),('Mathau o Nodyn Perthynas',NULL,56,'cy'),('Relation Note Types',NULL,56,'en'),('Tipos de Notas sobre Relaciones',NULL,56,'es'),('Erlazio Ohar Motak',NULL,56,'eu'),('Types de note sur la relation',NULL,56,'fr'),('Tipos de nota de relacin',NULL,56,'gl'),('Vrste napomena uz vezu',NULL,56,'hr'),('Kapcsolat-megjegyzsek tpusai',NULL,56,'hu'),('Jenis Catatan Relasi',NULL,56,'id'),('Tipi di note sulla relazione',NULL,56,'it'),('',NULL,56,'ja'),('  ',NULL,56,'ka'),(' ',NULL,56,'ko'),('Notas aos tipos de relao',NULL,56,'pt'),('Tipos de relao de notas',NULL,56,'pt_BR'),('Tipos de notas de relacionadas',NULL,56,'pt-BR'),('Vrste opomb glede povezave',NULL,56,'sl'),('  ',NULL,56,'sr'),('Relationsanmrkningstyper',NULL,56,'sv'),('',NULL,56,'th'),('Munosabat izohi turlari',NULL,56,'uz'),('Loi ghi ch quan h',NULL,56,'vi'),('',NULL,56,'zh'),('Tipus de relacions entre termes',NULL,57,'ca'),('Tipus de Termes de Relaci',NULL,57,'ca@valencia'),('Mathau Perthynas Term',NULL,57,'cy'),('  ',NULL,57,'el'),('Term Relation Types',NULL,57,'en'),('Tipos de Trminos de Relacin',NULL,57,'es'),('Termino Erlazio Motak',NULL,57,'eu'),('Types relation entre les termes',NULL,57,'fr'),('Tipos de relacin entre termos',NULL,57,'gl'),('Vrste veza pojma',NULL,57,'hr'),('Kifejezs-viszonyok tpusai',NULL,57,'hu'),('Tipe Relasi Istilah',NULL,57,'id'),('Tipi di relazione fra termini',NULL,57,'it'),('',NULL,57,'ja'),('  ',NULL,57,'ka'),('  ',NULL,57,'ko'),('Term relatie typen',NULL,57,'nl'),('Typy powiza terinu',NULL,57,'pl'),('Tipos de relao dos termos',NULL,57,'pt'),('Tipos de Relao de Termos',NULL,57,'pt_BR'),('Tipos de Relao de Termos',NULL,57,'pt-BR'),('Vrste povezav med izrazi',NULL,57,'sl'),('   ',NULL,57,'sr'),('Termrelationstyper',NULL,57,'sv'),('Relation',NULL,57,'th'),('Atamalar aloqa turlari',NULL,57,'uz'),('Loi han Quan h',NULL,57,'vi'),('',NULL,57,'zh'),('Tipus d\'estat',NULL,59,'ca'),('Tipus d\'estat',NULL,59,'ca@valencia'),('Mathau o Statws',NULL,59,'cy'),('Statustypen',NULL,59,'de'),('Statustypen',NULL,59,'de-CH'),(' ',NULL,59,'el'),('Status Types',NULL,59,'en'),('Tipos de Estado',NULL,59,'es'),('Estatus Motak',NULL,59,'eu'),('Type de statut',NULL,59,'fr'),('Tipos de estatuto',NULL,59,'gl'),('Vrste stanja',NULL,59,'hr'),('llapottpusok',NULL,59,'hu'),('Tipe Status',NULL,59,'id'),('Tipi di stato',NULL,59,'it'),('',NULL,59,'ja'),(' ',NULL,59,'ka'),(' ',NULL,59,'ko'),('Status soorten',NULL,59,'nl'),('Tipos de estatuto',NULL,59,'pt'),('Tipos de Estado',NULL,59,'pt_BR'),('Tipos de status',NULL,59,'pt-BR'),('Vrste statusa',NULL,59,'sl'),(' ',NULL,59,'sr'),('Statustyper',NULL,59,'sv'),('',NULL,59,'th'),('Status turlari',NULL,59,'uz'),('Loi tnh trng',NULL,59,'vi'),('',NULL,59,'zh'),('Estat de publicaci',NULL,60,'ca'),('Estat de publicaci',NULL,60,'ca@valencia'),('Statws cyhoeddiad',NULL,60,'cy'),('Publikationsstatus',NULL,60,'de'),('Publikationsstatus',NULL,60,'de-CH'),(' ',NULL,60,'el'),('Publication Status',NULL,60,'en'),('Estado de publicacin',NULL,60,'es'),('Argitalpen Egoera',NULL,60,'eu'),('Statut de la publication',NULL,60,'fr'),('Estado da publicacin',NULL,60,'gl'),('Stanje publikacije',NULL,60,'hr'),('Kzzttel llapota',NULL,60,'hu'),('Status Publikasi',NULL,60,'id'),('Staa skrningar',NULL,60,'is'),('Stato della pubblicazione',NULL,60,'it'),('',NULL,60,'ja'),(' ',NULL,60,'ka'),(' ',NULL,60,'ko'),('Publicatie status',NULL,60,'nl'),('Status publikacji',NULL,60,'pl'),('Estado da publicao',NULL,60,'pt'),('Estado da Publicao',NULL,60,'pt_BR'),('Status da Publicao',NULL,60,'pt-BR'),('Status objave',NULL,60,'sl'),('  ',NULL,60,'sr'),('Publiceringsstatus',NULL,60,'sv'),('',NULL,60,'th'),('Nashr statusi',NULL,60,'uz'),('Tnh trng cng khai',NULL,60,'vi'),('',NULL,60,'zh'),('Tipus de relaci de funcions',NULL,61,'ca'),('Tipus de relaci de funcions',NULL,61,'ca@valencia'),('Math o Berthynas Ffwythiant',NULL,61,'cy'),('  ',NULL,61,'el'),('Function Relation Type','Function-to-function relationship categories defined by the ICA ISDF specification, 1st Edition, Section 5.3.3, \'Category of relationship\'.',61,'en'),('Tipo de Relacin de Funcin',NULL,61,'es'),('Erlazio Motaren Funtzioa',NULL,61,'eu'),('Type de relation entre fonctions',NULL,61,'fr'),('Tipo de funcin de relacin',NULL,61,'gl'),('Vrsta veze funkcije',NULL,61,'hr'),('Funkci kapcsolatnak tpusa',NULL,61,'hu'),('Tipe Relasi Fungsi',NULL,61,'id'),('Tipo di relazione della Funzione',NULL,61,'it'),('',NULL,61,'ja'),('  ',NULL,61,'ka'),('  ',NULL,61,'ko'),('Soort functie relatie',NULL,61,'nl'),('Tipo de relao da Funo',NULL,61,'pt'),('Tipo de Relao de Funo',NULL,61,'pt_BR'),('Tipo de Relao de Funo',NULL,61,'pt-BR'),('Vrsta povezav med funkcijami',NULL,61,'sl'),('   ',NULL,61,'sr'),('Funktionsrelationstyp',NULL,61,'sv'),('   ',NULL,61,'th'),('Loi quan h cc chc nng',NULL,61,'vi'),('',NULL,61,'zh'),('Tipus de documentaci d\'ingressos',NULL,62,'ca'),('Tipus de documentaci d\'ingressos',NULL,62,'ca@valencia'),('Math o adnodd derbyn',NULL,62,'cy'),('Ressourcentyp der Akzession',NULL,62,'de'),('Art des akzessionierten Objekts',NULL,62,'de-CH'),('Accession resource type',NULL,62,'en'),('Tipo de documentacin del ingreso',NULL,62,'es'),('Atxikimendu baliabide mota',NULL,62,'eu'),('Type de ressource acquise',NULL,62,'fr'),('Tipo de recurso de ingreso',NULL,62,'gl'),('Vrsta resursa akcesije',NULL,62,'hr'),('Gyarapods/szerzemny forrsnak tpusa',NULL,62,'hu'),('Tipe sumber Informasi',NULL,62,'id'),('Ger afanga',NULL,62,'is'),('Tipo di risorsa acquisita',NULL,62,'it'),('',NULL,62,'ja'),('  ',NULL,62,'ka'),('  ',NULL,62,'ko'),('Soort bron van aanwinst',NULL,62,'nl'),('Typ zasobu nabycia',NULL,62,'pl'),('Tipo do recurso da incorporao',NULL,62,'pt'),('Tipo de recurso de incorporao',NULL,62,'pt_BR'),('Tipo de recurso de incorporao',NULL,62,'pt-BR'),('Vrsta vira prevzetega gradiva',NULL,62,'sl'),('  ',NULL,62,'sr'),('Accessionsresurstyp',NULL,62,'sv'),('',NULL,62,'th'),('Ro`yxatga olinayotgan hujjati turi',NULL,62,'uz'),('Loi ca ti nguyn truy cp',NULL,62,'vi'),('',NULL,62,'zh'),('Tipus d\'adquisici',NULL,63,'ca'),('Tipus d\'adquisici',NULL,63,'ca@valencia'),('Math o derbyn',NULL,63,'cy'),('bernahmeart der Akzession',NULL,63,'de'),('bernahmeart der Akzession',NULL,63,'de-CH'),('Accession acquisition type',NULL,63,'en'),('Tipo de ingreso',NULL,63,'es'),('Atxikimendua eskuratze-mota',NULL,63,'eu'),('Type d\'acquisition',NULL,63,'fr'),('Tipo de ingreso',NULL,63,'gl'),('Vrsta akvizicije akcesije',NULL,63,'hr'),('Szerzemny irattrba kerlsnek tpusa',NULL,63,'hu'),('tipe akuisisi',NULL,63,'id'),('Tegund afanga',NULL,63,'is'),('Tipo di acquisizione',NULL,63,'it'),('',NULL,63,'ja'),(' ',NULL,63,'ka'),('  ',NULL,63,'ko'),('Soort aanwinst',NULL,63,'nl'),('Sposb pozyskania nabytku',NULL,63,'pl'),('Tipo de aquisio da incorporao',NULL,63,'pt'),('Tipo de aquisio de incorporao',NULL,63,'pt_BR'),('Tipo de aquisio de incorporao',NULL,63,'pt-BR'),('Nain prevzema pribobljenega gradiva',NULL,63,'sl'),('   ',NULL,63,'sr'),('Accessionsfrvrvstyp',NULL,63,'sv'),('',NULL,63,'th'),('Ro`yxatga olish turi',NULL,63,'uz'),('Loi truy cp thu c',NULL,63,'vi'),('',NULL,63,'zh'),('Prioritat de tractament de l\'ingrs',NULL,64,'ca'),('Prioritat de tractament d\'ingrs',NULL,64,'ca@valencia'),('Blaenoriaeth prosesu derbyniad',NULL,64,'cy'),('Erschlieungsprioritt fr die Akzession',NULL,64,'de'),('Erschliessungsprioritt fr die Akzession',NULL,64,'de-CH'),(' ',NULL,64,'el'),('Accession processing priority',NULL,64,'en'),('Prioridad de tratamiento del ingreso',NULL,64,'es'),('Atxikimenduaren prozesaketaren lehentasuna',NULL,64,'eu'),('Priorit du processus d\'acquisition',NULL,64,'fr'),('Prioridade do proceso de ingreso',NULL,64,'gl'),('Prioritet obrade akcesije',NULL,64,'hr'),('Feldolgozs sorn elsbbsget lvez gyarapods/szerzemny',NULL,64,'hu'),('Prioritas proses',NULL,64,'id'),('Forgangsrun til rvinnslu afanga',NULL,64,'is'),('Priorit di trattamento dell\'acquisizione',NULL,64,'it'),('',NULL,64,'ja'),('  ',NULL,64,'ka'),('  ',NULL,64,'ko'),('Priorytet opracowania nabytku',NULL,64,'pl'),('Prioridade do processamento da incorporao',NULL,64,'pt'),('Prioridade de processamento de incorporao',NULL,64,'pt_BR'),('Prioridade de processamento de incorporao',NULL,64,'pt-BR'),('Prednostna obdelava prevzetega gradiva',NULL,64,'sl'),('  ',NULL,64,'sr'),('Prioritering fr accessionsbehandling',NULL,64,'sv'),('',NULL,64,'th'),('Ro`yxatga olish jarayoni muhimligi',NULL,64,'uz'),('Truy cp quyn u tin ch bin',NULL,64,'vi'),('',NULL,64,'zh'),('Estat de tractament de l\'ingrs',NULL,65,'ca'),('Estat de tractament d\'ingrs',NULL,65,'ca@valencia'),('Statws prosesu derbyniad',NULL,65,'cy'),('Erschlieungsstatus der Akzession',NULL,65,'de'),('Erschliessungsstatus der Akzession',NULL,65,'de-CH'),(' ',NULL,65,'el'),('Accession processing status',NULL,65,'en'),('Estado de tratamiento del ingreso',NULL,65,'es'),('Atxikimenduaren prozesaketa egoera',NULL,65,'eu'),('Statut du processus d\'acquisition',NULL,65,'fr'),('Estado do proceso de ingreso',NULL,65,'gl'),('Stanje obrade akcesije',NULL,65,'hr'),('Gyarapods/szerzemny feldolgozsnak sttusza',NULL,65,'hu'),('Status proses',NULL,65,'id'),('Staa rvinnslu afanga',NULL,65,'is'),('Stato di trattamento dell\'acquisizione',NULL,65,'it'),('',NULL,65,'ja'),('  ',NULL,65,'ka'),('  ',NULL,65,'ko'),('Status opracowania nabytku',NULL,65,'pl'),('Situao do processamento das incorporaes',NULL,65,'pt'),('Estado de processamento de incorporao',NULL,65,'pt_BR'),('Estado de processamento de incorporao',NULL,65,'pt-BR'),('Status obdelave prevzetega gradiva',NULL,65,'sl'),('  ',NULL,65,'sr'),('Status fr bearbetning av accessionen',NULL,65,'sv'),('',NULL,65,'th'),('Ro`yxatga olish jarayoni holati',NULL,65,'uz'),('Truy cp ch bin a v',NULL,65,'vi'),('',NULL,65,'zh'),('Abast de l\'eliminaci',NULL,66,'ca'),('Abast de l\'eliminaci',NULL,66,'ca@valencia'),('Cwmpas dad-derbyn',NULL,66,'cy'),('Umfang der Abgabe',NULL,66,'de'),('Umfang der Abgabe',NULL,66,'de-CH'),(' ',NULL,66,'el'),('Deaccession scope',NULL,66,'en'),('Alcance de la eliminacin',NULL,66,'es'),('Atxikimendu-eten esparrua',NULL,66,'eu'),('Porte de la sortie dfinitive',NULL,66,'fr'),('mbito do expurgo',NULL,66,'gl'),('Opseg izluenog gradiva',NULL,66,'hr'),('Fogysi trgy',NULL,66,'hu'),('Lingkup de-aksesi',NULL,66,'id'),('Umfang endurskila',NULL,66,'is'),('Ambito dello scarto o del trasferimento',NULL,66,'it'),('',NULL,66,'ja'),(' ',NULL,66,'ka'),(' ',NULL,66,'ko'),('Zakres zbycia',NULL,66,'pl'),('mbito da desafetao',NULL,66,'pt'),('Escopo de transferncia',NULL,66,'pt_BR'),('Escopo de transferncia',NULL,66,'pt-BR'),('Obseg prodaje',NULL,66,'sl'),('  ',NULL,66,'sr'),('Omfattning av terlmning',NULL,66,'sv'),('',NULL,66,'th'),('Phm vi Deaccession',NULL,66,'vi'),('',NULL,66,'zh'),('Accions regulades per drets',NULL,67,'ca'),('Accions regulades per drets',NULL,67,'ca@valencia'),('Act hawliau',NULL,67,'cy'),('Rights act',NULL,67,'en'),('Acciones reguladas por derechos',NULL,67,'es'),('Eskubide ekintza',NULL,67,'eu'),('Actions lies aux droits',NULL,67,'fr'),('Acta de dereitos',NULL,67,'gl'),('Radnje regulirane pravima',NULL,67,'hr'),('Mveleti jogosultsgok',NULL,67,'hu'),('Tindakan hak',NULL,67,'id'),('Leyfisrttindi',NULL,67,'is'),('Atto',NULL,67,'it'),('',NULL,67,'ja'),(' ',NULL,67,'ka'),(' ',NULL,67,'ko'),('Wetgeving betreffende rechten',NULL,67,'nl'),('Akt prawny',NULL,67,'pl'),('Deciso dos direitos',NULL,67,'pt'),('Atos de direitos',NULL,67,'pt_BR'),('Atos de direitos',NULL,67,'pt-BR'),('Zakon o pravicah',NULL,67,'sl'),('  ',NULL,67,'sr'),('Rttighetslag',NULL,67,'sv'),('act',NULL,67,'th'),('Huquqlar qonuni',NULL,67,'uz'),('Hnh quyn',NULL,67,'vi'),('',NULL,67,'zh'),(' ',NULL,68,'ar'),('Fonaments dels drets',NULL,68,'ca'),('Fonaments de drets',NULL,68,'ca@valencia'),('Sail hawliau',NULL,68,'cy'),('Rechtsgrundlagen',NULL,68,'de'),('Rechtsgrundlagen',NULL,68,'de_AT'),('Rechtsgrundlagen',NULL,68,'de_CH'),('Rechtsgrundlagen',NULL,68,'de-AT'),('Rechtsgrundlagen',NULL,68,'de-CH'),('Rights basis',NULL,68,'en'),('Fundamentos de derechos',NULL,68,'es'),('Eskubideen oinarriak',NULL,68,'eu'),('Fondements des droits',NULL,68,'fr'),('Dereitos bsicos',NULL,68,'gl'),('Pravna osnova',NULL,68,'hr'),('Jogosultsg alapja',NULL,68,'hu'),('Basis hak',NULL,68,'id'),('Grundvllur leyfis',NULL,68,'is'),('Base dei diritti',NULL,68,'it'),('',NULL,68,'ja'),(' ()',NULL,68,'ka'),(' ',NULL,68,'ko'),('Rechten grondslag',NULL,68,'nl'),('Podstawa prawna',NULL,68,'pl'),('Base dos direitos',NULL,68,'pt'),('Direitos bsicos',NULL,68,'pt_BR'),('Direitos bsicos',NULL,68,'pt-BR'),('Osnova za pravice',NULL,68,'sl'),(' ',NULL,68,'sr'),('Rttighetsgrund',NULL,68,'sv'),(' ',NULL,68,'ta'),('',NULL,68,'th'),('Huquqlar asosi',NULL,68,'uz'),('Cn c  quyn',NULL,68,'vi'),('',NULL,68,'zh'),('   ',NULL,69,'ar'),('Rgim dels drets d\'autor',NULL,69,'ca'),('Rgim de drets d\'autor',NULL,69,'ca@valencia'),('Statws hawlfraint',NULL,69,'cy'),('Urheberrechtsstatus',NULL,69,'de'),('Urheberrechtsstatus',NULL,69,'de_AT'),('Copyright Status',NULL,69,'de_CH'),('Urheberrechtsstatus',NULL,69,'de-AT'),('Copyright Status',NULL,69,'de-CH'),('  ',NULL,69,'el'),('Copyright status',NULL,69,'en'),('Rgimen de derechos de autor',NULL,69,'es'),('Copyright estatusa',NULL,69,'eu'),('Statut des droits d\'auteur',NULL,69,'fr'),('Estado do Copyright',NULL,69,'gl'),('Stanje autorskog prava',NULL,69,'hr'),('Szerzi jogi llapot',NULL,69,'hu'),('Status Hak Cipta',NULL,69,'id'),('Staa hfundarrttar',NULL,69,'is'),('Stato del copyright',NULL,69,'it'),('',NULL,69,'ja'),('  ',NULL,69,'ka'),(' ',NULL,69,'ko'),('Copyright status',NULL,69,'nl'),('Status prawa autorskiego',NULL,69,'pl'),('Estado dos direitos de autor',NULL,69,'pt'),('Status dos direitos autorais',NULL,69,'pt_BR'),('Status dos direitos autorais',NULL,69,'pt-BR'),('Statut drept de autor',NULL,69,'ro'),('Status avtorskih pravic',NULL,69,'sl'),('  ',NULL,69,'sr'),('Upphovsrttsstatus',NULL,69,'sv'),(' ',NULL,69,'ta'),('',NULL,69,'th'),('Telif hakk durumu',NULL,69,'tr'),('Mualliflik huquqi holati',NULL,69,'uz'),('a v ban quyn',NULL,69,'vi'),('',NULL,69,'zh'),('Informaci sobre les plantilles',NULL,70,'ca'),('Informaci sobre les plantilles',NULL,70,'ca@valencia'),('Templedau gwrthrych gwybodaeth',NULL,70,'cy'),('Vorlagen fr Informationsobjekte',NULL,70,'de'),('Vorlagen fr ein Informationsobjekt',NULL,70,'de-CH'),('Information object templates',NULL,70,'en'),('Informacin sobre las plantillas',NULL,70,'es'),('Informazio objektuaren txantiloiak',NULL,70,'eu'),('Modles de description archivistique',NULL,70,'fr'),('Plantillas de obxectos de informacin',NULL,70,'gl'),('Predloci objekta podataka',NULL,70,'hr'),('Informcis objektum mintk',NULL,70,'hu'),('Templat objek informasi',NULL,70,'id'),('Modelli degli oggetti informativi',NULL,70,'it'),('  ',NULL,70,'ko'),('Modelos de objetos de informao',NULL,70,'pt'),('Modelos de objetos de informao',NULL,70,'pt_BR'),('Modelos de descrio arquivstica',NULL,70,'pt-BR'),('Predloge za informacijski objekt',NULL,70,'sl'),('   ',NULL,70,'sr'),('Mallar fr informationsobjekt',NULL,70,'sv'),('Axborot obyekti shablonlari',NULL,70,'uz'),('Mu Information object',NULL,70,'vi'),('',NULL,70,'zh'),('tipus AIP',NULL,71,'ca'),('Mathau o AIP',NULL,71,'cy'),('AIP Typen',NULL,71,'de'),('AIP types',NULL,71,'en'),('Tipos de AIP',NULL,71,'es'),('AIP motak',NULL,71,'eu'),('Types d\'AIP',NULL,71,'fr'),('AIP vrste',NULL,71,'hr'),('AIP tpusok',NULL,71,'hu'),('Tipe AIP',NULL,71,'id'),('Tipi di AIP',NULL,71,'it'),('AIP ',NULL,71,'ko'),('Tipos de AIP',NULL,71,'pt'),('Tipos de AIP',NULL,71,'pt_BR'),('Tipos de AIP',NULL,71,'pt-BR'),('AIP vrsta',NULL,71,'sl'),('AIP ',NULL,71,'sr'),('AIP-typer',NULL,71,'sv'),('AIP turlari',NULL,71,'uz'),('Loi AIP',NULL,71,'vi'),('AIP ',NULL,71,'zh'),(' ',NULL,72,'ar'),('rea temtica',NULL,72,'ca'),('Ardal Thematig',NULL,72,'cy'),('Bereich \"Themen\"',NULL,72,'de'),('Bereich \"Themen\"',NULL,72,'de_AT'),('Bereich \"Themen\"',NULL,72,'de_CH'),('Bereich \"Themen\"',NULL,72,'de-AT'),('Bereich \"Themen\"',NULL,72,'de-CH'),('Thematic Area','These themes can assist in identifying major collecting areas, but should not be taken as comprehensive. Used as optional access point for ISDIAH repository records.',72,'en'),('rea temtica',NULL,72,'es'),('Gai Eremua',NULL,72,'eu'),('Domaine thmatique',NULL,72,'fr'),('Tematsko podruje',NULL,72,'hr'),('Tmakrk adatcsoport',NULL,72,'hu'),('Bagian Tematik',NULL,72,'id'),('Area tematica',NULL,72,'it'),(' ',NULL,72,'ko'),('rea Temtica',NULL,72,'pt'),('rea Temtica',NULL,72,'pt_BR'),('rea Temtica',NULL,72,'pt-BR'),('Tematsko Obmoje',NULL,72,'sl'),(' ',NULL,72,'sr'),('Tematik',NULL,72,'sv'),('/  ?',NULL,72,'ta'),('Predmet soha',NULL,72,'uz'),('Din tch chuyn ',NULL,72,'vi'),('',NULL,72,'zh'),('  ',NULL,73,'ar'),('Subregi geogrfica',NULL,73,'ca'),('Isranbarth daearyddol',NULL,73,'cy'),('Geografische Teilregion',NULL,73,'de'),('Geografische Teilregion',NULL,73,'de_AT'),('Geografische Teilregion',NULL,73,'de_CH'),('Geografische Teilregion',NULL,73,'de-AT'),('Geografische Teilregion',NULL,73,'de-CH'),('Geographic Subregion','Geographic subregions, based on local standards/common terminology if available. Used as optional access point for ISDIAH repository records in multi-repository databases.',73,'en'),('Subregin geogrfica',NULL,73,'es'),('Azpieskualde Geografikoa',NULL,73,'eu'),('Sous-rgion gographique',NULL,73,'fr'),('Subrexin xeogrfica',NULL,73,'gl'),('Zemljopisna podregija',NULL,73,'hr'),('Fldrajzi alterlet',NULL,73,'hu'),('Subwilayah geografis',NULL,73,'id'),('Sub-regione geografica',NULL,73,'it'),('  ',NULL,73,'ko'),('Sub-regio Geogrfica',NULL,73,'pt'),('Sub-regio Geogrfica',NULL,73,'pt_BR'),('Sub-regio Geogrfica',NULL,73,'pt-BR'),('Zemljepisno podobmoje',NULL,73,'sl'),(' ',NULL,73,'sr'),('Geografisk subregion',NULL,73,'sv'),('  ',NULL,73,'ta'),('Geografik hudud',NULL,73,'uz'),('Tiu vng a l',NULL,73,'vi'),('',NULL,73,'zh'),('Nota DACS',NULL,74,'ca'),('Nodyn DACS',NULL,74,'cy'),('DACS Note','Note types that occur specifically within the Society of American Archivists \"Describing Archives: a Content Standard\" (DACS).',74,'en'),('Nota DACS',NULL,74,'es'),('DACS Oharra',NULL,74,'eu'),('Notes DACS',NULL,74,'fr'),('Nota DACS',NULL,74,'gl'),('DACS napomena',NULL,74,'hr'),('DACS jegyzet',NULL,74,'hu'),('Catatan DACS',NULL,74,'id'),('(DACS) Nota',NULL,74,'it'),('DACS ',NULL,74,'ko'),('Nota DACS',NULL,74,'pt'),('Nota DACS',NULL,74,'pt_BR'),('Nota DACS',NULL,74,'pt-BR'),('DACS opombe',NULL,74,'sl'),('DACS ',NULL,74,'sr'),('DACS anmrkning',NULL,74,'sv'),('Ghi ch DACS',NULL,74,'vi'),('(DACS)',NULL,74,'zh'),('Ystatudau Hawliau PREMIS',NULL,75,'cy'),('PREMIS Rights Statutes','Used to store Statute values when defining PREMIS rights statements with a statute Basis.',75,'en'),('Estatutos de derechos PREMIS',NULL,75,'es'),('Statuts des droits PREMIS',NULL,75,'fr'),('PREMIS pravni statuti',NULL,75,'hr'),('PREMIS Jogi Sttuszok',NULL,75,'hu'),('PREMIS Rights Statutes',NULL,75,'id'),('Statuti dei diritti di PREMIS',NULL,75,'it'),('Estatutos de direitos do PREMIS',NULL,75,'pt'),('Estatutos de Direitos PREMIS',NULL,75,'pt_BR'),('PREMIS Estatutos de direitos',NULL,75,'pt-BR'),('PREMIS Rights Statutes',NULL,75,'sr'),('PREMIS-rttsregelverk',NULL,75,'sv'),('PREMIS huquqlar nizomlari',NULL,75,'uz'),('Genre',NULL,78,'cy'),('Genre',NULL,78,'de'),('Genre',NULL,78,'de-CH'),('Genre','Genre terms drawn from appropriate vocabularies; used as an optional access point in the RAD template. Default terms are from \"Basic Genre Terms for Cultural Heritage Materials\" (Library of Congress).',78,'en'),('Tipo',NULL,78,'es'),('Genre',NULL,78,'fr'),('Xnero',NULL,78,'gl'),('anr',NULL,78,'hr'),('Mfaj',NULL,78,'hu'),('Genre',NULL,78,'id'),('Genere',NULL,78,'it'),('',NULL,78,'ja'),('Gnero',NULL,78,'pt'),('Gnero',NULL,78,'pt_BR'),('Gnero',NULL,78,'pt-BR'),('',NULL,78,'ru'),('Zvrst',NULL,78,'sl'),('',NULL,78,'sr'),('Handlingstyp',NULL,78,'sv'),('Tr',NULL,78,'tr'),('',NULL,78,'zh'),(' ',NULL,79,'ar'),('Estat de la tasca',NULL,79,'ca'),('Statws tasg',NULL,79,'cy'),('Aufgabenstatus',NULL,79,'de'),('Aufgabenstatus',NULL,79,'de_AT'),('Auftragsstatus',NULL,79,'de_CH'),('Aufgabenstatus',NULL,79,'de-AT'),('Auftragsstatus',NULL,79,'de-CH'),(' ',NULL,79,'el'),('Job status',NULL,79,'en'),('Estado del proceso',NULL,79,'es'),('tat de la tche',NULL,79,'fr'),('Stanje posla',NULL,79,'hr'),('Feladat llapota',NULL,79,'hu'),('Status tugas',NULL,79,'id'),('Status dell\'operazione',NULL,79,'it'),('Estado do trabalho',NULL,79,'pt'),('Status do trabalho',NULL,79,'pt_BR'),('Status do trabalho',NULL,79,'pt-BR'),(' ',NULL,79,'ru'),(' ',NULL,79,'ru_RU'),('Status dela',NULL,79,'sl'),(' ',NULL,79,'sr'),('Jobbstatus',NULL,79,'sv'),(' ',NULL,79,'ta'),('',NULL,79,'zh'),('Galwedigaethau actor',NULL,80,'cy'),('Actor occupations',NULL,80,'en'),('activit de l\'acteur',NULL,80,'fr'),('Zanimanje stvaratelja',NULL,80,'hr'),('Iratkpz elfoglaltsga',NULL,80,'hu'),('Jabatan pelaku',NULL,80,'id'),('Occupazioni dell\'attore',NULL,80,'it'),('',NULL,80,'ja'),('Ocupaes da pessoa',NULL,80,'pt'),('Ocupaes do autor',NULL,80,'pt_BR'),('Ocupaes do registro de autoridade',NULL,80,'pt-BR'),(' ',NULL,80,'sr'),('Yrken fr aktr',NULL,80,'sv'),('Gweithredoedd defnyddiwr',NULL,81,'cy'),('User actions',NULL,81,'en'),('Actions des utilisateurs',NULL,81,'fr'),('Radnje korisnika',NULL,81,'hr'),('Tindakan pengguna',NULL,81,'id'),('Aes do utilizador',NULL,81,'pt'),('Aes do usurio',NULL,81,'pt_BR'),('Anvndartgrder',NULL,81,'sv'),('Math o ddynodwr gwahanol derbyn',NULL,82,'cy'),('Accession alternative identifier type',NULL,82,'en'),('Type d\'identifiant alternatif d\'acquisition',NULL,82,'fr'),('Vrsta alternativnog identifikatora akcesije',NULL,82,'hr'),('Tipo de identificador alternativo de acesso',NULL,82,'pt'),('Incorporao do tipo de identificador alternativo',NULL,82,'pt_BR');
/*!40000 ALTER TABLE `taxonomy_i18n` ENABLE KEYS */;
UNLOCK TABLES;

--
-- Table structure for table `term`
--

DROP TABLE IF EXISTS `term`;
/*!40101 SET @saved_cs_client     = @@character_set_client */;
/*!50503 SET character_set_client = utf8mb4 */;
CREATE TABLE `term` (
  `id` int NOT NULL,
  `taxonomy_id` int NOT NULL,
  `code` varchar(1024) DEFAULT NULL,
  `parent_id` int DEFAULT NULL,
  `lft` int DEFAULT NULL,
  `rgt` int DEFAULT NULL,
  `source_culture` varchar(16) NOT NULL,
  PRIMARY KEY (`id`),
  KEY `lft` (`lft`),
  KEY `term_FI_2` (`taxonomy_id`),
  KEY `term_FI_3` (`parent_id`),
  CONSTRAINT `term_FK_1` FOREIGN KEY (`id`) REFERENCES `object` (`id`) ON DELETE CASCADE,
  CONSTRAINT `term_FK_2` FOREIGN KEY (`taxonomy_id`) REFERENCES `taxonomy` (`id`) ON DELETE CASCADE,
  CONSTRAINT `term_FK_3` FOREIGN KEY (`parent_id`) REFERENCES `term` (`id`) ON DELETE CASCADE
) ENGINE=InnoDB DEFAULT CHARSET=utf8mb4 COLLATE=utf8mb4_0900_ai_ci;
/*!40101 SET character_set_client = @saved_cs_client */;

--
-- Dumping data for table `term`
--

LOCK TABLES `term` WRITE;
/*!40000 ALTER TABLE `term` DISABLE KEYS */;
INSERT INTO `term` VALUES (110,30,NULL,NULL,1,660,'en'),(111,40,NULL,110,2,3,'en'),(113,40,NULL,110,4,5,'en'),(114,40,NULL,110,6,7,'en'),(115,40,NULL,110,8,9,'en'),(117,40,NULL,110,10,11,'en'),(118,40,NULL,110,12,13,'en'),(119,37,NULL,110,14,15,'en'),(120,37,NULL,110,18,19,'en'),(121,37,NULL,110,20,21,'en'),(122,37,NULL,110,22,23,'en'),(123,37,NULL,110,24,25,'en'),(124,37,NULL,110,86,87,'en'),(125,37,NULL,110,90,91,'en'),(126,37,NULL,110,88,89,'en'),(127,37,NULL,110,160,161,'en'),(128,45,NULL,110,26,27,'en'),(129,45,NULL,110,28,29,'en'),(130,45,NULL,110,30,31,'en'),(131,32,NULL,110,32,33,'en'),(132,32,NULL,110,34,35,'en'),(133,32,NULL,110,36,37,'en'),(135,46,NULL,110,38,39,'en'),(136,46,NULL,110,40,41,'en'),(137,46,NULL,110,42,43,'en'),(138,46,NULL,110,44,45,'en'),(139,46,NULL,110,46,47,'en'),(140,47,NULL,110,52,53,'en'),(141,47,NULL,110,54,55,'en'),(142,47,NULL,110,56,57,'en'),(143,47,NULL,110,58,59,'en'),(144,48,NULL,110,62,63,'en'),(145,48,NULL,110,64,79,'en'),(146,48,NULL,110,80,81,'en'),(147,49,NULL,110,82,83,'en'),(148,36,NULL,110,92,93,'en'),(149,36,NULL,110,94,95,'en'),(150,55,NULL,110,96,109,'en'),(151,55,NULL,110,110,115,'en'),(152,55,NULL,110,116,131,'en'),(153,55,NULL,110,132,143,'en'),(154,56,NULL,110,144,145,'en'),(155,56,NULL,110,146,147,'en'),(156,57,NULL,110,148,149,'en'),(157,57,NULL,110,150,151,'en'),(158,59,NULL,110,154,155,'en'),(159,60,NULL,110,156,157,'en'),(160,60,NULL,110,158,159,'en'),(161,49,NULL,110,162,163,'en'),(162,61,NULL,110,174,175,'en'),(163,61,NULL,110,176,177,'en'),(164,61,NULL,110,178,179,'en'),(165,36,NULL,110,180,181,'en'),(166,47,NULL,110,48,49,'en'),(167,49,NULL,110,166,167,'en'),(168,49,NULL,110,168,169,'en'),(169,49,NULL,110,170,171,'en'),(170,68,NULL,110,182,183,'en'),(171,68,NULL,110,184,185,'en'),(172,68,NULL,110,186,187,'en'),(173,68,NULL,110,188,189,'en'),(174,37,NULL,110,16,17,'en'),(175,49,NULL,110,164,165,'en'),(176,49,NULL,110,172,173,'en'),(177,57,NULL,110,152,153,'en'),(178,49,NULL,110,190,191,'en'),(179,71,NULL,110,192,193,'en'),(180,71,NULL,110,194,195,'en'),(181,71,NULL,110,196,197,'en'),(182,71,NULL,110,198,199,'en'),(183,79,NULL,110,200,201,'en'),(184,79,NULL,110,202,203,'en'),(185,79,NULL,110,204,205,'en'),(186,47,NULL,110,50,51,'en'),(187,49,NULL,110,84,85,'en'),(188,37,NULL,110,206,207,'en'),(189,81,NULL,110,208,209,'en'),(190,81,NULL,110,210,211,'en'),(191,47,NULL,110,60,61,'en'),(192,82,NULL,110,212,213,'en'),(193,55,NULL,150,97,98,'en'),(194,55,NULL,150,99,100,'en'),(195,55,NULL,150,101,102,'en'),(196,55,NULL,150,103,104,'en'),(197,55,NULL,150,105,106,'en'),(198,55,NULL,150,107,108,'en'),(199,55,NULL,151,111,112,'en'),(200,55,NULL,151,113,114,'en'),(201,55,NULL,153,133,134,'en'),(202,55,NULL,153,135,136,'en'),(203,55,NULL,153,137,138,'en'),(204,55,NULL,153,139,140,'en'),(205,55,NULL,153,141,142,'en'),(206,55,NULL,152,117,118,'en'),(207,55,NULL,152,119,120,'en'),(208,55,NULL,152,121,122,'en'),(209,55,NULL,152,123,124,'en'),(210,55,NULL,152,125,126,'en'),(211,55,NULL,152,127,128,'en'),(212,55,NULL,152,129,130,'en'),(213,68,NULL,110,214,215,'en'),(214,40,NULL,110,216,217,'en'),(215,40,NULL,110,218,219,'en'),(216,40,NULL,110,220,221,'en'),(217,40,NULL,110,222,223,'en'),(218,48,NULL,145,65,70,'en'),(219,48,NULL,218,66,67,'en'),(220,48,NULL,218,68,69,'en'),(221,48,NULL,145,71,72,'en'),(222,48,NULL,145,73,74,'en'),(223,48,NULL,145,75,76,'en'),(224,48,NULL,145,77,78,'en'),(225,33,NULL,110,224,225,'en'),(226,33,NULL,110,226,227,'en'),(227,33,NULL,110,228,229,'en'),(228,31,NULL,110,230,231,'en'),(229,31,NULL,110,232,233,'en'),(230,31,NULL,110,234,235,'en'),(231,34,NULL,110,236,237,'en'),(232,34,NULL,110,238,239,'en'),(233,34,NULL,110,240,241,'en'),(234,34,NULL,110,242,243,'en'),(235,34,NULL,110,244,245,'en'),(236,34,NULL,110,246,247,'en'),(237,34,NULL,110,248,249,'en'),(238,41,NULL,110,250,251,'en'),(239,41,NULL,110,252,253,'en'),(240,41,NULL,110,254,255,'en'),(241,41,NULL,110,256,257,'en'),(242,41,NULL,110,258,259,'en'),(243,41,NULL,110,260,261,'en'),(244,41,NULL,110,262,263,'en'),(245,41,NULL,110,264,265,'en'),(246,41,NULL,110,266,267,'en'),(247,41,NULL,110,268,269,'en'),(248,41,NULL,110,270,271,'en'),(249,41,NULL,110,272,273,'en'),(250,38,NULL,110,274,275,'en'),(251,38,NULL,110,276,277,'en'),(252,38,NULL,110,278,279,'en'),(253,38,NULL,110,280,281,'en'),(254,38,NULL,110,282,283,'en'),(255,38,NULL,110,284,285,'en'),(256,38,NULL,110,286,287,'en'),(257,38,NULL,110,288,289,'en'),(258,38,NULL,110,290,291,'en'),(259,38,NULL,110,292,293,'en'),(260,38,NULL,110,294,295,'en'),(261,38,NULL,110,296,297,'en'),(262,38,NULL,110,298,299,'en'),(263,41,NULL,110,300,301,'en'),(264,41,NULL,110,302,303,'en'),(265,41,NULL,110,304,305,'en'),(266,41,NULL,110,306,307,'en'),(267,41,NULL,110,308,309,'en'),(268,41,NULL,110,310,311,'en'),(269,41,NULL,110,312,313,'en'),(270,37,NULL,110,314,315,'en'),(271,50,NULL,110,316,317,'en'),(272,50,NULL,110,318,319,'en'),(273,50,NULL,110,320,321,'en'),(274,50,NULL,110,322,323,'en'),(275,50,NULL,110,324,325,'en'),(276,50,NULL,110,326,327,'en'),(277,50,NULL,110,328,329,'en'),(278,50,NULL,110,330,331,'en'),(279,50,NULL,110,332,333,'en'),(280,50,NULL,110,334,335,'en'),(281,51,NULL,110,336,337,'en'),(282,51,NULL,110,338,339,'en'),(283,51,NULL,110,340,341,'en'),(284,51,NULL,110,342,343,'en'),(285,51,NULL,110,344,345,'en'),(286,51,NULL,110,346,347,'en'),(287,51,NULL,110,348,349,'en'),(288,52,NULL,110,350,351,'en'),(289,52,NULL,110,352,353,'en'),(290,52,NULL,110,354,355,'en'),(291,52,NULL,110,356,357,'en'),(292,52,NULL,110,358,359,'en'),(293,52,NULL,110,360,361,'en'),(294,34,NULL,110,362,363,'en'),(295,53,NULL,110,364,365,'en'),(296,53,NULL,110,366,367,'en'),(297,53,NULL,110,368,369,'en'),(298,53,NULL,110,370,371,'en'),(299,53,NULL,110,372,373,'en'),(300,53,NULL,110,374,375,'en'),(301,53,NULL,110,376,377,'en'),(302,53,NULL,110,378,379,'en'),(303,53,NULL,110,380,381,'en'),(304,53,NULL,110,382,383,'en'),(305,53,NULL,110,384,385,'en'),(306,54,NULL,110,386,387,'en'),(307,54,NULL,110,388,389,'en'),(308,54,NULL,110,390,391,'en'),(309,54,NULL,110,392,393,'en'),(310,54,NULL,110,394,395,'en'),(311,54,NULL,110,396,397,'en'),(312,54,NULL,110,398,399,'en'),(313,54,NULL,110,400,401,'en'),(314,54,NULL,110,402,403,'en'),(315,54,NULL,110,404,405,'en'),(316,54,NULL,110,406,407,'en'),(317,54,NULL,110,408,409,'en'),(318,43,NULL,110,410,411,'en'),(319,43,NULL,110,412,413,'en'),(320,43,NULL,110,414,415,'en'),(321,43,NULL,110,416,417,'en'),(322,43,NULL,110,418,419,'en'),(323,43,NULL,110,420,421,'en'),(324,62,NULL,110,422,423,'en'),(325,62,NULL,110,424,425,'en'),(326,63,NULL,110,426,427,'en'),(327,63,NULL,110,428,429,'en'),(328,63,NULL,110,430,431,'en'),(329,63,NULL,110,432,433,'en'),(330,64,NULL,110,434,435,'en'),(331,64,NULL,110,436,437,'en'),(332,64,NULL,110,438,439,'en'),(333,65,NULL,110,440,441,'en'),(334,65,NULL,110,442,443,'en'),(335,65,NULL,110,444,445,'en'),(336,66,NULL,110,446,447,'en'),(337,66,NULL,110,448,449,'en'),(338,67,NULL,110,450,451,'en'),(339,67,NULL,110,452,453,'en'),(340,67,NULL,110,454,455,'en'),(341,67,NULL,110,456,457,'en'),(342,67,NULL,110,458,459,'en'),(343,67,NULL,110,460,461,'en'),(344,67,NULL,110,462,463,'en'),(345,69,NULL,110,464,465,'en'),(346,69,NULL,110,466,467,'en'),(347,69,NULL,110,468,469,'en'),(348,70,'isad',110,470,471,'en'),(349,70,'dc',110,472,473,'en'),(350,70,'mods',110,474,475,'en'),(351,70,'rad',110,476,477,'en'),(352,70,'dacs',110,478,479,'en'),(353,72,NULL,110,480,481,'en'),(354,72,NULL,110,482,483,'en'),(355,72,NULL,110,484,485,'en'),(356,72,NULL,110,486,487,'en'),(357,72,NULL,110,488,489,'en'),(358,72,NULL,110,490,491,'en'),(359,72,NULL,110,492,493,'en'),(360,72,NULL,110,494,495,'en'),(361,72,NULL,110,496,497,'en'),(362,72,NULL,110,498,499,'en'),(363,72,NULL,110,500,501,'en'),(364,72,NULL,110,502,503,'en'),(365,72,NULL,110,504,505,'en'),(366,72,NULL,110,506,507,'en'),(367,72,NULL,110,508,509,'en'),(368,72,NULL,110,510,511,'en'),(369,72,NULL,110,512,513,'en'),(370,72,NULL,110,514,515,'en'),(371,72,NULL,110,516,517,'en'),(372,72,NULL,110,518,519,'en'),(373,72,NULL,110,520,521,'en'),(374,72,NULL,110,522,523,'en'),(375,72,NULL,110,524,525,'en'),(376,74,NULL,110,526,527,'en'),(377,74,NULL,110,528,529,'en'),(378,74,NULL,110,530,531,'en'),(379,74,NULL,110,532,533,'en'),(380,74,NULL,110,534,535,'en'),(381,40,NULL,110,536,537,'en'),(382,78,NULL,110,538,539,'en'),(383,78,NULL,110,540,541,'en'),(384,78,NULL,110,542,543,'en'),(385,78,NULL,110,544,545,'en'),(386,78,NULL,110,546,547,'en'),(387,78,NULL,110,548,549,'en'),(388,78,NULL,110,550,551,'en'),(389,78,NULL,110,552,553,'en'),(390,78,NULL,110,554,555,'en'),(391,78,NULL,110,556,557,'en'),(392,78,NULL,110,558,559,'en'),(393,78,NULL,110,560,561,'en'),(394,78,NULL,110,562,563,'en'),(395,78,NULL,110,564,565,'en'),(396,78,NULL,110,566,567,'en'),(397,78,NULL,110,568,569,'en'),(398,78,NULL,110,570,571,'en'),(399,78,NULL,110,572,573,'en'),(400,78,NULL,110,574,575,'en'),(401,78,NULL,110,576,577,'en'),(402,78,NULL,110,578,579,'en'),(403,78,NULL,110,580,581,'en'),(404,78,NULL,110,582,583,'en'),(405,78,NULL,110,584,585,'en'),(406,78,NULL,110,586,587,'en'),(407,78,NULL,110,588,589,'en'),(408,78,NULL,110,590,591,'en'),(409,78,NULL,110,592,593,'en'),(410,78,NULL,110,594,595,'en'),(411,78,NULL,110,596,597,'en'),(412,78,NULL,110,598,599,'en'),(413,78,NULL,110,600,601,'en'),(414,78,NULL,110,602,603,'en'),(415,78,NULL,110,604,605,'en'),(416,78,NULL,110,606,607,'en'),(417,78,NULL,110,608,609,'en'),(418,78,NULL,110,610,611,'en'),(419,78,NULL,110,612,613,'en'),(420,78,NULL,110,614,615,'en'),(421,78,NULL,110,616,617,'en'),(422,78,NULL,110,618,619,'en'),(423,78,NULL,110,620,621,'en'),(424,78,NULL,110,622,623,'en'),(425,78,NULL,110,624,625,'en'),(426,51,NULL,110,626,627,'en'),(427,51,NULL,110,628,629,'en'),(428,51,NULL,110,630,631,'en'),(429,34,NULL,110,632,633,'en'),(501,42,NULL,110,634,635,'en'),(502,35,NULL,110,636,637,'en'),(503,35,NULL,110,638,639,'en'),(523,34,NULL,110,640,641,'pt_BR'),(528,34,NULL,110,642,643,'pt_BR'),(529,34,NULL,110,644,645,'pt_BR'),(535,34,NULL,110,646,647,'pt_BR'),(606,35,NULL,110,648,649,'en'),(1025,35,NULL,110,650,651,'pt_BR'),(1026,42,NULL,110,652,653,'pt_BR'),(1027,42,NULL,110,654,655,'pt_BR'),(1030,42,NULL,110,656,657,'pt_BR'),(1031,42,NULL,110,658,659,'pt_BR');
/*!40000 ALTER TABLE `term` ENABLE KEYS */;
UNLOCK TABLES;

--
-- Table structure for table `term_i18n`
--

DROP TABLE IF EXISTS `term_i18n`;
/*!40101 SET @saved_cs_client     = @@character_set_client */;
/*!50503 SET character_set_client = utf8mb4 */;
CREATE TABLE `term_i18n` (
  `name` varchar(1024) DEFAULT NULL,
  `id` int NOT NULL,
  `culture` varchar(16) NOT NULL,
  PRIMARY KEY (`id`,`culture`),
  CONSTRAINT `term_i18n_FK_1` FOREIGN KEY (`id`) REFERENCES `term` (`id`) ON DELETE CASCADE
) ENGINE=InnoDB DEFAULT CHARSET=utf8mb4 COLLATE=utf8mb4_0900_ai_ci;
/*!40101 SET character_set_client = @saved_cs_client */;

--
-- Dumping data for table `term_i18n`
--

LOCK TABLES `term_i18n` WRITE;
/*!40000 ALTER TABLE `term_i18n` DISABLE KEYS */;
INSERT INTO `term_i18n` VALUES (NULL,110,'en'),('',111,'ar'),('Creaci',111,'ca'),('Creaci',111,'ca@valencia'),('Creadigaeth',111,'cy'),('Anlage',111,'de'),('Anlage',111,'de_AT'),('Anlage',111,'de_CH'),('Anlage',111,'de-AT'),('Anlage',111,'de-CH'),('',111,'el'),('Creation',111,'en'),('Creacin',111,'es'),('Sorkuntza',111,'eu'),('Cration/Production',111,'fr'),('Creacin',111,'gl'),('Stvaranje',111,'hr'),('Keletkezs',111,'hu'),('Penciptaan',111,'id'),('Skpun',111,'is'),('Creazione',111,'it'),('',111,'ja'),('',111,'ka'),('',111,'ko'),('Vervaardig',111,'nl'),('Utworzenie',111,'pl'),('Produo',111,'pt'),('Produo',111,'pt_BR'),('Produo',111,'pt-BR'),('',111,'ru'),('',111,'ru_RU'),('Ustvarjanje',111,'sl'),('',111,'sr'),('Skapande',111,'sv'),('',111,'ta'),('',111,'th'),('Yaratish',111,'uz'),('Nm to',111,'vi'),('',111,'zh'),('Custdia',113,'ca'),('Custdia',113,'ca@valencia'),('Gwarchodaeth',113,'cy'),('Verwahrung',113,'de'),('Verwahrung',113,'de-CH'),('Custody',113,'en'),('Custodia',113,'es'),('Kustodia',113,'eu'),('Conservation',113,'fr'),('Custdia',113,'gl'),('uvanje',113,'hr'),('Megrzs',113,'hu'),('Kustodi',113,'id'),('Varveisla',113,'is'),('Conservazione',113,'it'),('',113,'ja'),(' ',113,'ka'),('',113,'ko'),('Beheer',113,'nl'),('Przechowywanie/kuratela',113,'pl'),('Custdia',113,'pt'),('Custdia',113,'pt_BR'),('Custdia',113,'pt-BR'),('Skrbnitvo',113,'sl'),('',113,'sr'),('Frvaringsansvar',113,'sv'),('',113,'th'),('Lu gi',113,'vi'),('',113,'zh'),('Publicaci',114,'ca'),('Publicaci',114,'ca@valencia'),('Cyhoeddiad',114,'cy'),('Verffentlichung',114,'de'),('Verffentlichung',114,'de-CH'),('',114,'el'),('Publication',114,'en'),('Publicacin',114,'es'),('Argitalpena',114,'eu'),('Publication',114,'fr'),('Publicacin',114,'gl'),('Publikacija',114,'hr'),('Kzzttel',114,'hu'),('Publikasi',114,'id'),('tgfa',114,'is'),('Pubblicazione',114,'it'),('',114,'ja'),('',114,'ka'),('',114,'ko'),('Publicatie',114,'nl'),('Publikacja',114,'pl'),('Publicao',114,'pt'),('Publicao',114,'pt_BR'),('Publicao',114,'pt-BR'),('Objava',114,'sl'),('',114,'sr'),('Publicering',114,'sv'),('',114,'th'),('Nashr',114,'uz'),(' cng b',114,'vi'),('',114,'zh'),('Collaboraci',115,'ca'),('Contribuci',115,'ca@valencia'),('Cyfraniad',115,'cy'),('Beitrag',115,'de'),('Beitrag',115,'de-CH'),('',115,'el'),('Contribution',115,'en'),('Contribucin',115,'es'),('Ekarpena',115,'eu'),('Contribution',115,'fr'),('Contribucin',115,'gl'),('Doprinos',115,'hr'),('Hozzszls/hozzjruls',115,'hu'),('Kontribusi',115,'id'),('Framlag',115,'is'),('Contributo',115,'it'),('',115,'ja'),(', ',115,'ka'),('',115,'ko'),('Bijdrage',115,'nl'),('Wspudzia',115,'pl'),('Contribuio',115,'pt'),('Contribuio',115,'pt_BR'),('Contribuio',115,'pt-BR'),('Prispevek',115,'sl'),('',115,'sr'),('Bidrag',115,'sv'),('',115,'th'),('Gop phn',115,'vi'),('',115,'zh'),('Collecci',117,'ca'),('Collecci',117,'ca@valencia'),('Casgliad',117,'cy'),('Sammlung',117,'de'),('Sammlung',117,'de-CH'),('',117,'el'),('Collection',117,'en'),('Coleccin',117,'es'),('Bilduma',117,'eu'),('Collection',117,'fr'),('Coleccin',117,'gl'),('Zbirka',117,'hr'),('Gyjtemny',117,'hu'),('Koleksi',117,'id'),('Sndarsafn',117,'is'),('Raccolta',117,'it'),('',117,'ja'),('',117,'ka'),('',117,'ko'),('Collectie',117,'nl'),('Kolekcja',117,'pl'),('Coleo',117,'pt'),('Coleo',117,'pt_BR'),('Coleo',117,'pt-BR'),('Colectie',117,'ro'),('',117,'ru'),('Zbirka',117,'sl'),('',117,'sr'),('Samling',117,'sv'),('',117,'th'),('Collection',117,'vi'),('',117,'zh'),('Agregaci',118,'ca'),('Agregaci',118,'ca@valencia'),('Crynhoad',118,'cy'),('Bildung',118,'de'),('Bildung',118,'de-CH'),('Accumulation',118,'en'),('Acumulacin',118,'es'),('Pilaketa',118,'eu'),('Accumulation',118,'fr'),('Acumulacin',118,'gl'),('Akumulacija',118,'hr'),('Gyjts',118,'hu'),('Akumulasi',118,'id'),('Sfnun',118,'is'),('Accumulazione',118,'it'),('',118,'ja'),('',118,'ka'),('',118,'ko'),('Nagromadzenie zasobu',118,'pl'),('Acumulao',118,'pt'),('Acumulao',118,'pt_BR'),('Acumulao',118,'pt-BR'),('Zbiranje',118,'sl'),('',118,'sr'),('Arkivbildning',118,'sv'),('',118,'th'),('Jamlash',118,'uz'),('Tch ly',118,'vi'),('',118,'zh'),('Nota sobre el ttol',119,'ca'),('Nota sobre el ttol',119,'ca@valencia'),('Nodyn teitl',119,'cy'),('Anmerkung zum Titel',119,'de'),('Anmerkung zum Titel',119,'de-CH'),(' ',119,'el'),('Title note',119,'en'),('Nota sobre el ttulo',119,'es'),('Izenburu oharra',119,'eu'),('Note du titre',119,'fr'),('Nota de ttulo',119,'gl'),('Napomena uz naslov',119,'hr'),('Jegyzet a cmhez',119,'hu'),('Catatan Judul',119,'id'),('Athugasemd um titil',119,'is'),('Nota al titolo',119,'it'),('',119,'ja'),(' ',119,'ka'),(' ()',119,'ko'),('Titel aantekening',119,'nl'),('Nota tytuowa',119,'pl'),('Nota ao ttulo',119,'pt'),('Nota de ttulo',119,'pt_BR'),('Nota de ttulo',119,'pt-BR'),('Opomba glede naslova',119,'sl'),('  ',119,'sr'),('Titelanmrkning',119,'sv'),('',119,'th'),('Sarlavha yozuvi',119,'uz'),('Ghi ch nhan ',119,'vi'),('',119,'zh'),('Nota de publicaci',120,'ca'),('Nota de publicaci',120,'ca@valencia'),('Nodyn cyhoeddiad',120,'cy'),('Anmerkung zur Verffentlichung',120,'de'),('Anmerkung zur Verffentlichung',120,'de_AT'),('Anmerkung zur Verffentlichung',120,'de_CH'),('Anmerkung zur Verffentlichung',120,'de-AT'),('Anmerkung zur Verffentlichung',120,'de-CH'),(' ',120,'el'),('Publication note',120,'en'),('Nota de publicacin',120,'es'),('Argitalpen oharra',120,'eu'),('Note de publication',120,'fr'),('Nota de publicacin',120,'gl'),('Napomena uz publikaciju',120,'hr'),('Publikcik',120,'hu'),('Catatan Publikasi',120,'id'),('tgfuupplsingar',120,'is'),('Nota bibliografica',120,'it'),('',120,'ja'),(' ',120,'ka'),('',120,'ko'),('Notitie Publicaties',120,'nl'),('Informacja o publikacji',120,'pl'),('Nota de publicao',120,'pt'),('Nota de publicao',120,'pt_BR'),('Nota de publicao',120,'pt-BR'),('Opomba o objavi',120,'sl'),('  ',120,'sr'),('Publikationsanteckning',120,'sv'),('',120,'th'),('Nashr izohi',120,'uz'),('Lu  cng b',120,'vi'),('',120,'zh'),('Nota sobre l\'origen',121,'ca'),('Nota sobre l\'origen',121,'ca@valencia'),('Nodyn ffynhonnell',121,'cy'),('Anmerkung zur Quelle',121,'de'),('Anmerkung zur Quelle',121,'de-CH'),(' ',121,'el'),('Source note',121,'en'),('Nota sobre el origen',121,'es'),('Ohar iturria',121,'eu'),('Sources',121,'fr'),('Nota de fonte',121,'gl'),('Napomena uz izvor',121,'hr'),('Forrsjegyzet',121,'hu'),('Catatan sumber',121,'id'),('Athugasemd um heimildir',121,'is'),('Nota sulla fonte',121,'it'),('',121,'ja'),(' ',121,'ka'),(' ',121,'ko'),('Bron aantekening',121,'nl'),('Nota rdowa',121,'pl'),('Nota de fonte',121,'pt'),('Nota de fonte',121,'pt_BR'),('Nota de fonte',121,'pt-BR'),('Opomba o viru',121,'sl'),('  ',121,'sr'),('Kllanmrkning',121,'sv'),('',121,'th'),('Manba izohi',121,'uz'),('Ghi ch ca ngun',121,'vi'),('',121,'zh'),(' ',122,'ar'),('Nota d\'abast',122,'ca'),('Nota sobre l\'abast',122,'ca@valencia'),('Nodyn cwmpas',122,'cy'),('Anmerkung zum Umfang',122,'de'),('Anmerkung zum Umfang',122,'de_AT'),('Anmerkung zum Umfang',122,'de_CH'),('Anmerkung zum Umfang',122,'de-AT'),('Anmerkung zum Umfang',122,'de-CH'),(' ',122,'el'),('Scope note',122,'en'),('Nota sobre el alcance',122,'es'),('Ohar esparrua',122,'eu'),(' ',122,'fa'),('Note sur la porte et contenu',122,'fr'),('Nota de alcance',122,'gl'),('Napomena uz opseg',122,'hr'),('Trgy - megjegyzs',122,'hu'),('Catatan Cakupan',122,'id'),('Athugasemd um umfang',122,'is'),('Nota relativa all\'ambito',122,'it'),('',122,'ja'),('  ',122,'ka'),(' ()',122,'ko'),('Notitie toepassingsgebied',122,'nl'),('Nota/uwaga do zakresu',122,'pl'),('Nota de mbito',122,'pt'),('Nota de mbito',122,'pt_BR'),('Nota de mbito',122,'pt-BR'),('Nota domeniu de aplicare',122,'ro'),('Opomba o obsegu',122,'sl'),('  ',122,'sr'),('Omfattningsanmrkning',122,'sv'),(' ',122,'ta'),(' - ',122,'th'),('Qamrov izohi',122,'uz'),('Ghi ch phm vi',122,'vi'),('',122,'zh'),('Mostra la nota',123,'ca'),('Mostrar nota',123,'ca@valencia'),('Nodyn dangos',123,'cy'),('Anmerkung zur Ansicht',123,'de'),('Anmerkung zur Ansicht',123,'de-CH'),('Display note',123,'en'),('Mostrar nota',123,'es'),('Bistaratze oharra',123,'eu'),('Note d\'affichage',123,'fr'),('Nota de despergue',123,'gl'),('Prikai napomenu',123,'hr'),('Megjelentsi jegyzet',123,'hu'),('Catatan penayangan',123,'id'),('Birta athugasemd',123,'is'),('Mostra la nota',123,'it'),('',123,'ja'),(' ',123,'ka'),(' ',123,'ko'),('Toon',123,'nl'),('Mostrar nota',123,'pt'),('Nota de exibio',123,'pt_BR'),('Nota de exibio',123,'pt-BR'),('Prikai opombo',123,'sl'),('  ',123,'sr'),('Visningsfltsanmrkning',123,'sv'),('Display',123,'th'),('Ghi ch hin th ngy',123,'vi'),('',123,'zh'),('Nota de l\'arxiver',124,'ca'),('Nota de l\'arxiver',124,'ca@valencia'),('Nodyn yr archifydd',124,'cy'),('Anmerkung des Archivars/der Archivarin',124,'de'),('Anmerkung des Archivars/der Archivarin',124,'de_AT'),('Anmerkung des Archivars/der Archivarin',124,'de_CH'),('Anmerkung des Archivars/der Archivarin',124,'de-AT'),('Anmerkung des Archivars/der Archivarin',124,'de-CH'),('   ',124,'el'),('Archivist\'s note',124,'en'),('Nota del archivista',124,'es'),('Artxibozainaren oharra',124,'eu'),('Note de l\'archiviste',124,'fr'),('Nota do arquiveiro',124,'gl'),('Napomena arhivista',124,'hr'),('A lers ksztse s ksztje',124,'hu'),('Catatan Arsiparis',124,'id'),('Athugasemd skjalavarar',124,'is'),('Nota dell\'archivista',124,'it'),('',124,'ja'),(' ',124,'ka'),(' ',124,'ko'),('Aantekeningen van de archivaris',124,'nl'),('Uwaga archiwisty',124,'pl'),('Nota do arquivista',124,'pt'),('Nota do arquivista',124,'pt_BR'),('Nota do arquivista',124,'pt-BR'),(' ',124,'ru'),(' ',124,'ru_RU'),('Opomba arhivarja',124,'sl'),(' ',124,'sr'),('Arkivariens anmrkning',124,'sv'),('',124,'th'),('Arxivchi qaydi',124,'uz'),('Ghi ch ca chuyn vin lu tr',124,'vi'),('',124,'zh'),('Nota general',125,'ca'),('Nota general',125,'ca@valencia'),('Nodyn cyffredinol',125,'cy'),('Allgemeine Anmerkung',125,'de'),('Allgemeine Anmerkung',125,'de_AT'),('Allgemeine Anmerkung',125,'de_CH'),('Allgemeine Anmerkung',125,'de-AT'),('Allgemeine Anmerkung',125,'de-CH'),(' ',125,'el'),('General note',125,'en'),('Nota general',125,'es'),('Ohar orokorra',125,'eu'),('Note gnrale',125,'fr'),('Nota xeral',125,'gl'),('Opa napomena',125,'hr'),('ltalnos jegyzet',125,'hu'),('Catatan Umum',125,'id'),('Almenn athugasemd',125,'is'),('Nota generale',125,'it'),('',125,'ja'),(' ',125,'ka'),(' ',125,'ko'),('Algemene aantekening',125,'nl'),('Nota geral',125,'pt'),('Nota geral',125,'pt_BR'),('Nota geral',125,'pt-BR'),('Splona opomba',125,'sl'),(' ',125,'sr'),('Allmn anmrkning',125,'sv'),('',125,'th'),('General note',125,'vi'),('',125,'zh'),('Altra data descriptiva',126,'ca'),('Altra data descriptiva',126,'ca@valencia'),('Data Disgrifiadol Arall',126,'cy'),('Sonstige spezielle Informationen',126,'de'),('Sonstige spezielle Informationen',126,'de-CH'),('Other Descriptive Data',126,'en'),('Otra Fecha Descriptiva',126,'es'),('Beste Datu Deskriptiboak',126,'eu'),('Autres donnes descriptives',126,'fr'),('Outros datos descriptivos',126,'gl'),('Drugi oprisni podaci',126,'hr'),('Egyb ler adat',126,'hu'),('Data Deskripsi lain',126,'id'),('Altre informazioni descrittive',126,'it'),('',126,'ja'),('  ',126,'ka'),('   ',126,'ko'),('Andere beschrijvingsgegevens.',126,'nl'),('Outros dados descritivos',126,'pt'),('Outro dado descritivo',126,'pt_BR'),('Outro dado descritivo',126,'pt-BR'),('Drugi opisni podatki',126,'sl'),('  ',126,'sr'),('Andra beskrivande data',126,'sv'),('',126,'th'),('Boshqa tavsif ma\'lumoti',126,'uz'),('D liu m t khc',126,'vi'),('',126,'zh'),('Nota de manteniment',127,'ca'),('Nota de manteniment',127,'ca@valencia'),('Nodyn cynnal a chadw',127,'cy'),('Anmerkung zur Pflege',127,'de'),('Anmerkung zur Instandhaltung(?)',127,'de-CH'),(' ',127,'el'),('Maintenance note',127,'en'),('Nota de mantenimiento',127,'es'),('Mantenimendu oharra',127,'eu'),('Note relatives  la mise  jour de la notice',127,'fr'),('Nota de mantencin',127,'gl'),('Napomena uz odravanje',127,'hr'),('Karbantartsra vonatkoz megjegyzs',127,'hu'),('Catatan pemeliharaan',127,'id'),('Nota sulla manutenzione',127,'it'),('',127,'ja'),(',  ',127,'ka'),(' ',127,'ko'),('Onderhoudsaantekening',127,'nl'),('Nota de manuteno',127,'pt'),('Nota de manuteno',127,'pt_BR'),('Nota de manuteno',127,'pt-BR'),('Opomba o vzdrevanju',127,'sl'),('  ',127,'sr'),('Frvaltningsanmrkning',127,'sv'),('(Maintenance notes)',127,'th'),('Texnik ishlar izohi',127,'uz'),('Ghi ch bo tr',127,'vi'),('',127,'zh'),('Documents i material d\'arxiu',128,'ca'),('Documents i material d\'arxiu',128,'ca@valencia'),('Deunydd archifol',128,'cy'),('Archivgut',128,'de'),('Archivgut',128,'de-CH'),(' ',128,'el'),('Archival material',128,'en'),('Documentos y material de archivo',128,'es'),('Artxiboko materiala',128,'eu'),('Documents d\'archives',128,'fr'),('Material de arquivo',128,'gl'),('Arhivsko gradivo',128,'hr'),('Levltri anyag',128,'hu'),('Material Arsip',128,'id'),('Skjalaggn',128,'is'),('Materiale archivistico',128,'it'),('',128,'ja'),(' ',128,'ka'),(' ',128,'ko'),('Archivistisch materaal',128,'nl'),('Materia archiwalny',128,'pl'),('Acervo arquivstico',128,'pt'),('Material de arquivo',128,'pt_BR'),('Material de arquivo',128,'pt-BR'),(' ',128,'ru'),('Arhivsko gradivo',128,'sl'),('a ',128,'sr'),('Arkivmaterial',128,'sv'),('',128,'th'),('Arxiv materiali',128,'uz'),('Ti liu lu',128,'vi'),('',128,'zh'),('Material publicat',129,'ca'),('Material publicat',129,'ca@valencia'),('Deunydd cyhoeddiedig',129,'cy'),('Verffentlichung',129,'de'),('Verffentlichung',129,'de-CH'),(' ',129,'el'),('Published material',129,'en'),('Material publicado',129,'es'),('Argitaraturiko materiala',129,'eu'),('Documents publis',129,'fr'),('Material publicado',129,'gl'),('Objavljeno gradivo',129,'hr'),('Kzztett anyag',129,'hu'),('Bahan arsip yang dipublikasi',129,'id'),('tgefi efni',129,'is'),('Materiale edito',129,'it'),('',129,'ja'),(' ',129,'ka'),('',129,'ko'),('Gepubliceerd materiaal',129,'nl'),('Materia opublikowany',129,'pl'),('Publicaes',129,'pt'),('Material publicado',129,'pt_BR'),('Material publicado',129,'pt-BR'),('Objavljeno gradivo',129,'sl'),(' ',129,'sr'),('Publicerat material',129,'sv'),('',129,'th'),('Nashr qilingan material',129,'uz'),('Ti liu xut bn',129,'vi'),('',129,'zh'),('Material de l\'artefacte',130,'ca'),('Material de l\'artefacte',130,'ca@valencia'),('Deunydd arteffact',130,'cy'),('Artefakt',130,'de'),('Artefakt',130,'de-CH'),(' ',130,'el'),('Artefact material',130,'en'),('Material del artefacto',130,'es'),('Artefaktu materiala',130,'eu'),('Matriel/Matriaux de l\'artefact',130,'fr'),('Artefakti',130,'hr'),('Trgyi lelet anyaga',130,'hu'),('Bahan artefak',130,'id'),('Efni tengt grip',130,'is'),('Manufatti',130,'it'),('',130,'ja'),(' ',130,'ka'),(' ',130,'ko'),('Artefact materiaal',130,'nl'),('materia typu artefakt',130,'pl'),('Material tridimensional',130,'pt'),('Material do artefato',130,'pt_BR'),('Material do artefato',130,'pt-BR'),('Artefakti',130,'sl'),(' ',130,'sr'),('Artefaktmaterial',130,'sv'),('',130,'th'),('Tarixiy asar',130,'uz'),('Vt liu Artefact',130,'vi'),('',130,'zh'),('Organisme',131,'ca'),('Entitat collectiva',131,'ca@valencia'),('Corff corfforaethol',131,'cy'),('Organisation',131,'de'),('Organisation',131,'de-CH'),(' ',131,'el'),('Corporate body',131,'en'),('Entidad colectiva',131,'es'),('Erakunde korporatiboa',131,'eu'),('Collectivit',131,'fr'),('Entidade coletiva',131,'gl'),('Pravna osoba',131,'hr'),('Szervezet/testlet',131,'hu'),('Badan Korporasi',131,'id'),('Fyrirtki/stofnun',131,'is'),('Ente',131,'it'),('',131,'ja'),(' ',131,'ka'),('',131,'ko'),('Instelling',131,'nl'),('Pessoa coletiva',131,'pt'),('Entidade coletiva',131,'pt_BR'),('Entidade coletiva',131,'pt-BR'),('Persoana juridica',131,'ro'),('Korporacija',131,'sl'),(' ',131,'sr'),('Institution',131,'sv'),('',131,'th'),('on th',131,'vi'),('',131,'zh'),('Persona',132,'ca'),('Persona',132,'ca@valencia'),('Person',132,'cy'),('Person',132,'de'),('Person',132,'de-CH'),('',132,'el'),('Person',132,'en'),('Persona',132,'es'),('Pertsona',132,'eu'),('Personne',132,'fr'),('Persoa',132,'gl'),('Osoba',132,'hr'),('Szemly',132,'hu'),('Orang',132,'id'),('Einstaklingur',132,'is'),('Persona',132,'it'),('',132,'ja'),('',132,'ka'),('',132,'ko'),('Persoon',132,'nl'),('Osoba',132,'pl'),('Pessoa singular',132,'pt'),('Pessoa',132,'pt_BR'),('Pessoa',132,'pt-BR'),('',132,'ru'),('Oseba',132,'sl'),(' ',132,'sr'),('Person',132,'sv'),('',132,'th'),('Shaxs',132,'uz'),('Ngi',132,'vi'),('',132,'zh'),('Famlia',133,'ca'),('Famlia',133,'ca@valencia'),('Teulu',133,'cy'),('Familie',133,'de'),('Familie',133,'de-CH'),('',133,'el'),('Family',133,'en'),('Familia',133,'es'),('Familia',133,'eu'),('Famille',133,'fr'),('Familia',133,'gl'),('Obitelj',133,'hr'),('Csald',133,'hu'),('Kekerabatan',133,'id'),('Fjlskylda',133,'is'),('Famiglia',133,'it'),('',133,'ja'),('',133,'ka'),('',133,'ko'),('Familie',133,'nl'),('Famlia',133,'pt'),('Famlia',133,'pt_BR'),('Famlia',133,'pt-BR'),('',133,'ru'),('Druina',133,'sl'),('',133,'sr'),('Familj',133,'sv'),('',133,'th'),('Aile',133,'tr'),('Tc gi',133,'vi'),('',133,'zh'),('udio',135,'ca'),('udio',135,'ca@valencia'),('Sain',135,'cy'),('Audio/Ton-',135,'de'),('Audio/Ton-',135,'de-CH'),('',135,'el'),('Audio',135,'en'),('Audio',135,'es'),('Audioa',135,'eu'),('Audio',135,'fr'),('Audio',135,'gl'),('Audio snimka',135,'hr'),('Hangfelvtel',135,'hu'),('Audio',135,'id'),('Hlj',135,'is'),('Audio',135,'it'),('',135,'ja'),('',135,'ka'),('',135,'ko'),('Audio',135,'nl'),('Dwikowe/audio',135,'pl'),('Audio',135,'pt'),('udio',135,'pt_BR'),('udio',135,'pt-BR'),('Audio',135,'ro'),('',135,'ru'),('Avdio',135,'sl'),('',135,'sr'),('Audio',135,'sv'),('Audio',135,'uz'),('m thanh',135,'vi'),('',135,'zh'),('Imatge',136,'ca'),('Imatge',136,'ca@valencia'),('Delwedd',136,'cy'),('Bild',136,'de'),('Bild',136,'de-CH'),('',136,'el'),('Image',136,'en'),('Imagen',136,'es'),('Irudia',136,'eu'),('Image',136,'fr'),('Imaxe',136,'gl'),('Slika',136,'hr'),('Kp',136,'hu'),('Gambar',136,'id'),('Mynd',136,'is'),('Immagine',136,'it'),('',136,'ja'),('',136,'ka'),('',136,'ko'),('Afbeelding',136,'nl'),('Imagem',136,'pt'),('Imagem',136,'pt_BR'),('Imagem',136,'pt-BR'),('Imagine',136,'ro'),('',136,'ru'),('Slika',136,'sl'),('',136,'sr'),('Bild',136,'sv'),('Nhng nh',136,'vi'),('',136,'zh'),('Text',137,'ca'),('Text',137,'ca@valencia'),('Testun',137,'cy'),('Text',137,'de'),('Text',137,'de-CH'),('',137,'el'),('Text',137,'en'),('Texto',137,'es'),('Testua',137,'eu'),('Texte',137,'fr'),('Texto',137,'gl'),('Tekst',137,'hr'),('Szveg',137,'hu'),('Teks',137,'id'),('Texti',137,'is'),('Testo',137,'it'),('',137,'ja'),('',137,'ka'),('',137,'ko'),('Tekst',137,'nl'),('Tekst',137,'pl'),('Texto',137,'pt'),('Texto',137,'pt_BR'),('Texto',137,'pt-BR'),('Text',137,'ro'),('',137,'ru'),('Besedilo',137,'sl'),('',137,'sr'),('Text',137,'sv'),('Matn',137,'uz'),('Vn bn',137,'vi'),('',137,'zh'),('Vdeo',138,'ca'),('Vdeo',138,'ca@valencia'),('Fideo',138,'cy'),('Video',138,'de'),('Video',138,'de-CH'),('',138,'el'),('Video',138,'en'),('Video',138,'es'),('Bideoa',138,'eu'),('Vido',138,'fr'),('Vdeo',138,'gl'),('Video snimka',138,'hr'),('Videfelvtel',138,'hu'),('Video',138,'id'),('Myndband',138,'is'),('Video',138,'it'),('',138,'ja'),('',138,'ka'),('',138,'ko'),('Video',138,'nl'),('Video',138,'pl'),('Vdeo',138,'pt'),('Vdeo',138,'pt_BR'),('Vdeo',138,'pt-BR'),('Video',138,'ro'),('Video',138,'sl'),('',138,'sr'),('Video',138,'sv'),('Video',138,'uz'),('video',138,'vi'),('',138,'zh'),('Altre',139,'ca'),('Altre',139,'ca@valencia'),('Arall',139,'cy'),('Anderes',139,'de'),('Anderes',139,'de-CH'),('',139,'el'),('Other',139,'en'),('Otro',139,'es'),('Beste',139,'eu'),('Autre',139,'fr'),('Outro',139,'gl'),('Drugo',139,'hr'),('Egyb',139,'hu'),('Lainnya',139,'id'),('Anna',139,'is'),('Altro',139,'it'),('',139,'ja'),('',139,'ka'),('',139,'ko'),('Anders',139,'nl'),('Outro',139,'pt'),('Outro',139,'pt_BR'),('Outro',139,'pt-BR'),('Altul',139,'ro'),('',139,'ru'),('Drugo',139,'sl'),('',139,'sr'),('Annat',139,'sv'),('',139,'th'),('Boshqa',139,'uz'),('Khc',139,'vi'),('',139,'zh'),('',140,'ar'),('Exemplar original',140,'ca'),('Exemplar original',140,'ca@valencia'),('Meistr',140,'cy'),('Original',140,'de'),('Original',140,'de_AT'),('Original',140,'de_CH'),('Original',140,'de-AT'),('Original',140,'de-CH'),('Master',140,'en'),('Ejemplar original',140,'es'),('Masterra',140,'eu'),('Matrice',140,'fr'),('Master',140,'hr'),('Mester',140,'hu'),('Master',140,'id'),('Master',140,'it'),('',140,'ja'),('',140,'ka'),('',140,'ko'),('Master',140,'nl'),('Nadrzdny',140,'pl'),('Matriz',140,'pt'),('Master',140,'pt_BR'),('Master',140,'pt-BR'),('Glavni dokument',140,'sl'),(' ',140,'sr'),('Master',140,'sv'),('Usta',140,'tr'),('Asosiy Master',140,'uz'),('Tng th',140,'vi'),('',140,'zh'),('Referncia',141,'ca'),('Referncia',141,'ca@valencia'),('Cyfeirnod',141,'cy'),('Verweis',141,'de'),('Verweis',141,'de-CH'),('',141,'el'),('Reference',141,'en'),('Referencia',141,'es'),('Erreferentzia',141,'eu'),('Rfrence',141,'fr'),('Referencia',141,'gl'),('Referenca',141,'hr'),('Referencia',141,'hu'),('Referensi',141,'id'),('Tilvsun',141,'is'),('Riferimento',141,'it'),('',141,'ja'),(' ()',141,'ka'),('',141,'ko'),('Referentie',141,'nl'),('Sygnatura',141,'pl'),('Referncia',141,'pt'),('Referncia',141,'pt_BR'),('Referncia',141,'pt-BR'),('Referenca',141,'sl'),('',141,'sr'),('Hnvisning',141,'sv'),('',141,'th'),('Eslatma',141,'uz'),('Tham kho',141,'vi'),('',141,'zh'),('',142,'ar'),('Miniatura',142,'ca'),('Thumbnail',142,'ca@valencia'),('Bodlun',142,'cy'),('Miniaturbild',142,'de'),('Thumbnail',142,'de_AT'),('Thumbnail',142,'de_CH'),('Thumbnail',142,'de-AT'),('Thumbnail',142,'de-CH'),('Thumbnail',142,'en'),('Miniatura',142,'es'),('Argazkitxo',142,'eu'),('Vignette',142,'fr'),('Miniatura',142,'gl'),('Minijatura',142,'hr'),('Blyegkp',142,'hu'),('Thumbnail',142,'id'),('Smmynd',142,'is'),('Miniatura',142,'it'),('',142,'ja'),('',142,'ka'),('',142,'ko'),('Thumbnail',142,'nl'),('Miniaturka',142,'pl'),('cone',142,'pt'),('Miniatura',142,'pt_BR'),('Miniatura',142,'pt-BR'),('Predogledna sliica',142,'sl'),(' ',142,'sr'),('Tumnagel',142,'sv'),('',142,'ta'),('Kichik surati',142,'uz'),('Hnh thu nh',142,'vi'),('',142,'zh'),('Mltiple',143,'ca'),('Mltiple',143,'ca@valencia'),('Cyfansawdd',143,'cy'),('Zusammengesetzt',143,'de'),('',143,'el'),('Compound',143,'en'),('Mltiple',143,'es'),('Konposatua',143,'eu'),('Complexe',143,'fr'),('Composto',143,'gl'),('Sastavljeno',143,'hr'),('sszettel',143,'hu'),('Majemuk',143,'id'),('Samsetning',143,'is'),('Composto',143,'it'),('',143,'ja'),('',143,'ka'),('',143,'ko'),('Samengesteld',143,'nl'),('Skadnik',143,'pl'),('Composto',143,'pt'),('Composto',143,'pt_BR'),('Composto',143,'pt-BR'),('',143,'ru'),('Sestavljenka/Kompleks????',143,'sl'),('',143,'sr'),('Sammansttning',143,'sv'),('',143,'th'),('iu nh',143,'vi'),('',143,'zh'),('',144,'ar'),('Localitzaci',144,'ca'),('Localitzaci',144,'ca@valencia'),('Lleoliad',144,'cy'),('Standort',144,'de'),('Standort',144,'de_AT'),('Standort',144,'de_CH'),('Standort',144,'de-AT'),('Standort',144,'de-CH'),('',144,'el'),('Location',144,'en'),('Localizacin',144,'es'),('Kokapena',144,'eu'),('',144,'fa'),('Localisation',144,'fr'),('Ubicacin',144,'gl'),('Mjesto',144,'hr'),('Hely',144,'hu'),('Lokasi',144,'id'),('Stasetning',144,'is'),('Ubicazione',144,'it'),('',144,'ja'),(', ',144,'ka'),(' ',144,'ko'),('Lokatie',144,'nl'),('Lokalizacja',144,'pl'),('Localizao',144,'pt'),('Localizao',144,'pt_BR'),('Localizao',144,'pt-BR'),('Locatia',144,'ro'),('Lokacija',144,'sl'),('',144,'sr'),('Plats',144,'sv'),(' ',144,'ta'),('',144,'th'),('Lokasyon',144,'tr'),('Mt v tr',144,'vi'),('',144,'zh'),('Contenidor',145,'ca'),('Contenidor',145,'ca@valencia'),('Bocs',145,'cy'),('Behltnis',145,'de'),('Behltnis',145,'de-CH'),('Container',145,'en'),('Contenedor',145,'es'),('Edukitzailea',145,'eu'),('Contenant',145,'fr'),('Contenedor',145,'gl'),('Spremnik',145,'hr'),('Trol',145,'hu'),('Tempat penyimpanan',145,'id'),('Hylki',145,'is'),('Contenitore',145,'it'),('',145,'ja'),(' ,',145,'ka'),(' ',145,'ko'),('Verpakking',145,'nl'),('Zasobnik',145,'pl'),('Unidade de instalao',145,'pt'),('Caixa',145,'pt_BR'),('Caixa',145,'pt-BR'),('',145,'ru'),('Tehnina enota',145,'sl'),('',145,'sr'),('Behllare',145,'sv'),('',145,'th'),('Bao hm',145,'vi'),('',145,'zh'),('Artefacte',146,'ca'),('Artefacte',146,'ca@valencia'),('Arteffact',146,'cy'),('Gegenstand',146,'de'),('Gegenstand',146,'de-CH'),('',146,'el'),('Artefact',146,'en'),('Artefacto',146,'es'),('Artefaktua',146,'eu'),('Artefact',146,'fr'),('Artefacto',146,'gl'),('Artefakt',146,'hr'),('Trgyi lelet',146,'hu'),('Artefak',146,'id'),('Gripur',146,'is'),('Manufatto',146,'it'),('',146,'ja'),('',146,'ka'),('',146,'ko'),('Artefact',146,'nl'),('Artefakt',146,'pl'),('Objeto tridimensional',146,'pt'),('Artefato',146,'pt_BR'),('Artefato',146,'pt-BR'),('',146,'ru'),('Artefakt',146,'sl'),('',146,'sr'),('Freml',146,'sv'),('(Artefact)',146,'th'),('Artefakt',146,'uz'),('Artefact',146,'vi'),('',146,'zh'),('t Objecte Fsic',147,'ca'),('t Objecte Fsic',147,'ca@valencia'),('mae ganddo Gwrthrych Ffisegol',147,'cy'),('besitzt physisches Objekt (?)',147,'de'),('verfgt ber ein physisches Objekt',147,'de-CH'),('has Physical Object',147,'en'),('has Physical Object',147,'es'),('Objektu Fisikoa du',147,'eu'),('contient un objet physique',147,'fr'),('como Obxecto fsico',147,'gl'),('ima fiziki objekt',147,'hr'),('tartalmaz Fizikai Objektumot',147,'hu'),('Memiliki Objek Fisik',147,'id'),('contiene un oggetto fisico',147,'it'),('',147,'ja'),('  ',147,'ka'),('  ',147,'ko'),('heeft fysiek object',147,'nl'),('ma obiekt fizyczny',147,'pl'),('possui objeto tridimensional',147,'pt'),('Possui Objeto Fsico',147,'pt_BR'),('Possui Objeto Fsico',147,'pt-BR'),('ima fizien predmet',147,'sl'),('  ',147,'sr'),('har Fysiskt Objekt',147,'sv'),('',147,'th'),('fizik obyekti mavjud',147,'uz'),('c i tng vt l',147,'vi'),('',147,'zh'),('Forma parallela',148,'ca'),('Forma parallela',148,'ca@valencia'),('Ffurf cyfochrog',148,'cy'),('Parallelansetzung',148,'de'),('Parallelansetzung',148,'de-CH'),(' ',148,'el'),('Parallel form',148,'en'),('Forma paralela',148,'es'),('Formulario paraleloa',148,'eu'),('Forme parallle',148,'fr'),('Forma paralela',148,'gl'),('Ekvivalentni oblik',148,'hr'),('Prhuzamosan hasznlt nvalak',148,'hu'),('Bentuk paralel',148,'id'),('Hlisttt form',148,'is'),('Forma parallela',148,'it'),('',148,'ja'),(' ',148,'ka'),(' ',148,'ko'),('Parallelle naam',148,'nl'),('Forma paralela',148,'pt'),('Forma paralela',148,'pt_BR'),('Forma paralela',148,'pt-BR'),('Vzporedna oblika',148,'sl'),(' ',148,'sr'),('Parallellform',148,'sv'),('',148,'th'),('Parallel shakli',148,'uz'),('Hnh thc song song',148,'vi'),('',148,'zh'),('Altra forma',149,'ca'),('Altra forma',149,'ca@valencia'),('Ffurflen arall',149,'cy'),('Weiterer Name',149,'de'),('Weiterer Name',149,'de-CH'),(' ',149,'el'),('Other form',149,'en'),('Otra forma',149,'es'),('Beste formulario bat',149,'eu'),('Autre nom',149,'fr'),('Outra forma',149,'gl'),('Drugi oblik',149,'hr'),('Egyb forma',149,'hu'),('Format lain',149,'id'),('Anna form',149,'is'),('Altro nome',149,'it'),('',149,'ja'),(' ',149,'ka'),(' ',149,'ko'),('Andere naam',149,'nl'),('Outra forma',149,'pt'),('Outra forma',149,'pt_BR'),('Outra forma',149,'pt-BR'),(' ',149,'ru'),('Druga oblika',149,'sl'),(' ',149,'sr'),('Andra former',149,'sv'),('',149,'th'),('Boshqa shakli',149,'uz'),('Hnh thc khc',149,'vi'),('',149,'zh'),('jerrquica',150,'ca'),('jerrquica',150,'ca@valencia'),('hierarchaidd',150,'cy'),('hierarchisch',150,'de'),('hierarchisch',150,'de-CH'),('',150,'el'),('hierarchical',150,'en'),('jerrquica',150,'es'),('hierarkiko',150,'eu'),('hirarchique',150,'fr'),('xerrquica',150,'gl'),('hijerarhijski',150,'hr'),('hierarchikus',150,'hu'),('Hirarki',150,'id'),('stigveldi',150,'is'),('gerarchico',150,'it'),('',150,'ja'),('',150,'ka'),(' ',150,'ko'),('hierarchiczny',150,'pl'),('hierrquica',150,'pt'),('hierrquica',150,'pt_BR'),('hierrquica',150,'pt-BR'),('Ierarhical',150,'ro'),('hierarhina',150,'sl'),('',150,'sr'),('hierarkisk',150,'sv'),('',150,'th'),('iyerarxik',150,'uz'),('phn cp',150,'vi'),('',150,'zh'),('temporal',151,'ca'),('temporal',151,'ca@valencia'),('amseryddol',151,'cy'),('zeitlich',151,'de'),('zeitlich',151,'de-CH'),('',151,'el'),('temporal',151,'en'),('temporal',151,'es'),('Tenporala',151,'eu'),('temporel',151,'fr'),('temporal',151,'gl'),('privremeno',151,'hr'),('ideiglenes',151,'hu'),('sementara',151,'id'),('tmabundi',151,'is'),('temporale',151,'it'),('',151,'ja'),('',151,'ka'),('',151,'ko'),('wiecki',151,'pl'),('cronolgica',151,'pt'),('temporal',151,'pt_BR'),('temporal',151,'pt-BR'),('Temporal',151,'ro'),('zaasna',151,'sl'),('',151,'sr'),('temporr',151,'sv'),('vaqtincha',151,'uz'),('thi gian',151,'vi'),('',151,'zh'),('famlia',152,'ca'),('famlia',152,'ca@valencia'),('teulu',152,'cy'),('Familie',152,'de'),('Familie',152,'de-CH'),('',152,'el'),('family',152,'en'),('familia',152,'es'),('familia',152,'eu'),('famille',152,'fr'),('Familia',152,'gl'),('obitelj',152,'hr'),('csald',152,'hu'),('keluarga',152,'id'),('fjlskylda',152,'is'),('famiglia',152,'it'),('',152,'ja'),('',152,'ka'),('',152,'ko'),('Familie',152,'nl'),('rodzina',152,'pl'),('familiar',152,'pt'),('famlia',152,'pt_BR'),('famlia',152,'pt-BR'),('druina',152,'sl'),('',152,'sr'),('familj',152,'sv'),('',152,'th'),('oila',152,'uz'),('Gia nh',152,'vi'),('',152,'zh'),('associativa',153,'ca'),('associativa',153,'ca@valencia'),('cysylltiadol',153,'cy'),('assoziativ',153,'de'),('assoziativ',153,'de-CH'),('',153,'el'),('associative',153,'en'),('asociativa',153,'es'),('elkarkor',153,'eu'),('d\'association',153,'fr'),('asociativo',153,'gl'),('asocijativna',153,'hr'),('trsulsi',153,'hu'),('asosiatif',153,'id'),('associativo',153,'it'),('',153,'ja'),('',153,'ka'),('',153,'ko'),('wicy',153,'pl'),('associativa',153,'pt'),('associativa',153,'pt_BR'),('associativa',153,'pt-BR'),('Asociativ.',153,'ro'),('povezovalna',153,'sl'),('',153,'sr'),('associativ',153,'sv'),('birlashtiruvchi',153,'uz'),('kt hp',153,'vi'),('',153,'zh'),('descripci',154,'ca'),('descripci',154,'ca@valencia'),('disgrifiad',154,'cy'),('Beschreibung',154,'de'),('Beschreibung',154,'de-CH'),('',154,'el'),('description',154,'en'),('descripcin',154,'es'),('deskribapena',154,'eu'),('description',154,'fr'),('descricin',154,'gl'),('opis',154,'hr'),('lers',154,'hu'),('Deskripsi',154,'id'),('lsing',154,'is'),('descrizione',154,'it'),('',154,'ja'),('',154,'ka'),('',154,'ko'),('opis',154,'pl'),('descrio',154,'pt'),('descrio',154,'pt_BR'),('descrio',154,'pt-BR'),('opis',154,'sl'),('',154,'sr'),('frteckning',154,'sv'),('editor',154,'th'),('tavsif',154,'uz'),('M t',154,'vi'),('',154,'zh'),('visualitzaci de la data',155,'ca'),('visualitzaci de data',155,'ca@valencia'),('dangos dyddiad',155,'cy'),('Datumsanzeige',155,'de'),('Datumsanzeige',155,'de-CH'),('date display',155,'en'),('visualizacin de fecha',155,'es'),('dataren bistaratzea',155,'eu'),('affichage de la date',155,'fr'),('prikaz datuma',155,'hr'),('dtum megjelentse',155,'hu'),('Tampilan tanggal',155,'id'),('dagsetning',155,'is'),('data visualizzata',155,'it'),('',155,'ja'),(' ',155,'ka'),(' ',155,'ko'),('prezentacja daty',155,'pl'),('visualizar data',155,'pt'),('exibir data',155,'pt_BR'),('exibir data',155,'pt-BR'),('prikaz datuma',155,'sl'),(' ',155,'sr'),('visningsflt fr datum',155,'sv'),('',155,'th'),('sanani ko`rsatish',155,'uz'),('Hin th ngy',155,'vi'),('',155,'zh'),('etiqueta alternativa',156,'ca'),('etiqueta alternativa',156,'ca@valencia'),('label arall',156,'cy'),('alternative Beschriftung',156,'de'),(' ',156,'el'),('alternative label',156,'en'),('etiqueta alternativa',156,'es'),('etiketa alternatiboa',156,'eu'),('Autre libell',156,'fr'),('etiqueta alternativa',156,'gl'),('alternativa oznaka',156,'hr'),('alternatv cmke',156,'hu'),('label alternatif',156,'id'),('Etichetta alternativa',156,'it'),('',156,'ja'),(' ',156,'ka'),(' ',156,'ko'),('etykieta alternatywna',156,'pl'),('etiqueta alternativa',156,'pt'),('etiqueta alternativa',156,'pt_BR'),('etiqueta alternativa',156,'pt-BR'),('alternativna oznaka',156,'sl'),(' ',156,'sr'),('alternativ etikett',156,'sv'),('muqobil belgi',156,'uz'),('Nhn thay th',156,'vi'),('',156,'zh'),('associativa',157,'ca'),('associativa',157,'ca@valencia'),('cysylltiadol',157,'cy'),('assoziativ',157,'de'),('assoziativ',157,'de-CH'),('',157,'el'),('associative',157,'en'),('asociativa',157,'es'),('elkarkor',157,'eu'),('d\'association',157,'fr'),('asociativo',157,'gl'),('asocijativna',157,'hr'),('trsulsi',157,'hu'),('asosiatif',157,'id'),('associativo',157,'it'),('',157,'ja'),('',157,'ka'),('',157,'ko'),('wicy',157,'pl'),('associativa',157,'pt'),('associativa',157,'pt_BR'),('associativa',157,'pt-BR'),('Asociativ.',157,'ro'),('povezovalna',157,'sl'),('',157,'sr'),('associativ',157,'sv'),('birlashtiruvchi',157,'uz'),('kt hp',157,'vi'),('',157,'zh'),('publicaci',158,'ca'),('publicaci',158,'ca@valencia'),('cyhoeddiad',158,'cy'),('Verffentlichung',158,'de'),('Verffentlichung',158,'de-CH'),('',158,'el'),('publication',158,'en'),('publicacin',158,'es'),('argitalpena',158,'eu'),('publication',158,'fr'),('publicacin',158,'gl'),('publikacija',158,'hr'),('publikci',158,'hu'),('Publikasi',158,'id'),('tgfa',158,'is'),('pubblicazione',158,'it'),('',158,'ja'),('',158,'ka'),('',158,'ko'),('Publicatie',158,'nl'),('publikacja',158,'pl'),('publicao',158,'pt'),('publicao',158,'pt_BR'),('publicao',158,'pt-BR'),('izdaja',158,'sl'),('',158,'sr'),('publikation',158,'sv'),('',158,'th'),('nashr',158,'uz'),(' cng b',158,'vi'),('',158,'zh'),('',159,'ar'),('Esborrany',159,'ca'),('Esborrany',159,'ca@valencia'),('Nvrh',159,'cs'),('Drafft',159,'cy'),('Entwurf',159,'de'),('Entwurf',159,'de_AT'),('Entwurf',159,'de_CH'),('Entwurf',159,'de-AT'),('Entwurf',159,'de-CH'),('',159,'el'),('Draft',159,'en'),('Borrador',159,'es'),('Zirriborroa',159,'eu'),('bauche',159,'fr'),('Borrador',159,'gl'),('Nacrt',159,'hr'),('Vzlat',159,'hu'),('Draf',159,'id'),('Uppkast',159,'is'),('Bozza',159,'it'),('',159,'ja'),('',159,'ka'),('',159,'ko'),('Concept',159,'nl'),('Szkic',159,'pl'),('Preliminar',159,'pt'),('Verso preliminar',159,'pt_BR'),('Verso preliminar',159,'pt-BR'),('Proiect',159,'ro'),('',159,'ru'),('',159,'ru_RU'),('Osnutek',159,'sl'),('',159,'sr'),('Utkast',159,'sv'),('',159,'ta'),('Xomaki',159,'uz'),('D tho',159,'vi'),('',159,'zh'),('',160,'ar'),('Publicat',160,'ca'),('Publicat',160,'ca@valencia'),('Cyhoeddwyd',160,'cy'),('Verffentlicht',160,'de'),('Verffentlicht',160,'de_AT'),('Verffentlicht',160,'de_CH'),('Verffentlicht',160,'de-AT'),('Verffentlicht',160,'de-CH'),('',160,'el'),('Published',160,'en'),('Publicado',160,'es'),('Argitaratua',160,'eu'),('Publi',160,'fr'),('Publicado',160,'gl'),('Objavljeno',160,'hr'),('Kzztett',160,'hu'),('Terpublikasi',160,'id'),('tgefi',160,'is'),('Pubblicato',160,'it'),('',160,'ja'),('',160,'ka'),('',160,'ko'),('Gepubliceerd',160,'nl'),('Opublikowano',160,'pl'),('Publicado',160,'pt'),('Publicado',160,'pt_BR'),('Publicado',160,'pt-BR'),('Objavljeno',160,'sl'),('',160,'sr'),('Publicerad',160,'sv'),('',160,'ta'),('',160,'th'),('Taqdim etilgan',160,'uz'),('Xut bn',160,'vi'),('',160,'zh'),('punts d\'accs per autoritat',161,'ca'),('punts d\'accs per autoritat',161,'ca@valencia'),('pwyntiau mynediad enw',161,'cy'),('Zugriffspunkte (Name)',161,'de'),('Zugriffspunkt (Name)',161,'de-CH'),('   ',161,'el'),('name access points',161,'en'),('puntos de acceso por autoridad',161,'es'),('Izen sarrera-puntuak',161,'eu'),('   ',161,'fa'),('mots-cls - noms',161,'fr'),('Puntos de acceso por autoridade',161,'gl'),('pristupnice imena',161,'hr'),('nv kapcsoldsi pontok',161,'hu'),('Akses Point \'Nama\'',161,'id'),('nfn',161,'is'),('punti di accesso per nome',161,'it'),('',161,'ja'),('  ',161,'ka'),(' ',161,'ko'),('naam ontsluitingsterm',161,'nl'),('indeks nazw',161,'pl'),('pontos de acesso - nome',161,'pt'),('ponto de acesso nome',161,'pt_BR'),('ponto de acesso nome',161,'pt-BR'),('imenuj gesla',161,'sl'),('  /',161,'sr'),('Skingng p namn',161,'sv'),('nomlar',161,'uz'),('Tn im truy cp',161,'vi'),('',161,'zh'),('jerrquica',162,'ca'),('jerrquica',162,'ca@valencia'),('hierarchaidd',162,'cy'),('hierarchisch',162,'de'),('hierarchisch',162,'de-CH'),('',162,'el'),('hierarchical',162,'en'),('jerrquica',162,'es'),('hierarkiko',162,'eu'),('hirarchique',162,'fr'),('xerrquica',162,'gl'),('hijerarhijski',162,'hr'),('hierarchikus',162,'hu'),('Hirarki',162,'id'),('stigveldi',162,'is'),('gerarchico',162,'it'),('',162,'ja'),('',162,'ka'),(' ',162,'ko'),('hierarchiczny',162,'pl'),('hierrquica',162,'pt'),('hierrquica',162,'pt_BR'),('hierrquica',162,'pt-BR'),('Ierarhical',162,'ro'),('hierarhina',162,'sl'),('',162,'sr'),('hierarkisk',162,'sv'),('',162,'th'),('iyerarxik',162,'uz'),('phn cp',162,'vi'),('',162,'zh'),('temporal',163,'ca'),('temporal',163,'ca@valencia'),('amseryddol',163,'cy'),('zeitlich',163,'de'),('zeitlich',163,'de-CH'),('',163,'el'),('temporal',163,'en'),('temporal',163,'es'),('Tenporala',163,'eu'),('temporel',163,'fr'),('temporal',163,'gl'),('privremeno',163,'hr'),('ideiglenes',163,'hu'),('sementara',163,'id'),('tmabundi',163,'is'),('temporale',163,'it'),('',163,'ja'),('',163,'ka'),('',163,'ko'),('wiecki',163,'pl'),('cronolgica',163,'pt'),('temporal',163,'pt_BR'),('temporal',163,'pt-BR'),('Temporal',163,'ro'),('zaasna',163,'sl'),('',163,'sr'),('temporr',163,'sv'),('vaqtincha',163,'uz'),('thi gian',163,'vi'),('',163,'zh'),('associativa',164,'ca'),('associativa',164,'ca@valencia'),('cysylltiadol',164,'cy'),('assoziativ',164,'de'),('assoziativ',164,'de-CH'),('',164,'el'),('associative',164,'en'),('asociativa',164,'es'),('elkarkor',164,'eu'),('d\'association',164,'fr'),('asociativo',164,'gl'),('asocijativna',164,'hr'),('trsulsi',164,'hu'),('asosiatif',164,'id'),('associativo',164,'it'),('',164,'ja'),('',164,'ka'),('',164,'ko'),('wicy',164,'pl'),('associativa',164,'pt'),('associativa',164,'pt_BR'),('associativa',164,'pt-BR'),('Asociativ.',164,'ro'),('povezovalna',164,'sl'),('',164,'sr'),('associativ',164,'sv'),('birlashtiruvchi',164,'uz'),('kt hp',164,'vi'),('',164,'zh'),('Forma normalitzada',165,'ca'),('Forma normalitzada',165,'ca@valencia'),('Ffurf safonol',165,'cy'),('Standardansetzung',165,'de'),('Standardansetzung',165,'de-CH'),(' ',165,'el'),('Standardized form',165,'en'),('Forma normalizada',165,'es'),('Estandarizaturiko formularioa',165,'eu'),('Forme normalise',165,'fr'),('Forma normalizada',165,'gl'),('Standardizirani oblik',165,'hr'),('Szabvnyostott alak',165,'hu'),('Format baku',165,'id'),('Stala form',165,'is'),('Forma normalizzata',165,'it'),('',165,'ja'),(' ',165,'ka'),(' ',165,'ko'),('Genormeerde vorm',165,'nl'),('Forma normalizada',165,'pt'),('Forma normalizada',165,'pt_BR'),('Forma normalizada',165,'pt-BR'),('Standardizirana oblika',165,'sl'),(' ',165,'sr'),('Standardiserad form',165,'sv'),('',165,'th'),('Standartlashgan shakli',165,'uz'),('Hnh thc chun',165,'vi'),('',165,'zh'),('URI extern',166,'ca'),('URI extern',166,'ca@valencia'),('URI allanol',166,'cy'),('Externe URI',166,'de'),('Externe URI',166,'de-CH'),(' URI',166,'el'),('External URI',166,'en'),('URI externo',166,'es'),('Kanpoko URIa',166,'eu'),('URI externe',166,'fr'),('URI externo',166,'gl'),('Vanjski URI',166,'hr'),('Kls URI',166,'hu'),('External URI',166,'id'),('URI esterno',166,'it'),('URI',166,'ja'),('  URI',166,'ka'),(' URI',166,'ko'),('URI externo',166,'pt'),('URI Externo',166,'pt_BR'),('URI Externo',166,'pt-BR'),(' URI',166,'ru'),('Zunanji enotni oznaevalnik vira (URI)',166,'sl'),(' URI',166,'sr'),('Extern URI',166,'sv'),('URI ngoi',166,'vi'),('URI',166,'zh'),('',167,'ar'),('Ingrs',167,'ca'),('Adhesi',167,'ca@valencia'),('Derbyn',167,'cy'),('Akzession',167,'de'),('Akzession',167,'de_AT'),('Akzession',167,'de_CH'),('Akzession',167,'de-AT'),('Akzession',167,'de-CH'),('',167,'el'),('Accession',167,'en'),('Ingreso',167,'es'),('Atxikimendua',167,'eu'),('Acquisition',167,'fr'),('Ingreso',167,'gl'),('Akcesija',167,'hr'),('Gyarapods',167,'hu'),('Akuisisi',167,'id'),('Afhending',167,'is'),('Acquisizione',167,'it'),('',167,'ja'),('',167,'ka'),('',167,'ko'),('Nabycie',167,'pl'),('Incorporao',167,'pt'),('Aquisio',167,'pt_BR'),('Aquisio',167,'pt-BR'),('Prevzem gradiva',167,'sl'),(' ',167,'sr'),('Accession',167,'sv'),('',167,'ta'),('',167,'th'),('Ro`yxatga olish',167,'uz'),('Truy cp',167,'vi'),('',167,'zh'),('Dret',168,'ca'),('Dret',168,'ca@valencia'),('Hawl',168,'cy'),('Recht',168,'de'),('Recht',168,'de-CH'),('',168,'el'),('Right',168,'en'),('Derecho',168,'es'),('Eskubidea',168,'eu'),('Droit',168,'fr'),('Dereito',168,'gl'),('Pravo',168,'hr'),('Jogosultsg',168,'hu'),('Pemegang Hak',168,'id'),('Leyfi',168,'is'),('Diritto',168,'it'),('',168,'ja'),('',168,'ka'),('',168,'ko'),('Recht',168,'nl'),('Uprawnienie',168,'pl'),('Direito',168,'pt'),('Direito',168,'pt_BR'),('Direito',168,'pt-BR'),('Pravica',168,'sl'),('',168,'sr'),('Rttighet',168,'sv'),('',168,'th'),('Huquq',168,'uz'),('Quyn',168,'vi'),('',168,'zh'),('Donant',169,'ca'),('Donant',169,'ca@valencia'),('Drce',169,'cs'),('Rhoddwr',169,'cy'),('Geber, abgebende Stelle',169,'de'),('Abgebende Stelle/Person',169,'de-CH'),('',169,'el'),('Donor',169,'en'),('Donador',169,'es'),('Emailea',169,'eu'),('Donateur',169,'fr'),('Donante',169,'gl'),('Donator',169,'hr'),('Adomnyoz',169,'hu'),('Donor',169,'id'),('Gefandi',169,'is'),('Donatore',169,'it'),('',169,'ja'),('',169,'ka'),('',169,'ko'),('Schenker',169,'nl'),('Doador',169,'pt'),('Doador',169,'pt_BR'),('Doador',169,'pt-BR'),('Donator',169,'ro'),('',169,'ru'),('Donator',169,'sl'),(' ',169,'sr'),('Donator',169,'sv'),('',169,'th'),('Ngi tng',169,'vi'),('',169,'zh'),('Drets d\'autor',170,'ca'),('Drets d\'autor',170,'ca@valencia'),('Hawlfraint',170,'cy'),('Urheberrecht',170,'de'),('Copyright',170,'de-CH'),(' ',170,'el'),('Copyright',170,'en'),('Derechos de autor',170,'es'),('Copyright-a',170,'eu'),('Droit d\'auteur',170,'fr'),('Copyright',170,'gl'),('Autorsko pravo',170,'hr'),('Szerzi jog',170,'hu'),('Copyright',170,'id'),('Hfundarrttur',170,'is'),('Copyright',170,'it'),('',170,'ja'),(' ',170,'ka'),('',170,'ko'),('Copyright',170,'nl'),('Prawa autorskie',170,'pl'),('Direitos de autor',170,'pt'),('Direitos autorais',170,'pt_BR'),('Direitos autorais',170,'pt-BR'),('Drepturi de autor',170,'ro'),(' ',170,'ru'),('Avtorske pravice',170,'sl'),(' ',170,'sr'),('Upphovsrtt',170,'sv'),('',170,'th'),('Telif hakk',170,'tr'),('Ban quyn',170,'vi'),('',170,'zh'),('Llicncia',171,'ca'),('Llicncia',171,'ca@valencia'),('Licence',171,'cs'),('Trwydded',171,'cy'),('Lizenz',171,'de'),('Lizenz',171,'de-CH'),('',171,'el'),('License',171,'en'),('Licencia',171,'es'),('Lizentzia',171,'eu'),('Licence',171,'fr'),('Licenza',171,'gl'),('Licenca',171,'hr'),('Engedly',171,'hu'),('Lisensi',171,'id'),('Leyfi',171,'is'),('Licenza',171,'it'),('',171,'ja'),('',171,'ka'),('',171,'ko'),('Licentie',171,'nl'),('Licena',171,'pt'),('Licena',171,'pt_BR'),('Licena',171,'pt-BR'),('Licenta',171,'ro'),('',171,'ru'),('Licenca',171,'sl'),('',171,'sr'),('Licens',171,'sv'),('Giy php',171,'vi'),('',171,'zh'),('Normativa',172,'ca'),('Normativa',172,'ca@valencia'),('Statud',172,'cy'),('Statut',172,'de'),('',172,'el'),('Statute',172,'en'),('Normativa',172,'es'),('Estatutua',172,'eu'),('Rglementation',172,'fr'),('Estatuto',172,'gl'),('Statut',172,'hr'),('Rendelet',172,'hu'),('Statuta',172,'id'),('Lg',172,'is'),('Statuto',172,'it'),('',172,'ja'),('  , .',172,'ka'),('',172,'ko'),('Statuut',172,'nl'),('Estatuto',172,'pt'),('Estatuto',172,'pt_BR'),('Regulamento',172,'pt-BR'),('Statut',172,'ro'),('Statut',172,'sl'),('',172,'sr'),('Regelverk',172,'sv'),('',172,'th'),('Nizom',172,'uz'),('Quy ch',172,'vi'),('',172,'zh'),('Poltica',173,'ca'),('Poltica',173,'ca@valencia'),('Polisi',173,'cy'),('Richtlinie',173,'de'),('Strategie',173,'de-CH'),('',173,'el'),('Policy',173,'en'),('Poltica',173,'es'),('Politika',173,'eu'),('Politique',173,'fr'),('Poltica',173,'gl'),('Pravila',173,'hr'),('Irnyelv',173,'hu'),('Kebijakan',173,'id'),('Stefna',173,'is'),('Politica',173,'it'),('',173,'ja'),('',173,'ka'),('',173,'ko'),('Beleid',173,'nl'),('Poltica',173,'pt'),('Poltica',173,'pt_BR'),('Poltica',173,'pt-BR'),('Politica',173,'ro'),('Pravilo',173,'sl'),('',173,'sr'),('Policy',173,'sv'),('',173,'th'),('Siyosat',173,'uz'),('Chnh sch',173,'vi'),('',173,'zh'),('Nota sobre el idioma',174,'ca'),('Nota sobre el idioma',174,'ca@valencia'),('Nodyn iaith',174,'cy'),('Anmerkung zur Sprache',174,'de'),('Anmerkung zur Sprache',174,'de-CH'),(' ',174,'el'),('Language note',174,'en'),('Nota sobre el idioma',174,'es'),('Hizkuntza oharra',174,'eu'),('Note sur la langue',174,'fr'),('Nota de idioma',174,'gl'),('Napomena uz jezik',174,'hr'),('Nyelvi megjegyzs',174,'hu'),('Catatan bahasa',174,'id'),('Athugasemd um tunguml',174,'is'),('Nota sulla lingua',174,'it'),('',174,'ja'),(' ',174,'ka'),(' ',174,'ko'),('Taal aantekeningen',174,'nl'),('Nota ao idioma',174,'pt'),('Nota de idioma',174,'pt_BR'),('Nota de idioma',174,'pt-BR'),('Opomba o jeziku',174,'sl'),('  ',174,'sr'),('Sprkanmrkning',174,'sv'),('',174,'th'),('Dil notu',174,'tr'),('Ghi ch ngn ng',174,'vi'),('',174,'zh'),('Nou ingrs',175,'ca'),('Nou ingrs',175,'ca@valencia'),('Croniad',175,'cy'),('Zuwachs',175,'de'),('Zuwachs',175,'de-CH'),(' ',175,'el'),('Accrual',175,'en'),('Nuevo ingreso',175,'es'),('Sortzapena',175,'eu'),('Accroissement',175,'fr'),('Acumulacin',175,'gl'),('Dopuna',175,'hr'),('Gyarapods',175,'hu'),('Akrual',175,'id'),('Vibt',175,'is'),('Incremento',175,'it'),('',175,'ja'),(' ',175,'ko'),('Incorporaes',175,'pt'),('Incorporao',175,'pt_BR'),('Incorporao',175,'pt-BR'),('Dopolnjevanje fondov',175,'sl'),('',175,'sr'),('Tillggsleverans',175,'sv'),('Kelib tushgan hujjat',175,'uz'),('S lng tch li',175,'vi'),('',175,'zh'),('Descripcions del material relacionat',176,'ca'),('Disgrifiadau deunydd cysylltiedig',176,'cy'),('Beschreibung verwandter Materialien',176,'de'),('Beschreibung verwandter Materialien',176,'de-CH'),('Related material descriptions',176,'en'),('Descripciones de material relacionado',176,'es'),('Erlazionaturiko materialaren deskribapenak',176,'eu'),('Descriptions matrielles associes',176,'fr'),('Opisi povezanog gradiva',176,'hr'),('Kapcsold anyagok lersai',176,'hu'),('Deskripsi bahan arsip yang berkaitan',176,'id'),('Descrizioni dei materiali collegati',176,'it'),('',176,'ja'),('  ',176,'ko'),('Descries de material relacionado',176,'pt'),('Descries de materiais relacionados',176,'pt_BR'),('Descries de materiais relacionados',176,'pt-BR'),('Elementi povezanih popisov',176,'sl'),('  ',176,'sr'),('Relaterade materialbeskrivningar',176,'sv'),('Aloqador material tavsiflari',176,'uz'),('M t vt liu lin quan',176,'vi'),('',176,'zh'),(' ',177,'ar'),('Antnim',177,'ca'),('Term gwrthwyneb',177,'cy'),('Entgegengesetzter Begriff',177,'de'),('Entgegengesetzter Begriff',177,'de_AT'),('Entgegengesetzter Begriff',177,'de_CH'),('Entgegengesetzter Begriff',177,'de-AT'),('Entgegengesetzter Begriff',177,'de-CH'),('Converse term',177,'en'),('Antnimo relacional',177,'es'),('Contrako epea',177,'eu'),('Terme contraire',177,'fr'),('Suprotan pojam',177,'hr'),('Fordtott (szak)kifejezs',177,'hu'),('Istilah berlawanan',177,'id'),('Termine opposto',177,'it'),(' ',177,'ko'),('Converter termo',177,'pt'),('Antnimo relacional',177,'pt_BR'),('Antnimo relacional',177,'pt-BR'),('Nasproten izraz',177,'sl'),(' ',177,'sr'),('Inverterat msesidig term',177,'sv'),(' ?',177,'ta'),('Hn noi chuyn',177,'vi'),('',177,'zh'),('relaci AIP',178,'ca'),('Cysylltiad AIP',178,'cy'),('AIP Relation',178,'de'),('AIP relation',178,'en'),('Relacin AIP',178,'es'),('AIP erlazioa',178,'eu'),('Lien AIP',178,'fr'),('AIP veza',178,'hr'),('AIP kapcsolat',178,'hu'),('Relasi AIP',178,'id'),('Relazione dell\'AIP',178,'it'),('AIP ',178,'ko'),('Relao AIP',178,'pt'),('Relaes AIP',178,'pt_BR'),('Relaes AIP',178,'pt-BR'),('AIP povezava',178,'sl'),('AIP ',178,'sr'),('AIP-relation',178,'sv'),('AIP aloqasi',178,'uz'),('Quan h AIP',178,'vi'),('AIP ',178,'zh'),('Cydran Gwaith Celf',179,'cy'),('Bestandteil eines Kunstwerkes',179,'de'),('Artwork component',179,'en'),('Elementos de la obra de arte',179,'es'),('Artelanaren osagaia',179,'eu'),('Composants de l\'oeuvre',179,'fr'),('Komponenta umjetnikog djela',179,'hr'),('Malkots alkoteleme/i',179,'hu'),('Komponen karya senia',179,'id'),('Hluti listaverks',179,'is'),('Elemento dell\'oggetto d\'arte',179,'it'),('',179,'ja'),(' ',179,'ko'),('Componente da obra de arte',179,'pt'),('Componente da obra de arte',179,'pt_BR'),('Componente da obra de arte',179,'pt-BR'),('Komponenta umetnine',179,'sl'),('  ',179,'sr'),('Konstverk komponent',179,'sv'),('San\'at asari tarkibi',179,'uz'),('Thnh phn tc phm ngh thut',179,'vi'),('',179,'zh'),('Material grfic',180,'ca'),('Deunydd gwaith celf',180,'cy'),('Material eines Kunstwerkes',180,'de'),('Artwork material',180,'en'),('Material de la obra de arte',180,'es'),('Artelan materiala',180,'eu'),('Matriaux de l\'oeuvre',180,'fr'),('Umjetnine',180,'hr'),('Malkots anyaga',180,'hu'),('Bahan karya seni',180,'id'),('Efni listaverks',180,'is'),('Materiale dell\'oggetto d\'arte',180,'it'),('',180,'ja'),(' ',180,'ko'),('Material da obra de arte',180,'pt'),('Material da obra de arte',180,'pt_BR'),('Material da obra de arte',180,'pt-BR'),('Umetniko gradivo',180,'sl'),('',180,'sr'),('Konstverksmaterial',180,'sv'),('San\'at asari materiali',180,'uz'),('Ti liu nh minh ha',180,'vi'),('',180,'zh'),('Documentaci de suport',181,'ca'),('Dogfennaeth ategol',181,'cy'),('Untersttzende Dokumentation',181,'de'),('Untersttzende Dokumentation',181,'de-CH'),('Supporting documentation',181,'en'),('Documentacin de soporte',181,'es'),('Laguntza-dokumentazioa',181,'eu'),('Documentation d\'appui',181,'fr'),('Pomona dokumentacija',181,'hr'),('Segddokumentci',181,'hu'),('Dokumentasi pendukung',181,'id'),('Documentazione di supporto',181,'it'),(' ',181,'ko'),('Documentao de apoio',181,'pt'),('Documentao de apoio',181,'pt_BR'),('Documentao de apoio',181,'pt-BR'),('Podporna dokumentacija',181,'sl'),(' ',181,'sr'),('Stddokumentation',181,'sv'),('Qo`llanuvchi hujjatlar',181,'uz'),('ti liu h tr',181,'vi'),('',181,'zh'),('Tecnologia de suport',182,'ca'),('Technoleg cefnogol',182,'cy'),('Untersttzende Technik',182,'de'),('Untersttzende Technik',182,'de-CH'),('Supporting technology',182,'en'),('Tecnologa de soporte',182,'es'),('Laguntza-teknologia',182,'eu'),('Technologie d\'appui',182,'fr'),('Pomona tehnologija',182,'hr'),('Segdtechnolgia',182,'hu'),('Teknologi pendukung',182,'id'),('Tecnologia di supporto',182,'it'),(' ',182,'ko'),('Tecnologia de apoio',182,'pt'),('Tecnologia de apoio',182,'pt_BR'),('Tecnologia de apoio',182,'pt-BR'),('Podporna tehnologija',182,'sl'),(' ',182,'sr'),('Stdteknologi',182,'sv'),('Qo`llanuvchi texnologiya',182,'uz'),('Cng ngh h tr',182,'vi'),('',182,'zh'),(' ',183,'ar'),('En progrs',183,'ca'),('Ar y gweill',183,'cy'),('In Bearbeitung',183,'de'),('In Bearbeitung',183,'de_AT'),('In Bearbeitung',183,'de_CH'),('In Bearbeitung',183,'de-AT'),('In Bearbeitung',183,'de-CH'),('In progress',183,'en'),('En progreso',183,'es'),('En cours',183,'fr'),('En progeso',183,'gl'),('U tijeku',183,'hr'),('Folyamatban',183,'hu'),('Sedang dalam proses',183,'id'),('In corso',183,'it'),('Em progresso',183,'pt'),('Em progresso',183,'pt_BR'),('Em progresso',183,'pt-BR'),(' ',183,'sr'),('Under arbete',183,'sv'),('  ?',183,'ta'),('Cwblhawyd',184,'cy'),('Abgeschlossen',184,'de'),('Fertig',184,'de-CH'),('Completed',184,'en'),('Completado',184,'es'),('Complt',184,'fr'),('Zavreno',184,'hr'),('Befejezve',184,'hu'),('Selesai',184,'id'),('Completato',184,'it'),('',184,'ja'),('Completo',184,'pt'),('Completo',184,'pt_BR'),('Completado',184,'pt-BR'),('',184,'sr'),('Avslutad',184,'sv'),('',185,'ar'),('Error',185,'ca'),('Gwall',185,'cy'),('Fehler',185,'de'),('Fehler',185,'de_AT'),('Fehler',185,'de_CH'),('Fehler',185,'de-AT'),('Fehler',185,'de-CH'),('Error',185,'en'),('Error',185,'es'),('Erreur',185,'fr'),('Erro',185,'gl'),('Greka',185,'hr'),('Hiba',185,'hu'),('Error',185,'id'),('Errore',185,'it'),('Erro',185,'pt'),('Erro',185,'pt_BR'),('Erro',185,'pt-BR'),('',185,'sr'),('Fel',185,'sv'),('',185,'ta'),('Hata',185,'tr'),('all-lein',186,'cy'),('Offline',186,'de'),('Offline',186,'de-CH'),('Offline',186,'en'),('Hors ligne',186,'fr'),('Neumreeno',186,'hr'),('Hlzat nlkl',186,'hu'),('Offline',186,'id'),('Offline',186,'it'),('Offline',186,'pt'),('Offline',186,'pt_BR'),('Offline',186,'pt-BR'),('',186,'sr'),('Offline',186,'sv'),('evrimd',186,'tr'),('Oflayn',186,'uz'),('Cynnal lleoliad',187,'cy'),('Maintaining repository',187,'en'),('Entretien du dpt',187,'fr'),('Odravanje repozitorija',187,'hr'),('Repozitrium fnntartsa',187,'hu'),('Repositori pemeliharaan',187,'id'),('Deposito che lo mantiene',187,'it'),('Manuteno do repositrio',187,'pt'),('Manuteno da entidade custodiadora',187,'pt_BR'),('Manuteno da entidade custodiadora',187,'pt-BR'),(' ',187,'sr'),('Frvaltande arkivinstitution',187,'sv'),('Repozitoriyni nazorat qilish',187,'uz'),('Nodyn galwediageth actor',188,'cy'),('Actor occupation note',188,'en'),('Note sur l\'activit de l\'acteur',188,'fr'),('Napomena uz zanimanje stvaratelja',188,'hr'),('Iratkpz elfoglaltsghoz tartoz jegyzet',188,'hu'),('Catatan jabatan pelaku',188,'id'),('Nota sull\'occupazione dell\'attore',188,'it'),('',188,'ja'),('Nota sobre ocupao da pessoa',188,'pt'),('Nota de ocupao do autor',188,'pt_BR'),('Nota da ocupao do registro de autoridade',188,'pt-BR'),('   ',188,'sr'),('Anmrkning rrande aktrsyrke',188,'sv'),('',189,'ar'),('Creaci',189,'ca'),('Creaci',189,'ca@valencia'),('Creadigaeth',189,'cy'),('Anlage',189,'de'),('Anlage',189,'de_AT'),('Anlage',189,'de_CH'),('Anlage',189,'de-AT'),('Anlage',189,'de-CH'),('',189,'el'),('Creation',189,'en'),('Creacin',189,'es'),('Sorkuntza',189,'eu'),('Cration/Production',189,'fr'),('Creacin',189,'gl'),('Stvaranje',189,'hr'),('Keletkezs',189,'hu'),('Penciptaan',189,'id'),('Skpun',189,'is'),('Creazione',189,'it'),('',189,'ja'),('',189,'ka'),('',189,'ko'),('Vervaardig',189,'nl'),('Utworzenie',189,'pl'),('Produo',189,'pt'),('Produo',189,'pt_BR'),('Produo',189,'pt-BR'),('',189,'ru'),('',189,'ru_RU'),('Ustvarjanje',189,'sl'),('',189,'sr'),('Skapande',189,'sv'),('',189,'ta'),('',189,'th'),('Yaratish',189,'uz'),('Nm to',189,'vi'),('',189,'zh'),('Addasiad',190,'cy'),('Modification',190,'en'),('Modification',190,'fr'),('Promjena',190,'hr'),('Pengubahan',190,'id'),('Modificao',190,'pt'),('Modificao',190,'pt_BR'),('Modificao',190,'pt-BR'),('',190,'sr'),('Modifiering',190,'sv'),('Ffeil allanol',191,'cy'),('External file',191,'en'),('Fichier externe',191,'fr'),('Vanjska datoteka',191,'hr'),('Ficheiro externo',191,'pt'),('Arquivo externo',191,'pt_BR'),('Dynodwr gwahanol derbyn',192,'cy'),('Accession alternative identifier',192,'en'),('Identifiant alternatif d\'acquisition',192,'fr'),('Alternativni identifikator akcesije',192,'hr'),('Identificador alternativo de acesso',192,'pt'),('Incorporao de identificador alternativo',192,'pt_BR'),('s el cap de',193,'ca'),('yw uwchradd',193,'cy'),('ist der Vorgesetzte von',193,'de'),('ist der Vorgsetzte von',193,'de-CH'),('is the superior of',193,'en'),('es el superior de',193,'es'),('ondokoaren nagusia da:',193,'eu'),('est le suprieur de',193,'fr'),(' o superior de',193,'gl'),('je nadreeni od',193,'hr'),('flrendeltje',193,'hu'),('atasan dari',193,'id'),(' il superiore di',193,'it'),('  ',193,'ko'),(' o superior de',193,'pt'),(' o superior de',193,'pt_BR'),(' o superior de',193,'pt-BR'),('je nadrejeni/-a od',193,'sl'),(' ',193,'sr'),('r verordnad',193,'sv'),('quyidagidan yuqori turadi:',193,'uz'),('l cp trn ca',193,'vi'),('',193,'zh'),('s el subordinat de',194,'ca'),('yw isradd',194,'cy'),('ist der Untergebene von',194,'de'),('ist der Untergebene von',194,'de-CH'),('is the subordinate of',194,'en'),('es el subordinado de',194,'es'),('ondokoaren menpekoa da:',194,'eu'),('est le/la subordonn(e) de',194,'fr'),(' o subordinado de',194,'gl'),('je podreeni od',194,'hr'),('alrendeltje',194,'hu'),('bawahan dari',194,'id'),(' subordinato/a a',194,'it'),('  ',194,'ko'),(' o subordinado de',194,'pt'),(' o subordinado de',194,'pt_BR'),(' o subordinado de',194,'pt-BR'),('je podrejeni/-a od',194,'sl'),(' ',194,'sr'),('r underlydande till',194,'sv'),('quyidagiga bo`ysunadi:',194,'uz'),('l cp di ca',194,'vi'),('',194,'zh'),('controls',195,'ca'),('rheolaethau',195,'cy'),('Kontrolle',195,'de'),('Kontrolle',195,'de-CH'),('controls',195,'en'),('Controles',195,'es'),('kontrolak',195,'eu'),('contrles',195,'fr'),('controis',195,'gl'),('kontrole',195,'hr'),('vezrls',195,'hu'),('kontrol',195,'id'),('controlli',195,'it'),(' ',195,'ko'),('controla',195,'pt'),('controles',195,'pt_BR'),('controles',195,'pt-BR'),('nadzoruje',195,'sl'),('',195,'sr'),('kontroller',195,'sv'),('nazorat qiladi',195,'uz'),('Kim sot',195,'vi'),('',195,'zh'),('s controlat per',196,'ca'),('yn cael ei reoli gan',196,'cy'),('wird kontrolliert von',196,'de'),('is controlled by',196,'en'),('est controlado por',196,'es'),('ondokoak kontrolatzen du:',196,'eu'),('est contrl par',196,'fr'),('est controlado por',196,'gl'),('se nadgleda od',196,'hr'),('irnytja',196,'hu'),('dikontrol oleh',196,'id'),('er stjrna af',196,'is'),(' controllato/a da',196,'it'),('   ',196,'ko'),(' controlado por',196,'pt'),(' controlado por',196,'pt_BR'),(' controlado por',196,'pt-BR'),('nadzor s strani',196,'sl'),('  ',196,'sr'),('kontrolleras av',196,'sv'),('ning nazoratchisi:',196,'uz'),('c iu khin bi',196,'vi'),('',196,'zh'),('s el propietari de',197,'ca'),('yw perchennog',197,'cy'),('ist der Eigentmer von',197,'de'),('ist der Eigentmer von',197,'de-CH'),('is the owner of',197,'en'),('es el propietario de',197,'es'),('ondokoaren jabea da:',197,'eu'),('est le propritaire de',197,'fr'),(' o propietario/a de',197,'gl'),('je vlasnik od',197,'hr'),('tulajdona',197,'hu'),('pemilik dari',197,'id'),('er eigandi af',197,'is'),(' proprietario di',197,'it'),('  ',197,'ko'),(' o proprietrio de',197,'pt'),(' o proprietrio de',197,'pt_BR'),(' o proprietrio de',197,'pt-BR'),('je lastnik od',197,'sl'),(' ',197,'sr'),('r gare av',197,'sv'),('quyidagining egasi:',197,'uz'),('l ch s hu',197,'vi'),('',197,'zh'),('s propietat de',198,'ca'),('yn eiddo i',198,'cy'),('gehrt',198,'de-CH'),('is owned by',198,'en'),('es propiedad de',198,'es'),('ondokoarena da:',198,'eu'),('appartient ',198,'fr'),(' propiedade de',198,'gl'),('je u vlasnitvu od',198,'hr'),('tulajdonosa',198,'hu'),('dimiliki oleh',198,'id'),('er  eigu',198,'is'),(' posseduto/a da',198,'it'),('   ',198,'ko'),(' propriedade de',198,'pt'),(' de propriedade de',198,'pt_BR'),(' de propriedade de',198,'pt-BR'),('v lasti',198,'sl'),('  ',198,'sr'),('gs av',198,'sv'),('ning egasi:',198,'uz'),('thuc s hu ca',198,'vi'),('',198,'zh'),('s el predecessor de',199,'ca'),('yw rhagflaenydd',199,'cy'),('ist der Vorgnger von',199,'de'),('ist der Vorgnger von',199,'de-CH'),('is the predecessor of',199,'en'),('es el predecesor de',199,'es'),('ondokoaren arbasoa da:',199,'eu'),('est le prdcesseur de',199,'fr'),(' o predecesor/a de',199,'gl'),('je predak od',199,'hr'),('utdja',199,'hu'),('leluhur dari',199,'id'),('er forveri',199,'is'),('precede',199,'it'),('  ',199,'ko'),(' o antecessor de',199,'pt'),(' o antecessor de',199,'pt_BR'),(' o antecessor de',199,'pt-BR'),('je predhodnik od',199,'sl'),(' / ',199,'sr'),('r fregngare till',199,'sv'),('quyidagining o`tmishdoshi:',199,'uz'),('l tin thn ca',199,'vi'),('',199,'zh'),('s el successor de',200,'ca'),('yw olynydd',200,'cy'),('ist der Nachfolger von',200,'de'),('ist der Nachfolger von',200,'de-CH'),('is the successor of',200,'en'),('es el sucesor de',200,'es'),('ondokoaren oinordekoa da:',200,'eu'),('est le successeur de',200,'fr'),(' o sucesor de',200,'gl'),('je nasljednik od',200,'hr'),('eldje',200,'hu'),('pengganti dari',200,'id'),('er eftirmaur',200,'is'),('succede a',200,'it'),('  ',200,'ko'),(' o sucessor de',200,'pt'),(' o sucessor de',200,'pt_BR'),(' o sucessor de',200,'pt-BR'),('je naslednik/-ica od',200,'sl'),('  ',200,'sr'),('r efterfljare till',200,'sv'),('quyidagining davomchisi vorisi:',200,'uz'),('l s k tha ca',200,'vi'),('',200,'zh'),('s el provedor de',201,'ca'),('yw darparwr',201,'cy'),('ist der Anbieter von',201,'de'),('ist der Anbieter von',201,'de-CH'),('is the provider of',201,'en'),('es el proveedor de',201,'es'),('ondokoaren hornitzailea da:',201,'eu'),('est le fournisseur de',201,'fr'),('je dobavlja od',201,'hr'),('ltal rendelkezsre bocstott',201,'hu'),('penyelenggara dari',201,'id'),('veitir',201,'is'),(' fornitore/fornitrice di',201,'it'),('  ',201,'ko'),(' o fornecedor de',201,'pt'),(' o fornecedor de',201,'pt_BR'),(' o fornecedor de',201,'pt-BR'),('je skrbnik/-ica od',201,'sl'),('  ',201,'sr'),('r leverantr av',201,'sv'),('quyidagining ta\'minlovchisi:',201,'uz'),('l nh cung cp',201,'vi'),('',201,'zh'),('s el client de',202,'ca'),('yw cleient',202,'cy'),('ist der Mandant von',202,'de'),('ist der Mandant von',202,'de-CH'),('is the client of',202,'en'),('es el cliente de',202,'es'),('ondokoaren bezeroa da:',202,'eu'),('est le client de',202,'fr'),(' o/a cliente de',202,'gl'),('je klijent od',202,'hr'),('patrnusa',202,'hu'),('klien dari',202,'id'),('er skjlstingur',202,'is'),(' cliente di',202,'it'),('  ',202,'ko'),(' o cliente de',202,'pt'),(' o cliente de',202,'pt_BR'),(' o cliente de',202,'pt-BR'),('je stranka od',202,'sl'),('  ',202,'sr'),('r klient till',202,'sv'),('quyidagining mijozi:',202,'uz'),('l khch hng ca',202,'vi'),('',202,'zh'),('s el soci de negoci de',203,'ca'),('yw partner busnes',203,'cy'),('ist der Geschftspartner von',203,'de'),('ist der Geschftspartner von',203,'de-CH'),('is the business partner of',203,'en'),('es el socio de negocios de',203,'es'),('ondokoaren negoziokidea da:',203,'eu'),('est le partenaire d\'affaire de',203,'fr'),(' o compaeiro/a de negocios de',203,'gl'),('je poslovni partner od',203,'hr'),('zleti partnere',203,'hu'),('adalah rekan bisnis dari',203,'id'),('er viskiptaflagi',203,'is'),(' partner in affari di',203,'it'),('  ',203,'ko'),(' o parceiro de negcios de',203,'pt'),(' o parceiro de negcios de',203,'pt_BR'),(' o parceiro de negcios de',203,'pt-BR'),('je poslovni partner od',203,'sl'),('   ',203,'sr'),('r affrspartner till',203,'sv'),('quyidagining biznes hamkori:',203,'uz'),('l i tc kinh doanh ca',203,'vi'),('',203,'zh'),('s el soci de',204,'ca'),('yw cyswllt',204,'cy'),('ist der Partner von',204,'de'),('ist der Gesellschafter von',204,'de-CH'),('is the associate of',204,'en'),('es el asociado de',204,'es'),('ondokoaren bazkidea da:',204,'eu'),('est le collgue de',204,'fr'),(' a asociacin de',204,'gl'),('je partner od',204,'hr'),('trsa',204,'hu'),('adalah rekan dari',204,'id'),(' socio/a di',204,'it'),(' ',204,'ko'),(' o associado de',204,'pt'),(' o associado de',204,'pt_BR'),(' o associado de',204,'pt-BR'),('je partner od',204,'sl'),('  ',204,'sr'),('r kollega till',204,'sv'),('quyidagining xodimi:',204,'uz'),('l cng ty lin kt ca',204,'vi'),('',204,'zh'),('s l\'amic de',205,'ca'),('yw ffrind',205,'cy'),('ist der Freund von',205,'de'),('ist der Freund von',205,'de-CH'),('is the friend of',205,'en'),('es el amigo de',205,'es'),('ondokoaren laguna da:',205,'eu'),('est l\'ami(e) de',205,'fr'),(' o amigo/a de',205,'gl'),('je prijatelj od',205,'hr'),('bartja',205,'hu'),('teman dari',205,'id'),('er vinur',205,'is'),(' amico/a di',205,'it'),(' ',205,'ko'),(' o amigo de',205,'pt'),(' o amigo de',205,'pt_BR'),(' o amigo de',205,'pt-BR'),('je prijatelj/-ica od',205,'sl'),(' / ',205,'sr'),('r vn till',205,'sv'),('quyidagining do`sti:',205,'uz'),('l bn ca',205,'vi'),('',205,'zh'),('s el pare de',206,'ca'),('yw rhiant',206,'cy'),('ist der Elter von',206,'de'),('ist das Elternteil von',206,'de-CH'),('is the parent of',206,'en'),('es el padre de',206,'es'),('ondokoaren aita da:',206,'eu'),('est le parent de',206,'fr'),('je roditelj od',206,'hr'),('gyermeke',206,'hu'),('orang tua dari',206,'id'),('er foreldri',206,'is'),(' genitore di',206,'it'),('  ',206,'ko'),(' o pai de',206,'pt'),(' o pai de',206,'pt_BR'),(' o pai de',206,'pt-BR'),('je mati/oe od',206,'sl'),('  ',206,'sr'),('r frlder till',206,'sv'),('quyidagining ota-onasi:',206,'uz'),('l cha ca',206,'vi'),('',206,'zh'),('s el fill de',207,'ca'),('yw plentyn',207,'cy'),('ist das Kind von',207,'de'),('ist das Kind von',207,'de-CH'),('is the child of',207,'en'),('es el hijo de',207,'es'),('ondokoaren bigarren mailakoa da:',207,'eu'),('est l\'enfant de',207,'fr'),(' o fillo/a de',207,'gl'),('je dijete od',207,'hr'),('szlje',207,'hu'),('anak dari',207,'id'),('er barn',207,'is'),(' figlio/a di',207,'it'),('  ',207,'ko'),(' o filho de',207,'pt'),(' o filho de',207,'pt_BR'),(' o filho de',207,'pt-BR'),('je otrok od',207,'sl'),('  ',207,'sr'),('r barn till',207,'sv'),('quyidagining farzandi:',207,'uz'),('l con ca',207,'vi'),('',207,'zh'),('s el germanastre de',208,'ca'),('yw sibling',208,'cy'),('ist der Geschwisterteil von',208,'de'),('ist das Geschwisterteil von',208,'de-CH'),('is the sibling of',208,'en'),('es el hermano de',208,'es'),('ondokoaren anaia edo ahizpa da:',208,'eu'),('est le frre/la soeur de',208,'fr'),('je brat/sestra od',208,'hr'),('ikertestvre',208,'hu'),('saudara kandung dari',208,'id'),('er systkini',208,'is'),(' fratello/sorella di',208,'it'),(' ',208,'ko'),(' o irmo de',208,'pt'),(' o irmo de',208,'pt_BR'),(' o irmo de',208,'pt-BR'),('je brat/sestra od',208,'sl'),(' / ',208,'sr'),('r syskon till',208,'sv'),('quyidagining qondoshi aka-uka, opa-singil:',208,'uz'),('l anh ch em ca',208,'vi'),('',208,'zh'),('s la dona de',209,'ca'),('yw priod',209,'cy'),('ist der Ehepartner von',209,'de'),('ist der Ehepartner von',209,'de-CH'),('is the spouse of',209,'en'),('es el cnyuge de',209,'es'),('ondokoaren ezkonlaguna da:',209,'eu'),('est le/la conjoint(e) de',209,'fr'),(' a esposa de',209,'gl'),('je suprug/surpuga od',209,'hr'),('hzastrsa',209,'hu'),('pasangan dari',209,'id'),('er maki',209,'is'),(' coniuge di',209,'it'),(' ',209,'ko'),(' o cnjuge de',209,'pt'),(' a esposa de',209,'pt_BR'),(' a esposa de',209,'pt-BR'),('je zakonec od',209,'sl'),('  ',209,'sr'),('r make till',209,'sv'),('quyidagining turmush o`rtog`i:',209,'uz'),('l ngi phi ngu ca',209,'vi'),('',209,'zh'),('s el cos de',210,'ca'),('yw cefnder',210,'cy'),('ist der Cousin von',210,'de'),('ist der Cousin von',210,'de-CH'),('is the cousin of',210,'en'),('es el primo de',210,'es'),('ondokoaren lehengusua da:',210,'eu'),('est le cousin de',210,'fr'),(' o curmn/curm de',210,'gl'),('je roak/roakinja od',210,'hr'),('unokatestvre',210,'hu'),('sepupu dari',210,'id'),(' cugino/a di',210,'it'),(' ',210,'ko'),(' o primo de',210,'pt'),(' o primo de',210,'pt_BR'),(' o primo de',210,'pt-BR'),('je bratranec/-ka od',210,'sl'),(' ',210,'sr'),('r kusin till',210,'sv'),('quyiudagining jiyani:',210,'uz'),('l em h ca',210,'vi'),('()',210,'zh'),('s l\'avi de',211,'ca'),('yw taid/nain',211,'cy'),('ist der Groelter von',211,'de'),('ist das Grosselternteil von',211,'de-CH'),('is the grandparent of',211,'en'),('es el abuelo de',211,'es'),('ondokoaren aitona da:',211,'eu'),('est le grand-parent de',211,'fr'),('je baka ili djed od',211,'hr'),('unokja',211,'hu'),('kakek dari',211,'id'),(' nonno/a di',211,'it'),('  ',211,'ko'),(' o av de',211,'pt'),(' o av de',211,'pt_BR'),(' o av de',211,'pt-BR'),('je dedek/babica od',211,'sl'),(' / ',211,'sr'),('r mor-/farfrlder till',211,'sv'),('quyidagining bobo/buvisi:',211,'uz'),('l ng b ca',211,'vi'),('',211,'zh'),('s el net de',212,'ca'),('yw yr',212,'cy'),('ist der Enkel von',212,'de'),('ist das Enkelkind von',212,'de-CH'),('is the grandchild of',212,'en'),('es el nieto de',212,'es'),('ondokoaren biloba da:',212,'eu'),('est le petit-enfant de',212,'fr'),(' o neto/a de',212,'gl'),('je unuk/unuka od',212,'hr'),('nagyszlje',212,'hu'),('cucu dari',212,'id'),('er barnabarn',212,'is'),(' nipote di',212,'it'),('  ',212,'ko'),(' o neto de',212,'pt'),(' o neto de',212,'pt_BR'),(' o neto de',212,'pt-BR'),('je vnuk/-inja od',212,'sl'),(' / ',212,'sr'),('r underordnat',212,'sv'),('quyidagining nabirasi:',212,'uz'),('l chu ca',212,'vi'),('',212,'zh'),('Donant',213,'ca'),('Donant',213,'ca@valencia'),('Drce',213,'cs'),('Rhoddwr',213,'cy'),('Geber, abgebende Stelle',213,'de'),('Abgebende Stelle/Person',213,'de-CH'),('',213,'el'),('Donor',213,'en'),('Donador',213,'es'),('Emailea',213,'eu'),('Donateur',213,'fr'),('Donante',213,'gl'),('Donator',213,'hr'),('Adomnyoz',213,'hu'),('Donor',213,'id'),('Gefandi',213,'is'),('Donatore',213,'it'),('',213,'ja'),('',213,'ka'),('',213,'ko'),('Schenker',213,'nl'),('Doador',213,'pt'),('Doador',213,'pt_BR'),('Doador',213,'pt-BR'),('Donator',213,'ro'),('',213,'ru'),('Donator',213,'sl'),(' ',213,'sr'),('Donator',213,'sv'),('',213,'th'),('Ngi tng',213,'vi'),('',213,'zh'),('Reproducci',214,'ca'),('Reproducci',214,'ca@valencia'),('Atgynhyrchiad',214,'cy'),('Reproduktion',214,'de'),('Reproduktion',214,'de-CH'),('Reproduction',214,'en'),('Reproduccin',214,'es'),('Erreprodukzioa',214,'eu'),('Reproduction',214,'fr'),('Reproduccin',214,'gl'),('Reprodukcija',214,'hr'),('Msolatkszts',214,'hu'),('Reproduksi',214,'id'),('Endurger',214,'is'),('Riproduzione',214,'it'),('',214,'ja'),('',214,'ka'),('',214,'ko'),('Reproduktie',214,'nl'),('Reproduo',214,'pt'),('Reproduo',214,'pt_BR'),('Reproduo',214,'pt-BR'),('Reprodukcija',214,'sl'),('',214,'sr'),('Reproduktion',214,'sv'),('',214,'th'),('Nusxalash',214,'uz'),('Sao li',214,'vi'),('',214,'zh'),('Distribuci',215,'ca'),('Distribuci',215,'ca@valencia'),('Dosbarthiad',215,'cy'),('Verbreitung',215,'de'),('Verbreitung',215,'de-CH'),('Distribution',215,'en'),('Difusin',215,'es'),('Banaketa',215,'eu'),('Distribution',215,'fr'),('Distribucin',215,'gl'),('Distribucija',215,'hr'),('(F)eloszts/Osztlyozs',215,'hu'),('Distribusi',215,'id'),('Dreifing',215,'is'),('Distribuzione',215,'it'),('',215,'ja'),('',215,'ka'),('',215,'ko'),('Distribueren',215,'nl'),('Distribuio',215,'pt'),('Distribuio',215,'pt_BR'),('Distribuio',215,'pt-BR'),('Distribuiranje',215,'sl'),('',215,'sr'),('Frdelning',215,'sv'),('phn phi',215,'vi'),('',215,'zh'),('Emissi',216,'ca'),('Emissi',216,'ca@valencia'),('Darlledu',216,'cy'),('Sendung',216,'de'),('Sendung',216,'de-CH'),('Broadcasting',216,'en'),('Emisin',216,'es'),('Broadcasting-a',216,'eu'),('Diffusion gnrale',216,'fr'),('Emitiranje',216,'hr'),('(Rdi/Tv) Kzvetts',216,'hu'),('Penyiaran',216,'id'),('tsending',216,'is'),('Trasmissione',216,'it'),('',216,'ja'),(' , ',216,'ka'),('',216,'ko'),('Rozgaszanie/nadawanie',216,'pl'),('Radiodifuso',216,'pt'),('Emisso',216,'pt_BR'),('Emisso',216,'pt-BR'),('Oddajanje (radio)',216,'sl'),('',216,'sr'),('Utsndning',216,'sv'),('pht thanh truyn hnh',216,'vi'),('',216,'zh'),('Fabricaci',217,'ca'),('Fabricaci',217,'ca@valencia'),('Gweithgynhyrchu',217,'cy'),('Herstellung',217,'de'),('Herstellung',217,'de-CH'),('Manufacturing',217,'en'),('Fabricacin',217,'es'),('Fabrikazioa',217,'eu'),('Fabrication',217,'fr'),('Industrial',217,'gl'),('Proizvodnja',217,'hr'),('Gyri',217,'hu'),('Manufaktur',217,'id'),('Framleisla',217,'is'),('Fabbricazione',217,'it'),('',217,'ja'),(', ',217,'ka'),('',217,'ko'),('Fabricao',217,'pt'),('Produo',217,'pt_BR'),('Fabricao',217,'pt-BR'),('',217,'ru'),('Proizveden',217,'sl'),('',217,'sr'),('Tillverkning',217,'sv'),('(Manufacturing)',217,'th'),('Ishlab chiqarish',217,'uz'),('S c ra',217,'vi'),('',217,'zh'),('Capsa',218,'ca'),('Caixa',218,'ca@valencia'),('Bocs',218,'cy'),('Schachtel',218,'de'),('Schachtel',218,'de-CH'),('Box',218,'en'),('Caja',218,'es'),('Kaxa',218,'eu'),('Bote',218,'fr'),('Caixa',218,'gl'),('Kutija',218,'hr'),('Doboz',218,'hu'),('Boks',218,'id'),('Askja',218,'is'),('Scatola',218,'it'),('',218,'ja'),('',218,'ka'),('',218,'ko'),('Doos',218,'nl'),('Pudeko',218,'pl'),('Caixa',218,'pt'),('Caixa',218,'pt_BR'),('Caixa',218,'pt-BR'),('',218,'ru'),('katla',218,'sl'),('',218,'sr'),('Lda',218,'sv'),('',218,'th'),('Kutu',218,'tr'),('Hp',218,'vi'),('',218,'zh'),('Caixa de cartr',219,'ca'),('Caixa tipus contenidor',219,'ca@valencia'),('Bocs cardbord',219,'cy'),('Pappkarton',219,'de'),('Pappkarton',219,'de-CH'),('Cardboard box',219,'en'),('Caja tipo contenedor',219,'es'),('Kartoizko kutxa',219,'eu'),('Bote en carton',219,'fr'),('Kartonska kutija',219,'hr'),('Kartondoboz',219,'hu'),('Kotak kardus',219,'id'),('Pappakassi',219,'is'),('Scatola di cartone',219,'it'),('',219,'ja'),(',  ',219,'ka'),(' ',219,'ko'),('Kaartenbak',219,'nl'),('Pudo tekturowe',219,'pl'),('Caixa de papelo',219,'pt'),('Caixa de papelo',219,'pt_BR'),('Caixa de papelo',219,'pt-BR'),('Kartonasta katla',219,'sl'),(' ',219,'sr'),('Kartong',219,'sv'),('',219,'th'),('Hp cc tng',219,'vi'),('',219,'zh'),('Caixa estndard de documents',220,'ca'),('Caixa estndard de documents',220,'ca@valencia'),('Bocs Hollinger',220,'cy'),('Hollinger Schachtel',220,'de'),('Hollinger Schachtel',220,'de-CH'),('Hollinger box',220,'en'),('Caja estndar de documentos',220,'es'),('Hollinger kutxa',220,'eu'),('Bote Hollinger',220,'fr'),('Caixa \"Hollinger\"',220,'gl'),('Arhivska kutija',220,'hr'),('Hollinger doboz',220,'hu'),('Boks Hollinger',220,'id'),('Hollinger box',220,'is'),('Scatola Hollinger',220,'it'),('',220,'ja'),(' ',220,'ka'),('Hollinger ',220,'ko'),('Ponskaartendoos',220,'nl'),('Caixa Hollinger',220,'pt'),('Caixa de arquivo',220,'pt_BR'),('Caixa de arquivo',220,'pt-BR'),('Hollingerjeva katla',220,'sl'),(' ',220,'sr'),('Arkivbox',220,'sv'),('Hp Hollinger',220,'vi'),('',220,'zh'),('Carpeta',221,'ca'),('Carpeta',221,'ca@valencia'),('Ffolder',221,'cy'),('Umschlag/Mappe',221,'de'),('Umschlag/Mappe',221,'de-CH'),('',221,'el'),('Folder',221,'en'),('Carpeta',221,'es'),('Karpeta',221,'eu'),('Chemise',221,'fr'),('Carpeta',221,'gl'),('Mapa',221,'hr'),('Mappa',221,'hu'),('Folder',221,'id'),('Ml',221,'is'),('Busta',221,'it'),('',221,'ja'),('',221,'ka'),('',221,'ko'),('Map',221,'nl'),('Pasta',221,'pt'),('Pasta',221,'pt_BR'),('Pasta',221,'pt-BR'),('',221,'ru'),('Mapa',221,'sl'),('',221,'sr'),('Mapp',221,'sv'),('',221,'th'),('Th mc',221,'vi'),('',221,'zh'),('Armari arxivador',222,'ca'),('Compacte o arxivador',222,'ca@valencia'),('Cwpwrdd ffeilio',222,'cy'),('Aktenschrank',222,'de'),('Aktenschrank',222,'de-CH'),('Filing cabinet',222,'en'),('Compacto o archivador',222,'es'),('Artxibadorea',222,'eu'),('Classeur',222,'fr'),('Arquivador',222,'gl'),('Kartoteka',222,'hr'),('Irattart szekrny',222,'hu'),('Lemari berkas',222,'id'),('Skjalaskpur',222,'is'),('Classificatore',222,'it'),('',222,'ja'),('',222,'ka'),(' ',222,'ko'),('Dossierkast',222,'nl'),('Armrio',222,'pt'),('Armrio de arquivo',222,'pt_BR'),('Fichrio',222,'pt-BR'),('Kartoteni predalnik',222,'sl'),('',222,'sr'),('Aktskp',222,'sv'),('',222,'th'),('ni cc np n',222,'vi'),('',222,'zh'),('Planera',223,'ca'),('Planer',223,'ca@valencia'),('Cabinet mapiau',223,'cy'),('Planschrank',223,'de'),('Planschrank',223,'de-CH'),('',223,'el'),('Map cabinet',223,'en'),('Planero',223,'es'),('Mapa kabinetea',223,'eu'),('Classeur  plan',223,'fr'),('Kartoteka',223,'hr'),('Trkp szekrny',223,'hu'),('Kabinet peta',223,'id'),('Kortaskpur',223,'is'),('Cassettiera per mappe',223,'it'),('',223,'ja'),('',223,'ka'),(' ',223,'ko'),('Kaartenkast',223,'nl'),('Mapoteca',223,'pt'),('Mapoteca',223,'pt_BR'),('Mapoteca',223,'pt-BR'),('Predalnik za zemljevide',223,'sl'),('  ',223,'sr'),('Kartskp',223,'sv'),('',223,'th'),('Kabinet xaritasi',223,'uz'),('T bn ',223,'vi'),('',223,'zh'),('Prestatgeria',224,'ca'),('Prestatgeria',224,'ca@valencia'),('Silff',224,'cy'),('Regal',224,'de'),('Fach',224,'de-CH'),('Shelf',224,'en'),('Estantera',224,'es'),('Tablette',224,'fr'),('Anaquel',224,'gl'),('Polica',224,'hr'),('Polc',224,'hu'),('Rak',224,'id'),('Hilla',224,'is'),('Scaffale',224,'it'),('',224,'ja'),('',224,'ka'),('',224,'ko'),('Plank',224,'nl'),('Pka',224,'pl'),('Prateleira',224,'pt'),('Prateleira',224,'pt_BR'),('Prateleira',224,'pt-BR'),('',224,'ru'),('Polica',224,'sl'),('',224,'sr'),('Hylla',224,'sv'),('',224,'th'),('Javon',224,'uz'),('K tu',224,'vi'),('',224,'zh'),('Fi',225,'ca'),('Fi',225,'ca@valencia'),('Terfynol',225,'cy'),('Final',225,'de'),('Final',225,'de-CH'),('',225,'el'),('Final',225,'en'),('Final',225,'es'),('Azken',225,'eu'),('Final',225,'fr'),('Final',225,'gl'),('Konano',225,'hr'),('Vgleges',225,'hu'),('Final',225,'id'),('Loka',225,'is'),('Finale',225,'it'),('',225,'ja'),('',225,'ka'),('',225,'ko'),('Finale',225,'nl'),('Final',225,'pt'),('Final',225,'pt_BR'),('Final',225,'pt-BR'),('Final',225,'ro'),('Konen',225,'sl'),('',225,'sr'),('Slutgiltig',225,'sv'),('',225,'th'),('Final',225,'tr'),('Cui cng',225,'vi'),('',225,'zh'),('Revisat',226,'ca'),('Revisat',226,'ca@valencia'),('Diwygiedig',226,'cy'),('berarbeitet',226,'de'),('berarbeitet',226,'de-CH'),('',226,'el'),('Revised',226,'en'),('Revisado',226,'es'),('Berrikusia',226,'eu'),('Rvis',226,'fr'),('Revisado',226,'gl'),('Izmijenjeno',226,'hr'),('Fellvizsglva',226,'hu'),('Revisi',226,'id'),('Breytt',226,'is'),('Rivisto',226,'it'),('',226,'ja'),('',226,'ka'),('',226,'ko'),('Herzien',226,'nl'),('Revisto',226,'pt'),('Revisado',226,'pt_BR'),('Revisado',226,'pt-BR'),('Revizuit',226,'ro'),('Pregledano',226,'sl'),('',226,'sr'),('Omarbetad',226,'sv'),('',226,'th'),('Qayta ko`rildi',226,'uz'),('Sa i',226,'vi'),('',226,'zh'),('',227,'ar'),('Esborrany',227,'ca'),('Esborrany',227,'ca@valencia'),('Nvrh',227,'cs'),('Drafft',227,'cy'),('Entwurf',227,'de'),('Entwurf',227,'de_AT'),('Entwurf',227,'de_CH'),('Entwurf',227,'de-AT'),('Entwurf',227,'de-CH'),('',227,'el'),('Draft',227,'en'),('Borrador',227,'es'),('Zirriborroa',227,'eu'),('bauche',227,'fr'),('Borrador',227,'gl'),('Nacrt',227,'hr'),('Vzlat',227,'hu'),('Draf',227,'id'),('Uppkast',227,'is'),('Bozza',227,'it'),('',227,'ja'),('',227,'ka'),('',227,'ko'),('Concept',227,'nl'),('Szkic',227,'pl'),('Preliminar',227,'pt'),('Verso preliminar',227,'pt_BR'),('Verso preliminar',227,'pt-BR'),('Proiect',227,'ro'),('',227,'ru'),('',227,'ru_RU'),('Osnutek',227,'sl'),('',227,'sr'),('Utkast',227,'sv'),('',227,'ta'),('Xomaki',227,'uz'),('D tho',227,'vi'),('',227,'zh'),('Complet',228,'ca'),('Complet',228,'ca@valencia'),('Llawn',228,'cy'),('Vollstndig',228,'de'),('Vollstndig',228,'de-CH'),('',228,'el'),('Full',228,'en'),('Completo',228,'es'),('Osoa',228,'eu'),('Complet',228,'fr'),('Completo',228,'gl'),('Potpuno',228,'hr'),('Teljes',228,'hu'),('Lengkap',228,'id'),('Fullt',228,'is'),('Massimo',228,'it'),('',228,'ja'),('',228,'ka'),('',228,'ko'),('Geheel',228,'nl'),('Mximo',228,'pt'),('Completo',228,'pt_BR'),('Completo',228,'pt-BR'),('Complet',228,'ro'),('',228,'ru'),('Popoln',228,'sl'),('',228,'sr'),('Fullstndig',228,'sv'),('Chan cha',228,'vi'),('',228,'zh'),('Parcial',229,'ca'),('Parcial',229,'ca@valencia'),('Rhannol',229,'cy'),('Teilweise',229,'de'),('Teilweise',229,'de-CH'),('',229,'el'),('Partial',229,'en'),('Parcial',229,'es'),('Partziala',229,'eu'),('Moyen',229,'fr'),('Parcial',229,'gl'),('Djelomino',229,'hr'),('Rszleges',229,'hu'),('Sebagian',229,'id'),('Hluti',229,'is'),('Intermedio',229,'it'),('',229,'ja'),('',229,'ka'),('',229,'ko'),('Gedeeltelijk',229,'nl'),('Parcial',229,'pt'),('Parcial',229,'pt_BR'),('Parcial',229,'pt-BR'),('Partial',229,'ro'),('Delen',229,'sl'),('',229,'sr'),('Partiell',229,'sv'),('',229,'th'),('Qisman',229,'uz'),('Cc b',229,'vi'),('',229,'zh'),('Mnim',230,'ca'),('Mnim',230,'ca@valencia'),('Lleiaf posib',230,'cy'),('Minimal',230,'de'),('Minimal',230,'de-CH'),('',230,'el'),('Minimal',230,'en'),('Bsico',230,'es'),('Minimo',230,'eu'),('lmentaire',230,'fr'),('Mnimo',230,'gl'),('Minimalno',230,'hr'),('Minimlis',230,'hu'),('Minimal',230,'id'),('Lgmarks',230,'is'),('Minimo',230,'it'),('',230,'ja'),('',230,'ka'),('',230,'ko'),('Minimaal',230,'nl'),('Mnimo',230,'pt'),('Mnimo',230,'pt_BR'),('Mnimo',230,'pt-BR'),('Minim',230,'ro'),('',230,'ru'),('Minimalen',230,'sl'),('',230,'sr'),('Minimal',230,'sv'),('Minimal',230,'uz'),('Ti thiu',230,'vi'),('',230,'zh'),('Fons',231,'ca'),('Fons',231,'ca@valencia'),('Fonds',231,'cy'),('Fonds',231,'de'),('Fonds',231,'de-CH'),('',231,'el'),('Fonds',231,'en'),('Fondo',231,'es'),('Fondoak',231,'eu'),('Fonds',231,'fr'),('Fondos',231,'gl'),('Fondovi',231,'hr'),('Fond',231,'hu'),('Fonds',231,'id'),('Safn',231,'is'),('Fondo',231,'it'),('',231,'ja'),('',231,'ka'),('',231,'ko'),('Archief',231,'nl'),('Zespoy',231,'pl'),('Arquivo',231,'pt'),('Fundos',231,'pt_BR'),('Fundos',231,'pt-BR'),('Fonduri',231,'ro'),('',231,'ru'),('Fondi',231,'sl'),('',231,'sr'),('Arkiv',231,'sv'),('',231,'th'),('Cc phng',231,'vi'),('',231,'zh'),('Subfons',232,'ca'),('Subfons',232,'ca@valencia'),('Is-fonds',232,'cy'),('Teilbestand',232,'de'),('Unterbestand',232,'de-CH'),('',232,'el'),('Subfonds',232,'en'),('Subfondo',232,'es'),('Azpifondoak',232,'eu'),('Sous-fonds',232,'fr'),('Sub-fondo',232,'gl'),('Podfondovi',232,'hr'),('llagok',232,'hu'),('Subfonds',232,'id'),('Undirsafn',232,'is'),('Sub-fondo',232,'it'),('',232,'ja'),('',232,'ka'),(' ',232,'ko'),('Deelarchief',232,'nl'),('Subarquivo',232,'pt'),('Subfundos',232,'pt_BR'),('Seo',232,'pt-BR'),('Subfonduri',232,'ro'),('Podfondi',232,'sl'),('',232,'sr'),('Delarkiv',232,'sv'),('',232,'th'),('Fond-osti',232,'uz'),('Subfonds',232,'vi'),('',232,'zh'),('Collecci',233,'ca'),('Collecci',233,'ca@valencia'),('Casgliad',233,'cy'),('Sammlung',233,'de'),('Sammlung',233,'de-CH'),('',233,'el'),('Collection',233,'en'),('Coleccin',233,'es'),('Bilduma',233,'eu'),('Collection',233,'fr'),('Coleccin',233,'gl'),('Zbirka',233,'hr'),('Gyjtemny',233,'hu'),('Koleksi',233,'id'),('Sndarsafn',233,'is'),('Raccolta',233,'it'),('',233,'ja'),('',233,'ka'),('',233,'ko'),('Collectie',233,'nl'),('Kolekcja',233,'pl'),('Coleo',233,'pt'),('Coleo',233,'pt_BR'),('Coleo',233,'pt-BR'),('Colectie',233,'ro'),('',233,'ru'),('Zbirka',233,'sl'),('',233,'sr'),('Samling',233,'sv'),('',233,'th'),('Collection',233,'vi'),('',233,'zh'),('Srie',234,'ca'),('Srie',234,'ca@valencia'),('Cyfres',234,'cy'),('Serie',234,'de'),('Serie',234,'de-CH'),('Series',234,'en'),('Serie',234,'es'),('Serieak',234,'eu'),('Srie',234,'fr'),('Series',234,'gl'),('Serije',234,'hr'),('Sorozat',234,'hu'),('Seri',234,'id'),('Skjalaflokkur',234,'is'),('Serie',234,'it'),('',234,'ja'),('',234,'ka'),(' ',234,'ko'),('Reeks',234,'nl'),('Srie',234,'pt'),('Sries',234,'pt_BR'),('Sries',234,'pt-BR'),('Serie',234,'ro'),('Serija',234,'sl'),('',234,'sr'),('Serie',234,'sv'),('',234,'th'),('Ro`yxat',234,'uz'),('Series',234,'vi'),('',234,'zh'),('Subsrie',235,'ca'),('Subsrie',235,'ca@valencia'),('Is-gyfres',235,'cy'),('Teilserie',235,'de'),('Unterserien',235,'de-CH'),('',235,'el'),('Subseries',235,'en'),('Subserie',235,'es'),('Azpiserie',235,'eu'),('Sous-srie',235,'fr'),('Sub-series',235,'gl'),('Podserije',235,'hr'),('Alsorozat',235,'hu'),('Subseri',235,'id'),('Undirskjalaflokkur',235,'is'),('Sottoserie',235,'it'),('',235,'ja'),(' ',235,'ka'),('',235,'ko'),('Deelreeks',235,'nl'),('Subsrie',235,'pt'),('Subsries',235,'pt_BR'),('Subsries',235,'pt-BR'),('Subserie',235,'ro'),('Podserija',235,'sl'),('',235,'sr'),('Underserie',235,'sv'),('',235,'th'),('Ro`yxat-osti',235,'uz'),('Subseries',235,'vi'),('',235,'zh'),('Unitat documental composta',236,'ca'),('Unitat documental composta',236,'ca@valencia'),('Ffeil',236,'cy'),('Akt(e)',236,'de'),('Datei',236,'de-CH'),('',236,'el'),('File',236,'en'),('Unidad documental compuesta',236,'es'),('Fitxategia',236,'eu'),('Dossier',236,'fr'),('Dossier',236,'gl'),('Datoteka',236,'hr'),('Fjl',236,'hu'),('Berkas',236,'id'),('Mlaflokkur',236,'is'),('Unit archivistica',236,'it'),('',236,'ja'),(', ',236,'ka'),('',236,'ko'),('Bestanddeel',236,'nl'),('Documento',236,'pt'),('Arquivo',236,'pt_BR'),('Arquivo',236,'pt-BR'),('Fisier',236,'ro'),('',236,'ru'),('Datoteka',236,'sl'),('',236,'sr'),('Fil',236,'sv'),('',236,'th'),('Tp tin',236,'vi'),('',236,'zh'),('',237,'ar'),('Unitat documental simple',237,'ca'),('Unitat documental simple',237,'ca@valencia'),('Eitem',237,'cy'),('Objekt',237,'de'),('Objekt',237,'de_AT'),('Objekt',237,'de_CH'),('Objekt',237,'de-AT'),('Objekt',237,'de-CH'),('',237,'el'),('Item',237,'en'),('Unidad documental simple',237,'es'),('Itema',237,'eu'),('Pice',237,'fr'),('Item',237,'gl'),('Stavka',237,'hr'),('Iratdarab',237,'hu'),('Item',237,'id'),('Eining',237,'is'),('Unit documentaria',237,'it'),('',237,'ja'),('',237,'ka'),('',237,'ko'),('Stuk',237,'nl'),('Item',237,'pt'),('Item',237,'pt_BR'),('Item',237,'pt-BR'),('Articol',237,'ro'),('Dokument',237,'sl'),('',237,'sr'),('Objekt',237,'sv'),('',237,'ta'),('',237,'th'),('Eya',237,'tr'),('Item',237,'vi'),('',237,'zh'),('Informaci de l\'objecte',238,'ca'),('Informaci de l\'objecte',238,'ca@valencia'),('Gwrthrych gwybodaeth',238,'cy'),('Informationsobjekt',238,'de'),('Informationsobjekt',238,'de-CH'),(' ',238,'el'),('Information object',238,'en'),('Information object',238,'es'),('Informazio objektua',238,'eu'),('Description archivistique',238,'fr'),('Obxecto de informacin',238,'gl'),('Objekt podataka',238,'hr'),('Informcis objektum',238,'hu'),('Objek informasi',238,'id'),('Oggetto informativo',238,'it'),('',238,'ja'),(' ',238,'ka'),(' ',238,'ko'),('Informatie object',238,'nl'),('Objeto informacional',238,'pt'),('Objeto de informao',238,'pt_BR'),('Descrio arquivstica',238,'pt-BR'),('Informacijski objekt',238,'sl'),(' ',238,'sr'),('Informationsobjekt',238,'sv'),('()',238,'th'),('Axborot obyekti',238,'uz'),('i tng thng tin',238,'vi'),('',238,'zh'),('Persona/organitzaci',239,'ca'),('Persona/organitzaci',239,'ca@valencia'),('Person/sefydliad',239,'cy'),('Person/Einrichtung',239,'de'),('Person/Organisation',239,'de-CH'),('/',239,'el'),('Person/organization',239,'en'),('Persona/organizacin',239,'es'),('Pertsona/erakundea',239,'eu'),('Personne/organisme',239,'fr'),('Persoa/organizacin',239,'gl'),('Osoba/organizacija',239,'hr'),('Szemly/szervezet',239,'hu'),('Orang/organisasi',239,'id'),('Einstaklingur/skipulagsheild',239,'is'),('Persona/Organizzazione',239,'it'),('/',239,'ja'),('/',239,'ka'),('/',239,'ko'),('Persoon/organisatie',239,'nl'),('Pessoa/organizao',239,'pt'),('Pessoa/organizao',239,'pt_BR'),('Pessoa/organizao',239,'pt-BR'),('/',239,'ru'),('Oseba/organizacija',239,'sl'),('/',239,'sr'),('Person/organisation',239,'sv'),(' / ',239,'th'),('Shaxs / Tashkilot',239,'uz'),('Ngi/t chc',239,'vi'),('/',239,'zh'),('',240,'ar'),('Productor',240,'ca'),('Productor',240,'ca@valencia'),('Crwr',240,'cy'),('Urheber/Bestandsbildner',240,'de'),('Urheber/Bestandsbildner',240,'de_AT'),('Urheber/Bestandsbildner',240,'de_CH'),('Urheber/Bestandsbildner',240,'de-AT'),('Urheber/Bestandsbildner',240,'de-CH'),('',240,'el'),('Creator',240,'en'),('Creador',240,'es'),('Sortzailea',240,'eu'),('Producteur',240,'fr'),('Creador',240,'gl'),('Stvaratelj',240,'hr'),('Iratkpz',240,'hu'),('Pencipta',240,'id'),('Skjalamyndari',240,'is'),('Soggetto produttore',240,'it'),('',240,'ja'),('',240,'ka'),('',240,'ko'),('Archiefvormer',240,'nl'),('Twrca',240,'pl'),('Produtor',240,'pt'),('Produtor',240,'pt_BR'),('Produtor',240,'pt-BR'),('',240,'ru'),('',240,'ru_RU'),('Ustvaril',240,'sl'),('  ',240,'sr'),('Arkivbildare',240,'sv'),('',240,'ta'),('',240,'th'),('Yaratc',240,'tr'),('ngi sng to',240,'vi'),('',240,'zh'),('',241,'ar'),('Instituci arxivstica',241,'ca'),('Instituci arxivstica',241,'ca@valencia'),('Lleoliad',241,'cy'),('Archiv',241,'de'),('Archiv',241,'de_AT'),('Archiv',241,'de_CH'),('Archiv',241,'de-AT'),('Archiv',241,'de-CH'),('',241,'el'),('Repository',241,'en'),('Institucin archivstica',241,'es'),('Errepositorioa',241,'eu'),('',241,'fa'),('Dpt',241,'fr'),('Repositorio',241,'gl'),('Repozitorij',241,'hr'),('Levltr',241,'hu'),('Repositori',241,'id'),('Varveislustaur',241,'is'),('Istituto conservatore',241,'it'),('',241,'ja'),('',241,'ka'),('',241,'ko'),('archiefbewaarplaats',241,'nl'),('Repozytorium',241,'pl'),('Entidade detentora',241,'pt'),('Entidade custodiadora',241,'pt_BR'),('Entidade custodiadora',241,'pt-BR'),('Depozit',241,'ro'),('',241,'ru'),('',241,'ru_RU'),('Skladie',241,'sl'),('',241,'sr'),('Arkivinstitution',241,'sv'),('?',241,'ta'),('',241,'th'),('Arxiv muassasasi',241,'uz'),('Repository',241,'vi'),('',241,'zh'),('Terme',242,'ca'),('Terme',242,'ca@valencia'),('Term',242,'cy'),('Begriff',242,'de'),('Begriff',242,'de-CH'),('',242,'el'),('Term',242,'en'),('Trmino',242,'es'),('Terminoa',242,'eu'),('Terme',242,'fr'),('Termo',242,'gl'),('Pojam',242,'hr'),('Kifejezs',242,'hu'),('Istilah',242,'id'),('Termine',242,'it'),('',242,'ja'),('',242,'ka'),('',242,'ko'),('Term',242,'nl'),('Termin',242,'pl'),('Termo',242,'pt'),('Termo',242,'pt_BR'),('Termo',242,'pt-BR'),('Izraz',242,'sl'),('',242,'sr'),('Term',242,'sv'),('',242,'th'),('Atama',242,'uz'),('Han',242,'vi'),('',242,'zh'),('',243,'ar'),('Matria',243,'ca'),('Matria',243,'ca@valencia'),('Pwnc',243,'cy'),('Gegenstand',243,'de'),('Gegenstand',243,'de_AT'),('Gegenstand',243,'de_CH'),('Gegenstand',243,'de-AT'),('Gegenstand',243,'de-CH'),('',243,'el'),('Subject',243,'en'),('Materia',243,'es'),('Gaia',243,'eu'),('Sujet',243,'fr'),('Tema',243,'gl'),('Predmet',243,'hr'),('Trgy',243,'hu'),('Subjek',243,'id'),('Vifangsefni',243,'is'),('Soggetto',243,'it'),('',243,'ja'),(' (, , )',243,'ka'),('',243,'ko'),('Onderwerp',243,'nl'),('Temat',243,'pl'),('Assunto',243,'pt'),('Assunto',243,'pt_BR'),('Assunto',243,'pt-BR'),('',243,'ru'),('',243,'ru_RU'),('Tematika',243,'sl'),('',243,'sr'),('mne',243,'sv'),('',243,'ta'),('',243,'th'),('Mavzu',243,'uz'),('Tng',243,'vi'),('',243,'zh'),('Collecci',244,'ca'),('Collecci',244,'ca@valencia'),('Casgliad',244,'cy'),('Sammlung',244,'de'),('Sammlung',244,'de-CH'),('',244,'el'),('Collection',244,'en'),('Coleccin',244,'es'),('Bilduma',244,'eu'),('Collection',244,'fr'),('Coleccin',244,'gl'),('Zbirka',244,'hr'),('Gyjtemny',244,'hu'),('Koleksi',244,'id'),('Sndarsafn',244,'is'),('Raccolta',244,'it'),('',244,'ja'),('',244,'ka'),('',244,'ko'),('Collectie',244,'nl'),('Kolekcja',244,'pl'),('Coleo',244,'pt'),('Coleo',244,'pt_BR'),('Coleo',244,'pt-BR'),('Colectie',244,'ro'),('',244,'ru'),('Zbirka',244,'sl'),('',244,'sr'),('Samling',244,'sv'),('',244,'th'),('Collection',244,'vi'),('',244,'zh'),('',245,'ar'),('Fons',245,'ca'),('Fons',245,'ca@valencia'),('Daliadau',245,'cy'),('Bestnde',245,'de'),('Bestnde',245,'de_AT'),('Bestnde',245,'de_CH'),('Bestnde',245,'de-AT'),('Bestnde',245,'de-CH'),('Holdings',245,'en'),('Fondos',245,'es'),('Inbertsioak',245,'eu'),('',245,'fa'),('Fonds',245,'fr'),('Fondos',245,'gl'),('Graa',245,'hr'),('llomny',245,'hu'),('Khazanah',245,'id'),('Skjalamagn',245,'is'),('Patrimoni',245,'it'),('',245,'ja'),('',245,'ka'),('',245,'ko'),('Bestanden',245,'nl'),('Zasoby posiadane',245,'pl'),('Acervos documentais',245,'pt'),('Acervo',245,'pt_BR'),('Acervo',245,'pt-BR'),('Arhivsko gradivo',245,'sl'),('',245,'sr'),('Bestnd',245,'sv'),('',245,'ta'),('',245,'th'),('Ngn v',245,'vi'),('',245,'zh'),('Descripci arxivstica',246,'ca'),('Descripci arxivstica',246,'ca@valencia'),('Archivn popisy',246,'cs'),('Disgrifiad archifol',246,'cy'),('Archivische Beschreibung',246,'de'),('Archivische Beschreibung',246,'de-CH'),(' ',246,'el'),('Archival description',246,'en'),('Descripcin archivstica',246,'es'),('Artxibo deskribapena',246,'eu'),('Description archivistique',246,'fr'),('Descricin arquivstica',246,'gl'),('Opis arhivskog gradiva',246,'hr'),('Iratlers',246,'hu'),('Deskripsi Arsip',246,'id'),('Lsandi samantekt',246,'is'),('Descrizione archivistica',246,'it'),('',246,'ja'),(' ',246,'ka'),(' ',246,'ko'),('Archivistische beschrijving',246,'nl'),('Opis archiwalny',246,'pl'),('Descrio arquivstica',246,'pt'),('Descrio arquivstica',246,'pt_BR'),('Descrio arquivstica',246,'pt-BR'),('Descriere arhiva',246,'ro'),(' ',246,'ru'),('Arhivski popis',246,'sl'),(' ',246,'sr'),('Arkivbeskrivning',246,'sv'),('',246,'th'),('Arxiv tavsifi',246,'uz'),('M t lu tr',246,'vi'),('',246,'zh'),('Registre d\'autoritat',247,'ca'),('Registre d\'autoritat',247,'ca@valencia'),('Cofnod awdurdod',247,'cy'),('Normdatei',247,'de'),('Normdatei',247,'de-CH'),(' ',247,'el'),('Authority record',247,'en'),('Registro de autoridad',247,'es'),('Autoretza erregistroa',247,'eu'),('Notice d\'autorit',247,'fr'),('Rexistro de autoridade',247,'gl'),('Normirani zapis',247,'hr'),('Iratkpz',247,'hu'),('Pencipta Arsip',247,'id'),('Nafnspjald',247,'is'),('Record d\'autorit',247,'it'),('',247,'ja'),(' ',247,'ka'),('',247,'ko'),('Geauthoriseerde beschrijving',247,'nl'),('Haso wzorcowe',247,'pl'),('Registo de autoridade',247,'pt'),('Registro de autoridade',247,'pt_BR'),('Registro de autoridade',247,'pt-BR'),('Zapis o ustvarjalcu',247,'sl'),(' ',247,'sr'),('Auktoritetspost',247,'sv'),('',247,'th'),('Avtoritet yozuv',247,'uz'),('Authority record',247,'vi'),('',247,'zh'),('Fons',248,'ca'),('Fons',248,'ca@valencia'),('Fonds',248,'cy'),('Fonds',248,'de'),('Fonds',248,'de-CH'),('',248,'el'),('Fonds',248,'en'),('Fondo',248,'es'),('Fondoak',248,'eu'),('Fonds',248,'fr'),('Fondos',248,'gl'),('Fondovi',248,'hr'),('Fond',248,'hu'),('Fonds',248,'id'),('Safn',248,'is'),('Fondo',248,'it'),('',248,'ja'),('',248,'ka'),('',248,'ko'),('Archief',248,'nl'),('Zespoy',248,'pl'),('Arquivo',248,'pt'),('Fundos',248,'pt_BR'),('Fundos',248,'pt-BR'),('Fonduri',248,'ro'),('',248,'ru'),('Fondi',248,'sl'),('',248,'sr'),('Arkiv',248,'sv'),('',248,'th'),('Cc phng',248,'vi'),('',248,'zh'),('Instituci arxivstica',249,'ca'),('Instituci arxivstica',249,'ca@valencia'),('Sefydliad archifol',249,'cy'),('Archiv',249,'de'),('Archiv',249,'de-CH'),(' ',249,'el'),('Archival institution',249,'en'),('Institucin archivstica',249,'es'),('Artxibo erakundea',249,'eu'),('',249,'fa'),('Service d\'archives',249,'fr'),('Institucin arquivstica',249,'gl'),('Arhivska ustanova',249,'hr'),('Levltr',249,'hu'),('Institusi Arsip',249,'id'),('Vrslustofnun',249,'is'),('Istituzione archivistica',249,'it'),('',249,'ja'),(' ',249,'ka'),('',249,'ko'),('Archiefinstelling',249,'nl'),('Instytucja archiwalna',249,'pl'),('Instituio de arquivo',249,'pt'),('Instituio arquivstica',249,'pt_BR'),('Entidade custodiadora',249,'pt-BR'),(' ',249,'ru'),('Arhivska ustanova',249,'sl'),(' ',249,'sr'),('Arkivinstitution',249,'sv'),('',249,'th'),('Arxiv muassasasi',249,'uz'),('T chc lu tr',249,'vi'),('',249,'zh'),('Internacional',250,'ca'),('Internacional',250,'ca@valencia'),('Rhyngwladol',250,'cy'),('International',250,'de'),('International',250,'de-CH'),('',250,'el'),('International',250,'en'),('Internacional',250,'es'),('Internazionala',250,'eu'),('International',250,'fr'),('Internacional',250,'gl'),('Meunarodni',250,'hr'),('nemzetkzi',250,'hu'),('Internasional',250,'id'),('Aljleg',250,'is'),('Internazionale',250,'it'),('',250,'ja'),('',250,'ka'),('',250,'ko'),('Internationaal',250,'nl'),('Internacional',250,'pt'),('Internacional',250,'pt_BR'),('Internacional',250,'pt-BR'),('Mednaroden',250,'sl'),('',250,'sr'),('Internationell',250,'sv'),('',250,'th'),('Quc t',250,'vi'),('',250,'zh'),('Nacional',251,'ca'),('Nacional',251,'ca@valencia'),('Cenedlaethol',251,'cy'),('National',251,'de'),('National',251,'de-CH'),('',251,'el'),('National',251,'en'),('Nacional',251,'es'),('Nazional',251,'eu'),('National',251,'fr'),('Nacional',251,'gl'),('Nacionalno',251,'hr'),('nemzeti',251,'hu'),('National',251,'id'),('jlegt',251,'is'),('Nazionale',251,'it'),('',251,'ja'),('',251,'ka'),('',251,'ko'),('Nationaal',251,'nl'),('Nacional',251,'pt'),('Nacional',251,'pt_BR'),('Nacional',251,'pt-BR'),('National',251,'ro'),('Narodni',251,'sl'),('',251,'sr'),('Nationell',251,'sv'),('',251,'th'),('Milliy',251,'uz'),('Quc gia',251,'vi'),('',251,'zh'),('Regional',252,'ca'),('Regional',252,'ca@valencia'),('Rhanbarthol',252,'cy'),('Regional',252,'de'),('Regional',252,'de-CH'),('',252,'el'),('Regional',252,'en'),('Regional',252,'es'),('Eskualdeko',252,'eu'),('Rgional',252,'fr'),('Rexional',252,'gl'),('Regionalno',252,'hr'),('regionlis',252,'hu'),('Regional',252,'id'),('Svisbundi',252,'is'),('Regionale',252,'it'),('',252,'ja'),(' ()',252,'ka'),('',252,'ko'),('Regionaal',252,'nl'),('Regionalny',252,'pl'),('Regional',252,'pt'),('Regional',252,'pt_BR'),('Regional',252,'pt-BR'),('Regionalni',252,'sl'),('',252,'sr'),('Regional',252,'sv'),('',252,'th'),('Hududiy',252,'uz'),('Khu vc',252,'vi'),('',252,'zh'),('Provncia/estat',253,'ca'),('Provncia/estat',253,'ca@valencia'),('Taleithiol/gwladwriaeth',253,'cy'),('Bundesland/Kanton',253,'de'),('Bundesland/Kanton',253,'de-CH'),('',253,'el'),('Provincial/state',253,'en'),('Provincial/estatal',253,'es'),('Probintzia',253,'eu'),('Provincial/d\'tat',253,'fr'),('Provincial/estatual',253,'gl'),('Pokrajina/drava',253,'hr'),('tartomnyi',253,'hu'),('Provinsi',253,'id'),('Provinciale/Statale',253,'it'),('/',253,'ja'),('/ ',253,'ka'),('/',253,'ko'),('Provinciaal',253,'nl'),('Lokalny/krajowy',253,'pl'),('Distrito',253,'pt'),('Estado',253,'pt_BR'),('Estado/provncia',253,'pt-BR'),('/',253,'ru'),('Regionalni/dravni',253,'sl'),('',253,'sr'),('Regional/statlig',253,'sv'),(' / ',253,'th'),('Shahar/Tuman',253,'uz'),('tinh/',253,'vi'),('/',253,'zh'),('Comunitat',254,'ca'),('Comunitat',254,'ca@valencia'),('Cymuned',254,'cy'),('Gemeinschaft',254,'de'),('Gemeinschaft',254,'de-CH'),('',254,'el'),('Community',254,'en'),('Comunidad',254,'es'),('Komunitatea',254,'eu'),('Communaut',254,'fr'),('Comunitario',254,'gl'),('Zajednica',254,'hr'),('kzssgi',254,'hu'),('Komunitas',254,'id'),('Samflag',254,'is'),('Comunit',254,'it'),('',254,'ja'),('',254,'ka'),('',254,'ko'),('Gemeenschap',254,'nl'),('Spoeczno',254,'pl'),('Comunidade',254,'pt'),('Comunidade',254,'pt_BR'),('Comunidade',254,'pt-BR'),('',254,'ru'),('Skupnost',254,'sl'),('',254,'sr'),('Gemenskap',254,'sv'),('',254,'th'),('Cng ng',254,'vi'),('',254,'zh'),('Religis',255,'ca'),('Religis',255,'ca@valencia'),('Crefyddol',255,'cy'),('kirchlich',255,'de'),('kirchlich',255,'de-CH'),('',255,'el'),('Religious',255,'en'),('Religioso',255,'es'),('Erlijiosoa',255,'eu'),('Religieux',255,'fr'),('Relixioso',255,'gl'),('Vjersko',255,'hr'),('egyhzi',255,'hu'),('Agama',255,'id'),('Trarlegt',255,'is'),('Religioso',255,'it'),('',255,'ja'),(', ',255,'ka'),('',255,'ko'),('Religie',255,'nl'),('Religioso',255,'pt'),('Religioso',255,'pt_BR'),('Religioso',255,'pt-BR'),('Verski',255,'sl'),('',255,'sr'),('Religs',255,'sv'),('',255,'th'),('Diniy',255,'uz'),('Tn gio',255,'vi'),('',255,'zh'),('Universitat',256,'ca'),('Universitat',256,'ca@valencia'),('Prifysgol',256,'cy'),('Universitt',256,'de'),('Universitt',256,'de-CH'),('',256,'el'),('University',256,'en'),('Universidad',256,'es'),('Unibertsitatea',256,'eu'),('Universitaire',256,'fr'),('Universitario',256,'gl'),('Sveuilite',256,'hr'),('egyetemi',256,'hu'),('Universitas',256,'id'),('Hskli',256,'is'),('Universit',256,'it'),('',256,'ja'),('',256,'ka'),('',256,'ko'),('Universiteit',256,'nl'),('Uniwersytet',256,'pl'),('Universidade',256,'pt'),('Universidade',256,'pt_BR'),('Universidade',256,'pt-BR'),('Universitate',256,'ro'),('Univeriteten',256,'sl'),('',256,'sr'),('Universitet',256,'sv'),('',256,'th'),('Universitet',256,'uz'),('Trng i hc',256,'vi'),('',256,'zh'),('Municipal',257,'ca'),('Municipal',257,'ca@valencia'),('Bwrdeistrefol',257,'cy'),('Gemeinde',257,'de'),('Gemeinde',257,'de-CH'),('',257,'el'),('Municipal',257,'en'),('Municipal',257,'es'),('Udaleko',257,'eu'),('Municipal',257,'fr'),('Municipal',257,'gl'),('Lokalna uprava',257,'hr'),('vrosi',257,'hu'),('Kota',257,'id'),('Municipale',257,'it'),('',257,'ja'),(', ',257,'ka'),('',257,'ko'),('Gemeentelijk',257,'nl'),('Municipal',257,'pt'),('Municipal',257,'pt_BR'),('Municipal',257,'pt-BR'),('Obinski',257,'sl'),('',257,'sr'),('Kommunal',257,'sv'),('',257,'th'),('Shahar',257,'uz'),('Thuc v thanh ph',257,'vi'),('',257,'zh'),('Aborigen',258,'ca'),('Aborigen',258,'ca@valencia'),('Aboriginal',258,'cy'),('Aborigine',258,'de'),('Aborigine',258,'de-CH'),('Aboriginal',258,'en'),('Aborigen',258,'es'),('Aborigenak',258,'eu'),('Indigne',258,'fr'),('Aborixe',258,'gl'),('Aboridini',258,'hr'),('slakos',258,'hu'),('Pribumi',258,'id'),('Upprunalegt',258,'is'),('Aborigeno',258,'it'),('',258,'ja'),('',258,'ka'),('',258,'ko'),('Autochton',258,'pl'),('Indgena',258,'pt'),('Indgena',258,'pt_BR'),('Indgena',258,'pt-BR'),('Staroselski',258,'sl'),('',258,'sr'),('Ursprung',258,'sv'),('Mahalliy',258,'uz'),('Aboriginal',258,'vi'),('',258,'zh'),('Educatiu',259,'ca'),('Educatiu',259,'ca@valencia'),('Addysgol',259,'cy'),('Erziehung',259,'de'),('Erziehung',259,'de-CH'),('',259,'el'),('Educational',259,'en'),('Educativo',259,'es'),('Hezitzailea',259,'eu'),('Scolaire',259,'fr'),('Educativo',259,'gl'),('Obrazovno',259,'hr'),('oktatsi',259,'hu'),('Pendidikan',259,'id'),('Menntastofnun',259,'is'),('Educativo',259,'it'),('',259,'ja'),('',259,'ka'),('',259,'ko'),('Escolar',259,'pt'),('Educacional',259,'pt_BR'),('Educacional',259,'pt-BR'),('Izobraevalen',259,'sl'),('',259,'sr'),('Pedagogisk',259,'sv'),('',259,'th'),('Eitimsel',259,'tr'),('Gio dc',259,'vi'),('',259,'zh'),('Metge',260,'ca'),('Metge',260,'ca@valencia'),('Meddygol',260,'cy'),('medizinisch',260,'de'),('medizinisch',260,'de-CH'),('',260,'el'),('Medical',260,'en'),('Mdico',260,'es'),('Medikoa',260,'eu'),('Mdical',260,'fr'),('Mdico',260,'gl'),('Medicina',260,'hr'),('orvosi',260,'hu'),('Medis',260,'id'),('Lknisfrilegt',260,'is'),('Medico',260,'it'),('',260,'ja'),('',260,'ka'),('',260,'ko'),('Medisch',260,'nl'),('Mdico',260,'pt'),('Mdico',260,'pt_BR'),('Mdico',260,'pt-BR'),('',260,'ru'),('Medicinski',260,'sl'),('',260,'sr'),('Medicinsk',260,'sv'),('',260,'th'),('Tibbiy',260,'uz'),('Y hc',260,'vi'),('',260,'zh'),('Militar',261,'ca'),('Militar',261,'ca@valencia'),('Milwrol',261,'cy'),('Militr',261,'de'),('Militr',261,'de-CH'),('',261,'el'),('Military',261,'en'),('Militar',261,'es'),('Militarra',261,'eu'),('Forces armes',261,'fr'),('Militar',261,'gl'),('Vojska',261,'hr'),('hadi',261,'hu'),('Militer',261,'id'),('Hernaarlegt',261,'is'),('Forze armate',261,'it'),('',261,'ja'),('',261,'ka'),('',261,'ko'),('Militair',261,'nl'),('Militarny',261,'pl'),('Foras Armadas',261,'pt'),('Militar',261,'pt_BR'),('Militar',261,'pt-BR'),('',261,'ru'),('Vojaki',261,'sl'),('',261,'sr'),('Militr',261,'sv'),('',261,'th'),('Harbiy',261,'uz'),('Qun s',261,'vi'),('',261,'zh'),('Privat',262,'ca'),('Privat',262,'ca@valencia'),('Preifat',262,'cy'),('Privat',262,'de'),('Privat',262,'de-CH'),('',262,'el'),('Private',262,'en'),('Persona privada',262,'es'),('Pribatua',262,'eu'),('Priv',262,'fr'),('Privado',262,'gl'),('Privatno',262,'hr'),('magn',262,'hu'),('Privat',262,'id'),('Einka',262,'is'),('Privato',262,'it'),('',262,'ja'),('',262,'ka'),('',262,'ko'),('Privaat',262,'nl'),('Prywatny',262,'pl'),('Privado',262,'pt'),('Particular',262,'pt_BR'),('Privado',262,'pt-BR'),('Zasebni',262,'sl'),('',262,'sr'),('Privat',262,'sv'),('',262,'th'),('Xususiy',262,'uz'),('Ring t',262,'vi'),('',262,'zh'),('',263,'ar'),('Lloc',263,'ca'),('Lloc',263,'ca@valencia'),('Lle',263,'cy'),('Ort',263,'de'),('Ort',263,'de_AT'),('Ort',263,'de_CH'),('Ort',263,'de-AT'),('Ort',263,'de-CH'),('',263,'el'),('Place',263,'en'),('Lugar',263,'es'),('Lekua',263,'eu'),('',263,'fa'),('Lieu',263,'fr'),('Lugar',263,'gl'),('Mjesto',263,'hr'),('Hely',263,'hu'),('Tempat',263,'id'),('Staur',263,'is'),('Luogo',263,'it'),('',263,'ja'),('',263,'ka'),('',263,'ko'),('Plaats',263,'nl'),('Miejsce',263,'pl'),('Local',263,'pt'),('Local',263,'pt_BR'),('Local',263,'pt-BR'),('',263,'ru'),('',263,'ru_RU'),('Kraj',263,'sl'),('',263,'sr'),('Plats',263,'sv'),('',263,'ta'),('',263,'th'),('Mekan',263,'tr'),('Joy',263,'uz'),('a im',263,'vi'),('',263,'zh'),('',264,'ar'),('Nom',264,'ca'),('Nom',264,'ca@valencia'),('Enw',264,'cy'),('Name',264,'de'),('Name',264,'de_AT'),('Name',264,'de_CH'),('Name',264,'de-AT'),('Name',264,'de-CH'),('',264,'el'),('Name',264,'en'),('Nombre',264,'es'),('Izena',264,'eu'),('',264,'fa'),('Nom',264,'fr'),('Nome',264,'gl'),('Ime',264,'hr'),('Nv',264,'hu'),('Nama',264,'id'),('Nafn',264,'is'),('Nome',264,'it'),('',264,'ja'),('',264,'ka'),('',264,'ko'),('Naam',264,'nl'),('Nazwa',264,'pl'),('Nome',264,'pt'),('Nome',264,'pt_BR'),('Nome',264,'pt-BR'),('Nume',264,'ro'),('',264,'ru'),('',264,'ru_RU'),('Ime',264,'sl'),('/',264,'sr'),('Namn',264,'sv'),('',264,'ta'),('',264,'th'),('Nomi',264,'uz'),('Tn',264,'vi'),('',264,'zh'),('Objecte digital',265,'ca'),('Objecte digital',265,'ca@valencia'),('Gwrthrych digidol',265,'cy'),('Digitales Objekt',265,'de'),('Digitales Objekt',265,'de-CH'),(' ',265,'el'),('Digital object',265,'en'),('Objeto digital',265,'es'),('Objektu digitala',265,'eu'),('Document numrique',265,'fr'),('Obxecto dixital',265,'gl'),('Digitalni objekt',265,'hr'),('Digitlis objektum',265,'hu'),('Objek Digital',265,'id'),('Stafrn eining',265,'is'),('Oggetto digitale',265,'it'),('',265,'ja'),(' ',265,'ka'),('',265,'ko'),('Digitaal object',265,'nl'),('Obiekt cyfrowy',265,'pl'),('Objeto digital',265,'pt'),('Objeto digital',265,'pt_BR'),('Objeto digital',265,'pt-BR'),(' ',265,'ru'),('Digitalni objekt',265,'sl'),(' ',265,'sr'),('Digitalt objekt',265,'sv'),('',265,'th'),('Raqamli resurs',265,'uz'),('Digital object',265,'vi'),('',265,'zh'),('Objecte fsic',266,'ca'),('Objecte fsic',266,'ca@valencia'),('Gwrthrych ffisegol',266,'cy'),('Physisches Objekt',266,'de'),('Physisches Objekt',266,'de-CH'),(' ',266,'el'),('Physical object',266,'en'),('Physical object',266,'es'),('Objektu fisikoa',266,'eu'),('Contenant',266,'fr'),('Obxecto fsico',266,'gl'),('Fiziki objekt',266,'hr'),('Fizikai objektum',266,'hu'),('Fisik Objek',266,'id'),('Oggetto fisico',266,'it'),('',266,'ja'),(' ',266,'ka'),(' ',266,'ko'),('fysiek object',266,'nl'),('Objeto tridimensional',266,'pt'),('Objeto fsico',266,'pt_BR'),('Objeto fsico',266,'pt-BR'),(' ',266,'ru'),('Fizini objekt',266,'sl'),(' ',266,'sr'),('Fysiskt objekt',266,'sv'),('',266,'th'),('Fizik resurs',266,'uz'),('i tng vt l',266,'vi'),('',266,'zh'),(' ',267,'ar'),('Unitat d\'installaci',267,'ca'),('Unitat de magatzematge',267,'ca@valencia'),('Storfa ffisegol',267,'cy'),('Aufbewahrung',267,'de'),('Aufbewahrung',267,'de_AT'),('Standort',267,'de_CH'),('Aufbewahrung',267,'de-AT'),('Standort',267,'de-CH'),(' ',267,'el'),('Physical storage',267,'en'),('Unidad de almacenaje',267,'es'),('Biltegi fisikoa',267,'eu'),('Localisation physique',267,'fr'),('Almacenamento fsico',267,'gl'),('Fiziko spremite',267,'hr'),('Troleszkz',267,'hu'),('Penyimpanan Fisik',267,'id'),('Deposito',267,'it'),('',267,'ja'),(' ',267,'ka'),(' ',267,'ko'),('Fysieke opslag',267,'nl'),('Fizyczne miejsce przechowywania',267,'pl'),('Depsito fsico',267,'pt'),('Depsito fsico',267,'pt_BR'),('Depsito fsico',267,'pt-BR'),('Fizina hramba',267,'sl'),('',267,'sr'),('Fysisk frvaringsplats',267,'sv'),(' ',267,'ta'),('',267,'th'),('Fizik saqlov',267,'uz'),('vt l',267,'vi'),('',267,'zh'),(' ',268,'ar'),('Tipus de suport',268,'ca'),('Tipus de suport',268,'ca@valencia'),('Math o gyfrwng',268,'cy'),('Medienart',268,'de'),('Medienart',268,'de_AT'),('Medienart',268,'de_CH'),('Medienart',268,'de-AT'),('Medienart',268,'de-CH'),(' ',268,'el'),('Media type',268,'en'),('Tipo de soporte',268,'es'),('Medio Mota',268,'eu'),(' ',268,'fa'),('Type de support',268,'fr'),('Tipo de medio',268,'gl'),('Vrsta medija',268,'hr'),('Mdia tpus',268,'hu'),('Jenis media',268,'id'),('Ger mila',268,'is'),('Tipo di supporto',268,'it'),('',268,'ja'),(' ',268,'ka'),(' ',268,'ko'),('mediatype',268,'nl'),('Typ medium',268,'pl'),('Tipo de suporte',268,'pt'),('Tipo de mdia',268,'pt_BR'),('Tipo de mdia',268,'pt-BR'),('Tipul media',268,'ro'),(' ',268,'ru'),(' ',268,'ru_RU'),('Vrsta medija',268,'sl'),(' ',268,'sr'),('Mediatyp',268,'sv'),(' ',268,'ta'),('',268,'th'),('Resurs turi',268,'uz'),('Loi truyn thng',268,'vi'),('',268,'zh'),('Open Information Management Toolkit',269,'ca'),('Open Information Management Toolkit',269,'ca@valencia'),('Agor Pecyn Cymorth Rheoli Gwybodaeth',269,'cy'),('Werkzeug fr das Open Information Management',269,'de'),('Werkzeug fr das Open Information Management',269,'de-CH'),('Open Information Management Toolkit',269,'en'),('Open Information Management Toolkit',269,'es'),('Informazio Librearentzako Kudeaketa Tresnak',269,'eu'),('Outil ouvert de gestion de l\'information',269,'fr'),('Otvori komplet alata za upravljanje podacima',269,'hr'),('Nyissa meg az Informcis Menedzsment Eszkztrat',269,'hu'),('Open Information Management Toolkit',269,'id'),('Open Information Management Toolkit',269,'it'),('Information Management Toolkit',269,'ja'),('   ',269,'ka'),('   ',269,'ko'),('Open Information Management Toolkit',269,'nl'),('Ferramenta aberta de gesto de informao',269,'pt'),('Open Information Management Toolkit',269,'pt_BR'),('Open Information Management Toolkit',269,'pt-BR'),('Orodje za upravljanje informacij javnega znaaja',269,'sl'),('    ',269,'sr'),('ppet informationshanteringsverktyg',269,'sv'),('Ochiq axborotni boshqarish uskunasi',269,'uz'),('M ca Information Management Toolkit',269,'vi'),('',269,'zh'),('Nota de conservaci',270,'ca'),('Nota de conservaci',270,'ca@valencia'),('Nodyn cadwraeth',270,'cy'),('Anmerkung zur Bestandserhaltung',270,'de'),('Anmerkung zur Bestandserhaltung',270,'de-CH'),(' ',270,'el'),('Conservation note',270,'en'),('Notas de conservacin',270,'es'),('Kontserbazio oharra',270,'eu'),('Note de conservation',270,'fr'),('Nota de conservacin',270,'gl'),('Napomena uz konzervaciju',270,'hr'),('llomnyvdelemre vonatkoz jegyzet',270,'hu'),('Catatan Konservasi',270,'id'),('Athugasemd um forvrslu',270,'is'),('Nota sulla conservazione',270,'it'),('',270,'ja'),(' ',270,'ka'),('  (note)',270,'ko'),('Opmerkingen conservering',270,'nl'),('Nota konserwatorska',270,'pl'),('Nota de conservao',270,'pt'),('Nota de conservao',270,'pt_BR'),('Nota de conservao',270,'pt-BR'),('Opomba glede zaite',270,'sl'),('  ',270,'sr'),('Konserveringsanmrkning',270,'sv'),('',270,'th'),('Ghi ch Conservation',270,'vi'),('',270,'zh'),('Dibuix arquitectnic',271,'ca'),('Dibuix arquitectnic',271,'ca@valencia'),('Lluniad pensaernol',271,'cy'),('Architekturzeichnung',271,'de'),('Architekturzeichnung',271,'de-CH'),(' ',271,'el'),('Architectural drawing',271,'en'),('Dibujo arquitectnico',271,'es'),('Marrazketa arkitektonikoa',271,'eu'),('Dessin d\'architecture',271,'fr'),('Deseo arquitectnico',271,'gl'),('Arhitekturski crte',271,'hr'),('ptszeti rajz',271,'hu'),('Gambar Teknik',271,'id'),('Teikningar af byggingum (arkitekt)',271,'is'),('Disegno architettonico',271,'it'),('',271,'ja'),(' ',271,'ka'),(' ',271,'ko'),('Bouwkundige tekening',271,'nl'),('Rysunki architektoniczne - projekty',271,'pl'),('Desenho arquitetnico',271,'pt'),('Desenho arquitetnico',271,'pt_BR'),('Desenho arquitetnico',271,'pt-BR'),('Desen arhitectural',271,'ro'),('Arhitekturni nart',271,'sl'),(' ',271,'sr'),('Arkitekturritning',271,'sv'),('Me\'moriy chizma',271,'uz'),('i vi bn v kin trc',271,'vi'),('',271,'zh'),('Material cartogrfic',272,'ca'),('Material cartogrfic',272,'ca@valencia'),('Deunydd cartograffig',272,'cy'),('Kartografisches Material',272,'de'),('Kartografisches Material',272,'de-CH'),(' ',272,'el'),('Cartographic material',272,'en'),('Material cartogrfico',272,'es'),('Material kartografikoa',272,'eu'),('Document cartographique',272,'fr'),('Material cartogrfico',272,'gl'),('Kartografsko gradivo',272,'hr'),('Trkpszeti anyag',272,'hu'),('Materi Peta',272,'id'),('Landfrileg ggn',272,'is'),('Materiale cartografico',272,'it'),('',272,'ja'),(' ',272,'ka'),(' ',272,'ko'),('Kartografisch materiaal',272,'nl'),('Materia kartograficzny',272,'pl'),('Material cartogrfico',272,'pt'),('Material cartogrfico',272,'pt_BR'),('Material cartogrfico',272,'pt-BR'),('Material cartografic',272,'ro'),(' ',272,'ru'),('Kartografsko gradivo',272,'sl'),(' ',272,'sr'),('Kartografiskt material',272,'sv'),('',272,'th'),('Ti liu bn .',272,'vi'),('',272,'zh'),('Material grfic',273,'ca'),('Material grfic',273,'ca@valencia'),('Deunydd graffig',273,'cy'),('Grafik(en)',273,'de'),('Grafik(en)',273,'de-CH'),(' ',273,'el'),('Graphic material',273,'en'),('Material grfico',273,'es'),('Material grafikoa',273,'eu'),('Document iconographique',273,'fr'),('Material grfico',273,'gl'),('Grafiko gradivo',273,'hr'),('Grafikus anyag',273,'hu'),('Bahan grafis',273,'id'),('Grafskt efni',273,'is'),('Materiale grafico',273,'it'),('',273,'ja'),(' ',273,'ka'),(' ',273,'ko'),('Grafisch materiaal',273,'nl'),('Material grfico',273,'pt'),('Material grfico',273,'pt_BR'),('Material grfico',273,'pt-BR'),('Materiale grafice',273,'ro'),('Grafino gradivo',273,'sl'),(' ',273,'sr'),('Grafiskt material',273,'sv'),('',273,'th'),('Ti liu  ha',273,'vi'),('',273,'zh'),('S\'estan movent les imatges',274,'ca'),('Menejant imatges',274,'ca@valencia'),('Delweddau symudol',274,'cy'),('Film(e)',274,'de'),('Film(e)',274,'de-CH'),(' ',274,'el'),('Moving images',274,'en'),('Moviendo imgenes',274,'es'),('Irudiak mugitzen',274,'eu'),('Images en mouvement',274,'fr'),('Imaxes en movemento',274,'gl'),('Pokretne slike',274,'hr'),('Mozg kpek',274,'hu'),('Gambar bergerak',274,'id'),('Flyt myndir',274,'is'),('Immagini in movimento',274,'it'),('',274,'ja'),(' ',274,'ka'),('',274,'ko'),('Bewegend beeld',274,'nl'),('Imagens em movimento',274,'pt'),('Imagens em movimento',274,'pt_BR'),('Imagens em movimento',274,'pt-BR'),('Imagini in miscare',274,'ro'),('Gibljive slike',274,'sl'),(' ',274,'sr'),('Rrliga bilder',274,'sv'),('Film Animatsiya',274,'uz'),('Di chuyn hinh anh',274,'vi'),('',274,'zh'),('Suports mltiples',275,'ca'),('Suports mltiples',275,'ca@valencia'),('Cyfryngau lluosog',275,'cy'),('Multimedia',275,'de'),('Multimedia',275,'de-CH'),(' ',275,'el'),('Multiple media',275,'en'),('Soportes mltiples',275,'es'),('Media anitz',275,'eu'),('Supports multiples',275,'fr'),('Viebrojni mediji',275,'hr'),('sszetett mdia',275,'hu'),('Banyak media',275,'id'),('Mrg milunarform',275,'is'),('Molteplici tipologie',275,'it'),('',275,'ja'),(',  ',275,'ka'),(' ',275,'ko'),('Medium wielokrotne',275,'pl'),('Mltiplos suportes',275,'pt'),('Mltipla mdia',275,'pt_BR'),('Mltipla mdia',275,'pt-BR'),('Medii multiple',275,'ro'),('Vekraten nosilec zapisa',275,'sl'),(' ',275,'sr'),('Flera medier',275,'sv'),('Turli media',275,'uz'),('Nhiu phng tin truyn thng',275,'vi'),('',275,'zh'),('Objecte',276,'ca'),('Objecte',276,'ca@valencia'),('Gwrthrych',276,'cy'),('Objekt',276,'de'),('Objekt',276,'de-CH'),('',276,'el'),('Object',276,'en'),('Objeto',276,'es'),('Objektua',276,'eu'),('Objet',276,'fr'),('Obxecto',276,'gl'),('Objekt',276,'hr'),('Trgy',276,'hu'),('Objek',276,'id'),('Hlutur',276,'is'),('Oggetto',276,'it'),('',276,'ja'),('',276,'ka'),('',276,'ko'),('Obiekt',276,'pl'),('Objeto',276,'pt'),('Objeto',276,'pt_BR'),('Objeto',276,'pt-BR'),('Obiecte',276,'ro'),('',276,'ru'),('Objekt',276,'sl'),('',276,'sr'),('Objekt',276,'sv'),('',276,'th'),('Obje',276,'tr'),('Obyekt',276,'uz'),('i tng',276,'vi'),('',276,'zh'),('Document filatlic',277,'ca'),('Document filatlic',277,'ca@valencia'),('Cofnod ffilatelig',277,'cy'),('Philatelistisches Objekt (Briefmarke?)',277,'de'),('Briefmarke',277,'de-CH'),('Philatelic record',277,'en'),('Documento filatlico',277,'es'),('Erregistro filatelikoa',277,'eu'),('Document philatlique',277,'fr'),('rexistro filatlico',277,'gl'),('Filatelistiki zapis',277,'hr'),('Filatliai rekord',277,'hu'),('Arsip surat menyurat',277,'id'),('Documentazione filatelica',277,'it'),('',277,'ja'),(' () ',277,'ka'),(' ',277,'ko'),('Documento filatlico',277,'pt'),('Documento filatlico',277,'pt_BR'),('Documento filatlico',277,'pt-BR'),('Inregistrare filatelica',277,'ro'),('Filatelistien zapis',277,'sl'),(' ',277,'sr'),('Filatelistisk post',277,'sv'),('',277,'th'),('Filatelistik yozuv',277,'uz'),('K lc tem',277,'vi'),('',277,'zh'),('Enregistrament sonor',278,'ca'),('Registre sonor',278,'ca@valencia'),('Recordiad sain',278,'cy'),('Tonaufnahme',278,'de'),('Tonaufnahme',278,'de-CH'),('',278,'el'),('Sound recording',278,'en'),('Registro sonoro',278,'es'),('Soinu erregistroa',278,'eu'),('Document sonore',278,'fr'),('Gravacin sonora',278,'gl'),('Snimka zvuka',278,'hr'),('Hangfelvtel',278,'hu'),('Rekaman Suara',278,'id'),('Hljupptaka',278,'is'),('Registrazione sonora',278,'it'),('',278,'ja'),(' ',278,'ka'),(' ',278,'ko'),('Geluidsopname',278,'nl'),('Rejestracja dwiku',278,'pl'),('Documento sonoro',278,'pt'),('Registro sonoro',278,'pt_BR'),('Registro sonoro',278,'pt-BR'),('Inregistrare sunet',278,'ro'),('Zvoni posnetek',278,'sl'),(' ',278,'sr'),('Ljudinspelning',278,'sv'),('',278,'th'),('Tovush',278,'uz'),('Ghi m',278,'vi'),('',278,'zh'),('Dibuix tcnic',279,'ca'),('Dibuix tcnic',279,'ca@valencia'),('Lluniad technegol',279,'cy'),('Technische Zeichnung',279,'de'),('Technische Zeichnung',279,'de-CH'),(' ',279,'el'),('Technical drawing',279,'en'),('Dibujo tcnico',279,'es'),('Marrazketa teknikoa',279,'eu'),('Dessin technique',279,'fr'),('Debuxo tcnico',279,'gl'),('Tehniki crte',279,'hr'),('Mszaki rajz',279,'hu'),('Gambar Teknik',279,'id'),('Disegno tecnico',279,'it'),('',279,'ja'),(' ',279,'ka'),(' ',279,'ko'),('Technische tekening',279,'nl'),('Rysunek techniczny',279,'pl'),('Desenho tcnico',279,'pt'),('Desenho tcnico',279,'pt_BR'),('Desenho tcnico',279,'pt-BR'),('Desen tehnic',279,'ro'),('Tehnini nart',279,'sl'),(' ',279,'sr'),('Teknisk ritning',279,'sv'),('Texnik chizma',279,'uz'),('i vi bn v k thut',279,'vi'),('',279,'zh'),('Document textual',280,'ca'),('Document textual',280,'ca@valencia'),('Cofnod testunol',280,'cy'),('Textdokument',280,'de'),('Textdokument',280,'de-CH'),('Textual record',280,'en'),('Documento textual',280,'es'),('Testu erregistroa',280,'eu'),('Document textuel',280,'fr'),('Rexistro textual',280,'gl'),('Tekstualni zapis',280,'hr'),('Szveges rekord',280,'hu'),('Arsip Teks',280,'id'),('Textaskjal',280,'is'),('Documentazione testuale',280,'it'),('',280,'ja'),(' ',280,'ka'),(' ',280,'ko'),('Tekst document',280,'nl'),('Akta tekstowe',280,'pl'),('Documento textual',280,'pt'),('Documento textual',280,'pt_BR'),('Documento textual',280,'pt-BR'),('Inregistrare text',280,'ro'),('Besedilni zapis',280,'sl'),(' ',280,'sr'),('Texthandling',280,'sv'),('Matnli yozuv',280,'uz'),('Ghi li vn bn',280,'vi'),('',280,'zh'),('Edici',281,'ca'),('Edici',281,'ca@valencia'),('Argraffiad',281,'cy'),('Ausgabe',281,'de'),('Ausgabe',281,'de-CH'),('',281,'el'),('Edition',281,'en'),('Edicin',281,'es'),('Edizioa',281,'eu'),('dition',281,'fr'),('Edicin',281,'gl'),('Izdanje',281,'hr'),('Kiads',281,'hu'),('Edisi',281,'id'),('tgfa',281,'is'),('Edizione',281,'it'),('',281,'ja'),(', ',281,'ka'),('',281,'ko'),('Wydanie/edycja',281,'pl'),('Edio',281,'pt'),('Edio',281,'pt_BR'),('Edio',281,'pt-BR'),('Izdaja',281,'sl'),('',281,'sr'),('Upplaga',281,'sv'),('',281,'th'),('Phin bn',281,'vi'),('',281,'zh'),('Descripci fsica',282,'ca'),('Descripci fsica',282,'ca@valencia'),('Disgrifiad ffisegol',282,'cy'),('Physische Beschreibung',282,'de'),('Physische Beschreibung',282,'de_AT'),('Physische Beschreibung',282,'de_CH'),('Physische Beschreibung',282,'de-AT'),('Physische Beschreibung',282,'de-CH'),(' ',282,'el'),('Physical description',282,'en'),('Descripcin fsica',282,'es'),('Deskribapen fisikoa',282,'eu'),('Description matrielle',282,'fr'),('Descricin fsica',282,'gl'),('Fiziki opis',282,'hr'),('Fizikai lers',282,'hu'),('Deskripsi fisik',282,'id'),('Lsandi samantekt',282,'is'),('Descrizione fisica',282,'it'),('',282,'ja'),(' ',282,'ka'),(' ',282,'ko'),('Fysieke beschrijving',282,'nl'),('Opis fizyczny',282,'pl'),('Descrio fsica',282,'pt'),('Descrio fsica',282,'pt_BR'),('Descrio fsica',282,'pt-BR'),('Fizini opis',282,'sl'),(' ',282,'sr'),('Omfng',282,'sv'),('',282,'th'),('Fizik tavsifi',282,'uz'),('M t vt l',282,'vi'),('',282,'zh'),('Conservaci',283,'ca'),('Conservaci',283,'ca@valencia'),('Cadwraeth',283,'cy'),('Erhaltung',283,'de'),('Erhaltung',283,'de-CH'),('',283,'el'),('Conservation',283,'en'),('Conservacin',283,'es'),('Kontserbazioa',283,'eu'),('Conservation',283,'fr'),('Conservacin',283,'gl'),('Konzervacija',283,'hr'),('llomnyvdelem',283,'hu'),('Konservasi',283,'id'),('Forvarsla',283,'is'),('Conservazione',283,'it'),('',283,'ja'),('',283,'ka'),(' ',283,'ko'),('Conservering',283,'nl'),('Konserwacja',283,'pl'),('Conservao',283,'pt'),('Conservao',283,'pt_BR'),('Conservao',283,'pt-BR'),('Zaita',283,'sl'),('',283,'sr'),('Konservering',283,'sv'),('',283,'th'),('Conservation',283,'vi'),('',283,'zh'),('Material complementari',284,'ca'),('Material complementari',284,'ca@valencia'),('Deunydd atodol',284,'cy'),('Begleitmaterial',284,'de'),('Begleitmaterial',284,'de-CH'),('Accompanying material',284,'en'),('Material complementario',284,'es'),('Erantsitako materiala',284,'eu'),('Documents d\'accompagnement',284,'fr'),('Material que acompaa',284,'gl'),('Popratno gradivo',284,'hr'),('Kapcsold anyag',284,'hu'),('Materi yang disertakan',284,'id'),('Tengt efni',284,'is'),('Materiale di accompagnamento',284,'it'),('',284,'ja'),(' ',284,'ka'),(' ',284,'ko'),('Begeleidend materiaal',284,'nl'),('Materia towarzyszcy',284,'pl'),('Material acompanhante',284,'pt'),('Material complementar',284,'pt_BR'),('Material complementar',284,'pt-BR'),('Spremljevalno gradivo',284,'sl'),(' ',284,'sr'),('Tillhrande material',284,'sv'),('',284,'th'),('Qo`shimcha material',284,'uz'),('Cc ti liu km theo',284,'vi'),('',284,'zh'),('Colleccions editorials',285,'ca'),('Publicacions seriades',285,'ca@valencia'),('Cyfres cyhoeddwr',285,'cy'),('Herausgeberreihen(?)Reihenwerk(?)',285,'de'),('Herausgeberreihen(?)Reihenwerk(?)',285,'de-CH'),('',285,'el'),('Publisher\'s series',285,'en'),('Publicaciones seriadas',285,'es'),('Argitaratzailearen serieak',285,'eu'),('Collection',285,'fr'),('Serije izdavaa',285,'hr'),('Kiadi sorozat',285,'hu'),('Series Penerbit',285,'id'),('Serie editoriale',285,'it'),('',285,'ja'),(' ',285,'ka'),(' ',285,'ko'),('Seria wydawnicza',285,'pl'),('Editores das publicaes',285,'pt'),('Publicaes do editor',285,'pt_BR'),('Publicaes do editor',285,'pt-BR'),('Zalonikove serije',285,'sl'),(' ',285,'sr'),('Bokserie',285,'sv'),('',285,'th'),('Nashr qiluvchining seriya ro`yxat lari',285,'uz'),('Series ca nh xut bn',285,'vi'),('',285,'zh'),('Designacions alfanumriques',286,'ca'),('Designacions alfanumrics',286,'ca@valencia'),('Dynodiadau alffaniwmerig',286,'cy'),('Alphanumerische Bezeichnungen',286,'de'),('Alphanumerische Bezeichnungen',286,'de-CH'),(' ',286,'el'),('Alpha-numeric designations',286,'en'),('Designaciones alfanumricas',286,'es'),('Izendapen alfanumerikoak',286,'eu'),('Dsignations alphanumriques',286,'fr'),('Designacins alfanumricas',286,'gl'),('Alfanumerike oznake',286,'hr'),('Alfanumerikus jellsek',286,'hu'),('Untuk alfa-numerik',286,'id'),('Identificazioni alfanumeriche',286,'it'),('-',286,'ja'),('   ',286,'ka'),('- ',286,'ko'),('Oznaczenia alfanumeryczne',286,'pl'),('Designaes alfanumricas',286,'pt'),('Designaes alfanumricas',286,'pt_BR'),('Designaes alfanumricas',286,'pt-BR'),('rkovno-tevilne oznabe',286,'sl'),('- ',286,'sr'),('Alfanumeriska typer',286,'sv'),('Belgili-raqamli grafika',286,'uz'),('Alpha-numeric designations',286,'vi'),('-',286,'zh'),('Drets',287,'ca'),('Drets',287,'ca@valencia'),('Hawliau',287,'cy'),('Rechte',287,'de'),('Rechte',287,'de_AT'),('Rechte',287,'de_CH'),('Rechte',287,'de-AT'),('Rechte',287,'de-CH'),('',287,'el'),('Rights',287,'en'),('Derechos',287,'es'),('Eskubideak',287,'eu'),('Droits',287,'fr'),('Dereitos',287,'gl'),('Prava',287,'hr'),('Jogosultsgok',287,'hu'),('Pemegang Hak',287,'id'),('Leyfi',287,'is'),('Diritti',287,'it'),('',287,'ja'),('',287,'ka'),('',287,'ko'),('Rechten',287,'nl'),('Prawa',287,'pl'),('Direitos',287,'pt'),('Direitos',287,'pt_BR'),('Direitos',287,'pt-BR'),('Drepturi',287,'ro'),('Pravice',287,'sl'),('',287,'sr'),('Rttigheter',287,'sv'),('',287,'th'),('Huquqlar',287,'uz'),('Quyn',287,'vi'),('',287,'zh'),('Variacions en el ttol',288,'ca'),('Variacions en el ttol',288,'ca@valencia'),('Amrywiadau yn y teitl',288,'cy'),('Titelvarianten',288,'de'),('Titelvarianten',288,'de-CH'),('  ',288,'el'),('Variations in title',288,'en'),('Variantes del ttulo',288,'es'),('Bariazioak izenburuan',288,'eu'),('Variantes du titre',288,'fr'),('Variacins no ttulo',288,'gl'),('Inaice u naslovu',288,'hr'),('Cmvltozatok',288,'hu'),('Variasi judul',288,'id'),('Breytileiki  titli',288,'is'),('Varianti del titolo',288,'it'),('',288,'ja'),('() ',288,'ka'),(' ',288,'ko'),('Variaes no ttulo',288,'pt'),('Variaes do ttulo',288,'pt_BR'),('Variaes do ttulo',288,'pt-BR'),('Variacije naslova',288,'sl'),('  ',288,'sr'),('Titelvariationer',288,'sv'),('Sarlavha turlari',288,'uz'),('Cc bin th trong tiu ',288,'vi'),('',288,'zh'),('Font del ttol propi',289,'ca'),('Font del ttol',289,'ca@valencia'),('Ffynhonnell y teitl priodol',289,'cy'),('Quelle des genauen Titels',289,'de'),('Quelle des genauen Titels',289,'de-CH'),('   ',289,'el'),('Source of title proper',289,'en'),('Fuente del ttulo',289,'es'),('Source du titre propre',289,'fr'),('Izvor stvarnog naslova',289,'hr'),('A fcm forrsa',289,'hu'),('Sumber judul',289,'id'),('Heimildir um samrmdan titil',289,'is'),('Fonte del titolo proprio',289,'it'),('',289,'ja'),('  ',289,'ka'),('  ',289,'ko'),('rdo waciwoci',289,'pl'),('Fonte do ttulo prprio',289,'pt'),('Fonte do ttulo prprio',289,'pt_BR'),('Fonte do ttulo prprio',289,'pt-BR'),('Izvor dejanskega naslova',289,'sl'),('  ',289,'sr'),('Klla fr frteckningstiteln',289,'sv'),('',289,'th'),('Sarlavha manbasi',289,'uz'),('Ngun ca nhan  chnh',289,'vi'),('',289,'zh'),('Ttols parallels i una altra informaci del ttol',290,'ca'),('Ttols parallels i una altra informaci del ttol',290,'ca@valencia'),('Teitlau cyfochrog a gwybodaeth teitl arall',290,'cy'),('Parallele Titel und andere Informationen zum Titel',290,'de'),('Parallele Titel und andere Informationen zum Titel',290,'de-CH'),('     ',290,'el'),('Parallel titles and other title information',290,'en'),('Ttulos paralelos y otra informacin del ttulo',290,'es'),('Izenburu paraleloak eta izenburuaren beste informazioa',290,'eu'),('Titres parallles et complments du titre',290,'fr'),('Ttulos paralelos ou informacin adicional do ttulo',290,'gl'),('Ekvivalentni naslovi i drugi podaci naslova',290,'hr'),('Hasonl cmek s egyb cm informcik',290,'hu'),('Judul paralel dan informasi judul lainnya',290,'id'),('Hlistir titlar og arar upplsingar um titil',290,'is'),('Titoli paralleli e altre informazioni sul titolo',290,'it'),('',290,'ja'),('     ',290,'ka'),('      ',290,'ko'),('Parallelle titels en andere titelgegevens',290,'nl'),('Ttulos paralelos e outra informao do ttulo',290,'pt'),('Ttulos paralelos e outra informao do ttulo',290,'pt_BR'),('Ttulos paralelos e outra informao do ttulo',290,'pt-BR'),('Vzporedni naslovi in drugi podatki o naslovu',290,'sl'),('     ',290,'sr'),('Parallella titlar och annan titelinformation',290,'sv'),('',290,'th'),('Parallel sarlavha va boshqa sarlavhalar',290,'uz'),('Nhan  song song v thng tin nhan  khc',290,'vi'),('',290,'zh'),('Subttol',291,'ca'),('Complements del ttol',291,'ca@valencia'),('Parhad y teitl',291,'cy'),('Fortsetzung des Titels',291,'de'),('Fortsetzung des Titels',291,'de-CH'),('  ',291,'el'),('Continuation of title',291,'en'),('Complementos del ttulo',291,'es'),('Izenburuaren jarraipena',291,'eu'),('Continuation du titre',291,'fr'),('Continuacin do ttulo',291,'gl'),('Nastavak naslova',291,'hr'),('Cm meghosszabbtsa',291,'hu'),('Kelanjutan dari Judul',291,'id'),('Seguito del titolo',291,'it'),('',291,'ja'),(' , ',291,'ka'),(' ',291,'ko'),('Vervolg van de titel',291,'nl'),('Kontynuacja tytuu',291,'pl'),('Continuao do ttulo',291,'pt'),('Continuao do ttulo',291,'pt_BR'),('Continuao do ttulo',291,'pt-BR'),('Kontinuiteta naslova',291,'sl'),(' ',291,'sr'),('Fortsttning p titeln',291,'sv'),('',291,'th'),('Tip tc Nhan ',291,'vi'),('',291,'zh'),('Mencions de responsabilitat',292,'ca'),('Declaracions de responsabilitat',292,'ca@valencia'),('Datganiadau o gyfrifoldeb',292,'cy'),('Anmerkung zur Verantwortlichkeit',292,'de'),('Anmerkung zur Verantwortlichkeit',292,'de-CH'),('  ',292,'el'),('Statements of responsibility',292,'en'),('Declaraciones de responsabilidad',292,'es'),('Erantzunkizun adierazpenak',292,'eu'),('Mentions de responsabilit',292,'fr'),('Mencins de responsabilidade',292,'gl'),('Izjave o odgovornosti',292,'hr'),('Felelssgnyilatkozatok',292,'hu'),('Pernyataan penanggungjawab',292,'id'),('Indicazioni di responsabilit',292,'it'),('',292,'ja'),(' ',292,'ka'),('',292,'ko'),('Verklaringen van verantwoordelijkheid',292,'nl'),('Meno de responsabilidade',292,'pt'),('Declaraes de responsabilidade',292,'pt_BR'),('Declaraes de responsabilidade',292,'pt-BR'),('Izjave o odgovornosti',292,'sl'),('  ',292,'sr'),('Ansvarsredogrelse',292,'sv'),('',292,'th'),('Javobgarlik to`g`risida ma\'lumotlar',292,'uz'),('Minh xc v trch nhim',292,'vi'),('',292,'zh'),('Atribucions i conjectures',293,'ca'),('Atribucions i conjectures',293,'ca@valencia'),('Priodoliadau a dyfaliadau',293,'cy'),('Zuordnungen und Vermutungen',293,'de'),('Zuordnungen und Vermutungen',293,'de-CH'),('Attributions and conjectures',293,'en'),('Atribuciones y conjeturas',293,'es'),('Atribuzio edo usteak',293,'eu'),('Attributions et conjectures',293,'fr'),('Atribucins e conxeturas',293,'gl'),('Pripisivanja i pretpostavke',293,'hr'),('Tulajdontsok s kvetkeztetsek',293,'hu'),('Atribusi dan konjektur',293,'id'),('Attibuzioni e congetture',293,'it'),('',293,'ja'),('',293,'ka'),(' ',293,'ko'),('Toeschrijvingen en gissingen',293,'nl'),('Przypisania i domysy',293,'pl'),('Atribuies e conjeturas',293,'pt'),('Atribuies e conjecturas',293,'pt_BR'),('Atribuies e conjecturas',293,'pt-BR'),('Pripisovanja in domneve',293,'sl'),('',293,'sr'),('Tillskrivningar och uppskattningar',293,'sv'),('Atributlar va farazlar',293,'uz'),('Gn ghp v phng on',293,'vi'),('',293,'zh'),('Part',294,'ca'),('Part',294,'ca@valencia'),('Rhan',294,'cy'),('Teil',294,'de'),('Teil',294,'de-CH'),('',294,'el'),('Part',294,'en'),('Parte',294,'es'),('Parte',294,'eu'),('Partie',294,'fr'),('Parte',294,'gl'),('Dio',294,'hr'),('Rsz',294,'hu'),('Bagian',294,'id'),('Hluti',294,'is'),('Parte',294,'it'),('',294,'ja'),('',294,'ka'),('',294,'ko'),('Deel',294,'nl'),('Cz',294,'pl'),('Parte',294,'pt'),('Parte',294,'pt_BR'),('Parte',294,'pt-BR'),('Parti',294,'ro'),('',294,'ru'),('Del',294,'sl'),('',294,'sr'),('Del',294,'sv'),('',294,'th'),('Qism',294,'uz'),('Mt phn',294,'vi'),('',294,'zh'),('text',295,'ca'),('text',295,'ca@valencia'),('testun',295,'cy'),('Text',295,'de'),('Text',295,'de-CH'),('',295,'el'),('text',295,'en'),('texto',295,'es'),('testua',295,'eu'),('texte',295,'fr'),('texto',295,'gl'),('tekst',295,'hr'),('szveg',295,'hu'),('teks',295,'id'),('texti',295,'is'),('testo',295,'it'),('',295,'ja'),('',295,'ka'),('',295,'ko'),('Tekst',295,'nl'),('tekst',295,'pl'),('texto',295,'pt'),('texto',295,'pt_BR'),('texto',295,'pt-BR'),('',295,'ru'),('besedilo',295,'sl'),('',295,'sr'),('text',295,'sv'),('matn',295,'uz'),('vn bn',295,'vi'),('',295,'zh'),('cartogrfic',296,'ca'),('cartogrfic',296,'ca@valencia'),('cartograffig',296,'cy'),('kartografisch',296,'de'),('kartografisch',296,'de-CH'),('',296,'el'),('cartographic',296,'en'),('cartogrfico',296,'es'),('kartografia',296,'eu'),('documents cartographiques',296,'fr'),('cartogrfico',296,'gl'),('kartografsko',296,'hr'),('trkpszeti',296,'hu'),('Peta',296,'id'),('kortagerar-',296,'is'),('cartografico',296,'it'),('',296,'ja'),('',296,'ka'),(' ',296,'ko'),('kartograficzny',296,'pl'),('cartogrfico',296,'pt'),('cartogrfico',296,'pt_BR'),('cartogrfico',296,'pt-BR'),('kartografsko gradivo',296,'sl'),('',296,'sr'),('kartografisk',296,'sv'),('',296,'th'),('kartografik',296,'uz'),('Bn ',296,'vi'),('',296,'zh'),('msica anotada',297,'ca'),('partitura/notaci musical',297,'ca@valencia'),('cerddoriaeth nodiant',297,'cy'),('Musiknotation',297,'de-CH'),('notated music',297,'en'),('partitura/notacin musical',297,'es'),('idatzitako musika',297,'eu'),('partitions musicales',297,'fr'),('msica anotada',297,'gl'),('notirana glazba',297,'hr'),('zenei kotta',297,'hu'),('musik notasi',297,'id'),('tnlist',297,'is'),('notazione musicale',297,'it'),('',297,'ja'),(' ',297,'ka'),('',297,'ko'),('myzyka - zapis nutowy',297,'pl'),('partitura',297,'pt'),('partitura',297,'pt_BR'),('partitura',297,'pt-BR'),('notirana glasba',297,'sl'),(' ',297,'sr'),('noterad musik',297,'sv'),('notalar',297,'uz'),('k hiu m nhc',297,'vi'),('',297,'zh'),('enregistrament sonor',298,'ca'),('registre sonor',298,'ca@valencia'),('recordiad sain',298,'cy'),('Tonaufnahme',298,'de'),('Tonaufnahme',298,'de-CH'),('',298,'el'),('sound recording',298,'en'),('registro sonoro',298,'es'),('soinu grabaketa',298,'eu'),('enregistrement sonore',298,'fr'),('gravacin sonora',298,'gl'),('snimka zvuka',298,'hr'),('hangfelvtel',298,'hu'),('rekaman suara',298,'id'),('hljupptaka',298,'is'),('registrazione sonora',298,'it'),('',298,'ja'),(' ',298,'ka'),(' ',298,'ko'),('nagrania dwikowe',298,'pl'),('registo sonoro',298,'pt'),('registro sonoro',298,'pt_BR'),('registro sonoro',298,'pt-BR'),('zvoni posnetek',298,'sl'),(' ',298,'sr'),('ljudupptagning',298,'sv'),('',298,'th'),('tovush',298,'uz'),('ghi m',298,'vi'),('',298,'zh'),('enregistrament sonor musical',299,'ca'),('recordiad sain-cerddorol',299,'cy'),('Tonaufnahme - Musik',299,'de'),('Tonaufnahme - Musik',299,'de-CH'),('sound recording-musical',299,'en'),('Grabacin sonora-musical',299,'es'),('enregistrement sonore - musique',299,'fr'),('gravacin sonora - musical',299,'gl'),('snimka zvuka  glazbena',299,'hr'),('hangfelvtel, zenei',299,'hu'),('rekaman suara-musikal',299,'id'),('registrazione sonora (musicale)',299,'it'),('-',299,'ja'),(' - ',299,'ka'),('nagrania dwikowe - muzyczne',299,'pl'),('registo sonoro - musical',299,'pt'),('registro sonoro - musical',299,'pt_BR'),('Gravao sonora musical',299,'pt-BR'),('zvoni glasbeni posnetek',299,'sl'),(' -',299,'sr'),('ljudupptagning - musik',299,'sv'),(' - ',299,'th'),('tovush musiqa',299,'uz'),('-',299,'zh'),('enregistrament sonor no musical',300,'ca'),('recordiad sain-nid cerddoriaeth',300,'cy'),('Tonaufnahme - nicht musikalisch',300,'de'),('Tonaufnahme - nicht musikalisch',300,'de-CH'),('sound recording-nonmusical',300,'en'),('Grabacin sonora-no musical',300,'es'),('enregistrement sonore - non musical',300,'fr'),('gravacin sonora - non musical',300,'gl'),('snimka zvuka  ne glazbena',300,'hr'),('hangfelvtel, nem zenei',300,'hu'),('rekaman suara-nonmusikal',300,'id'),('registrazione sonora (non musicale)',300,'it'),('',300,'ja'),('  - ( )',300,'ka'),('nagrania dwikowe - niemuzyczne',300,'pl'),('registo sonoro - no musical',300,'pt'),('registro sonoro - no musical',300,'pt_BR'),('Gravao sonora no-musical',300,'pt-BR'),('zvoni neglasbeni posnetek',300,'sl'),(' -',300,'sr'),('ljudupptagning - ej musik',300,'sv'),(' - ',300,'th'),('tovush musiqa emas',300,'uz'),('-',300,'zh'),('imatge esttica',301,'ca'),('imatge esttica',301,'ca@valencia'),('delwedd llonydd',301,'cy'),('Foto',301,'de'),('Foto',301,'de-CH'),('still image',301,'en'),('imagen esttita',301,'es'),('irudi finkoa',301,'eu'),('image fixe',301,'fr'),('imaxe fixa',301,'gl'),('statina slika',301,'hr'),('fnykp',301,'hu'),('gambar tetap',301,'id'),('mynd',301,'is'),('immagine statica',301,'it'),('',301,'ja'),(' ',301,'ka'),(' ',301,'ko'),('obrazy nieruchome',301,'pl'),('imagem esttica',301,'pt'),('imagem esttica',301,'pt_BR'),('imagem esttica',301,'pt-BR'),('statina slika',301,'sl'),(' ',301,'sr'),('stillbild',301,'sv'),('surat',301,'uz'),('hnh nh tnh',301,'vi'),('',301,'zh'),('imatge en moviment',302,'ca'),('imatge en moviment',302,'ca@valencia'),('delwedd symudol',302,'cy'),('Film',302,'de'),('Film',302,'de-CH'),(' ',302,'el'),('moving image',302,'en'),('imagen en movimiento',302,'es'),('irudia mugitzen',302,'eu'),('images animes',302,'fr'),('Imaxe en movemento',302,'gl'),('pokretna slika',302,'hr'),('mozgkp',302,'hu'),('Gambar bergerak',302,'id'),('hreyfimynd',302,'is'),('immagine in movimento',302,'it'),('',302,'ja'),(' ',302,'ka'),('',302,'ko'),('obraz ruchomy',302,'pl'),('imagem em movimento',302,'pt'),('imagem em movimento',302,'pt_BR'),('imagem em movimento',302,'pt-BR'),('gibljiva slika',302,'sl'),(' ',302,'sr'),('rrlig bild',302,'sv'),('harakatlanuvchi suratlar',302,'uz'),('Hnh nh ng',302,'vi'),('',302,'zh'),('objecte tridimensional',303,'ca'),('objecte tridimensional',303,'ca@valencia'),('gwrthrych tri dimensiwn',303,'cy'),('dreidimensionales Objekt',303,'de'),('dreidimensionales Objekt',303,'de-CH'),(' ',303,'el'),('three dimensional object',303,'en'),('objeto tridimensional',303,'es'),('hiru dimentsiotako objektua',303,'eu'),('objet tridimensionnel',303,'fr'),('Obxecto tridimensional',303,'gl'),('trodimenzionalni objekt',303,'hr'),('hrom dimenzis trgy',303,'hu'),('objek tiga dimensi',303,'id'),('rvur hlutur',303,'is'),('oggetto tridimensionale',303,'it'),('',303,'ja'),('  ',303,'ka'),(' ',303,'ko'),('objekty trjwymiarowe',303,'pl'),('objeto tridimensional',303,'pt'),('objeto tridimensional',303,'pt_BR'),('objeto tridimensional',303,'pt-BR'),('tridimenzionalen predmet',303,'sl'),(' ',303,'sr'),('tredimensionellt freml',303,'sv'),('uch o`lchamli obyekt',303,'uz'),('ba i tng chiu',303,'vi'),('',303,'zh'),('programari, multimdia',304,'ca'),('programari, multimdia',304,'ca@valencia'),('meddalwedd, amlgyfrwng',304,'cy'),('Software, Multimedia',304,'de'),('Software, Multimedia',304,'de-CH'),(', ',304,'el'),('software, multimedia',304,'en'),('software, multimedia',304,'es'),('software-a, multimedia',304,'eu'),('logiciel, multimdia',304,'fr'),('software, multimedia',304,'gl'),('softver, multimedija',304,'hr'),('szoftver, multimdia',304,'hu'),('perangkat lunak, multimedia',304,'id'),('hugbnaur, margmilun',304,'is'),('software, multimedia',304,'it'),('',304,'ja'),(' , ',304,'ka'),(', ',304,'ko'),('oprogramowanie, multimedia',304,'pl'),('programas, multimdia',304,'pt'),('software, multimdia',304,'pt_BR'),('software, multimdia',304,'pt-BR'),('programska oprema, multimedija',304,'sl'),(' , ',304,'sr'),('mjukvara, multimedia',304,'sv'),(', ',304,'th'),('dastur, multimedia',304,'uz'),('phn mm, a phng tin',304,'vi'),(', ',304,'zh'),('Materials mixts',305,'ca'),('diversos materials',305,'ca@valencia'),('deunydd cymysg',305,'cy'),('gemischtes Material',305,'de'),('gemischtes Material',305,'de-CH'),(' ',305,'el'),('mixed material',305,'en'),('diversos materiales',305,'es'),('Material mixtoa',305,'eu'),('documentation mixte',305,'fr'),('material mixto',305,'gl'),('mjeovita gradiva',305,'hr'),('vegyes anyag',305,'hu'),('Material tetap',305,'id'),('margvslegt efni',305,'is'),('materiale misto',305,'it'),('',305,'ja'),(' ',305,'ka'),('',305,'ko'),('materia mieszany',305,'pl'),('material diverso',305,'pt'),('material diverso',305,'pt_BR'),('material diverso',305,'pt-BR'),('meano gradivo',305,'sl'),(' ',305,'sr'),('blandat material',305,'sv'),('aralash material',305,'uz'),('Hn hp vt liu',305,'vi'),('',305,'zh'),('Collecci',306,'ca'),('Collecci',306,'ca@valencia'),('Casgliad',306,'cy'),('Sammlung',306,'de'),('Sammlung',306,'de-CH'),('',306,'el'),('Collection',306,'en'),('Coleccin',306,'es'),('Bilduma',306,'eu'),('Collection',306,'fr'),('Coleccin',306,'gl'),('Zbirka',306,'hr'),('Gyjtemny',306,'hu'),('Koleksi',306,'id'),('Sndarsafn',306,'is'),('Raccolta',306,'it'),('',306,'ja'),('',306,'ka'),('',306,'ko'),('Collectie',306,'nl'),('Kolekcja',306,'pl'),('Coleo',306,'pt'),('Coleo',306,'pt_BR'),('Coleo',306,'pt-BR'),('Colectie',306,'ro'),('',306,'ru'),('Zbirka',306,'sl'),('',306,'sr'),('Samling',306,'sv'),('',306,'th'),('Collection',306,'vi'),('',306,'zh'),('conjunt de dades',307,'ca'),('dataset',307,'ca@valencia'),('set data',307,'cy'),('Datensatz',307,'de'),('Datensatz',307,'de-CH'),('dataset',307,'en'),('dataset',307,'es'),('data multzo',307,'eu'),('ensemble de donnes',307,'fr'),('skup podataka',307,'hr'),('adathalmaz',307,'hu'),('dataset',307,'id'),('gagnasett',307,'is'),('dataset',307,'it'),('',307,'ja'),(',  ',307,'ka'),('Data set',307,'ko'),('zestaw danych',307,'pl'),('conjunto de dados',307,'pt'),('dataset',307,'pt_BR'),('dataset',307,'pt-BR'),('nabor podatkov',307,'sl'),(' ',307,'sr'),('dataset',307,'sv'),('axborot majmui',307,'uz'),('t d kin',307,'vi'),('',307,'zh'),('activitat',308,'ca'),('activitat',308,'ca@valencia'),('digwyddiad',308,'cy'),('Ereignis',308,'de'),('Ereignis',308,'de-CH'),('',308,'el'),('event',308,'en'),('actividad',308,'es'),('Ekitaldia',308,'eu'),('vnement',308,'fr'),('evento',308,'gl'),('dogaaj',308,'hr'),('esemny',308,'hu'),('tindakan',308,'id'),('atburur',308,'is'),('evento',308,'it'),('',308,'ja'),('',308,'ka'),('',308,'ko'),('zdarzenie',308,'pl'),('evento',308,'pt'),('evento',308,'pt_BR'),('evento',308,'pt-BR'),('dogodek',308,'sl'),('',308,'sr'),('hndelse',308,'sv'),('',308,'th'),('tadbir',308,'uz'),('s kin',308,'vi'),('',308,'zh'),('imatge',309,'ca'),('imatge',309,'ca@valencia'),('delwedd',309,'cy'),('Bild',309,'de'),('Bild',309,'de-CH'),('',309,'el'),('image',309,'en'),('imagen',309,'es'),('irudia',309,'eu'),('image',309,'fr'),('imaxe',309,'gl'),('slika',309,'hr'),('kp',309,'hu'),('Gambar',309,'id'),('mynd',309,'is'),('immagine',309,'it'),('',309,'ja'),('',309,'ka'),('',309,'ko'),('Afbeelding',309,'nl'),('obrazek',309,'pl'),('imagem',309,'pt'),('imagem',309,'pt_BR'),('imagem',309,'pt-BR'),('',309,'ru'),('slika',309,'sl'),('',309,'sr'),('bild',309,'sv'),('surat',309,'uz'),('hnh nh',309,'vi'),('',309,'zh'),('recurs interactiu',310,'ca'),('recurs interactiu',310,'ca@valencia'),('adnodd rhyngweithiol',310,'cy'),('inaktive Ressource',310,'de'),('Interaktives Objekt',310,'de-CH'),('interactive resource',310,'en'),('recurso interactivo',310,'es'),('baliabide interaktiboa',310,'eu'),('ressource interactive',310,'fr'),('recurso interactivo',310,'gl'),('interaktivni resurs',310,'hr'),('interaktv forrs',310,'hu'),('Sumber Interaktif',310,'id'),('gagnvirk heimild',310,'is'),('risorsa interattiva',310,'it'),('',310,'ja'),(' ',310,'ka'),(' ',310,'ko'),('zasb interaktywny',310,'pl'),('recurso interativo',310,'pt'),('recurso interativo',310,'pt_BR'),('recurso interativo',310,'pt-BR'),('interaktiven vir',310,'sl'),(' ',310,'sr'),('interaktiv resurs',310,'sv'),('interactive',310,'th'),('interfaol resurs',310,'uz'),('ngun ti nguyn tng tc',310,'vi'),('',310,'zh'),('imatge en moviment',311,'ca'),('imatge en moviment',311,'ca@valencia'),('delwedd symudol',311,'cy'),('Film',311,'de'),('Film',311,'de-CH'),(' ',311,'el'),('moving image',311,'en'),('imagen en movimiento',311,'es'),('irudia mugitzen',311,'eu'),('images animes',311,'fr'),('Imaxe en movemento',311,'gl'),('pokretna slika',311,'hr'),('mozgkp',311,'hu'),('Gambar bergerak',311,'id'),('hreyfimynd',311,'is'),('immagine in movimento',311,'it'),('',311,'ja'),(' ',311,'ka'),('',311,'ko'),('obraz ruchomy',311,'pl'),('imagem em movimento',311,'pt'),('imagem em movimento',311,'pt_BR'),('imagem em movimento',311,'pt-BR'),('gibljiva slika',311,'sl'),(' ',311,'sr'),('rrlig bild',311,'sv'),('harakatlanuvchi suratlar',311,'uz'),('Hnh nh ng',311,'vi'),('',311,'zh'),('objecte fsic',312,'ca'),('objecte fsic',312,'ca@valencia'),('gwrthrych ffisegol',312,'cy'),('physisches Objekt',312,'de'),('physisches Objekt',312,'de-CH'),(' ',312,'el'),('physical object',312,'en'),('physical object',312,'es'),('objektu fisikoa',312,'eu'),('objet physique',312,'fr'),('obxecto fsico',312,'gl'),('fiziki objekt',312,'hr'),('fizikai objektum',312,'hu'),('Objek fisik',312,'id'),('oggetto fisico',312,'it'),('',312,'ja'),(' ',312,'ka'),(' ',312,'ko'),('fysiek object',312,'nl'),('obiekt fizyczny',312,'pl'),('objeto tridimensional',312,'pt'),('objeto fsico',312,'pt_BR'),('objeto fsico',312,'pt-BR'),(' ',312,'ru'),('fizini predmet',312,'sl'),(' ',312,'sr'),('fysiskt objekt',312,'sv'),('',312,'th'),('fizik obyekt',312,'uz'),('i tng vt l',312,'vi'),('',312,'zh'),('servei',313,'ca'),('servei',313,'ca@valencia'),('gwasanaeth',313,'cy'),('Dienstleistung',313,'de'),('Dienstleistung',313,'de-CH'),('',313,'el'),('service',313,'en'),('servicio',313,'es'),('zerbitzua',313,'eu'),('service',313,'fr'),('servizo',313,'gl'),('usluga',313,'hr'),('szolgltats',313,'hu'),('Layanan',313,'id'),('jnusta',313,'is'),('servizio',313,'it'),('',313,'ja'),('',313,'ka'),('',313,'ko'),('usuga',313,'pl'),('servio',313,'pt'),('servio',313,'pt_BR'),('servio',313,'pt-BR'),('storitev',313,'sl'),('',313,'sr'),('tjnst',313,'sv'),('',313,'th'),('xizmat',313,'uz'),('dch v',313,'vi'),('',313,'zh'),('programari',314,'ca'),('programari',314,'ca@valencia'),('meddalwedd',314,'cy'),('Software',314,'de'),('Software',314,'de-CH'),('',314,'el'),('software',314,'en'),('software',314,'es'),('software-a',314,'eu'),('logiciel',314,'fr'),('software',314,'gl'),('softver',314,'hr'),('szoftver',314,'hu'),('perangkat lunak',314,'id'),('hugbnaur',314,'is'),('software',314,'it'),('',314,'ja'),(' ',314,'ka'),('',314,'ko'),('oprogramowanie',314,'pl'),('programas',314,'pt'),('software',314,'pt_BR'),('software',314,'pt-BR'),('programska oprema',314,'sl'),(' ',314,'sr'),('programvara',314,'sv'),('',314,'th'),('dastur',314,'uz'),('phn mm',314,'vi'),('',314,'zh'),('so',315,'ca'),('so',315,'ca@valencia'),('sain',315,'cy'),('Ton',315,'de'),('Ton',315,'de-CH'),('',315,'el'),('sound',315,'en'),('sonido',315,'es'),('soinua',315,'eu'),('son',315,'fr'),('son',315,'gl'),('zvuk',315,'hr'),('hang',315,'hu'),('suara',315,'id'),('hlj',315,'is'),('suono',315,'it'),('',315,'ja'),('',315,'ka'),('',315,'ko'),('dwik',315,'pl'),('som',315,'pt'),('som',315,'pt_BR'),('som',315,'pt-BR'),('zvok',315,'sl'),('',315,'sr'),('ljud',315,'sv'),('tovush',315,'uz'),('m thanh',315,'vi'),('',315,'zh'),('imatge esttica',316,'ca'),('imatge esttica',316,'ca@valencia'),('delwedd llonydd',316,'cy'),('Foto',316,'de'),('Foto',316,'de-CH'),('still image',316,'en'),('imagen esttita',316,'es'),('irudi finkoa',316,'eu'),('image fixe',316,'fr'),('imaxe fixa',316,'gl'),('statina slika',316,'hr'),('fnykp',316,'hu'),('gambar tetap',316,'id'),('mynd',316,'is'),('immagine statica',316,'it'),('',316,'ja'),(' ',316,'ka'),(' ',316,'ko'),('obrazy nieruchome',316,'pl'),('imagem esttica',316,'pt'),('imagem esttica',316,'pt_BR'),('imagem esttica',316,'pt-BR'),('statina slika',316,'sl'),(' ',316,'sr'),('stillbild',316,'sv'),('surat',316,'uz'),('hnh nh tnh',316,'vi'),('',316,'zh'),('text',317,'ca'),('text',317,'ca@valencia'),('testun',317,'cy'),('Text',317,'de'),('Text',317,'de-CH'),('',317,'el'),('text',317,'en'),('texto',317,'es'),('testua',317,'eu'),('texte',317,'fr'),('texto',317,'gl'),('tekst',317,'hr'),('szveg',317,'hu'),('teks',317,'id'),('texti',317,'is'),('testo',317,'it'),('',317,'ja'),('',317,'ka'),('',317,'ko'),('Tekst',317,'nl'),('tekst',317,'pl'),('texto',317,'pt'),('texto',317,'pt_BR'),('texto',317,'pt-BR'),('',317,'ru'),('besedilo',317,'sl'),('',317,'sr'),('text',317,'sv'),('matn',317,'uz'),('vn bn',317,'vi'),('',317,'zh'),('Funci',318,'ca'),('Funci',318,'ca@valencia'),('Ffwythiant',318,'cy'),('Funktion',318,'de'),('Funktion',318,'de-CH'),('',318,'el'),('Function',318,'en'),('Funcin',318,'es'),('Funtzioa',318,'eu'),('Fonction',318,'fr'),('Funcin',318,'gl'),('Funkcija',318,'hr'),('Funkci',318,'hu'),('Fungsi',318,'id'),('Virkni',318,'is'),('Funzione',318,'it'),('',318,'ja'),('',318,'ka'),('',318,'ko'),('Functie',318,'nl'),('Funkcja',318,'pl'),('Funo',318,'pt'),('Funo',318,'pt_BR'),('Funo',318,'pt-BR'),('Functia',318,'ro'),('Funkcija',318,'sl'),('',318,'sr'),('Funktion',318,'sv'),('',318,'th'),('Cc chc nng',318,'vi'),('',318,'zh'),('Subfunci',319,'ca'),('Subfunci',319,'ca@valencia'),('Is-ffwythiant',319,'cy'),('Teilfunktion',319,'de'),('Teilfunktion',319,'de-CH'),('',319,'el'),('Subfunction',319,'en'),('Subfuncin',319,'es'),('Azpifuntzioa',319,'eu'),('Sous-fonction',319,'fr'),('Subfuncin',319,'gl'),('Podfunkcije',319,'hr'),('Alfunkci',319,'hu'),('Subfungsi',319,'id'),('Undirvirkni',319,'is'),('Sottofunzione',319,'it'),('',319,'ja'),(' ',319,'ka'),(' ',319,'ko'),('Deelfunctie',319,'nl'),('Subfuno',319,'pt'),('Subfuno',319,'pt_BR'),('Subfuno',319,'pt-BR'),('Subfunctie',319,'ro'),('Podfunkcija',319,'sl'),('',319,'sr'),('Underfunktion',319,'sv'),('',319,'th'),('Funksiya-osti',319,'uz'),('Subfunction',319,'vi'),('',319,'zh'),('Procs',320,'ca'),('Procs',320,'ca@valencia'),('Proses busnes',320,'cy'),('Geschftsprozess',320,'de'),('Geschftsprozess',320,'de-CH'),('Business process',320,'en'),('Proceso',320,'es'),('Negozio prozesua',320,'eu'),('Processus d\'activit',320,'fr'),('Proceso de negocio',320,'gl'),('Poslovni postupak',320,'hr'),('zleti folyamat',320,'hu'),('Bisnis Proses',320,'id'),('Processo',320,'it'),('',320,'ja'),(' ',320,'ka'),(' ',320,'ko'),('Bedrijfsproces',320,'nl'),('Dziaalno gospodarcza',320,'pl'),('Processo de negcio',320,'pt'),('Processo de negcios',320,'pt_BR'),('Processo de negcios',320,'pt-BR'),('Proces de afacere',320,'ro'),('Delovni proces',320,'sl'),(' ',320,'sr'),('Verksamhetsprocess',320,'sv'),('qu trnh kinh doanh',320,'vi'),('',320,'zh'),('Activitat',321,'ca'),('Activitat',321,'ca@valencia'),('Gweithgaredd',321,'cy'),('Aktivitt',321,'de'),('Aktivitt',321,'de-CH'),(' ',321,'el'),('Activity',321,'en'),('Actividad',321,'es'),('Jarduera',321,'eu'),('Activit',321,'fr'),('Actividade',321,'gl'),('Aktivnost',321,'hr'),('Tevkenysg',321,'hu'),('Aktivitas',321,'id'),('Virkni',321,'is'),('Attivit',321,'it'),('',321,'ja'),('',321,'ka'),('',321,'ko'),('Activiteit',321,'nl'),('Aktywno',321,'pl'),('Atividade',321,'pt'),('Atividade',321,'pt_BR'),('Atividade',321,'pt-BR'),('Activitate',321,'ro'),('',321,'ru'),('Aktivnost',321,'sl'),('',321,'sr'),('Aktivitet',321,'sv'),('',321,'th'),('Aktivite',321,'tr'),('Faoliyat',321,'uz'),('Hnh hot ng',321,'vi'),('',321,'zh'),('Tasca',322,'ca'),('Tasca',322,'ca@valencia'),('Tasg',322,'cy'),('Aufgabe',322,'de'),('Aufgabe',322,'de-CH'),('',322,'el'),('Task',322,'en'),('Tarea',322,'es'),('Ariketa',322,'eu'),('Tche',322,'fr'),('Tarea',322,'gl'),('Zadatak',322,'hr'),('Feladat',322,'hu'),('Tugas',322,'id'),('Compito',322,'it'),('',322,'ja'),(' ()',322,'ka'),('',322,'ko'),('Taak',322,'nl'),('Tarefa',322,'pt'),('Tarefa',322,'pt_BR'),('Tarefa',322,'pt-BR'),('Sarcina',322,'ro'),('',322,'ru'),('Naloga',322,'sl'),('',322,'sr'),('Uppgift',322,'sv'),('Vazifa',322,'uz'),('Nhim v',322,'vi'),('',322,'zh'),('Transacci',323,'ca'),('Transacci',323,'ca@valencia'),('Trafodion',323,'cy'),('Transaktion',323,'de'),('Transaktion',323,'de-CH'),('Transaction',323,'en'),('Accin',323,'es'),('Salerosketa',323,'eu'),('Transaction',323,'fr'),('Transaccin',323,'gl'),('Transakcija',323,'hr'),('Tranzakci',323,'hu'),('Transaksi',323,'id'),('Operazione',323,'it'),('',323,'ja'),('( , )',323,'ka'),('',323,'ko'),('Transakcja',323,'pl'),('Transao',323,'pt'),('Transao',323,'pt_BR'),('Transao',323,'pt-BR'),('Tranzactie',323,'ro'),('Izmenjava',323,'sl'),('',323,'sr'),('Transaktion',323,'sv'),('',323,'th'),('Tranzaksiya',323,'uz'),('S thc hin;',323,'vi'),('',323,'zh'),('Transferncia pblica',324,'ca'),('Transferncia pblica',324,'ca@valencia'),('Trosglwyddo cyhoeddus',324,'cy'),('ffentlicher Transfer',324,'de'),('ffentlicher Transfer',324,'de-CH'),(' ',324,'el'),('Public transfer',324,'en'),('Transferencia pblica',324,'es'),('Transferentzia publikoa',324,'eu'),('Versement d\'archives publiques',324,'fr'),('Transferencia pblica',324,'gl'),('Javni prijenos',324,'hr'),('Nyilvnos tads',324,'hu'),('Transfer publik',324,'id'),('Opinber tilfrsla',324,'is'),('Trasferimento pubblico',324,'it'),('',324,'ja'),(' ',324,'ka'),(' ',324,'ko'),('Przekazanie publiczne',324,'pl'),('Transferncia pblica',324,'pt'),('Transferncia pblica',324,'pt_BR'),('Transferncia pblica',324,'pt-BR'),('Transfer public',324,'ro'),('Javni prenos',324,'sl'),(' ',324,'sr'),('Offentligt verlmnande',324,'sv'),('',324,'th'),('Ommaviy ko`chirish',324,'uz'),('Public transfer',324,'vi'),('',324,'zh'),('Transferncia privada',325,'ca'),('Transferncia privada',325,'ca@valencia'),('Trosglwyddo preifat',325,'cy'),('Privater Transfer',325,'de'),('Privater Transfer',325,'de-CH'),(' ',325,'el'),('Private transfer',325,'en'),('Transferencia privada',325,'es'),('Transferentzia pribatua',325,'eu'),('Versement d\'archives prives',325,'fr'),('Transferencia privada',325,'gl'),('Privatni prijenos',325,'hr'),('Bizalmas tads',325,'hu'),('Transfer privat',325,'id'),('Einkatilfrsla',325,'is'),('Trasferimento privato',325,'it'),('',325,'ja'),(' ',325,'ka'),(' ',325,'ko'),('Transfer prywatny',325,'pl'),('Transferncia privada',325,'pt'),('Transferncia privada',325,'pt_BR'),('Transferncia privada',325,'pt-BR'),('Transfer privat',325,'ro'),('Zasebni prenos',325,'sl'),(' ',325,'sr'),('Privat verlmnande',325,'sv'),('',325,'th'),('Xususiy ko`chirish',325,'uz'),('Chuyn ring t',325,'vi'),('',325,'zh'),('Dipsit',326,'ca'),('Dipsit',326,'ca@valencia'),('Adnau',326,'cy'),('Depositum',326,'de'),('Deposit',326,'en'),('Depsito',326,'es'),('Gordailua',326,'eu'),('Dpt',326,'fr'),('Depsito',326,'gl'),('Depo',326,'hr'),('Lett',326,'hu'),('Deposit',326,'id'),('Lagt inn',326,'is'),('Deposito',326,'it'),('',326,'ja'),('',326,'ka'),('',326,'ko'),('Deponeer',326,'nl'),('Depozyt',326,'pl'),('Depsito',326,'pt'),('Depsito',326,'pt_BR'),('Depsito',326,'pt-BR'),('Depozit',326,'ro'),('',326,'ru'),('Depozit',326,'sl'),('',326,'sr'),('Deposition',326,'sv'),('Depozit',326,'uz'),('Tin t cc',326,'vi'),('',326,'zh'),('Donaci',327,'ca'),('Donaci',327,'ca@valencia'),('Rhodd',327,'cy'),('Geschenk',327,'de'),('Geschenk',327,'de-CH'),('',327,'el'),('Gift',327,'en'),('Donacin',327,'es'),('Oparia',327,'eu'),('Don',327,'fr'),('Agasallo',327,'gl'),('Poklon',327,'hr'),('Ajndk',327,'hu'),('Pemberian',327,'id'),('Gjf',327,'is'),('Dono',327,'it'),('',327,'ja'),('',327,'ka'),('',327,'ko'),('schenking',327,'nl'),('Oferta',327,'pt'),('Doao',327,'pt_BR'),('Doao',327,'pt-BR'),('Cadou',327,'ro'),('Darilo',327,'sl'),('',327,'sr'),('Gva',327,'sv'),('',327,'th'),('Hediye',327,'tr'),('Qu',327,'vi'),('',327,'zh'),('Compra',328,'ca'),('Compra',328,'ca@valencia'),('Pwrcas',328,'cy'),('Kauf',328,'de'),('Kauf',328,'de-CH'),('',328,'el'),('Purchase',328,'en'),('Compra',328,'es'),('Erosketa',328,'eu'),('Achat',328,'fr'),('Kupnja',328,'hr'),('Vsrls',328,'hu'),('Pembelian',328,'id'),('Keypt',328,'is'),('Acquista',328,'it'),('',328,'ja'),(' ,',328,'ka'),('',328,'ko'),('Aankoop',328,'nl'),('Zakup',328,'pl'),('Aquisio',328,'pt'),('Compra',328,'pt_BR'),('Compra',328,'pt-BR'),('Cumparare',328,'ro'),('Nakup',328,'sl'),('',328,'sr'),('Kp',328,'sv'),('',328,'th'),('Xarid qilish',328,'uz'),('Mua',328,'vi'),('',328,'zh'),('Transferncia',329,'ca'),('Transferncia',329,'ca@valencia'),('Trosglwyddo',329,'cy'),('bertragung',329,'de'),('bertragung',329,'de-CH'),('',329,'el'),('Transfer',329,'en'),('Transferencia',329,'es'),('Transferentzia',329,'eu'),('Versement',329,'fr'),('Transferir',329,'gl'),('Prijenos',329,'hr'),('tads',329,'hu'),('Transfer',329,'id'),('Flutningur',329,'is'),('Trasferimento',329,'it'),('',329,'ja'),(' (, )',329,'ka'),('',329,'ko'),('Transfer',329,'pl'),('Transferncia',329,'pt'),('Transferncia',329,'pt_BR'),('Transferir',329,'pt-BR'),('Transfer',329,'ro'),('Prenos',329,'sl'),('',329,'sr'),('verlmnande',329,'sv'),('',329,'th'),('Ko`chirish',329,'uz'),('Chuyn',329,'vi'),('',329,'zh'),('Alta',330,'ca'),('Alta',330,'ca@valencia'),('Uchel',330,'cy'),('Hoch',330,'de'),('Hoch',330,'de-CH'),('High',330,'en'),('Alta',330,'es'),('Altua',330,'eu'),('Haute',330,'fr'),('Alto',330,'gl'),('Visoko',330,'hr'),('Magas',330,'hu'),('Tinggi',330,'id'),('Htt',330,'is'),('Alto',330,'it'),('',330,'ja'),('',330,'ka'),('',330,'ko'),('Hoog',330,'nl'),('Alta',330,'pt'),('Alta',330,'pt_BR'),('Alta',330,'pt-BR'),('Ridicat',330,'ro'),('Visoka',330,'sl'),('',330,'sr'),('Hg',330,'sv'),('Cao',330,'vi'),('',330,'zh'),('Normal',331,'ca'),('Moderada',331,'ca@valencia'),('Cyfrwng',331,'cy'),('Medium',331,'de'),('Medium',331,'de-CH'),('',331,'el'),('Medium',331,'en'),('Moderada',331,'es'),('Moyenne',331,'fr'),('Medio',331,'gl'),('Srednje',331,'hr'),('Kzepes',331,'hu'),('Medium',331,'id'),('Milungs',331,'is'),('Supporto',331,'it'),('',331,'ja'),('',331,'ka'),('',331,'ko'),('Drager',331,'nl'),('Nonik',331,'pl'),('Mdia',331,'pt'),('Mdio',331,'pt_BR'),('Mdio',331,'pt-BR'),('Mediu',331,'ro'),('',331,'ru'),('Srednja',331,'sl'),('',331,'sr'),('Medium',331,'sv'),('',331,'th'),('Tashuvchi',331,'uz'),('Phng tin',331,'vi'),('',331,'zh'),('Baixa',332,'ca'),('Baixa',332,'ca@valencia'),('Isel',332,'cy'),('Niedrig',332,'de'),('Niedrig',332,'de-CH'),('',332,'el'),('Low',332,'en'),('Baja',332,'es'),('Baju',332,'eu'),('Basse',332,'fr'),('Baixo',332,'gl'),('Nisko',332,'hr'),('Alacsony',332,'hu'),('Rendah',332,'id'),('Lgt',332,'is'),('Basso',332,'it'),('',332,'ja'),('',332,'ka'),('',332,'ko'),('Laag',332,'nl'),('Baixa',332,'pt'),('Baixo',332,'pt_BR'),('Baixo',332,'pt-BR'),('Scazut',332,'ro'),('',332,'ru'),('Nizka',332,'sl'),('',332,'sr'),('Lg',332,'sv'),('Thp',332,'vi'),('',332,'zh'),('Complet',333,'ca'),('Complet',333,'ca@valencia'),('Cyflawn',333,'cy'),('Vollstndig',333,'de'),('Vollstndig',333,'de-CH'),('',333,'el'),('Complete',333,'en'),('Completo',333,'es'),('Osoa',333,'eu'),('Complet',333,'fr'),('Completo',333,'gl'),('Potpuno',333,'hr'),('Teljes',333,'hu'),('Selesai',333,'id'),('Loki',333,'is'),('Completo',333,'it'),('',333,'ja'),('',333,'ka'),('',333,'ko'),('Volledig',333,'nl'),('Ukoczony',333,'pl'),('Completo',333,'pt'),('Completo',333,'pt_BR'),('Completo',333,'pt-BR'),('Complet',333,'ro'),('',333,'ru'),('Dokonano',333,'sl'),('',333,'sr'),('Avsluta',333,'sv'),('',333,'th'),('Hon thnh',333,'vi'),('',333,'zh'),('Incomplet',334,'ca'),('Incomplet',334,'ca@valencia'),('Anghyflawn',334,'cy'),('Unvollstndig',334,'de'),('Unvollstndig',334,'de-CH'),('Incomplete',334,'en'),('Incompleto',334,'es'),('Osatugabea',334,'eu'),('Incomplet',334,'fr'),('Incompleto',334,'gl'),('Nepotpuno',334,'hr'),('Befejezetlen',334,'hu'),('Tidak lengkap',334,'id'),('loki',334,'is'),('Incompleto',334,'it'),('',334,'ja'),(', ',334,'ka'),('',334,'ko'),('Onvolledig',334,'nl'),('Incompleto',334,'pt'),('Incompleto',334,'pt_BR'),('Incompleto',334,'pt-BR'),('Incomplet',334,'ro'),('Nedokonano',334,'sl'),('',334,'sr'),('Inkomplett',334,'sv'),('Cha y ',334,'vi'),('',334,'zh'),('En procs',335,'ca'),('En procs',335,'ca@valencia'),('Ar y gweill',335,'cy'),('In Bearbeitung',335,'de'),('In Bearbeitung',335,'de-CH'),('In-Progress',335,'en'),('En proceso',335,'es'),('Abian da',335,'eu'),('En cours',335,'fr'),('En proceso',335,'gl'),('U tijeku',335,'hr'),('Folyamatban',335,'hu'),('Sedang dalam proses',335,'id'),(' vinnslu',335,'is'),('In corso',335,'it'),('',335,'ka'),(' ',335,'ko'),('Em progresso',335,'pt'),('Processando',335,'pt_BR'),('Processando',335,'pt-BR'),('Avansare',335,'ro'),('V teku',335,'sl'),(' ',335,'sr'),('Pgende',335,'sv'),('In-Progress',335,'vi'),('',335,'zh'),('Sencer',336,'ca'),('Sencer',336,'ca@valencia'),('Cyfan',336,'cy'),('Komplett',336,'de'),('Ganz',336,'de-CH'),('',336,'el'),('Whole',336,'en'),('Entero',336,'es'),('Osoa',336,'eu'),('En intgralit',336,'fr'),('Completo',336,'gl'),('Cijela',336,'hr'),('Teljes',336,'hu'),('Keseluruhan',336,'id'),('Heill',336,'is'),('Intero',336,'it'),('',336,'ja'),(', ',336,'ka'),('',336,'ko'),('Cao',336,'pl'),('No todo',336,'pt'),('Inteiro',336,'pt_BR'),('Inteiro',336,'pt-BR'),('Celoten',336,'sl'),('',336,'sr'),('Hela',336,'sv'),('',336,'th'),('Butun',336,'uz'),('Tng s',336,'vi'),('',336,'zh'),('Part',337,'ca'),('Part',337,'ca@valencia'),('Rhan',337,'cy'),('Teil',337,'de'),('Teil',337,'de-CH'),('',337,'el'),('Part',337,'en'),('Parte',337,'es'),('Parte',337,'eu'),('Partie',337,'fr'),('Parte',337,'gl'),('Dio',337,'hr'),('Rsz',337,'hu'),('Bagian',337,'id'),('Hluti',337,'is'),('Parte',337,'it'),('',337,'ja'),('',337,'ka'),('',337,'ko'),('Deel',337,'nl'),('Cz',337,'pl'),('Parte',337,'pt'),('Parte',337,'pt_BR'),('Parte',337,'pt-BR'),('Parti',337,'ro'),('',337,'ru'),('Del',337,'sl'),('',337,'sr'),('Del',337,'sv'),('',337,'th'),('Qism',337,'uz'),('Mt phn',337,'vi'),('',337,'zh'),('',338,'ar'),('Suprimeix',338,'ca'),('Esborrar',338,'ca@valencia'),('Dileu',338,'cy'),('Lschen',338,'de'),('Lschen',338,'de_AT'),('Lschen',338,'de_CH'),('Lschen',338,'de-AT'),('Lschen',338,'de-CH'),('',338,'el'),('Delete',338,'en'),('Borrar',338,'es'),('Ezabatu',338,'eu'),('',338,'fa'),('Supprimer',338,'fr'),('Borrar',338,'gl'),('Izbrii',338,'hr'),('Trls',338,'hu'),('Hapus',338,'id'),('Eya',338,'is'),('Elimina',338,'it'),('',338,'ja'),('',338,'ka'),('',338,'ko'),('Verwijderen',338,'nl'),('Usu',338,'pl'),('Apagar',338,'pt'),('Apagar',338,'pt_BR'),('Apagar',338,'pt-BR'),('Sterge',338,'ro'),('',338,'ru'),('',338,'ru_RU'),('Izbrii',338,'sl'),('',338,'sr'),('Ta bort',338,'sv'),('',338,'ta'),('',338,'th'),('Sil',338,'tr'),('O\'chirish',338,'uz'),('Xa',338,'vi'),('',338,'zh'),('Mostra',339,'ca'),('Mostrar',339,'ca@valencia'),('Darganfod',339,'cy'),('Feststellen',339,'de'),('Discover',339,'en'),('Mostrar',339,'es'),('Aurkitu',339,'eu'),('Dcouvrir',339,'fr'),('Descubrir',339,'gl'),('Otkrij',339,'hr'),('Feltrs',339,'hu'),('Menemukan',339,'id'),('Nota  lestrarsal',339,'is'),('Scopri',339,'it'),('',339,'ja'),('',339,'ka'),('',339,'ko'),('Explorar',339,'pt'),('Explorar',339,'pt_BR'),('Explorar',339,'pt-BR'),('Descopera',339,'ro'),('',339,'ru'),('Odkrij',339,'sl'),('',339,'sr'),('Upptck',339,'sv'),('Kefetmek',339,'tr'),('Khm ph',339,'vi'),('',339,'zh'),('Visualitza',340,'ca'),('Visualitzar',340,'ca@valencia'),('Dangos',340,'cy'),('Ansicht',340,'de'),('Ansicht',340,'de-CH'),('Display',340,'en'),('Visualizar',340,'es'),('Bistaratzea',340,'eu'),('Afficher',340,'fr'),('Despregue',340,'gl'),('Prikai',340,'hr'),('Megjelents',340,'hu'),('Penayangan',340,'id'),('Nota  sningu',340,'is'),('Mostra',340,'it'),('',340,'ja'),('',340,'ka'),('',340,'ko'),('Toon',340,'nl'),('Mostrar',340,'pt'),('Exibir',340,'pt_BR'),('Exibir',340,'pt-BR'),('Afisaj',340,'ro'),('',340,'ru'),('Prikai',340,'sl'),('',340,'sr'),('Visningsflt',340,'sv'),('Ekran',340,'tr'),('Hin th',340,'vi'),('',340,'zh'),('Difusi',341,'ca'),('Difusi',341,'ca@valencia'),('Rhannu',341,'cy'),('Verbreiten',341,'de'),('Disseminate',341,'en'),('Distribuir',341,'es'),('Hedatu',341,'eu'),('Diffuser',341,'fr'),('Diseminar',341,'gl'),('Promicanje',341,'hr'),('Tereszts',341,'hu'),('Diseminasi',341,'id'),('Dreifa',341,'is'),('Diffondi',341,'it'),('',341,'ja'),('',341,'ka'),('',341,'ko'),('Verspreiden',341,'nl'),('Difundir',341,'pt'),('Disseminar',341,'pt_BR'),('Disseminar',341,'pt-BR'),('Raspandire',341,'ro'),('Raziri',341,'sl'),('',341,'sr'),('Sprida',341,'sv'),('phn phi',341,'vi'),('',341,'zh'),('Migra',342,'ca'),('Migrar',342,'ca@valencia'),('Mudo',342,'cy'),('Migriere',342,'de'),('Migriere',342,'de-CH'),('',342,'el'),('Migrate',342,'en'),('Migrar',342,'es'),('Migratu',342,'eu'),('Migrer',342,'fr'),('Migracin',342,'gl'),('Migriraj',342,'hr'),('Migrls',342,'hu'),('Migrasikan',342,'id'),('Flytja',342,'is'),('Migra',342,'it'),('',342,'ja'),('',342,'ka'),('',342,'ko'),('Migreren',342,'nl'),('Migruj',342,'pl'),('Migrar',342,'pt'),('Migrar',342,'pt_BR'),('Migrar',342,'pt-BR'),('Migrare',342,'ro'),('Preseli',342,'sl'),('',342,'sr'),('Migrera',342,'sv'),('Ko`chirish',342,'uz'),('Di chuyn',342,'vi'),('',342,'zh'),('Modifica',343,'ca'),('Modificar',343,'ca@valencia'),('Addasu',343,'cy'),('Modifiziere',343,'de'),('Modifiziere',343,'de-CH'),('',343,'el'),('Modify',343,'en'),('Modificar',343,'es'),('Moldatu',343,'eu'),('Modifier',343,'fr'),('Modificar',343,'gl'),('Promijeni',343,'hr'),('Mdosts',343,'hu'),('Ubah',343,'id'),('Breyta',343,'is'),('Modifica',343,'it'),('',343,'ja'),(' ,  ',343,'ka'),('',343,'ko'),('Wijzig',343,'nl'),('Modyfikuj',343,'pl'),('Modificar',343,'pt'),('Modificar',343,'pt_BR'),('Modificar',343,'pt-BR'),('Modifica',343,'ro'),('Prilagodi',343,'sl'),('',343,'sr'),('ndra',343,'sv'),('Modifiye',343,'tr'),('O`zgartirish',343,'uz'),('Sa i',343,'vi'),('',343,'zh'),('Reproduu',344,'ca'),('Reproduir',344,'ca@valencia'),('Dyblygu',344,'cy'),('Replizieren',344,'de'),('Replicate',344,'en'),('Reproducir',344,'es'),('Errepikatu',344,'eu'),('Reproduire',344,'fr'),('Replicar',344,'gl'),('Kopija',344,'hr'),('Replika',344,'hu'),('Mereplikasi',344,'id'),('Afrita',344,'is'),('Replica',344,'it'),('',344,'ja'),(' ,  ',344,'ka'),('',344,'ko'),('Replicar',344,'pt'),('Replicar',344,'pt_BR'),('Replicar',344,'pt-BR'),('Replicare',344,'ro'),('Reproduciraj',344,'sl'),('',344,'sr'),('terskapa',344,'sv'),('',344,'th'),('Nusxalash',344,'uz'),('ti to',344,'vi'),('',344,'zh'),('Sota drets d\'autor',345,'ca'),('Sota drets d\'autor',345,'ca@valencia'),('Dan hawlfraint',345,'cy'),('Unterliegt dem Urheberrecht',345,'de'),('Unterliegt dem Urheberrecht',345,'de-CH'),('Under copyright',345,'en'),('Bajo derechos de autor',345,'es'),('Copyright-pean',345,'eu'),('Utilisation soumise  copyright',345,'fr'),('Baixo licenza copyright',345,'gl'),('Zatieno autorskim pravom',345,'hr'),('Szerzi joggal vdett',345,'hu'),('Kewenangan Hak Cipta',345,'id'),('Ntur hfundarrttar',345,'is'),('Soggetto a copyright',345,'it'),('',345,'ja'),(' ',345,'ka'),(' ',345,'ko'),('Podlega prawom autorskim',345,'pl'),('Protegido por copyright',345,'pt'),('Sob direitos autorais',345,'pt_BR'),('Sob direitos autorais',345,'pt-BR'),('In conformitate cu drepturile de autor',345,'ro'),('Zaiteno z avtorsko pravico',345,'sl'),('  ',345,'sr'),('Upphovsrttsskyddad',345,'sv'),('',345,'th'),('Mualliflik huquqi ostida',345,'uz'),('Theo bn quyn',345,'vi'),('',345,'zh'),('Domini pblic',346,'ca'),('Domini pblic',346,'ca@valencia'),('Parth cyhoeddus',346,'cy'),('Public domain',346,'de'),('Public domain',346,'de-CH'),('Public domain',346,'en'),('Dominio pblico',346,'es'),('Domeinu publikoa',346,'eu'),('Domaine public',346,'fr'),('Dominio pblico',346,'gl'),('Javno vlasnitvo',346,'hr'),('Nyilvnos tartomny',346,'hu'),('Domain publik',346,'id'),('Dominio pubblico',346,'it'),('',346,'ja'),(' ',346,'ka'),(' ',346,'ko'),('Publiek domein',346,'nl'),('Dobro publiczne',346,'pl'),('Domnio pblico',346,'pt'),('Domnio pblico',346,'pt_BR'),('Domnio pblico',346,'pt-BR'),('Domeniu public',346,'ro'),(' ',346,'ru'),('Javna domena',346,'sl'),(' ',346,'sr'),('Public domain',346,'sv'),('Ommaviy foydalanish Public domain',346,'uz'),('Public domain',346,'vi'),('',346,'zh'),(' ',347,'ar'),('Desconegut',347,'ca'),('Desconegut',347,'ca@valencia'),('Anhysbys',347,'cy'),('Unbekannt',347,'de'),('Unbekannt',347,'de_AT'),('Unbekannt',347,'de_CH'),('Unbekannt',347,'de-AT'),('Unbekannt',347,'de-CH'),('',347,'el'),('Unknown',347,'en'),('Desconocido',347,'es'),('Ezezaguna',347,'eu'),('Inconnu',347,'fr'),('Descoecido',347,'gl'),('Nepoznato',347,'hr'),('Ismeretlen',347,'hu'),('Tidak diketahui',347,'id'),('ekkt',347,'is'),('Sconosciuto',347,'it'),('',347,'ja'),('',347,'ka'),('  ',347,'ko'),('Nieznany',347,'pl'),('Desconhecido',347,'pt'),('Desconhecido',347,'pt_BR'),('Desconhecido',347,'pt-BR'),('Necunoscut',347,'ro'),('',347,'ru'),('',347,'ru_RU'),('Neznan',347,'sl'),('',347,'sr'),('Oknd',347,'sv'),('',347,'ta'),('',347,'th'),('Noma\'lum',347,'uz'),('Khng bit',347,'vi'),('',347,'zh'),('(ISAD (G  .   ',348,'ar'),('ISAD(G), 2a ed. Consell Internacional d\'Arxius',348,'ca'),('ISAD(G), 2nd ed. Consell Internacional d\'Arxius',348,'ca@valencia'),('ISAD(G), 2nd ed. International Council on Archives',348,'cy'),('ISAD(G), 2. Ausg. Hg. Internationaler Archivrat',348,'de'),('ISAD(G), 2. Ausg. Hg. Internationaler Archivrat',348,'de_AT'),('ISAD(G), 2. Ausg. Hg. Internationaler Archivrat',348,'de_CH'),('ISAD(G), 2. Ausg. Hg. Internationaler Archivrat',348,'de-AT'),('ISAD(G), 2. Ausg. Hg. Internationaler Archivrat',348,'de-CH'),('ISAD(G), 2nd ed. International Council on Archives',348,'el'),('ISAD(G), 2nd ed. International Council on Archives',348,'en'),('ISAD(G), 2a ed. Consejo Internacional de Archivos',348,'es'),('ISAD(G), International Council on Archives 2. edizioa',348,'eu'),('ISAD(G), 2e dition, Conseil international des archives',348,'fr'),('ISAD(G), 2da ed. Consello Internacional de Arquivos',348,'gl'),('ISAD(G), 2. izdanje, International Council on Archives (Meunarodno arhivsko vijee)',348,'hr'),('ISAD(G), 2. kiads. Nemzetkzi Levltri Tancs',348,'hu'),('ISAD(G), 2nd ed. International Council on Archives',348,'id'),('ISAD(G), 2. tg. International Council on Archives',348,'is'),('ISAD(G), 2nd ed. International Council on Archives',348,'it'),('ISAD(G), 2nd ed.  () ',348,'ka'),('ISAD(G), 2. ICA ',348,'ko'),('ISAD(G), II.ed. Midzynarodowa Rada Archiww',348,'pl'),('ISAD(G), 2 ed. Conselho Internacional de Arquivos',348,'pt'),('ISAD(G), Conselho Internacional de Arquivos, 2. ed.',348,'pt_BR'),('ISAD(G), Conselho Internacional de Arquivos, 2. ed.',348,'pt-BR'),('ISAD(G), 2. izdaja Splonih mednarodnih standardov za arhivsko popisovanje, Mednarodni arhivski svet',348,'sl'),('ISAD(G)        , 2. .   ',348,'sr'),('ISAD(G), 2nd ed. International Council on Archives',348,'sv'),('ISAD(G), 2nd ed. International Council on Archives',348,'vi'),('ISAD(G), . ',348,'zh'),('   1.1.     ',349,'ar'),('Dublin Core, Versi 1.1. Dublin Core Metadata Initiative',349,'ca'),('Dublin Core, Version 1.1. Dublin Core Metadata Initiative',349,'ca@valencia'),('Dublin Core, Version 1.1. Dublin Core Metadata Initiative',349,'cy'),('Dublin Core, Version 1.1. Dublin Core Metadata Initiative',349,'de'),('Dublin Core, Version 1.1. Dublin Core Metadata Initiative',349,'de_AT'),('Dublin Core, Version 1.1. Dublin Core Metadata Initiative',349,'de_CH'),('Dublin Core, Version 1.1. Dublin Core Metadata Initiative',349,'de-AT'),('Dublin Core, Version 1.1. Dublin Core Metadata Initiative',349,'de-CH'),('Dublin Core, Version 1.1. Dublin Core Metadata Initiative',349,'el'),('Dublin Core, Version 1.1. Dublin Core Metadata Initiative',349,'en'),('Dublin Core, Versin 1.1 Iniciativa de Metadatos Dublin Core',349,'es'),('Dublin Core, 1.1 bertsioa. Dublin Core Metadatuen Ekimena',349,'eu'),('Dublin Core, version 1.1, Inititative de mtadonnes Dublin Core',349,'fr'),('Dublin Core, Versin 1.1 Iniciativa de Metadatos Dublin Core',349,'gl'),('Dublin Core, verzija 1.1. Dublin Core Metadata Initiative',349,'hr'),('Dublin Core, Version 1.1. Dublin Core Metadata Initiative',349,'hu'),('Dublin Core, Version 1.1. Dublin Core Metadata Initiative',349,'id'),('Dublin Core, Version 1.1. Dublin Core Metadata Initiative',349,'it'),('Dublin Core, Version 1.1. Dublin Core Metadata Initiative',349,'ja'),('    ,  1.1  ',349,'ka'),('(Dublin Core) 1.1.   (DCMI)',349,'ko'),('Dublin Core, Wersja 1.1. Dublin Core Metadata Initiative',349,'pl'),('Dublin Core, Verso 1.1. Dublin Core Metadata Initiative',349,'pt'),('Dublin Core, Verso 1.1. Dublin Core Metadata Initiative',349,'pt_BR'),('Dublin Core, Verso 1.1. Dublin Core Metadata Initiative',349,'pt-BR'),('Dublin Core, verzija 1.1., Iniciativa o metapodatkih Dublin Core (DCMI)',349,'sl'),('Dublin Core, Version 1.1. Dublin Core Metadata Initiative',349,'sr'),('Dublin Core, Version 1.1. Dublin Core Metadata Initiative',349,'sv'),('Dublin Core, Version 1.1. Dublin Core Metadata Initiative',349,'vi'),(', 1.1. ',349,'zh'),('MODS  3.3.   ',350,'ar'),('MODS, Versi 3.3. U.S. Library of Congress',350,'ca'),('MODS, Version 3.3. U.S. Library of Congress',350,'ca@valencia'),('MODS, Fersiwn 3.3. U.S. Llyfrgell y Gyngres',350,'cy'),('MODS, Version 3.3. U.S. Library of Congress',350,'de'),('MODS, Version 3.3. U.S. Library of Congress',350,'de_AT'),('MODS, Version 3.3. U.S. Library of Congress',350,'de_CH'),('MODS, Version 3.3. U.S. Library of Congress',350,'de-AT'),('MODS, Version 3.3. U.S. Library of Congress',350,'de-CH'),('MODS, Version 3.3. U.S. Library of Congress',350,'el'),('MODS, Version 3.3. U.S. Library of Congress',350,'en'),('MODS, Versin 3.3 Biblioteca del Congreso de los Estados Unidos',350,'es'),('MODS, 3.3. Bertsioa U.S. Library of Congress',350,'eu'),('MODS, version 3.3, Bibliothque du Congrs',350,'fr'),('MODS, Versin 3.3 Biblioteca do Congreso dos Estados Unidos',350,'gl'),('MODS, verzija 3.3. U.S. Library of Congress (Biblioteka Kongresa SAD-a)',350,'hr'),('MODS, 3.3.-as verzi. Egyeslt llamok. Kongresszusi Knyvtr',350,'hu'),('MODS, Version 3.3. U.S. Library of Congress',350,'id'),('MODS, tgfa 3.3. U.S. Library of Congres',350,'is'),('MODS, Version 3.3. U.S. Library of Congress',350,'it'),('MODS,  3.3 ..-  ',350,'ka'),('MODS, 3.3.  ',350,'ko'),('MODS, Wersja 3.3. U.S. Biblioteka Kongresu',350,'pl'),('MODS, Verso 3.3. U.S. da Biblioteca do Congresso',350,'pt'),('MODS, Verso 3.3. U.S. Library of Congress',350,'pt_BR'),('MODS, Verso 3.3. U.S. Library of Congress',350,'pt-BR'),('MODS,  3.3.   ',350,'ru'),('MODS,  3.3.   ',350,'ru_RU'),('MODS, verzija 3.3., amerika kongresna knjinica',350,'sl'),('MODS, Version 3.3. U.S. Library of Congress',350,'sr'),('MODS, Version 3.3. U.S. Library of Congress',350,'sv'),('MODS, Version 3.3. U.S. Library of Congress',350,'vi'),('MODS,  3.3. ',350,'zh'),('RAD   2008.   ',351,'ar'),('RAD, versi Juliol 2008. Consell Canadenc d\'Arxius',351,'ca'),('RAD, versi Julio 2008. Consell Canadenc d\'Arxius',351,'ca@valencia'),('RAD, July 2008 version. Canadian Council of Archives',351,'cy'),('RAD, Juli 2008 Version. Canadian Council of Archives',351,'de'),('RAD, July 2008 version. Canadian Council of Archives',351,'de_AT'),('RAD, July 2008 version. Canadian Council of Archives',351,'de_CH'),('RAD, July 2008 version. Canadian Council of Archives',351,'de-AT'),('RAD, July 2008 version. Canadian Council of Archives',351,'de-CH'),('RAD, July 2008 version. Canadian Council of Archives',351,'el'),('RAD, July 2008 version. Canadian Council of Archives',351,'en'),('RAD, versin Julio 2008. Consejo Canadiense de Archivos',351,'es'),('RAD, 2008ko uztaileko bertsioa. Canadian Council of Archives',351,'eu'),('RDDA, version de juillet 2008, Conseil canadien des archives',351,'fr'),('RAD, versin Xullo 2008. Consello Canadiano de arquivos',351,'gl'),('RAD, verzija srpnja 2008. Canadian Council of Archives',351,'hr'),('RAD, 2008 jliusi vltozat. Canadian Council of Archives',351,'hu'),('RAD, versi Juli 2008. Canadian Council of Archives',351,'id'),('RAD (jl 2008). Canadian Council of Archives',351,'is'),('RAD, July 2008 version. Canadian Council of Archives',351,'it'),('RAD 2008  ',351,'ka'),('RAD(), 2008 7.  (CCA)',351,'ko'),('RAD, wersja luty 2008. Kanadyjska Rada Archiww',351,'pl'),('RAD, verso Julho 2008. Conselho Canadiano de Arquivos',351,'pt'),('RAD, verso jul. 2008. Conselho de Arquivos Canadenses',351,'pt_BR'),('RAD, verso jul. 2008. Conselho de Arquivos Canadenses',351,'pt-BR'),('RAD, verzija iz julija 2008, Kanadski arhivski svet (Canadian Council of Archives)',351,'sl'),('RAD, July 2008 version. Canadian Council of Archives',351,'sr'),('RAD, Juli 2008-version. Canadian Council of Archives',351,'sv'),('RAD, 2008 Iyul versiyasi. Kanada arxiv kengashi',351,'uz'),('RAD, July 2008 version. Canadian Council of Archives',351,'vi'),(', 2008. ',351,'zh'),('DACS  2nd   ',352,'ar'),('DACS, 2a ed. Society of American Archivists',352,'ca'),('DACS, 2nd ed. Society of American Archivists',352,'ca@valencia'),('DACS, 2nd ed. Society of American Archivists',352,'cy'),('DACS, 2. Aufl. Society of American Archivists',352,'de'),('DACS, 2. Aufl. Society of American Archivists',352,'de_AT'),('DACS, 2. Aufl. Society of American Archivists',352,'de_CH'),('DACS, 2. Aufl. Society of American Archivists',352,'de-AT'),('DACS, 2nd ed. Society of American Archivists',352,'en'),('DACS, 2a ed. Society of American Archivists',352,'es'),('DACS, Society of American Archivists-en 2. edizioa',352,'eu'),('DACS, 2e d., Socit des archivistes amricains',352,'fr'),('DACS, 2nd ed. Society of American Archivists',352,'gl'),('DACS, 2. izdanje. Society of American Archivists (Drutvo amerikih arhivista)',352,'hr'),('DACS, 2nd ed. Society of American Archivists',352,'hu'),('DACS, 2nd ed. Society of American Archivists',352,'id'),('DACS, 2. t. Society of American Archivists',352,'is'),('DACS, 2nd ed. Society of American Archivists',352,'it'),('     2 .   ',352,'ko'),('DACS, 2  ed. Sociedade Americana de Arquivistas',352,'pt'),('DACS, 2 ed. Society of American Archivists',352,'pt_BR'),('DACS, 2 ed. Society of American Archivists',352,'pt-BR'),('DACS, 2- .   ',352,'ru'),('DACS, 2- .   ',352,'ru_RU'),('Arhivsko popisovanje: vsebinski standard (DACS), 2. izdaja, Drutvo amerikih arhivistov',352,'sl'),('DACS, 2nd ed. Society of American Archivists (  )',352,'sr'),('DACS, 2nd ed. Society of American Archivists',352,'sv'),('DACS, 2nd ed. Society of American Archivists',352,'vi'),('DACS, . ',352,'zh'),('Pobles aborgens',353,'ca'),('Pobl Aboriginal',353,'cy'),('Ureinwohner',353,'de'),('Ureinwohner',353,'de-CH'),('Aboriginal Peoples',353,'en'),('Pueblos Aborgenes',353,'es'),('Herrialde Aborigenak',353,'eu'),('Peuples autochtones',353,'fr'),('Aboridini',353,'hr'),('slakosok',353,'hu'),('Masyarakat Aborigin',353,'id'),('Frumbyggjar',353,'is'),('Aborigeni',353,'it'),('',353,'ko'),('Povos Indgenas',353,'pt'),('Povos Indgenas',353,'pt_BR'),('Povos Indgenas',353,'pt-BR'),('Staroselski prebivalci',353,'sl'),('',353,'sr'),('Ursprungsbefolkning',353,'sv'),('Mahalliy aholi',353,'uz'),('Aboriginal Peoples',353,'vi'),('',353,'zh'),('Agricultura',354,'ca'),('Amaethyddiaeth',354,'cy'),('Landwirtschaft',354,'de'),('Landwirtschaft',354,'de-CH'),('Agriculture',354,'en'),('Agricultura',354,'es'),('Nekazaritza',354,'eu'),('Agriculture',354,'fr'),('Agricultura',354,'gl'),('Poljoprivreda',354,'hr'),('Mezgazdasg',354,'hu'),('Pertanian',354,'id'),('Landbnaur',354,'is'),('Agricoltura',354,'it'),('',354,'ja'),('',354,'ko'),('Agricultura',354,'pt'),('Agricultura',354,'pt_BR'),('Agricultura',354,'pt-BR'),(' ',354,'ru'),('Kmetijstvo',354,'sl'),('',354,'sr'),('Jordbruk',354,'sv'),('Qishloq xo`jaligi',354,'uz'),('nng nghip',354,'vi'),('',354,'zh'),('Art i Cultura',355,'ca'),('Celfyddydau a Diwylliant',355,'cy'),('Kunst und Kultur',355,'de'),('Kunst und Kultur',355,'de-CH'),('Arts and Culture',355,'en'),('Arte y Cultura',355,'es'),('Artea eta Kultura',355,'eu'),('Arts et culture',355,'fr'),('Artes e Cultura',355,'gl'),('Umjetnost i kultura',355,'hr'),('Mvszetek s kultra',355,'hu'),('Seni dan Budaya',355,'id'),('List og menning',355,'is'),('Arte e cultura',355,'it'),('',355,'ja'),('  ',355,'ko'),('Artes e Cultura',355,'pt'),('Artes e Cultura',355,'pt_BR'),('Artes e Cultura',355,'pt-BR'),('  ',355,'ru'),('Umetnost in kultura',355,'sl'),('  ',355,'sr'),('Konst och Kultur',355,'sv'),('Madaniyat va san\'at',355,'uz'),('Ngh thut v Vn ha',355,'vi'),('',355,'zh'),('Comunicaci',356,'ca'),('Cyfathrebiad',356,'cy'),('Kommunikation',356,'de'),('Kommunikation',356,'de-CH'),('',356,'el'),('Communication',356,'en'),('Comunicacin',356,'es'),('Komunikazioa',356,'eu'),('Communication',356,'fr'),('Comunicacin',356,'gl'),('Komunikacija',356,'hr'),('Kommunikci',356,'hu'),('Komunikasi',356,'id'),('Samskipti',356,'is'),('Comunicazione',356,'it'),('',356,'ko'),('Comunicao',356,'pt'),('Comunicao',356,'pt_BR'),('Comunicao',356,'pt-BR'),('Komunikacija',356,'sl'),('',356,'sr'),('Kommunikation',356,'sv'),('Truyn thng',356,'vi'),('',356,'zh'),('Educaci',357,'ca'),('Addysg',357,'cy'),('Erziehung',357,'de'),('Erziehung',357,'de-CH'),('Education',357,'en'),('Educacin',357,'es'),('Hezkuntza',357,'eu'),('ducation',357,'fr'),('Educacin',357,'gl'),('Obrazovanje',357,'hr'),('Oktats',357,'hu'),('Pendidikan',357,'id'),('Menntun',357,'is'),('Educazione',357,'it'),('',357,'ko'),('Educao',357,'pt'),('Educao',357,'pt_BR'),('Educao',357,'pt-BR'),('Izobraevanje',357,'sl'),('',357,'sr'),('Utbildning',357,'sv'),('Eitim',357,'tr'),('Gio dc',357,'vi'),('',357,'zh'),('Entorn',358,'ca'),('Amgylchedd',358,'cy'),('Umgebung',358,'de'),('Umgebung',358,'de-CH'),('Environment',358,'en'),('Medio ambiente',358,'es'),('Ingurunea',358,'eu'),('Environnement',358,'fr'),('Okruenje',358,'hr'),('Krnyezet',358,'hu'),('Lingkungan',358,'id'),('Umhverfi',358,'is'),('Ambiente',358,'it'),('',358,'ko'),('Ambiente',358,'pt'),('Ambiente',358,'pt_BR'),('Ambiente',358,'pt-BR'),('',358,'ru'),('Okolje',358,'sl'),('',358,'sr'),('Milj',358,'sv'),('evre',358,'tr'),('Mi trng',358,'vi'),('',358,'zh'),('Familia / Vida domstica',359,'ca'),('Bywyd Teuluol / Catrefol',359,'cy'),('Familie/Familienleben',359,'de'),('Familie/Familienleben',359,'de-CH'),(' /  ',359,'el'),('Family / Domestic Life',359,'en'),('Familia / Vida domstica',359,'es'),('Familia / Etxeko Bizitza',359,'eu'),('Vie prive',359,'fr'),('Obiteljski/kuni ivot',359,'hr'),('Csald / Csaldi let',359,'hu'),('Kehidupan Keluarga / Rumah Tangga',359,'id'),('Fjlskyldulf / Heimilislif',359,'is'),('Famiglia / Vita domestica',359,'it'),(' /  ',359,'ko'),('Famlia / Vida Domstica',359,'pt'),('Vida familiar / domstica',359,'pt_BR'),('Vida familiar / domstica',359,'pt-BR'),('Druina / domae ivljenje',359,'sl'),('/ ',359,'sr'),('Familj/Hemliv',359,'sv'),('Tc gi /Cuc sng gia nh',359,'vi'),('/',359,'zh'),('Genealgic',360,'ca'),('Achyddol',360,'cy'),('Genealogisch',360,'de'),('Genealogisch',360,'de-CH'),('Genealogical',360,'en'),('Genealgico',360,'es'),('Genealogikoa',360,'eu'),('Gnalogique',360,'fr'),('Genealoki',360,'hr'),('Leszrmazsi',360,'hu'),('Geneologi',360,'id'),('Genealogico',360,'it'),('',360,'ko'),('Genealogia',360,'pt'),('Genealgico',360,'pt_BR'),('Genealgico',360,'pt-BR'),('Rodosloven',360,'sl'),('',360,'sr'),('Genealogisk',360,'sv'),('Ph h',360,'vi'),('',360,'zh'),('Geografia',361,'ca'),('Daearyddiaeth',361,'cy'),('Geografie',361,'de'),('Geografie',361,'de-CH'),('Geography',361,'en'),('Geografa',361,'es'),('Geografia',361,'eu'),('Gographie',361,'fr'),('Xeografa',361,'gl'),('Zemljopis',361,'hr'),('Fldrajz',361,'hu'),('Geografi',361,'id'),('Geografia',361,'it'),('',361,'ko'),('Geografia',361,'pt'),('Geografia',361,'pt_BR'),('Geografia',361,'pt-BR'),('Zemljepis',361,'sl'),('',361,'sr'),('Geografi',361,'sv'),('a l',361,'vi'),('',361,'zh'),('Indstria, Manufactura i Comer',362,'ca'),('Diwydiant , Gweithgynhyrchu a Masnach',362,'cy'),('Industrie, Handwerk und Handel',362,'de'),('Industry, Manufacturing and Commerce',362,'en'),('Industria, Produccin y Comercio',362,'es'),('Industria, Fabrikazioa eta Merkataritza',362,'eu'),('Industries, fabrication, et commerce',362,'fr'),('Industria, Manufacturacin e Comercio',362,'gl'),('Industrija, proizvodnja i trgovina',362,'hr'),('Ipar, Kzmvessg s Kereskedelem',362,'hu'),('Industri, Manufaktur dan Perdagangan',362,'id'),('Industria, artigianato e commercio',362,'it'),(',   ',362,'ko'),('Indstria, Manufatura e Comrcio',362,'pt'),('Indstria, Manufatura e Comrcio',362,'pt_BR'),('Indstria, Manufatura e Comrcio',362,'pt-BR'),('Industrija, proizvodnja in trgovina',362,'sl'),(',   ',362,'sr'),('Industri, Tillverkning och Handel',362,'sv'),('Cng nghip, Sn xut v Thng mi',362,'vi'),(', ',362,'zh'),('Treball',363,'ca'),('Llafur',363,'cy'),('Arbeit',363,'de'),('Arbeit',363,'de-CH'),('Labour',363,'en'),('Laboral',363,'es'),('Egitekoa',363,'eu'),('Travail',363,'fr'),('Djelatnost',363,'hr'),('Labor',363,'hu'),('Labor',363,'id'),('Lavoro',363,'it'),('',363,'ko'),('Trabalho',363,'pt'),('Trabalho',363,'pt_BR'),('Trabalho',363,'pt-BR'),('Delo',363,'sl'),('',363,'sr'),('Arbete',363,'sv'),('Lao ng',363,'vi'),('',363,'zh'),('Llei i Justcia',364,'ca'),('Cyfraith a Chyfiawnder',364,'cy'),('Gesetz und Justiz',364,'de'),('Law and Justice',364,'en'),('Ley y justicia',364,'es'),('Legea eta Justizia',364,'eu'),('Droit et justice',364,'fr'),('Lei e Xustiza',364,'gl'),('Zakon i pravosue',364,'hr'),('Jog s igazsgszolgltats',364,'hu'),('Hukum dan Keadilan',364,'id'),('Legge',364,'it'),(' ',364,'ko'),('Lei e Justia',364,'pt'),('Direito e Justia',364,'pt_BR'),('Direito e Justia',364,'pt-BR'),('Zakon in pravica',364,'sl'),('  ',364,'sr'),('Lag och rtt',364,'sv'),('Lut php v T php',364,'vi'),('',364,'zh'),('Medicina i Salut',365,'ca'),('Meddygaeth ac Iechyd',365,'cy'),('Medizin und Gesundheit',365,'de'),('Medizin und Gesundheit',365,'de-CH'),('Medicine and Health',365,'en'),('Medicina y salud',365,'es'),('Mdecine et sant',365,'fr'),('Medicina e Sade',365,'gl'),('Medicina i zdravlje',365,'hr'),('Orvostan s Egszsg',365,'hu'),('Obat dan Kesehatan',365,'id'),('Lknisfri og heilsa',365,'is'),('Medicina e salute',365,'it'),('  ',365,'ko'),('Medicina e Sade',365,'pt'),('Medicina e Sade',365,'pt_BR'),('Medicina e Sade',365,'pt-BR'),('  ',365,'ru'),('Medicina in delo',365,'sl'),('   ',365,'sr'),('Medicin och Hlsa',365,'sv'),('Sog`liqni saqlash',365,'uz'),('Y t v sc khe',365,'vi'),('',365,'zh'),('Militar',366,'ca'),('Militar',366,'ca@valencia'),('Milwrol',366,'cy'),('Militr',366,'de'),('Militr',366,'de-CH'),('',366,'el'),('Military',366,'en'),('Militar',366,'es'),('Militarra',366,'eu'),('Forces armes',366,'fr'),('Vojska',366,'hr'),('hadi',366,'hu'),('Militer',366,'id'),('Hernaarlegt',366,'is'),('Forze armate',366,'it'),('',366,'ko'),('Foras Armadas',366,'pt'),('Militar',366,'pt_BR'),('Militar',366,'pt-BR'),('',366,'ru'),('Vojaki',366,'sl'),('',366,'sr'),('Militr',366,'sv'),('Harbiy',366,'uz'),('Qun s',366,'vi'),('',366,'zh'),('Recursos naturals',367,'ca'),('Adnoddau Naturiol',367,'cy'),('Natrliche Ressourcen',367,'de'),('Natrliche Ressourcen',367,'de-CH'),('Natural Resources',367,'en'),('Recursos Naturales',367,'es'),('Baliabide Naturalak',367,'eu'),('Richesses naturelles',367,'fr'),('Recursos naturais',367,'gl'),('Prirodni resursi',367,'hr'),('Termszeti forrsok',367,'hu'),('Sumber Daya Alam',367,'id'),('Nttrulegar aulindir',367,'is'),('Risorse naturali',367,'it'),('',367,'ja'),(' ',367,'ko'),('Recursos Naturais',367,'pt'),('Recursos Naturais',367,'pt_BR'),('Recursos Naturais',367,'pt-BR'),(' ',367,'ru'),('Naravni viri',367,'sl'),(' ',367,'sr'),('Naturresurser',367,'sv'),('Tabiiy resurslar',367,'uz'),('Ti nguyn t nhin',367,'vi'),('',367,'zh'),('Poltica i Govern',368,'ca'),('Gwleidyddiaeth a Llywodraeth',368,'cy'),('Politik und Regierung',368,'de'),('Politik und Regierung',368,'de-CH'),('  ',368,'el'),('Politics and Government',368,'en'),('Poltica y Gobierno',368,'es'),('Politikak eta Gobernua',368,'eu'),('Politique et gouvernement',368,'fr'),('Politika i vlada',368,'hr'),('Politika s Kzigazgats',368,'hu'),('Politik dan Pemerintah',368,'id'),('Politica e governo',368,'it'),('  ',368,'ko'),('Poltica e Governo',368,'pt'),('Poltica e Governo',368,'pt_BR'),('Poltica e Governo',368,'pt-BR'),('  ',368,'ru'),('Politika in vlada',368,'sl'),('  ',368,'sr'),('Politik och statsfrvaltning',368,'sv'),('Siyosat va hukumat',368,'uz'),('Chnh tr v Chnh ph',368,'vi'),('',368,'zh'),('Poblacions',369,'ca'),('Poplogaethau',369,'cy'),('Bevlkerungsgruppen',369,'de'),('',369,'el'),('Populations',369,'en'),('Poblaciones',369,'es'),('Populazioak',369,'eu'),('Populations',369,'fr'),('Populacije',369,'hr'),('Populcik',369,'hu'),('Populasi',369,'id'),('Popoli',369,'it'),('',369,'ko'),('Populao',369,'pt'),('Populaes',369,'pt_BR'),('Populaes',369,'pt-BR'),('',369,'ru'),('Prebivalstvo',369,'sl'),('',369,'sr'),('Befolkningar',369,'sv'),('Jamiyat',369,'uz'),('S dn',369,'vi'),('',369,'zh'),('Recreaci / Oci / Esports',370,'ca'),('Adloniant / Hamdden / Chwaraeon',370,'cy'),('Erholung/Vergngen/Sport',370,'de'),('Recreation / Leisure / Sports',370,'en'),('Recreacin / Ocio / Deporte',370,'es'),('Jolasa / Aisialdia / Kirolak',370,'eu'),('Loisirs et sports',370,'fr'),('Rekreacija/Razonoda/Sport',370,'hr'),('Kikapcsolds / Pihens / Sport',370,'hu'),('Rekreasi / Hiburan / Olah Raga',370,'id'),('Afreying / Tmstundir / rttir',370,'is'),('Divertimento / Tempo libero / Sport',370,'it'),('',370,'ja'),(' /  / ',370,'ko'),('Passatempos / Lazer / Desportos',370,'pt'),('Recreao / Lazer / Esportes',370,'pt_BR'),('Recreao / Lazer / Esportes',370,'pt-BR'),('Razvedrilo / Prosti as / port',370,'sl'),('//',370,'sr'),('Rekreation / Fritid / Sport',370,'sv'),('Qayta tiklanish / Dam olish / Sport',370,'uz'),('Gii Tr / Gii tr / Th thao',370,'vi'),('//',370,'zh'),('Religi',371,'ca'),('Crefydd',371,'cy'),('Religion',371,'de'),('Religion',371,'de-CH'),('',371,'el'),('Religion',371,'en'),('Religin',371,'es'),('Erlijioa',371,'eu'),('Religion',371,'fr'),('Relixin',371,'gl'),('Vjera',371,'hr'),('Valls',371,'hu'),('Agama',371,'id'),('Religione',371,'it'),('',371,'ja'),('',371,'ko'),('Religio',371,'pt'),('Religio',371,'pt_BR'),('Religio',371,'pt-BR'),('Religija',371,'sl'),('',371,'sr'),('Religion',371,'sv'),('Din',371,'uz'),('Tn gio',371,'vi'),('',371,'zh'),('Cincia i Tecnologia',372,'ca'),('Gwyddoniaeth a Thechnoleg',372,'cy'),('Wissenschaft und Technik',372,'de'),('Wissenschaft und Technik',372,'de-CH'),('  ',372,'el'),('Science and Technology',372,'en'),('Ciencia y tecnologa',372,'es'),('Zientzia eta teknologia',372,'eu'),('Sciences et technologie',372,'fr'),('Ciencia e Tecnoloxa',372,'gl'),('Znanost i tehnologija',372,'hr'),('Tudomny s Technolgia',372,'hu'),('Ilmu Pengetahuan dan Teknologi',372,'id'),('Scienza e tecnologia',372,'it'),('',372,'ja'),('  ',372,'ko'),('Cincia e Tecnologia',372,'pt'),('Cincia e Tecnologia',372,'pt_BR'),('Cincia e Tecnologia',372,'pt-BR'),('  ',372,'ru'),('Znanost in tehnologija',372,'sl'),('  ',372,'sr'),('Vetenskap och teknologi',372,'sv'),('Fan va texnologiya',372,'uz'),('Khoa hc v Cng ngh',372,'vi'),('',372,'zh'),('Organitzacions Socials i Activitats',373,'ca'),('Sefydliadau Cymdeithasol a Gweithgareddau',373,'cy'),('Soziale Organisationen und Aktivitten',373,'de'),('Soziale Organisationen und Aktivitten',373,'de-CH'),('Social Organizations and Activities',373,'en'),('Organizaciones Sociales y actividades',373,'es'),('Giza Erakundeak eta Jarduerak',373,'eu'),('Vie sociale',373,'fr'),('Socijalne organizacije i aktivnosti',373,'hr'),('Trsadalmi szervezetek s tevkenysgek',373,'hu'),('Organisasi dan Aktivitas Sosial',373,'id'),('Attivit e organizzazioni a carattere sociale',373,'it'),('   ',373,'ko'),('Organizaes Sociais e Atividades',373,'pt'),('Organizaes Sociais e Atividades',373,'pt_BR'),('Organizaes Sociais e Atividades',373,'pt-BR'),('Socialne organizacije in aktivnosti',373,'sl'),('   ',373,'sr'),('Sociala organisationer och aktiviteter',373,'sv'),('Ijtimoiy tashkilotlar va faoliyatlar',373,'uz'),('T chc x hi v cc hot ng',373,'vi'),('',373,'zh'),('Transport',374,'ca'),('Cludiant',374,'cy'),('Transport',374,'de'),('Transport',374,'de-CH'),('Transportation',374,'en'),('Transporte',374,'es'),('Garraioa',374,'eu'),('Transport',374,'fr'),('Prijevoz',374,'hr'),('Szllts',374,'hu'),('Transportasi',374,'id'),('Trasporti',374,'it'),('',374,'ko'),('Transportes',374,'pt'),('Transporte',374,'pt_BR'),('Transporte',374,'pt-BR'),('Transport',374,'sl'),('',374,'sr'),('Transport',374,'sv'),('Transportatsiya Ko`chirish',374,'uz'),('S chuyn ch',374,'vi'),('',374,'zh'),('Viatges i exploraci',375,'ca'),('Teithio ac Archwilio',375,'cy'),('Reise und Entdeckung',375,'de'),('Reise und Entdeckung',375,'de-CH'),('Travel and Exploration',375,'en'),('Viajes y exploraciones',375,'es'),('Bidaia eta Esplorazioa',375,'eu'),('Voyages et exploration',375,'fr'),('Putovanje i istraivanje',375,'hr'),('Utazs s Felfedezs',375,'hu'),('Perjalanan dan Eksplorasi',375,'id'),('Viaggi ed esplorazioni',375,'it'),('  ',375,'ko'),('Viagens e Explorao',375,'pt'),('Viagem e Explorao',375,'pt_BR'),('Viagem e Explorao',375,'pt-BR'),('Potovanje in raziskovanje',375,'sl'),('  ',375,'sr'),('Resor och expeditioner',375,'sv'),('Sayohat va tadqiqot',375,'uz'),('Du lch v thm d',375,'vi'),('',375,'zh'),('Conservaci',376,'ca'),('Conservaci',376,'ca@valencia'),('Cadwraeth',376,'cy'),('Erhaltung',376,'de'),('Erhaltung',376,'de-CH'),('',376,'el'),('Conservation',376,'en'),('Conservacin',376,'es'),('Kontserbazioa',376,'eu'),('Conservation',376,'fr'),('Conservacin',376,'gl'),('Konzervacija',376,'hr'),('llomnyvdelem',376,'hu'),('Konservasi',376,'id'),('Forvarsla',376,'is'),('Conservazione',376,'it'),('',376,'ja'),('',376,'ka'),(' ',376,'ko'),('Conservering',376,'nl'),('Konserwacja',376,'pl'),('Conservao',376,'pt'),('Conservao',376,'pt_BR'),('Conservao',376,'pt-BR'),('Zaita',376,'sl'),('',376,'sr'),('Konservering',376,'sv'),('',376,'th'),('Conservation',376,'vi'),('',376,'zh'),('Citaci',377,'ca'),('Dyfyniad',377,'cy'),('Zitat',377,'de'),('Zitat',377,'de-CH'),('Citation',377,'en'),('Mencin',377,'es'),('Zitazioa',377,'eu'),('Citation',377,'fr'),('Cita',377,'gl'),('Citat',377,'hr'),('Idzet',377,'hu'),('Kutipan',377,'id'),('Tilvitnun',377,'is'),('Citazione',377,'it'),('',377,'ja'),('',377,'ko'),('Citao',377,'pt'),('Citao',377,'pt_BR'),('Citao',377,'pt-BR'),('Navedek',377,'sl'),('',377,'sr'),('Citering',377,'sv'),('Mt trch dn',377,'vi'),('',377,'zh'),('Designacions alfanumriques',378,'ca'),('Dynodiadau alffaniwmerig',378,'cy'),('Alphanumerische Bezeichnungen',378,'de'),('Alphanumerische Bezeichnungen',378,'de-CH'),('Alphanumeric designations',378,'en'),('Designaciones alfanumricas',378,'es'),('Izendapen alfanumerikoa',378,'eu'),('Dsignations alphanumriques',378,'fr'),('Alfanumerike oznake',378,'hr'),('Alfanumerikus jellsek',378,'hu'),('Untuk alfanumerik',378,'id'),('Identificazioni alfanumeriche',378,'it'),('-',378,'ja'),('   ',378,'ko'),('Designaes alfanumricas',378,'pt'),('Denominaes alfanumricas',378,'pt_BR'),('Denominaes alfanumricas',378,'pt-BR'),('rkovnotevilne oznabe',378,'sl'),(' ',378,'sr'),('Alfanumeriska typer',378,'sv'),('Belgili-raqamli grafika',378,'uz'),('Ch nh ch v s',378,'vi'),('',378,'zh'),('Informaci sobre el ttol variant',379,'ca'),('Gwybodaeth teitl amrywiol',379,'cy'),('Abweichende Titel Information',379,'de'),('Abweichende Titel Information',379,'de-CH'),('Variant title information',379,'en'),('Variante de ttulo',379,'es'),('Izenburuaren informazioaren aldagaia',379,'eu'),('Information  propos de la variante du titre',379,'fr'),('Podaci inaice naslova',379,'hr'),('Vltoz cm informci',379,'hu'),('Informasi judul varian',379,'id'),('Informazioni sulla variante del titolo',379,'it'),('  ',379,'ko'),('Informao do ttulo varivel',379,'pt'),('Informao de ttulo varivel',379,'pt_BR'),('Informao de variao do ttulo',379,'pt-BR'),('Razlini podatki o naslovu',379,'sl'),('   ',379,'sr'),('Information om titelvariationer',379,'sv'),('Sarlavha turlari haqida ma\'lumot',379,'uz'),('Thng tin nhan  bin th',379,'vi'),('',379,'zh'),('S\'est processant informaci',380,'ca'),('Prosesu gwybodaeth',380,'cy'),('Informationen zur Erschlieung',380,'de'),('Informationen zur Erschliessung',380,'de-CH'),('Processing information',380,'en'),('Procesamiento de la informacin',380,'es'),('Informazioa prozesatzen',380,'eu'),('Information en traitement',380,'fr'),('Podaci obrade',380,'hr'),('Informci feldolgozs',380,'hu'),('Pengolahan informasi',380,'id'),('Note sull\'elaborazione',380,'it'),(' ',380,'ko'),('Processamento de informao',380,'pt'),('Processando informao',380,'pt_BR'),('Processando informao',380,'pt-BR'),('Obdelovanje informacij',380,'sl'),('  ',380,'sr'),('Bearbetningsinformation',380,'sv'),('Qayta ishlash axboroti',380,'uz'),('Ch bin thng tin',380,'vi'),('',380,'zh'),('Activitats de manteniment dels documents',381,'ca'),('Gweithgaredd cadw cofnodion',381,'cy'),('Record-keeping activity',381,'en'),('Actividad de mantenimiento de registros',381,'es'),('Erregistroen mantenimendurako aktibitatea',381,'eu'),('activits de gestion des documents',381,'fr'),('Aktivnost voenja evidencije',381,'hr'),('Nyilvntarts kszts',381,'hu'),('Aktivitas pengelolaan arsip',381,'id'),('Tenuta documentale',381,'it'),('',381,'ja'),(' ',381,'ko'),('Gesto documental',381,'pt'),('Atividade de manuteno de registros',381,'pt_BR'),('Atividade de manuteno de registros',381,'pt-BR'),('Zapisi o nedavnih dejanjih',381,'sl'),('  ',381,'sr'),('Journalfringsaktivitet',381,'sv'),('Ish yuritish faoliyati',381,'uz'),('Hot ng Record-keeping',381,'vi'),('-',381,'zh'),('Hysbysiadau',382,'cy'),('Werbebotschaften',382,'de'),('Werbebotschaften',382,'de-CH'),('Advertisements',382,'en'),('Anuncios',382,'es'),('Publicits',382,'fr'),('Avisos',382,'gl'),('Reklame',382,'hr'),('Hirdetsek',382,'hu'),('Advertensi',382,'id'),('Auglsingar',382,'is'),('Pubblicit',382,'it'),('Anncios',382,'pt'),('Propagandas',382,'pt_BR'),('Anncios',382,'pt-BR'),('Oglasi',382,'sl'),('',382,'sr'),('Annonser',382,'sv'),('Reklama',382,'uz'),('',382,'zh'),('Albymau',383,'cy'),('Alben',383,'de'),('Alben',383,'de-CH'),('Albums',383,'en'),('lbumes',383,'es'),('Albums',383,'fr'),('Albumi',383,'hr'),('Albumok',383,'hu'),('Album',383,'id'),('Albm',383,'is'),('Album',383,'it'),('',383,'ja'),('lbuns',383,'pt'),('lbuns',383,'pt_BR'),('lbuns',383,'pt-BR'),('',383,'ru'),('Albumi',383,'sl'),('',383,'sr'),('Album',383,'sv'),('Albomlar',383,'uz'),('',383,'zh'),('Pensaernaeth',384,'cy'),('Architektur',384,'de'),('Architektur',384,'de-CH'),('Architecture',384,'en'),('Arquitectura',384,'es'),('Architecture',384,'fr'),('Arquitectura',384,'gl'),('Arhitektura',384,'hr'),('ptszet',384,'hu'),('Arsitektur',384,'id'),('Arkitektr',384,'is'),('Architettura',384,'it'),('',384,'ja'),('Arquitectura',384,'pt'),('Arquitetura',384,'pt_BR'),('Arquitetura',384,'pt-BR'),('',384,'ru'),('Arhitektura',384,'sl'),('',384,'sr'),('Arkitektur',384,'sv'),('Arxitektura',384,'uz'),('',384,'zh'),('Ffurflenni gwag',385,'cy'),('Leerformulare',385,'de'),('Leerformulare',385,'de-CH'),('Blank forms',385,'en'),('Formularios en blanco',385,'es'),('Formulaires vierges',385,'fr'),('Prazni obrasci',385,'hr'),('res formk/formtumok',385,'hu'),('Formulir kosong',385,'id'),('Au form',385,'is'),('Moduli non compilati',385,'it'),('',385,'ja'),('Formulrios em branco',385,'pt'),('Formulrios em branco',385,'pt_BR'),('Formulrios em branco',385,'pt-BR'),('Prazna oblika',385,'sl'),('',385,'sr'),('Tomma formulr',385,'sv'),('Bo formlar',385,'tr'),('',385,'zh'),('Llyfrau',386,'cy'),('Bcher',386,'de'),('Bcher',386,'de-CH'),('Books',386,'en'),('Libros',386,'es'),('Livres',386,'fr'),('Libros',386,'gl'),('Knjige',386,'hr'),('Knyvek',386,'hu'),('Buku',386,'id'),('Bkur',386,'is'),('Libri',386,'it'),('',386,'ja'),('Livros',386,'pt'),('Livros',386,'pt_BR'),('Livros',386,'pt-BR'),('',386,'ru'),('Knjige',386,'sl'),('',386,'sr'),('Bcker',386,'sv'),('Kitaplar',386,'tr'),('',386,'zh'),('Ochrau',387,'cy'),('Breitseiten',387,'de'),('Prospekte',387,'de-CH'),('Broadsides',387,'en'),('Broadsides',387,'es'),('Bordes',387,'fr'),('Oglasi/Plakati',387,'hr'),('Egylapos/egyoldalas nyomtatvnyok',387,'hu'),('Broadsides',387,'id'),('Materiale a stampa',387,'it'),('Bordos',387,'pt'),('Panfletos',387,'pt_BR'),('Panfletos',387,'pt-BR'),('Reklamni letaki',387,'sl'),('',387,'sr'),('Broadside',387,'sv'),('',387,'zh'),('Cartnau (Sylwebaeth)',388,'cy'),('Cartoons (Commentary)',388,'en'),('Dibujos animados (Comentario)',388,'es'),('Dessins anims (commentaire)',388,'fr'),('Crtei/Karikature (komentar)',388,'hr'),('Kpregnyek (kommentr)',388,'hu'),('Kartun (Komentar)',388,'id'),('Teiknimyndir (Skringar)',388,'is'),('Fumetti (commento)',388,'it'),('Desenhos (Comentrio)',388,'pt'),('Desenhos animados (Comentrio)',388,'pt_BR'),('Desenhos animados (Comentrio)',388,'pt-BR'),('Karikature (komentar)',388,'sl'),(' ()',388,'sr'),('Tecknade serier (Kommentar)',388,'sv'),('()',388,'zh'),('Catalogau',389,'cy'),('Verzeichnisse',389,'de'),('Verzeichnisse',389,'de-CH'),('Catalogs',389,'en'),('Catlogos',389,'es'),('Catalogues',389,'fr'),('Catlogos',389,'gl'),('Katalozi',389,'hr'),('Katalgusok',389,'hu'),('Katalog',389,'id'),('Skrr',389,'is'),('Cataloghi',389,'it'),('',389,'ja'),('Catlogos',389,'pt'),('Catlogos',389,'pt_BR'),('Catlogos',389,'pt-BR'),('',389,'ru'),('Katalog',389,'sl'),('',389,'sr'),('Kataloger',389,'sv'),('',389,'zh'),('Dinasweddau',390,'cy'),('Stadtbilder',390,'de'),('Cityscapes',390,'en'),('Paisajes urbanos',390,'es'),('Paysages urbains',390,'fr'),('Gradski prikazi',390,'hr'),('Vroskpek',390,'hu'),('Cityscapes',390,'id'),('Borgarsn',390,'is'),('Panorami urbani',390,'it'),('',390,'ja'),('Paisagens urbanas',390,'pt'),('Paisagens urbanas',390,'pt_BR'),('Paisagens urbanas',390,'pt-BR'),('Mestne pokrajine',390,'sl'),(' ',390,'sr'),('Stadsvyer',390,'sv'),('',390,'zh'),('Toriadau',391,'cy'),('Zwischenablage',391,'de'),('Clippings',391,'en'),('Recortes de prensa',391,'es'),('Coupures de presse',391,'fr'),('Isjeci',391,'hr'),('(jsg)kivgsok',391,'hu'),('Kliping',391,'id'),('rklippur',391,'is'),('Ritagli',391,'it'),('Recortes',391,'pt'),('Recortes',391,'pt_BR'),('Recortes de notcias',391,'pt-BR'),('asopisni izrezki',391,'sl'),('  ',391,'sr'),('Urklipp',391,'sv'),('',391,'zh'),('Gohebiaeth',392,'cy'),('Korrespondenz',392,'de'),('Korrespondenz',392,'de-CH'),('Correspondence',392,'en'),('Correspondencia',392,'es'),('Correspondance',392,'fr'),('Correspondencia',392,'gl'),('Korespondencija',392,'hr'),('Levelezs',392,'hu'),('Korespondensi',392,'id'),('Corrispondenza',392,'it'),('Correspondncia',392,'pt'),('Correspondncia',392,'pt_BR'),('Correspondncia',392,'pt-BR'),('Korespondenca',392,'sl'),('',392,'sr'),('Korrespondens',392,'sv'),('',392,'zh'),('Dyddiaduron',393,'cy'),('Tagebcher',393,'de'),('Tagebcher',393,'de-CH'),('Diaries',393,'en'),('Diarios',393,'es'),('Agendas',393,'fr'),('Diarios',393,'gl'),('Dnevnici',393,'hr'),('Naplk',393,'hu'),('Buku harian',393,'id'),('Dagbkur',393,'is'),('Diari',393,'it'),('Dirios',393,'pt'),('Agendas',393,'pt_BR'),('Dirios',393,'pt-BR'),('',393,'ru'),('Dnevniki',393,'sl'),('',393,'sr'),('Diarier',393,'sv'),('',393,'zh'),('Lluniadau',394,'cy'),('Zeichnungen',394,'de'),('Zeichnungen',394,'de-CH'),('Drawings',394,'en'),('Dibujos',394,'es'),('Dessins',394,'fr'),('Crtei',394,'hr'),('Rajzok',394,'hu'),('Gambar',394,'id'),('Teikningar',394,'is'),('Disegni',394,'it'),('Desenhos',394,'pt'),('Desenhos',394,'pt_BR'),('Desenhos',394,'pt-BR'),('Risbe',394,'sl'),('',394,'sr'),('Teckningar',394,'sv'),('',394,'zh'),('Effemera',395,'cy'),('Ephemera',395,'de'),('Ephemera',395,'en'),('Efemride',395,'es'),('phmre',395,'fr'),('Akcidencija',395,'hr'),('Efemerek',395,'hu'),('Ephemera',395,'id'),('Materiale effimero',395,'it'),('Efmera',395,'pt'),('Efmero',395,'pt_BR'),('Efmero',395,'pt-BR'),('Prilonostno gradivo',395,'sl'),('',395,'sr'),('Vardagstryck',395,'sv'),('',395,'zh'),('Traethodau',396,'cy'),('Essays',396,'de'),('Essays',396,'de-CH'),('Essays',396,'en'),('Ensayos',396,'es'),('Essais',396,'fr'),('Eseji',396,'hr'),('Tanulmnyok',396,'hu'),('Esay',396,'id'),('Ritgerir',396,'is'),('Saggi',396,'it'),('Ensaios',396,'pt'),('Ensaios',396,'pt_BR'),('Ensaios',396,'pt-BR'),('Eseji',396,'sl'),('',396,'sr'),('Uppsatser',396,'sv'),('',396,'zh'),('Ethnograffeg',397,'cy'),('Ethnographie',397,'de'),('Ethnographie',397,'de-CH'),('Ethnography',397,'en'),('Etnografa',397,'es'),('Ethnographie',397,'fr'),('Etnografa',397,'gl'),('Etnografija',397,'hr'),('Etnogrfia',397,'hu'),('Etnografi',397,'id'),('jfri',397,'is'),('Etnografia',397,'it'),('Etnografia',397,'pt'),('Etnografia',397,'pt_BR'),('Etnografia',397,'pt-BR'),('Etnografija',397,'sl'),('',397,'sr'),('Etnografi',397,'sv'),('',397,'zh'),('Nodiadau maes',398,'cy'),('Anmerkungen zu Feldern',398,'de'),('Fieldnotes',398,'en'),('Notas de campo',398,'es'),('Notes de terrain',398,'fr'),('Napomene uz polje',398,'hr'),('Terletre vonatkoz jegyzetek/feljegyzsek',398,'hu'),('Catatan field (kolom)',398,'id'),('Note di campo',398,'it'),('Anotaes do campo',398,'pt'),('Notas de campo',398,'pt_BR'),('Notas de campo',398,'pt-BR'),('Zapiski s terena',398,'sl'),(' ',398,'sr'),('Fltanmrkning',398,'sv'),('',398,'zh'),('Darluniau',399,'cy'),('Illustrationen',399,'de'),('Illustrationen',399,'de-CH'),('Illustrations',399,'en'),('Ilustraciones',399,'es'),('Illustrations',399,'fr'),('Ilustracins',399,'gl'),('Ilustracije',399,'hr'),('brzolsok',399,'hu'),('Ilustrasi',399,'id'),('Myndskreytingar',399,'is'),('Illustrazioni',399,'it'),('Ilustraes',399,'pt'),('Ilustraes',399,'pt_BR'),('Ilustraes',399,'pt-BR'),('',399,'ru'),('Ilustracije',399,'sl'),('',399,'sr'),('Illustrationer',399,'sv'),('',399,'zh'),('Cyfweliadau',400,'cy'),('Interviews',400,'de'),('Interviews',400,'de-CH'),('',400,'el'),('Interviews',400,'en'),('Entrevistas',400,'es'),('Entrevues',400,'fr'),('Entrevistas',400,'gl'),('Intervjui',400,'hr'),('Interjk',400,'hu'),('Wawancara',400,'id'),('Interviste',400,'it'),('Entrevistas',400,'pt'),('Entrevistas',400,'pt_BR'),('Entrevistas',400,'pt-BR'),('Intervjuji',400,'sl'),('',400,'sr'),('Intervjuer',400,'sv'),('',400,'zh'),('Tirweddau',401,'cy'),('Landschaften',401,'de'),('Landschaften',401,'de-CH'),('Landscapes',401,'en'),('Paisajes',401,'es'),('Paysages',401,'fr'),('Pejsai',401,'hr'),('Tjak',401,'hu'),('Lanskap',401,'id'),('Panorami',401,'it'),('Paisagens',401,'pt'),('Paisagens',401,'pt_BR'),('Paisagens',401,'pt-BR'),('Pokrajine',401,'sl'),('',401,'sr'),('Landskap',401,'sv'),('',401,'zh'),('Taflenni',402,'cy'),('Merkbltter',402,'de'),('Leaflets',402,'en'),('Folletos',402,'es'),('Dpliants',402,'fr'),('Letci',402,'hr'),('Brosrk',402,'hu'),('Selebaran',402,'id'),('Opuscoli e volantini',402,'it'),('Folhetos',402,'pt'),('Folhetos',402,'pt_BR'),('Folhetos',402,'pt-BR'),('Letaki',402,'sl'),('',402,'sr'),('Folder',402,'sv'),('',402,'zh'),('Manuscrits',403,'ca'),('Llawysgrifau',403,'cy'),('Manuskripte',403,'de'),('Manuskripte',403,'de-CH'),('Manuscripts',403,'en'),('Manuscriptos',403,'es'),('Manuscrits',403,'fr'),('Manuscritos',403,'gl'),('Manuskripti',403,'hr'),('Kziratok',403,'hu'),('Naskah',403,'id'),('Handrit',403,'is'),('Manoscritti',403,'it'),('Manuscritos',403,'pt'),('Manuscritos',403,'pt_BR'),('Manuscritos',403,'pt-BR'),('',403,'ru'),('Rokopisi',403,'sl'),('',403,'sr'),('Manuskript',403,'sv'),('Qo`lyozmalar',403,'uz'),('',403,'zh'),('Mapes',404,'ca'),('Mapiau',404,'cy'),('Karten',404,'de'),('Karten',404,'de-CH'),('',404,'el'),('Maps',404,'en'),('Mapas',404,'es'),('Cartes',404,'fr'),('Mapas',404,'gl'),('Karte',404,'hr'),('Trkpek',404,'hu'),('Peta',404,'id'),('Kort',404,'is'),('Mappe',404,'it'),('Mapas',404,'pt'),('Mapas',404,'pt_BR'),('Mapas',404,'pt-BR'),('',404,'ru'),('Zemljevidi',404,'sl'),('',404,'sr'),('Kartor',404,'sv'),('Haritalar',404,'tr'),('Xaritalar',404,'uz'),('',404,'zh'),('Dogfennau Amrywiol',405,'cy'),('Sonstige Dokumente',405,'de'),('Sonstige Dokumente',405,'de-CH'),('Miscellaneous Documents',405,'en'),('Documentos miscelneos',405,'es'),('Documents divers',405,'fr'),('Razn dokumenti',405,'hr'),('Vegyes Dokumentumok',405,'hu'),('Dokumen lain-lain',405,'id'),('mis ggn',405,'is'),('Documenti miscellanei',405,'it'),('Documentos diversos',405,'pt'),('Documentos diversos',405,'pt_BR'),('Documentos Diversos',405,'pt-BR'),(' ',405,'ru'),('Razlini dokumenti',405,'sl'),(' ',405,'sr'),('Diverse handlingar',405,'sv'),('Turli hujjatlar',405,'uz'),('',405,'zh'),('Ffilmiau Symudol',406,'cy'),('Filme',406,'de'),('Filme',406,'de-CH'),('Motion Pictures',406,'en'),('Pelculas',406,'es'),('Images en mouvement',406,'fr'),('Pokretne slike',406,'hr'),('Mozgkpek',406,'hu'),('Gambar bergerak',406,'id'),('Film',406,'it'),('',406,'ja'),('Imagens em movimento',406,'pt'),('Imagens em movimento',406,'pt_BR'),('Imagens em movimento',406,'pt-BR'),('',406,'ru'),('Filmi',406,'sl'),('',406,'sr'),('Spelfilm',406,'sv'),('Kinofilm',406,'uz'),('',406,'zh'),('Cerddoriaeth',407,'cy'),('Musik',407,'de'),('Musik',407,'de-CH'),('',407,'el'),('Music',407,'en'),('Msica',407,'es'),('Musique',407,'fr'),('Msica',407,'gl'),('Glazba',407,'hr'),('Zene',407,'hu'),('Musik',407,'id'),('Tnlist',407,'is'),('Musica',407,'it'),('',407,'ja'),('Msica',407,'pt'),('Msica',407,'pt_BR'),('Msica',407,'pt-BR'),('',407,'ru'),('Glasba',407,'sl'),('',407,'sr'),('Musik',407,'sv'),('Musiqa',407,'uz'),('',407,'zh'),('Naratifau',408,'cy'),('Erzhlungen',408,'de'),('Erzhlungen',408,'de-CH'),('Narratives',408,'en'),('Narraciones',408,'es'),('Rcits',408,'fr'),('Narrativas',408,'gl'),('Prianja',408,'hr'),('Narratvk',408,'hu'),('Naratif',408,'id'),('Frsagnir',408,'is'),('Materiale di carattere narrativo',408,'it'),('Narrativas',408,'pt'),('Narrativas',408,'pt_BR'),('Narrativas',408,'pt-BR'),('',408,'ru'),('Zgodbe',408,'sl'),('',408,'sr'),('Narrativ',408,'sv'),('Hikoyalar',408,'uz'),('',408,'zh'),('Paentiadau',409,'cy'),('Gemlde',409,'de'),('Gemlde',409,'de-CH'),('Paintings',409,'en'),('Pinturas',409,'es'),('Peintures',409,'fr'),('Slike',409,'hr'),('Festmnyek',409,'hu'),('Lukisan',409,'id'),('Dipinti',409,'it'),('',409,'ja'),('Pinturas',409,'pt'),('Pinturas',409,'pt_BR'),('Pinturas',409,'pt-BR'),('Slike',409,'sl'),('',409,'sr'),('Mlningar',409,'sv'),('Suratlar',409,'uz'),('',409,'zh'),('Pamffledi',410,'cy'),('Flugschriften',410,'de'),('Flugschriften',410,'de-CH'),('Pamphlets',410,'en'),('Folleto',410,'es'),('Dpliants',410,'fr'),('Pamfleti',410,'hr'),('Rplapok',410,'hu'),('Pamflet',410,'id'),('Opuscoli',410,'it'),('',410,'ja'),('Panfletos',410,'pt'),('Panfletos',410,'pt_BR'),('Panfletos',410,'pt-BR'),('Broure',410,'sl'),('',410,'sr'),('Pamfletter',410,'sv'),('Bukletlar risolalar',410,'uz'),('',410,'zh'),('Cyfnodolion',411,'cy'),('Zeitschriften',411,'de'),('Periodicals',411,'en'),('Publicaciones peridicas',411,'es'),('Priodiques',411,'fr'),('Periodika',411,'hr'),('Periodikk',411,'hu'),('Periodisasi',411,'id'),('Periodici',411,'it'),('',411,'ja'),('Peridicos',411,'pt'),('Peridicos',411,'pt_BR'),('Peridicos',411,'pt-BR'),('',411,'ru'),('Periodien',411,'sl'),(' ',411,'sr'),('Periodika',411,'sv'),('Davriy nashrlar',411,'uz'),('',411,'zh'),('Deisebau',412,'cy'),('Petitionen',412,'de'),('Petitionen',412,'de-CH'),('Petitions',412,'en'),('Peticiones',412,'es'),('Ptitions',412,'fr'),('Peticins',412,'gl'),('Peticije',412,'hr'),('Petcik',412,'hu'),('Petisi',412,'id'),('Beini',412,'is'),('Istanze',412,'it'),('Peties',412,'pt'),('Requerimentos',412,'pt_BR'),('Peties',412,'pt-BR'),('',412,'ru'),('Peticije',412,'sl'),('',412,'sr'),('Framstllningar',412,'sv'),('Arizalar',412,'uz'),('',412,'zh'),('Ffotograffau',413,'cy'),('Fotografien',413,'de'),('Fotografien',413,'de-CH'),('',413,'el'),('Photographs',413,'en'),('Fotografa',413,'es'),('Photographies',413,'fr'),('Fotografas',413,'gl'),('Fotografije',413,'hr'),('Fnykpek',413,'hu'),('Foto',413,'id'),('Ljsmyndir',413,'is'),('Fotografie',413,'it'),('',413,'ja'),('Fotografias',413,'pt'),('Fotografias',413,'pt_BR'),('Fotografias',413,'pt-BR'),('Fotografije',413,'sl'),('',413,'sr'),('Fotografier',413,'sv'),('Fotografiyalar',413,'uz'),('',413,'zh'),('Gwrthrychau ffisegol',414,'cy'),('Physische Objekte',414,'de'),('Physische Objekte',414,'de-CH'),(' ',414,'el'),('Physical Objects',414,'en'),('Objetos fsicos',414,'es'),('Objets physiques',414,'fr'),('Obxectos fsicos',414,'gl'),('Fiziki objekti',414,'hr'),('Fizikai objektumok',414,'hu'),('Objek Fisik',414,'id'),('Oggetti materiali',414,'it'),('',414,'ja'),('Objecto fsico',414,'pt'),('Objetos Fsicos',414,'pt_BR'),('Objetos Fsicos',414,'pt-BR'),(' ',414,'ru'),('Fizini objekti',414,'sl'),(' ',414,'sr'),('Fysiska objekt',414,'sv'),('Fizik resurslar',414,'uz'),('',414,'zh'),('Barddoniaeth',415,'cy'),('Dichtung',415,'de'),('Dichtung',415,'de-CH'),('',415,'el'),('Poetry',415,'en'),('Poesa',415,'es'),('Posie',415,'fr'),('Poezija',415,'hr'),('Kltszet',415,'hu'),('Sajak',415,'id'),('Poesia',415,'it'),('',415,'ja'),('Poesia',415,'pt'),('Poesia',415,'pt_BR'),('Poesia',415,'pt-BR'),('Poezija',415,'sl'),('',415,'sr'),('Poesi',415,'sv'),('She\'riyat',415,'uz'),('',415,'zh'),('Portreadau',416,'cy'),('Portraits',416,'de'),('Portraits',416,'de-CH'),('',416,'el'),('Portraits',416,'en'),('Retratos',416,'es'),('Portraits',416,'fr'),('Retratos',416,'gl'),('Portreti',416,'hr'),('Arckpek',416,'hu'),('Potret',416,'id'),('Ritratti',416,'it'),('Retratos',416,'pt'),('Retratos',416,'pt_BR'),('Retratos',416,'pt-BR'),('Portreti',416,'sl'),('',416,'sr'),('Portrtt',416,'sv'),('Portretlar',416,'uz'),('',416,'zh'),('Cardiau Post',417,'cy'),('Postkarten',417,'de'),('Postkarten',417,'de-CH'),(' ',417,'el'),('Postcards',417,'en'),('Tarjetas Postales',417,'es'),('Cartes postales',417,'fr'),('Postais',417,'gl'),('Razglednice',417,'hr'),('Kpeslapok',417,'hu'),('Kartu pos',417,'id'),('Cartoline',417,'it'),('',417,'ja'),('Postais',417,'pt'),('Cartes postais',417,'pt_BR'),('Cartes postais',417,'pt-BR'),('',417,'ru'),('Razglednice',417,'sl'),('',417,'sr'),('Vykort',417,'sv'),('Pochta varaqasi',417,'uz'),('',417,'zh'),('Posteri',418,'cy'),('Poster',418,'de'),('Poster',418,'de-CH'),('',418,'el'),('Posters',418,'en'),('Psters',418,'es'),('Affiches (posters)',418,'fr'),('Psters',418,'gl'),('Posteri',418,'hr'),('Poszterek',418,'hu'),('Poster',418,'id'),('Poster',418,'it'),('',418,'ja'),('Posters',418,'pt'),('Posters',418,'pt_BR'),('Psteres',418,'pt-BR'),('',418,'ru'),('Plakati',418,'sl'),('',418,'sr'),('Affischer',418,'sv'),('Posterlar',418,'uz'),('',418,'zh'),('Printiau',419,'cy'),('Drucke',419,'de'),('Drucke',419,'de-CH'),('',419,'el'),('Prints',419,'en'),('Impresiones',419,'es'),('Affiches',419,'fr'),('Tiskana gradiva',419,'hr'),('Nyomtatsok',419,'hu'),('Cetak',419,'id'),('Stampe',419,'it'),('Impresses',419,'pt'),('Impresses',419,'pt_BR'),('Impresses',419,'pt-BR'),('Natisi',419,'sl'),(' ',419,'sr'),('Skriver ut',419,'sv'),('Nashrlar',419,'uz'),('',419,'zh'),('Rhaglenni',420,'cy'),('Programme',420,'de'),('Programme',420,'de-CH'),('Programs',420,'en'),('Programas',420,'es'),('Programmes',420,'fr'),('Programas',420,'gl'),('Programi',420,'hr'),('Programok',420,'hu'),('Program',420,'id'),('Programmi',420,'it'),('Programas',420,'pt'),('Programas',420,'pt_BR'),('Programas',420,'pt-BR'),('',420,'ru'),('Programi',420,'sl'),('',420,'sr'),('Program',420,'sv'),('Dasturlar',420,'uz'),('',420,'zh'),('Cofrestr cofnodi',421,'cy'),('Aufnahmeprotokolle',421,'de'),('Recording logs',421,'en'),('Grabar registros',421,'es'),('Journaux d\'enregistrements',421,'fr'),('Zapisivanje log-zapisa',421,'hr'),('Nyilvntart naplk',421,'hu'),('Log perekaman',421,'id'),('Log delle registrazioni',421,'it'),('Gravar registos',421,'pt'),('Registros de gravao',421,'pt_BR'),('Gravando log de dados',421,'pt-BR'),('Logaritem posnetka',421,'sl'),(' ',421,'sr'),('Registreringsloggar',421,'sv'),('Yozuv jurnali',421,'uz'),('',421,'zh'),('Sgorau',422,'cy'),('Partituren',422,'de'),('Scores',422,'en'),('Signos musicales',422,'es'),('Notes',422,'fr'),('Rezultati',422,'hr'),('Kottk',422,'hu'),('Skor',422,'id'),('Partiture musicali',422,'it'),('Resultados',422,'pt'),('Pontuaes',422,'pt_BR'),('Pontuaes',422,'pt-BR'),('Filmske skladbe',422,'sl'),('',422,'sr'),('Partitur',422,'sv'),('Natijalar',422,'uz'),('',422,'zh'),('Taflen Cerddoriaeth',423,'cy'),('Notenblatt',423,'de'),('Sheet Music',423,'en'),('Partitura',423,'es'),('Partition de musique',423,'fr'),('Partitura',423,'hr'),('Kotta',423,'hu'),('Sheet Music',423,'id'),('Spartito',423,'it'),('',423,'ja'),('Folha de msica',423,'pt'),('Partitura',423,'pt_BR'),('Partitura',423,'pt-BR'),('Partitura',423,'sl'),(' ',423,'sr'),('Noter',423,'sv'),('Notalar',423,'uz'),('',423,'zh'),('Amserlenni',424,'cy'),('Zeitplne',424,'de'),('Zeitplne',424,'de-CH'),('Timetables',424,'en'),('Horarios',424,'es'),('Calendriers',424,'fr'),('Vremenski rasporedi',424,'hr'),('Idbeoszts',424,'hu'),('Jadwal',424,'id'),('Tabelle orarie',424,'it'),('Horrios',424,'pt'),('Horrios',424,'pt_BR'),('Horrios',424,'pt-BR'),('asovni nart',424,'sl'),('',424,'sr'),('Tidtabeller',424,'sv'),('Ish grafigi',424,'uz'),('',424,'zh'),('Trawsgrifiadau',425,'cy'),('Transkriptionen',425,'de'),('Transkriptionen',425,'de-CH'),('Transcriptions',425,'en'),('Transcripciones',425,'es'),('Transcriptions',425,'fr'),('Prijepis',425,'hr'),('tiratok',425,'hu'),('Transkripsi',425,'id'),('Trascrizioni',425,'it'),('Transcries',425,'pt'),('Transcries',425,'pt_BR'),('Transcries',425,'pt-BR'),('Prepisi',425,'sl'),('',425,'sr'),('Transkriberingar',425,'sv'),('Transkripsiya',425,'uz'),('',425,'zh'),('Nodyn arwyddiannau',426,'cy'),('Signatures note',426,'en'),('Nota de firma',426,'es'),('Note sur la signature',426,'fr'),('Napomena uz potpise',426,'hr'),('Alrsok jegyzet',426,'hu'),('Catatan tanda tangan',426,'id'),('Nota sulle firme',426,'it'),('Nota de estatuto',426,'pt'),('Nota de assinaturas',426,'pt_BR'),('Nota de assinaturas',426,'pt-BR'),('  ',426,'sr'),('Signaturanmrkning',426,'sv'),('Imzo izohi',426,'uz'),('Bwrw nodyn',427,'cy'),('Cast note',427,'en'),('Note de l\'quipe',427,'fr'),('Napomena uz izvoae',427,'hr'),('Szereposzts jegyzet',427,'hu'),('Memberi catatan',427,'id'),('Note sul cast',427,'it'),('Nota de lanamento',427,'pt'),('Nota de equipe',427,'pt_BR'),('Nota da equipe',427,'pt-BR'),('  ',427,'sr'),('Ensembleanmrkning',427,'sv'),('Nodyn cydnabyddiaeth',428,'cy'),('Credits note',428,'en'),('Nota de crditos',428,'es'),('Note sur les crdits',428,'fr'),('Napomena uz zasluge',428,'hr'),('Szerzkre, ksztkre vonatkoz jegyzet',428,'hu'),('Catatan mengenai kredit',428,'id'),('Credits',428,'it'),('Notas do arquivista',428,'pt'),('Notas de crdito',428,'pt_BR'),('Nota de crditos',428,'pt-BR'),('  ',428,'sr'),('Anmrkning gllande upphovsperson',428,'sv'),('Grp cofnod',429,'cy'),('Record group',429,'en'),('Grupa zapisa',429,'hr'),('',429,'ja'),('Gravar grupo',429,'pt'),('Grupo de registro',429,'pt_BR'),('Rio de Janeiro (Municpio Neutro- RJ)',501,'en'),('Mesa Diretora do Senado da 3 Sesso Ordinria da 20 Legislatura',502,'en'),('Escravido no Brasil (1539-1888)',503,'en'),('Seo',523,'pt_BR'),('Subseo',528,'pt_BR'),('Subsrie',529,'pt_BR'),('dossi/processo',535,'pt_BR'),('Cincia da Informao',606,'en'),('Drages',1025,'pt_BR'),('Goinia (GO)',1026,'pt_BR'),('Goinia - GO',1027,'pt_BR'),('Pedra do Drago',1030,'pt_BR'),('Porto Real',1031,'pt_BR');
/*!40000 ALTER TABLE `term_i18n` ENABLE KEYS */;
UNLOCK TABLES;

--
-- Table structure for table `user`
--

DROP TABLE IF EXISTS `user`;
/*!40101 SET @saved_cs_client     = @@character_set_client */;
/*!50503 SET character_set_client = utf8mb4 */;
CREATE TABLE `user` (
  `id` int NOT NULL,
  `username` varchar(255) DEFAULT NULL,
  `email` varchar(255) DEFAULT NULL,
  `password_hash` varchar(255) DEFAULT NULL,
  `salt` varchar(255) DEFAULT NULL,
  `active` tinyint DEFAULT '1',
  PRIMARY KEY (`id`),
  CONSTRAINT `user_FK_1` FOREIGN KEY (`id`) REFERENCES `actor` (`id`) ON DELETE CASCADE
) ENGINE=InnoDB DEFAULT CHARSET=utf8mb4 COLLATE=utf8mb4_0900_ai_ci;
/*!40101 SET character_set_client = @saved_cs_client */;

--
-- Dumping data for table `user`
--

LOCK TABLES `user` WRITE;
/*!40000 ALTER TABLE `user` DISABLE KEYS */;
INSERT INTO `user` VALUES (443,'Demo','demo@example.com','$argon2i$v=19$m=65536,t=4,p=1$N0JsQ041WlVtTS5GOXpuTA$TEWiFwo2XMwetuyknmAvr/a7YXHr/DtjRDQqlmJ8Aac','9a168d5dae7ccea638c22b2294fca1cd',1),(914,'eduardo','eduardo@avmb.com','$argon2i$v=19$m=65536,t=4,p=1$TzdlLlJYYTFoLklITFAydA$T4iKe9OYmsTvRzkXY491/0O79VW2CxbjUDLuCZWB2zo','0b38f1b3b227fcbe6b4dfb6c20781f09',1),(1055,'Francisco','francisco.sousa@avmb.com.br','$argon2i$v=19$m=65536,t=4,p=1$M1Q5MEFaa0pvWmgvMnpjbQ$eqQ03ywQCFn4IQUMwloiWZW8m64tp6rlEtPIsHg8T74','1017091a53a7c32e924091e5de603f34',1);
/*!40000 ALTER TABLE `user` ENABLE KEYS */;
UNLOCK TABLES;

--
-- Dumping routines for database 'atom'
--
/*!40103 SET TIME_ZONE=@OLD_TIME_ZONE */;

/*!40101 SET SQL_MODE=@OLD_SQL_MODE */;
/*!40014 SET FOREIGN_KEY_CHECKS=@OLD_FOREIGN_KEY_CHECKS */;
/*!40014 SET UNIQUE_CHECKS=@OLD_UNIQUE_CHECKS */;
/*!40101 SET CHARACTER_SET_CLIENT=@OLD_CHARACTER_SET_CLIENT */;
/*!40101 SET CHARACTER_SET_RESULTS=@OLD_CHARACTER_SET_RESULTS */;
/*!40101 SET COLLATION_CONNECTION=@OLD_COLLATION_CONNECTION */;
/*!40111 SET SQL_NOTES=@OLD_SQL_NOTES */;

-- Dump completed on 2024-01-15 11:58:37
